사고번호,사고일시,요일,시군구,사고내용,사망자수,중상자수,경상자수,부상신고자수,사고유형,법규위반,노면상태,기상상태,도로형태,가해운전자 차종,가해운전자 성별,가해운전자 연령,가해운전자 상해정도,피해운전자 차종,피해운전자 성별,피해운전자 연령,피해운전자 상해정도
2015010900100023,2015년 1월 9일 01시,금요일,경상남도 진주시 상대동,중상사고,0,1,1,0,차대차 - 측면직각충돌,신호위반,건조,맑음,교차로 - 교차로안,승용,여,30세,중상,승용,남,47세,경상
2015010900100034,2015년 1월 9일 02시,금요일,경상남도 창원시 진해구 경화동,중상사고,0,1,1,0,차대차 - 측면직각충돌,신호위반,건조,맑음,교차로 - 교차로안,승용,남,18세,상해없음,승용,남,50세,중상
2015010900100035,2015년 1월 9일 02시,금요일,경상남도 김해시 장유면,중상사고,0,1,0,0,차량단독 - 공작물충돌,안전운전불이행,건조,맑음,교차로 - 교차로안,화물,남,22세,중상,,,,
2015010900100044,2015년 1월 9일 03시,금요일,경상남도 창원시 진해구 용원동,경상사고,0,0,1,0,차대차 - 측면직각충돌,안전운전불이행,건조,맑음,교차로 - 교차로부근,승용,남,33세,상해없음,화물,남,36세,경상
2015010900100052,2015년 1월 9일 04시,금요일,경상남도 김해시 대동면,중상사고,0,2,0,0,차대차 - 추돌 - 진행중,안전운전불이행,건조,맑음,단일로 - 기타,화물,남,48세,중상,화물,남,51세,중상
2015010900100086,2015년 1월 9일 06시,금요일,경상남도 창원시 마산회원구 양덕동,중상사고,0,1,1,0,차대차 - 측면직각충돌,안전운전불이행,건조,맑음,교차로 - 교차로안,승용,남,54세,상해없음,승용,남,70세,중상
2015010900100087,2015년 1월 9일 06시,금요일,경상남도 창원시 의창구 팔용동,중상사고,0,4,0,0,차대차 - 추돌 - 진행중,신호위반,건조,맑음,교차로 - 교차로안,승용,남,57세,상해없음,승용,남,25세,중상
2015010900100106,2015년 1월 9일 07시,금요일,경상남도 창원시 의창구 팔용동,경상사고,0,0,1,0,차대차 - 추돌 - 진행중,안전운전불이행,건조,맑음,교차로 - 교차로부근,화물,남,61세,상해없음,승용,남,27세,경상
2015010900100159,2015년 1월 9일 09시,금요일,경상남도 창원시 마산합포구 진동면,중상사고,0,1,0,0,차대차 - 기타,신호위반,건조,맑음,교차로 - 교차로안,화물,남,65세,상해없음,승용,남,29세,중상
2015010900100160,2015년 1월 9일 09시,금요일,경상남도 김해시 부원동,중상사고,0,2,2,0,차대차 - 추돌 - 주정차중,안전운전불이행,건조,맑음,단일로 - 기타,승용,남,25세,상해없음,승용,남,52세,경상
2015010900100161,2015년 1월 9일 09시,금요일,경상남도 김해시 부원동,경상사고,0,0,1,0,차대차 - 추돌 - 주정차중,안전운전불이행,건조,맑음,교차로 - 교차로부근,화물,남,42세,상해없음,승용,여,33세,경상
2015010900100162,2015년 1월 9일 09시,금요일,경상남도 거제시 상동동,중상사고,0,1,0,0,차대차 - 측면직각충돌,신호위반,건조,맑음,교차로 - 교차로안,승용,남,52세,상해없음,화물,남,30세,중상
2015010900100163,2015년 1월 9일 09시,금요일,경상남도 김해시 진례면,부상신고사고,0,0,0,1,차대차 - 측면직각충돌,교차로운행방법위반,건조,맑음,교차로 - 교차로안,승용,여,42세,부상신고,승합,남,53세,상해없음
2015010900100187,2015년 1월 9일 10시,금요일,경상남도 김해시 진영읍,중상사고,0,1,0,0,차대사람 - 횡단중,안전운전불이행,건조,맑음,단일로 - 기타,승용,여,44세,상해없음,보행자,남,8세,중상
2015010900100253,2015년 1월 9일 13시,금요일,경상남도 김해시 외동,경상사고,0,0,1,0,차대사람 - 횡단중,보행자보호의무위반,건조,맑음,단일로 - 횡단보도상,기타불명,기타불명,기타불명,기타불명,보행자,남,76세,경상
2015010900100254,2015년 1월 9일 13시,금요일,경상남도 합천군 합천읍,경상사고,0,0,1,0,차대차 - 추돌 - 주정차중,교차로운행방법위반,건조,맑음,교차로 - 교차로안,승용,남,75세,상해없음,승용,남,26세,경상
2015010900100255,2015년 1월 9일 13시,금요일,경상남도 양산시 명동,경상사고,0,0,1,0,차대사람 - 기타,안전운전불이행,건조,맑음,교차로 - 교차로부근,승용,여,63세,상해없음,보행자,남,76세,경상
2015010900100292,2015년 1월 9일 14시,금요일,경상남도 사천시 곤양면,경상사고,0,0,1,0,차량단독 - 기타,안전운전불이행,건조,맑음,단일로 - 기타,승용,남,41세,경상,,,,
2015010900100338,2015년 1월 9일 16시,금요일,경상남도 진주시 문산읍,경상사고,0,0,1,0,차대사람 - 길가장자리구역통행중,안전운전불이행,건조,맑음,단일로 - 기타,승용,남,59세,상해없음,보행자,여,47세,경상
2015010900100368,2015년 1월 9일 17시,금요일,경상남도 함양군 함양읍,사망사고,1,0,0,0,차량단독 - 공작물충돌,안전운전불이행,건조,맑음,단일로 - 기타,화물,남,58세,사망,,,,
2015010900100369,2015년 1월 9일 17시,금요일,경상남도 양산시 주남동,중상사고,0,1,0,0,차대차 - 기타,신호위반,건조,맑음,교차로 - 교차로안,자전거,남,73세,중상,승용,남,70세,상해없음
2015010900100370,2015년 1월 9일 17시,금요일,경상남도 고성군 거류면,중상사고,0,1,1,0,차대차 - 추돌 - 진행중,기타,건조,맑음,교차로 - 교차로안,화물,남,58세,기타불명,이륜,남,73세,중상
2015010900100422,2015년 1월 9일 18시,금요일,경상남도 통영시 미수동,중상사고,0,1,0,0,차대사람 - 차도통행중,안전운전불이행,건조,맑음,교차로 - 교차로안,화물,남,42세,상해없음,보행자,남,12세,중상
2015010900100423,2015년 1월 9일 18시,금요일,경상남도 통영시 도산면,경상사고,0,0,1,0,차대차 - 측면직각충돌,안전거리미확보,건조,맑음,단일로 - 기타,승용,여,51세,상해없음,승용,여,31세,경상
2015010900100424,2015년 1월 9일 18시,금요일,경상남도 김해시 외동,중상사고,0,1,0,0,차대차 - 측면직각충돌,안전운전불이행,건조,맑음,단일로 - 기타,승용,남,30세,상해없음,원동기,남,19세,중상
2015010900100425,2015년 1월 9일 18시,금요일,경상남도 창원시 성산구 내동,중상사고,0,1,0,0,차대차 - 기타,안전운전불이행,건조,맑음,단일로 - 기타,승용,남,53세,상해없음,승용,남,36세,중상
2015010900100426,2015년 1월 9일 18시,금요일,경상남도 창원시 의창구 대산면,경상사고,0,0,1,0,차대차 - 기타,교차로운행방법위반,건조,맑음,교차로 - 교차로안,승용,남,35세,상해없음,자전거,여,71세,경상
2015010900100462,2015년 1월 9일 19시,금요일,경상남도 거제시 상동동,경상사고,0,0,2,0,차대차 - 측면직각충돌,안전거리미확보,건조,맑음,교차로 - 교차로부근,화물,남,52세,상해없음,승합,남,44세,경상
2015010900100463,2015년 1월 9일 19시,금요일,경상남도 함안군 칠원읍,경상사고,0,0,1,0,차대차 - 추돌 - 주정차중,안전운전불이행,건조,맑음,단일로 - 교량,승용,여,47세,상해없음,승용,여,33세,상해없음
2015010900100464,2015년 1월 9일 19시,금요일,경상남도 김해시 장유면,경상사고,0,0,1,0,차대차 - 추돌 - 진행중,차로위반,건조,맑음,단일로 - 기타,이륜,남,16세,경상,승용,남,22세,상해없음
2015010900100502,2015년 1월 9일 20시,금요일,경상남도 창원시 진해구 용원동,중상사고,0,2,0,0,차대차 - 측면직각충돌,안전거리미확보,건조,맑음,단일로 - 기타,특수,남,44세,상해없음,승용,남,32세,상해없음
2015010900100503,2015년 1월 9일 20시,금요일,경상남도 하동군 하동읍,경상사고,0,0,2,0,차대차 - 추돌 - 주정차중,안전운전불이행,건조,맑음,단일로 - 기타,승용,남,29세,상해없음,승용,남,45세,경상
2015010900100532,2015년 1월 9일 21시,금요일,경상남도 창원시 마산합포구 해운동,경상사고,0,0,1,0,차대사람 - 횡단중,보행자보호의무위반,건조,맑음,단일로 - 횡단보도상,승용,남,30세,상해없음,보행자,남,19세,경상
2015010900100533,2015년 1월 9일 21시,금요일,경상남도 거제시 장평동,중상사고,0,1,0,0,차대차 - 측면직각충돌,교차로운행방법위반,건조,맑음,교차로 - 교차로안,승용,여,51세,상해없음,원동기,남,31세,중상
2015010900100568,2015년 1월 9일 22시,금요일,경상남도 거제시 장평동,경상사고,0,0,1,0,차대사람 - 길가장자리구역통행중,안전운전불이행,건조,맑음,단일로 - 기타,원동기,남,28세,상해없음,보행자,남,20세,경상
2015010900100569,2015년 1월 9일 22시,금요일,경상남도 창원시 마산회원구 석전동,중상사고,0,1,0,0,차대사람 - 차도통행중,안전운전불이행,건조,맑음,교차로 - 교차로부근,화물,남,48세,상해없음,보행자,여,67세,중상
2015010900100602,2015년 1월 9일 23시,금요일,경상남도 김해시 삼계동,중상사고,0,1,0,0,차대사람 - 횡단중,안전운전불이행,건조,맑음,단일로 - 기타,승용,남,31세,상해없음,보행자,남,42세,중상
2015011000100022,2015년 1월 10일 00시,토요일,경상남도 밀양시 내이동,경상사고,0,0,2,0,차대차 - 측면직각충돌,안전운전불이행,건조,맑음,교차로 - 교차로안,승용,남,36세,상해없음,승용,남,44세,경상
2015011000100051,2015년 1월 10일 01시,토요일,경상남도 김해시 진영읍,중상사고,0,1,0,0,차대차 - 측면직각충돌,안전운전불이행,건조,맑음,단일로 - 기타,화물,남,49세,상해없음,승용,남,25세,중상
2015011000100098,2015년 1월 10일 04시,토요일,경상남도 창원시 성산구 반림동,경상사고,0,0,2,0,차대차 - 추돌 - 진행중,안전운전불이행,건조,맑음,단일로 - 기타,승용,남,37세,상해없음,승용,남,54세,경상
2015011000100114,2015년 1월 10일 05시,토요일,경상남도 사천시 선구동,경상사고,0,0,1,0,차대차 - 측면직각충돌,교차로운행방법위반,건조,맑음,교차로 - 교차로안,승용,남,44세,상해없음,자전거,여,66세,경상
2015011000100127,2015년 1월 10일 06시,토요일,경상남도 창원시 진해구 안골동,중상사고,0,1,0,0,차대차 - 측면직각충돌,교차로운행방법위반,건조,맑음,교차로 - 교차로안,화물,남,41세,상해없음,승용,여,52세,중상
2015011000100146,2015년 1월 10일 07시,토요일,경상남도 거제시 상동동,경상사고,0,0,1,0,차대차 - 측면직각충돌,안전운전불이행,건조,맑음,단일로 - 기타,승용,남,52세,상해없음,승용,남,53세,경상
2015011000100148,2015년 1월 10일 07시,토요일,경상남도 거제시 고현동,경상사고,0,0,1,0,차대차 - 추돌 - 진행중,교차로운행방법위반,건조,맑음,교차로 - 교차로안,승용,여,56세,상해없음,승용,남,33세,경상
2015011000100165,2015년 1월 10일 08시,토요일,경상남도 통영시 미수동,중상사고,0,1,0,0,차대사람 - 차도통행중,안전운전불이행,건조,맑음,교차로 - 교차로안,승용,여,37세,상해없음,보행자,남,65세,중상
2015011000100166,2015년 1월 10일 08시,토요일,경상남도 김해시 어방동,중상사고,0,1,2,0,차대차 - 측면직각충돌,안전운전불이행,건조,맑음,교차로 - 교차로안,승용,남,45세,상해없음,승용,남,28세,중상
2015011000100167,2015년 1월 10일 08시,토요일,경상남도 양산시 신기동,경상사고,0,0,1,1,차대차 - 측면직각충돌,신호위반,건조,맑음,교차로 - 교차로안,승용,남,34세,상해없음,승합,남,48세,부상신고
2015011000100168,2015년 1월 10일 08시,토요일,경상남도 양산시 중부동,부상신고사고,0,0,0,1,차대차 - 측면직각충돌,안전운전불이행,건조,맑음,단일로 - 기타,화물,남,55세,부상신고,승합,남,57세,상해없음
2015011000100169,2015년 1월 10일 08시,토요일,경상남도 창원시 마산회원구 봉암동,경상사고,0,0,1,0,차대사람 - 기타,안전운전불이행,건조,맑음,단일로 - 기타,승용,남,31세,상해없음,보행자,남,51세,경상
2015011000100187,2015년 1월 10일 09시,토요일,경상남도 김해시 생림면,중상사고,0,2,2,0,차대차 - 추돌 - 진행중,안전운전불이행,건조,맑음,단일로 - 기타,화물,남,25세,상해없음,승용,남,53세,중상
2015011000100265,2015년 1월 10일 12시,토요일,경상남도 합천군 야로면,중상사고,0,1,1,0,차대차 - 측면직각충돌,교차로운행방법위반,건조,맑음,교차로 - 교차로안,승용,남,46세,중상,승합,남,56세,상해없음
2015011000100266,2015년 1월 10일 12시,토요일,경상남도 양산시 동면,중상사고,0,1,1,2,차대차 - 측면직각충돌,직진우회전진행방해,건조,맑음,교차로 - 교차로안,승용,남,66세,중상,화물,남,69세,상해없음
2015011000100267,2015년 1월 10일 12시,토요일,경상남도 함안군 가야읍,경상사고,0,0,1,0,차대사람 - 기타,안전운전불이행,건조,맑음,단일로 - 기타,화물,남,43세,상해없음,보행자,남,79세,경상
2015011000100268,2015년 1월 10일 12시,토요일,경상남도 창원시 의창구 동읍,경상사고,0,0,1,0,차대차 - 기타,안전운전불이행,건조,맑음,단일로 - 기타,승용,남,31세,상해없음,승합,남,54세,상해없음
2015011000100306,2015년 1월 10일 13시,토요일,경상남도 김해시 삼방동,부상신고사고,0,0,0,1,차대차 - 측면직각충돌,직진우회전진행방해,건조,맑음,교차로 - 교차로안,승용,남,35세,상해없음,승용,남,83세,상해없음
2015011000100307,2015년 1월 10일 13시,토요일,경상남도 창녕군 계성면,부상신고사고,0,0,0,1,차량단독 - 기타,안전운전불이행,건조,맑음,교차로 - 교차로안,이륜,남,49세,부상신고,,,,
2015011000100308,2015년 1월 10일 13시,토요일,경상남도 양산시 삼호동,중상사고,0,1,0,0,차대사람 - 기타,안전운전불이행,건조,맑음,단일로 - 기타,승용,여,33세,상해없음,보행자,남,31세,중상
2015011000100342,2015년 1월 10일 14시,토요일,경상남도 진주시 문산읍,중상사고,0,1,0,0,차대사람 - 기타,안전운전불이행,건조,맑음,기타 - 기타,승용,여,34세,상해없음,보행자,여,41세,중상
2015011000100369,2015년 1월 10일 15시,토요일,경상남도 밀양시 가곡동,중상사고,0,1,0,0,차대차 - 측면직각충돌,안전운전불이행,건조,맑음,기타 - 기타,승용,여,51세,상해없음,자전거,남,53세,중상
2015011000100370,2015년 1월 10일 15시,토요일,경상남도 양산시 북정동,경상사고,0,0,1,2,차대차 - 측면직각충돌,중앙선침범,건조,맑음,기타 - 기타,승용,남,48세,상해없음,승용,남,52세,상해없음
2015011000100371,2015년 1월 10일 15시,토요일,경상남도 고성군 고성읍,경상사고,0,0,1,0,차대사람 - 기타,안전운전불이행,건조,맑음,단일로 - 기타,승용,남,53세,기타불명,보행자,남,65세,경상
2015011000100372,2015년 1월 10일 15시,토요일,경상남도 의령군 의령읍,중상사고,0,3,1,0,차대차 - 추돌 - 주정차중,안전운전불이행,건조,맑음,교차로 - 교차로부근,원동기,남,76세,경상,승용,남,31세,상해없음
2015011000100396,2015년 1월 10일 16시,토요일,경상남도 진주시 칠암동,부상신고사고,0,0,0,1,차대차 - 기타,안전운전불이행,건조,맑음,교차로 - 교차로부근,자전거,남,34세,부상신고,승용,남,43세,기타불명
2015011000100397,2015년 1월 10일 16시,토요일,경상남도 진주시 봉곡동,중상사고,0,1,0,0,차대차 - 기타,안전운전불이행,건조,맑음,교차로 - 교차로안,승용,여,33세,상해없음,이륜,남,40세,중상
2015011000100398,2015년 1월 10일 16시,토요일,경상남도 창원시 진해구 석동,중상사고,0,1,1,0,차대차 - 추돌 - 진행중,안전운전불이행,건조,맑음,단일로 - 터널,승용,남,46세,기타불명,승용,남,60세,중상
2015011000100424,2015년 1월 10일 17시,토요일,경상남도 양산시 북정동,중상사고,0,1,0,0,차대사람 - 기타,보행자보호의무위반,건조,맑음,단일로 - 횡단보도상,승용,남,51세,상해없음,보행자,여,16세,중상
2015011000100425,2015년 1월 10일 17시,토요일,경상남도 창원시 의창구 대원동,중상사고,0,1,0,0,차대차 - 추돌 - 진행중,안전운전불이행,건조,맑음,교차로 - 교차로안,승용,남,47세,상해없음,원동기,남,59세,중상
2015011000100462,2015년 1월 10일 18시,토요일,경상남도 창원시 마산합포구 월영동,경상사고,0,0,1,0,차대차 - 측면직각충돌,차로위반,건조,맑음,단일로 - 기타,승용,남,31세,상해없음,승용,남,59세,상해없음
2015011000100463,2015년 1월 10일 18시,토요일,경상남도 창원시 진해구 석동,경상사고,0,0,1,0,차대사람 - 차도통행중,교차로운행방법위반,건조,맑음,교차로 - 교차로안,승용,남,54세,상해없음,보행자,여,28세,경상
2015011000100464,2015년 1월 10일 18시,토요일,경상남도 사천시 벌리동,중상사고,0,1,0,0,차대차 - 측면직각충돌,직진우회전진행방해,건조,맑음,교차로 - 교차로안,승용,남,52세,상해없음,승용,여,30세,중상
2015011000100465,2015년 1월 10일 18시,토요일,경상남도 김해시 내동,중상사고,0,1,0,0,차대차 - 측면직각충돌,신호위반,건조,맑음,교차로 - 교차로안,승용,남,53세,상해없음,승용,남,53세,중상
2015011000100466,2015년 1월 10일 18시,토요일,경상남도 고성군 거류면,경상사고,0,0,1,0,차대차 - 측면직각충돌,안전운전불이행,건조,맑음,교차로 - 교차로안,승용,남,38세,상해없음,화물,남,64세,상해없음
2015011000100467,2015년 1월 10일 18시,토요일,경상남도 거제시 양정동,중상사고,0,2,2,0,차대차 - 정면충돌,중앙선침범,기타,맑음,단일로 - 기타,승용,남,49세,상해없음,승용,남,47세,경상
2015011000100505,2015년 1월 10일 19시,토요일,경상남도 창원시 마산회원구 구암동,경상사고,0,0,2,0,차대차 - 추돌 - 주정차중,안전운전불이행,건조,맑음,단일로 - 기타,화물,남,57세,상해없음,승용,남,55세,경상
2015011000100529,2015년 1월 10일 20시,토요일,경상남도 진주시 상대동,중상사고,0,1,0,0,차대차 - 추돌 - 주정차중,안전운전불이행,건조,맑음,교차로 - 교차로부근,승용,남,37세,상해없음,승용,남,60세,중상
2015011000100530,2015년 1월 10일 20시,토요일,경상남도 거제시 상동동,경상사고,0,0,1,0,차대차 - 기타,신호위반,건조,맑음,교차로 - 교차로안,승용,여,46세,상해없음,원동기,남,57세,경상
2015011000100543,2015년 1월 10일 21시,토요일,경상남도 김해시 장유면,경상사고,0,0,7,0,차대차 - 추돌 - 주정차중,안전운전불이행,건조,맑음,단일로 - 기타,승용,남,66세,상해없음,승용,남,32세,경상
2015011000100558,2015년 1월 10일 21시,토요일,경상남도 진주시 가좌동,중상사고,0,1,0,0,차대사람 - 기타,안전운전불이행,건조,맑음,단일로 - 기타,원동기,남,22세,상해없음,보행자,여,22세,상해없음
2015011000100559,2015년 1월 10일 21시,토요일,경상남도 진주시 가좌동,경상사고,0,0,3,0,차대차 - 추돌 - 주정차중,안전운전불이행,건조,맑음,단일로 - 기타,승용,남,61세,상해없음,승용,여,46세,경상
2015011000100560,2015년 1월 10일 21시,토요일,경상남도 창원시 진해구 안골동,중상사고,0,1,0,0,차대사람 - 길가장자리구역통행중,안전운전불이행,건조,맑음,단일로 - 기타,승용,남,62세,기타불명,보행자,여,56세,중상
2015011000100561,2015년 1월 10일 21시,토요일,경상남도 거제시 옥포동,경상사고,0,0,1,0,차대사람 - 차도통행중,안전운전불이행,건조,맑음,단일로 - 기타,승용,여,38세,상해없음,보행자,남,53세,경상
2015011000100588,2015년 1월 10일 22시,토요일,경상남도 거제시 고현동,경상사고,0,0,1,0,차대사람 - 기타,안전운전불이행,건조,맑음,단일로 - 기타,승합,남,43세,상해없음,보행자,남,47세,경상
2015011000100613,2015년 1월 10일 23시,토요일,경상남도 함안군 칠원읍,경상사고,0,0,4,0,차대차 - 추돌 - 진행중,안전운전불이행,건조,맑음,단일로 - 기타,승용,남,27세,상해없음,승용,남,49세,경상
2015011100100043,2015년 1월 11일 02시,일요일,경상남도 양산시 덕계동,경상사고,0,0,3,3,차대차 - 측면직각충돌,안전운전불이행,건조,맑음,단일로 - 기타,승합,여,47세,상해없음,승용,남,45세,경상
2015011100100068,2015년 1월 11일 04시,일요일,경상남도 창원시 성산구 중앙동,중상사고,0,3,0,0,차대차 - 추돌 - 진행중,안전운전불이행,건조,맑음,교차로 - 교차로안,승용,남,32세,상해없음,승용,남,60세,중상
2015011100100081,2015년 1월 11일 05시,일요일,경상남도 창원시 의창구 신월동,중상사고,0,1,2,0,차대차 - 추돌 - 진행중,신호위반,건조,맑음,교차로 - 교차로안,승용,남,57세,상해없음,승용,남,54세,경상
2015011100100092,2015년 1월 11일 06시,일요일,경상남도 고성군 동해면,사망사고,1,0,0,0,차대사람 - 횡단중,안전운전불이행,건조,맑음,교차로 - 교차로안,승합,남,57세,상해없음,보행자,남,27세,사망
2015011100100112,2015년 1월 11일 07시,일요일,경상남도 김해시 부원동,경상사고,0,0,1,0,차대사람 - 기타,안전운전불이행,건조,맑음,단일로 - 기타,승용,남,60세,상해없음,보행자,남,41세,경상
2015011100100113,2015년 1월 11일 07시,일요일,경상남도 거제시 아주동,경상사고,0,0,1,0,차대차 - 정면충돌,안전운전불이행,기타,맑음,단일로 - 기타,화물,남,62세,상해없음,자전거,남,28세,경상
2015011100100131,2015년 1월 11일 08시,일요일,경상남도 진주시 봉곡동,중상사고,0,1,1,0,차대차 - 기타,안전운전불이행,건조,맑음,교차로 - 교차로안,승용,남,27세,상해없음,승용,남,36세,경상
2015011100100132,2015년 1월 11일 08시,일요일,경상남도 거창군 마리면,사망사고,1,0,0,0,차량단독 - 전도전복,안전운전불이행,적설,맑음,단일로 - 기타,승용,여,26세,상해없음,,,,
2015011100100133,2015년 1월 11일 08시,일요일,경상남도 산청군 생초면,중상사고,0,1,1,0,차량단독 - 도로외이탈 - 추락,안전운전불이행,결빙,흐림,단일로 - 기타,화물,남,65세,경상,,,,
2015011100100188,2015년 1월 11일 11시,일요일,경상남도 창원시 마산회원구 두척동,경상사고,0,0,2,0,차대차 - 기타,안전운전불이행,건조,맑음,단일로 - 기타,승용,여,25세,상해없음,승합,남,56세,경상
2015011100100205,2015년 1월 11일 12시,일요일,경상남도 진주시 정촌면,중상사고,0,1,0,0,차대차 - 추돌 - 진행중,안전운전불이행,건조,맑음,교차로 - 교차로안,화물,남,59세,상해없음,승용,여,45세,중상
2015011100100228,2015년 1월 11일 13시,일요일,경상남도 진주시 상대동,경상사고,0,0,1,0,차대차 - 측면직각충돌,안전운전불이행,건조,맑음,단일로 - 횡단보도상,자전거,남,76세,경상,승용,남,68세,상해없음
2015011100100229,2015년 1월 11일 13시,일요일,경상남도 창원시 의창구 대산면,경상사고,0,0,1,0,차대차 - 측면직각충돌,신호위반,건조,맑음,교차로 - 교차로안,화물,남,41세,상해없음,승용,남,71세,경상
2015011100100248,2015년 1월 11일 14시,일요일,경상남도 창원시 진해구 도만동,경상사고,0,0,1,0,차대차 - 측면직각충돌,안전운전불이행,건조,맑음,교차로 - 교차로부근,승용,남,54세,상해없음,자전거,남,60세,경상
2015011100100249,2015년 1월 11일 14시,일요일,경상남도 밀양시 무안면,중상사고,0,1,0,0,차대사람 - 기타,안전운전불이행,건조,맑음,단일로 - 기타,화물,남,52세,상해없음,보행자,남,20세,중상
2015011100100250,2015년 1월 11일 14시,일요일,경상남도 합천군 합천읍,경상사고,0,0,1,0,차대차 - 측면직각충돌,신호위반,건조,맑음,교차로 - 교차로안,승용,남,57세,경상,건설기계,남,58세,상해없음
2015011100100251,2015년 1월 11일 14시,일요일,경상남도 창녕군 창녕읍,중상사고,0,1,0,0,차대차 - 추돌 - 진행중,신호위반,건조,맑음,교차로 - 교차로안,원동기,남,67세,중상,승용,남,63세,상해없음
2015011100100252,2015년 1월 11일 14시,일요일,경상남도 창원시 마산회원구 내서읍,중상사고,0,1,0,0,차대사람 - 길가장자리구역통행중,중앙선침범,건조,맑음,단일로 - 기타,승용,남,41세,상해없음,보행자,여,50세,중상
2015011100100283,2015년 1월 11일 15시,일요일,경상남도 고성군 고성읍,중상사고,0,1,0,0,차대차 - 측면직각충돌,교차로운행방법위반,건조,맑음,교차로 - 교차로안,승용,남,47세,상해없음,원동기,남,70세,중상
2015011100100284,2015년 1월 11일 15시,일요일,경상남도 창원시 마산합포구 산호동,중상사고,0,1,2,0,차대차 - 추돌 - 주정차중,중앙선침범,건조,맑음,단일로 - 기타,승용,남,61세,상해없음,승용,남,53세,경상
2015011100100311,2015년 1월 11일 16시,일요일,경상남도 통영시 산양읍,경상사고,0,0,1,0,차대차 - 측면직각충돌,안전운전불이행,건조,맑음,단일로 - 기타,승용,남,37세,상해없음,화물,남,62세,경상
2015011100100312,2015년 1월 11일 16시,일요일,경상남도 거제시 고현동,경상사고,0,0,1,0,차대차 - 기타,교차로운행방법위반,건조,맑음,교차로 - 교차로안,승용,남,58세,상해없음,승용,남,59세,경상
2015011100100313,2015년 1월 11일 16시,일요일,경상남도 산청군 신안면,부상신고사고,0,0,0,1,차량단독 - 전도전복,안전운전불이행,건조,맑음,단일로 - 기타,원동기,남,88세,부상신고,,,,
2015011100100331,2015년 1월 11일 17시,일요일,경상남도 밀양시 무안면,중상사고,0,1,0,0,차대차 - 측면직각충돌,교차로운행방법위반,건조,맑음,교차로 - 교차로안,승용,남,58세,상해없음,승용,남,41세,중상
2015011100100363,2015년 1월 11일 18시,일요일,경상남도 사천시 향촌동,중상사고,0,1,0,0,차대사람 - 차도통행중,안전운전불이행,건조,맑음,교차로 - 교차로부근,승용,남,51세,상해없음,보행자,여,55세,중상
2015011100100364,2015년 1월 11일 18시,일요일,경상남도 밀양시 삼랑진읍,경상사고,0,0,3,0,차대차 - 측면직각충돌,안전운전불이행,건조,맑음,단일로 - 기타,승용,남,28세,상해없음,승합,남,19세,경상
2015011100100365,2015년 1월 11일 18시,일요일,경상남도 창녕군 부곡면,경상사고,0,0,3,0,차대차 - 추돌 - 진행중,안전운전불이행,건조,맑음,교차로 - 교차로부근,화물,남,57세,경상,승용,남,44세,경상
2015011100100401,2015년 1월 11일 19시,일요일,경상남도 김해시 안동,중상사고,0,1,1,0,차대차 - 기타,중앙선침범,건조,맑음,교차로 - 교차로부근,이륜,남,26세,중상,이륜,남,18세,경상
2015011100100402,2015년 1월 11일 19시,일요일,경상남도 창녕군 남지읍,중상사고,0,1,0,0,차대사람 - 횡단중,안전운전불이행,건조,맑음,교차로 - 교차로안,화물,남,22세,상해없음,보행자,남,21세,중상
2015011100100404,2015년 1월 11일 19시,일요일,경상남도 양산시 물금읍,경상사고,0,0,1,0,차대차 - 측면직각충돌,교차로운행방법위반,건조,맑음,교차로 - 교차로안,승용,남,44세,상해없음,승용,여,30세,경상
2015011100100405,2015년 1월 11일 19시,일요일,경상남도 김해시 한림면,중상사고,0,1,0,0,차대차 - 측면직각충돌,신호위반,건조,맑음,교차로 - 교차로안,승용,여,27세,상해없음,이륜,남,58세,중상
2015011100100447,2015년 1월 11일 21시,일요일,경상남도 하동군 하동읍,경상사고,0,0,1,0,차대사람 - 횡단중,안전운전불이행,건조,맑음,단일로 - 기타,승용,남,26세,상해없음,보행자,남,49세,경상
2015011100100466,2015년 1월 11일 22시,일요일,경상남도 양산시 상북면,경상사고,0,0,1,1,차대차 - 기타,안전거리미확보,건조,맑음,교차로 - 교차로부근,승용,남,22세,상해없음,승용,남,25세,상해없음
2015011100100482,2015년 1월 11일 23시,일요일,경상남도 창원시 마산합포구 진동면,중상사고,0,1,0,0,차대차 - 정면충돌,중앙선침범,건조,맑음,단일로 - 기타,승용,남,34세,상해없음,승용,남,37세,중상
2015011100100483,2015년 1월 11일 23시,일요일,경상남도 통영시 광도면,경상사고,0,0,2,0,차대차 - 추돌 - 주정차중,안전운전불이행,건조,맑음,교차로 - 교차로부근,승용,남,71세,상해없음,승용,남,58세,경상
2015011200100016,2015년 1월 12일 02시,월요일,경상남도 창원시 의창구 소답동,중상사고,0,1,0,0,차대차 - 추돌 - 주정차중,안전운전불이행,건조,맑음,단일로 - 기타,승용,남,38세,상해없음,원동기,남,49세,상해없음
2015011200100039,2015년 1월 12일 06시,월요일,경상남도 김해시 생림면,중상사고,0,1,1,0,차대차 - 측면직각충돌,신호위반,건조,맑음,교차로 - 교차로안,건설기계,남,35세,경상,화물,남,67세,중상
2015011200100060,2015년 1월 12일 07시,월요일,경상남도 고성군 고성읍,중상사고,0,1,0,0,차대차 - 측면직각충돌,직진우회전진행방해,건조,맑음,교차로 - 교차로안,특수,남,52세,상해없음,승용,남,46세,중상