사고번호,사고일시,요일,시군구,사고내용,사망자수,중상자수,경상자수,부상신고자수,사고유형,법규위반,노면상태,기상상태,도로형태,가해운전자 차종,가해운전자 성별,가해운전자 연령,가해운전자 상해정도,피해운전자 차종,피해운전자 성별,피해운전자 연령,피해운전자 상해정도
2015011500100118,2015년 1월 15일 08시,목요일,경상남도 창원시 진해구 경화동,경상사고,0,0,3,0,차대차 - 추돌 - 진행중,안전운전불이행,건조,맑음,단일로 - 기타,승용,남,62세,상해없음,승용,남,47세,경상
2015011500100119,2015년 1월 15일 08시,목요일,경상남도 사천시 사남면,중상사고,0,1,0,0,차량단독 - 공작물충돌,안전운전불이행,건조,맑음,단일로 - 기타,화물,남,23세,중상,,,,
2015011500100120,2015년 1월 15일 08시,목요일,경상남도 양산시 동면,부상신고사고,0,0,0,4,차대차 - 기타,직진우회전진행방해,건조,맑음,교차로 - 교차로안,화물,남,51세,상해없음,승용,남,60세,부상신고
2015011500100159,2015년 1월 15일 10시,목요일,경상남도 창원시 마산합포구 신창동,경상사고,0,0,1,0,차대차 - 측면직각충돌,안전운전불이행,건조,맑음,교차로 - 교차로안,승용,남,34세,상해없음,원동기,남,54세,경상
2015011500100160,2015년 1월 15일 10시,목요일,경상남도 양산시 중부동,부상신고사고,0,0,0,4,차대차 - 기타,안전운전불이행,건조,맑음,단일로 - 기타,승용,여,41세,상해없음,승용,여,43세,부상신고
2015011500100185,2015년 1월 15일 11시,목요일,경상남도 거제시 연초면,중상사고,0,1,0,0,차대사람 - 횡단중,안전운전불이행,건조,맑음,단일로 - 기타,화물,남,65세,상해없음,보행자,남,70세,중상
2015011500100214,2015년 1월 15일 12시,목요일,경상남도 진주시 평거동,중상사고,0,1,0,0,차대사람 - 기타,안전운전불이행,건조,맑음,단일로 - 기타,승합,남,38세,상해없음,보행자,여,73세,중상
2015011500100215,2015년 1월 15일 12시,목요일,경상남도 창원시 진해구 석동,경상사고,0,0,1,0,차대차 - 추돌 - 주정차중,안전운전불이행,건조,맑음,단일로 - 기타,승용,여,29세,상해없음,승용,남,66세,경상
2015011500100216,2015년 1월 15일 12시,목요일,경상남도 통영시 광도면,중상사고,0,1,5,0,차대차 - 측면직각충돌,직진우회전진행방해,건조,맑음,교차로 - 교차로안,승용,남,57세,경상,승용,남,62세,경상
2015011500100241,2015년 1월 15일 13시,목요일,경상남도 밀양시 상남면,중상사고,0,1,0,0,차대사람 - 횡단중,안전운전불이행,건조,맑음,단일로 - 기타,화물,남,55세,상해없음,보행자,여,67세,중상
2015011500100293,2015년 1월 15일 15시,목요일,경상남도 진주시 망경동,경상사고,0,0,1,0,차대사람 - 차도통행중,안전운전불이행,건조,맑음,단일로 - 기타,승용,남,62세,상해없음,보행자,여,60세,경상
2015011500100322,2015년 1월 15일 16시,목요일,경상남도 하동군 횡천면,부상신고사고,0,0,0,1,차대차 - 기타,안전운전불이행,건조,맑음,단일로 - 기타,승용,여,43세,상해없음,원동기,여,78세,부상신고
2015011500100401,2015년 1월 15일 18시,목요일,경상남도 창원시 진해구 자은동,중상사고,0,1,0,0,차대사람 - 횡단중,안전운전불이행,건조,맑음,교차로 - 교차로부근,승용,남,51세,상해없음,보행자,여,63세,중상
2015011500100402,2015년 1월 15일 18시,목요일,경상남도 양산시 물금읍,중상사고,0,1,0,0,차대차 - 기타,신호위반,건조,맑음,교차로 - 교차로부근,원동기,남,52세,중상,승용,남,32세,상해없음
2015011500100403,2015년 1월 15일 18시,목요일,경상남도 양산시 동면,경상사고,0,0,1,0,차대차 - 기타,안전운전불이행,건조,맑음,교차로 - 교차로부근,화물,남,40세,상해없음,승용,여,45세,경상
2015011500100404,2015년 1월 15일 18시,목요일,경상남도 창원시 의창구 명서동,중상사고,0,1,0,0,차대차 - 기타,신호위반,건조,맑음,단일로 - 횡단보도상,승합,남,44세,상해없음,자전거,여,61세,중상
2015011500100438,2015년 1월 15일 19시,목요일,경상남도 김해시 외동,경상사고,0,0,1,0,차대차 - 추돌 - 주정차중,안전거리미확보,습기,흐림,단일로 - 기타,승용,남,25세,상해없음,승용,여,31세,경상
2015011500100439,2015년 1월 15일 19시,목요일,경상남도 합천군 삼가면,중상사고,0,1,0,0,차대사람 - 횡단중,안전운전불이행,건조,맑음,단일로 - 기타,승용,남,37세,상해없음,보행자,여,74세,중상
2015011500100471,2015년 1월 15일 20시,목요일,경상남도 거제시 고현동,경상사고,0,0,1,0,차대차 - 기타,안전운전불이행,건조,맑음,단일로 - 기타,승용,기타불명,기타불명,기타불명,자전거,남,23세,경상
2015011500100498,2015년 1월 15일 21시,목요일,경상남도 창원시 진해구 안골동,경상사고,0,0,1,0,차대차 - 측면직각충돌,교차로운행방법위반,건조,맑음,교차로 - 교차로안,승용,남,46세,상해없음,승용,남,38세,경상
2015011500100524,2015년 1월 15일 22시,목요일,경상남도 진주시 칠암동,경상사고,0,0,1,0,차대차 - 정면충돌,중앙선침범,건조,맑음,단일로 - 기타,승용,남,43세,상해없음,승용,남,37세,경상
2015011500100525,2015년 1월 15일 22시,목요일,경상남도 거제시 고현동,경상사고,0,0,3,0,차대차 - 추돌 - 주정차중,안전거리미확보,건조,맑음,단일로 - 기타,승용,남,48세,상해없음,승용,여,38세,경상
2015011600100019,2015년 1월 16일 00시,금요일,경상남도 거제시 고현동,경상사고,0,0,2,1,차대차 - 측면직각충돌,교차로운행방법위반,건조,맑음,교차로 - 교차로안,승용,남,54세,상해없음,승용,여,20세,경상
2015011600100048,2015년 1월 16일 02시,금요일,경상남도 양산시 명동,중상사고,0,1,0,0,차량단독 - 공작물충돌,안전운전불이행,건조,맑음,교차로 - 교차로안,승용,남,22세,중상,,,,
2015011600100079,2015년 1월 16일 05시,금요일,경상남도 거창군 거창읍,중상사고,0,1,0,0,차대사람 - 기타,안전운전불이행,건조,맑음,기타 - 기타,승합,남,59세,상해없음,보행자,여,80세,중상
2015011600100095,2015년 1월 16일 06시,금요일,경상남도 창원시 마산합포구 월남동2가,경상사고,0,0,1,0,차대차 - 측면직각충돌,신호위반,건조,맑음,교차로 - 교차로안,승용,남,62세,상해없음,승용,남,63세,경상
2015011600100096,2015년 1월 16일 06시,금요일,경상남도 거제시 연초면,경상사고,0,0,1,1,차대차 - 측면직각충돌,안전운전불이행,건조,맑음,단일로 - 기타,화물,남,49세,상해없음,승용,남,27세,부상신고
2015011600100097,2015년 1월 16일 06시,금요일,경상남도 거제시 옥포동,부상신고사고,0,0,0,1,차대차 - 측면직각충돌,교차로운행방법위반,건조,맑음,단일로 - 횡단보도상,승용,남,52세,상해없음,자전거,남,52세,부상신고
2015011600100122,2015년 1월 16일 07시,금요일,경상남도 진주시 상대동,중상사고,0,1,0,0,차대차 - 측면직각충돌,신호위반,건조,맑음,교차로 - 교차로부근,자전거,여,59세,중상,화물,남,68세,상해없음
2015011600100123,2015년 1월 16일 07시,금요일,경상남도 창원시 성산구 성주동,경상사고,0,0,1,0,차대차 - 측면직각충돌,신호위반,건조,맑음,교차로 - 교차로안,승용,여,49세,상해없음,승용,남,53세,경상
2015011600100124,2015년 1월 16일 07시,금요일,경상남도 김해시 장유면,부상신고사고,0,0,0,1,차대사람 - 횡단중,안전운전불이행,건조,맑음,교차로 - 교차로안,승용,남,24세,상해없음,보행자,남,73세,부상신고
2015011600100147,2015년 1월 16일 08시,금요일,경상남도 하동군 북천면,경상사고,0,0,1,0,차대차 - 측면직각충돌,안전운전불이행,건조,맑음,교차로 - 교차로안,승용,여,40세,상해없음,승용,남,33세,경상
2015011600100177,2015년 1월 16일 09시,금요일,경상남도 창원시 마산합포구 서성동,사망사고,1,0,0,0,차대차 - 측면직각충돌,안전운전불이행,건조,맑음,교차로 - 교차로안,이륜,남,83세,사망,승합,남,29세,상해없음
2015011600100202,2015년 1월 16일 10시,금요일,경상남도 창원시 진해구 근화동,중상사고,0,1,0,0,차대차 - 측면직각충돌,교차로운행방법위반,건조,맑음,교차로 - 교차로안,승합,남,33세,상해없음,자전거,남,73세,중상
2015011600100203,2015년 1월 16일 10시,금요일,경상남도 창원시 진해구 안골동,중상사고,0,1,1,0,차대차 - 측면직각충돌,교차로운행방법위반,건조,맑음,교차로 - 교차로안,특수,남,57세,중상,건설기계,남,43세,경상
2015011600100204,2015년 1월 16일 10시,금요일,경상남도 산청군 금서면,중상사고,0,2,0,0,차대차 - 측면직각충돌,신호위반,건조,맑음,교차로 - 교차로안,화물,남,42세,상해없음,승용,여,56세,중상
2015011600100205,2015년 1월 16일 10시,금요일,경상남도 김해시 풍유동,중상사고,0,2,1,1,차대차 - 추돌 - 주정차중,안전운전불이행,건조,맑음,단일로 - 기타,승용,남,22세,부상신고,화물,남,48세,경상
2015011600100258,2015년 1월 16일 12시,금요일,경상남도 김해시 장유면,중상사고,0,1,0,0,차대사람 - 기타,안전운전불이행,건조,맑음,단일로 - 기타,승용,남,55세,상해없음,보행자,여,3세,중상
2015011600100309,2015년 1월 16일 14시,금요일,경상남도 창원시 마산합포구 산호동,중상사고,0,1,0,0,차대차 - 추돌 - 주정차중,안전운전불이행,건조,맑음,단일로 - 기타,승용,남,53세,상해없음,승용,남,63세,기타불명
2015011600100341,2015년 1월 16일 15시,금요일,경상남도 양산시 중부동,경상사고,0,0,1,0,차대차 - 기타,직진우회전진행방해,건조,맑음,교차로 - 교차로안,승용,남,74세,상해없음,자전거,남,16세,경상
2015011600100342,2015년 1월 16일 15시,금요일,경상남도 남해군 이동면,경상사고,0,0,1,0,차대차 - 추돌 - 주정차중,안전운전불이행,건조,흐림,단일로 - 기타,승용,여,69세,경상,승용,남,37세,상해없음
2015011600100343,2015년 1월 16일 15시,금요일,경상남도 창원시 마산회원구 합성동,중상사고,0,1,0,0,차대사람 - 길가장자리구역통행중,안전운전불이행,건조,맑음,단일로 - 기타,승합,남,50세,상해없음,보행자,여,53세,중상
2015011600100365,2015년 1월 16일 16시,금요일,경상남도 통영시 광도면,경상사고,0,0,1,0,차대차 - 추돌 - 진행중,안전거리미확보,건조,맑음,단일로 - 기타,승용,남,49세,상해없음,승용,여,32세,경상
2015011600100366,2015년 1월 16일 16시,금요일,경상남도 양산시 신기동,경상사고,0,0,1,0,차대차 - 측면직각충돌,기타,건조,맑음,교차로 - 교차로안,화물,남,67세,상해없음,화물,남,26세,경상
2015011600100367,2015년 1월 16일 16시,금요일,경상남도 양산시 북정동,부상신고사고,0,0,0,1,차대차 - 추돌 - 주정차중,안전운전불이행,건조,맑음,단일로 - 기타,승용,남,38세,부상신고,승용,여,42세,기타불명
2015011600100368,2015년 1월 16일 16시,금요일,경상남도 고성군 회화면,경상사고,0,0,2,0,차대차 - 추돌 - 진행중,안전거리미확보,건조,맑음,단일로 - 기타,승합,남,58세,상해없음,승용,남,33세,상해없음
2015011600100369,2015년 1월 16일 16시,금요일,경상남도 산청군 단성면,경상사고,0,0,2,0,차대차 - 추돌 - 진행중,안전운전불이행,건조,맑음,단일로 - 기타,원동기,남,73세,경상,승용,남,53세,상해없음
2015011600100394,2015년 1월 16일 17시,금요일,경상남도 창원시 진해구 용원동,중상사고,0,1,0,0,차대차 - 추돌 - 진행중,안전운전불이행,건조,맑음,단일로 - 기타,원동기,남,17세,상해없음,승용,남,76세,상해없음
2015011600100395,2015년 1월 16일 17시,금요일,경상남도 창원시 성산구 양곡동,중상사고,0,1,0,0,차대차 - 측면직각충돌,안전운전불이행,건조,맑음,교차로 - 교차로부근,승용,여,60세,중상,승용,남,24세,상해없음
2015011600100396,2015년 1월 16일 17시,금요일,경상남도 사천시 곤명면,부상신고사고,0,0,0,1,차대차 - 측면직각충돌,안전운전불이행,건조,맑음,단일로 - 기타,화물,남,43세,상해없음,원동기,남,71세,부상신고
2015011600100397,2015년 1월 16일 17시,금요일,경상남도 김해시 장유면,경상사고,0,0,1,0,차대차 - 측면직각충돌,안전거리미확보,건조,맑음,단일로 - 기타,승용,남,66세,상해없음,이륜,남,19세,경상
2015011600100486,2015년 1월 16일 19시,금요일,경상남도 사천시 벌리동,경상사고,0,0,1,0,차대차 - 측면직각충돌,직진우회전진행방해,건조,맑음,교차로 - 교차로안,원동기,남,18세,경상,화물,남,57세,상해없음
2015011600100487,2015년 1월 16일 19시,금요일,경상남도 김해시 외동,경상사고,0,0,1,0,차대사람 - 기타,안전운전불이행,건조,맑음,단일로 - 기타,승용,여,59세,상해없음,보행자,남,19세,경상
2015011600100519,2015년 1월 16일 20시,금요일,경상남도 밀양시 단장면,부상신고사고,0,0,0,1,차량단독 - 전도전복,안전운전불이행,건조,맑음,단일로 - 기타,승합,남,63세,부상신고,,,,
2015011600100520,2015년 1월 16일 20시,금요일,경상남도 거제시 사등면,경상사고,0,0,3,0,차대차 - 기타,안전거리미확보,건조,맑음,단일로 - 기타,승합,남,58세,상해없음,승용,남,46세,경상
2015011600100521,2015년 1월 16일 20시,금요일,경상남도 남해군 창선면,중상사고,0,1,1,0,차대차 - 추돌 - 주정차중,안전운전불이행,건조,흐림,단일로 - 기타,승용,남,50세,중상,승용,남,60세,상해없음
2015011600100522,2015년 1월 16일 20시,금요일,경상남도 창녕군 대합면,경상사고,0,0,1,0,차대차 - 기타,안전운전불이행,건조,맑음,단일로 - 기타,화물,남,48세,상해없음,승용,남,26세,경상
2015011600100552,2015년 1월 16일 21시,금요일,경상남도 사천시 용현면,경상사고,0,0,1,0,차대차 - 추돌 - 진행중,안전운전불이행,건조,맑음,단일로 - 기타,승용,남,26세,경상,승용,남,30세,상해없음
2015011600100553,2015년 1월 16일 21시,금요일,경상남도 거제시 옥포동,중상사고,0,1,0,0,차대사람 - 기타,신호위반,건조,맑음,교차로 - 교차로부근,원동기,남,17세,상해없음,보행자,여,46세,중상
2015011600100554,2015년 1월 16일 21시,금요일,경상남도 창원시 의창구 신월동,경상사고,0,0,1,0,차대차 - 측면직각충돌,직진우회전진행방해,건조,맑음,교차로 - 교차로안,승용,남,51세,상해없음,승용,여,26세,경상
2015011600100555,2015년 1월 16일 21시,금요일,경상남도 창원시 마산회원구 석전동,경상사고,0,0,1,0,차대차 - 추돌 - 주정차중,안전운전불이행,건조,맑음,단일로 - 기타,승용,남,22세,상해없음,승용,남,41세,상해없음
2015011600100622,2015년 1월 16일 23시,금요일,경상남도 통영시 광도면,경상사고,0,0,2,0,차대차 - 추돌 - 주정차중,안전운전불이행,건조,맑음,단일로 - 기타,화물,남,28세,상해없음,승용,남,56세,경상
2015011600100623,2015년 1월 16일 23시,금요일,경상남도 사천시 용현면,경상사고,0,0,3,0,차대차 - 추돌 - 진행중,안전운전불이행,건조,맑음,단일로 - 기타,승용,남,45세,상해없음,승용,남,25세,경상
2015011600100624,2015년 1월 16일 23시,금요일,경상남도 거제시 장평동,부상신고사고,0,0,0,1,차대차 - 추돌 - 진행중,안전거리미확보,건조,맑음,교차로 - 교차로부근,승용,남,24세,상해없음,원동기,남,62세,부상신고
2015011700100024,2015년 1월 17일 00시,토요일,경상남도 거제시 장평동,경상사고,0,0,1,0,차대차 - 기타,신호위반,건조,맑음,교차로 - 교차로안,승용,남,28세,상해없음,승용,남,25세,경상
2015011700100043,2015년 1월 17일 01시,토요일,경상남도 양산시 평산동,사망사고,1,0,0,0,차대사람 - 횡단중,안전운전불이행,건조,맑음,단일로 - 기타,승용,남,47세,상해없음,보행자,남,49세,사망
2015011700100044,2015년 1월 17일 01시,토요일,경상남도 김해시 장유면,중상사고,0,1,0,1,차대차 - 측면직각충돌,중앙선침범,건조,흐림,단일로 - 기타,승용,남,34세,부상신고,승용,남,24세,중상
2015011700100083,2015년 1월 17일 03시,토요일,경상남도 창원시 마산합포구 해운동,중상사고,0,1,0,0,차대사람 - 횡단중,안전운전불이행,건조,맑음,단일로 - 기타,승용,남,50세,상해없음,보행자,남,23세,중상
2015011700100113,2015년 1월 17일 05시,토요일,경상남도 진주시 봉곡동,중상사고,0,1,0,0,차대사람 - 횡단중,안전운전불이행,건조,맑음,단일로 - 기타,화물,여,57세,상해없음,보행자,여,70세,중상
2015011700100114,2015년 1월 17일 05시,토요일,경상남도 양산시 동면,중상사고,0,1,1,0,차량단독 - 공작물충돌,안전운전불이행,건조,맑음,단일로 - 기타,승용,남,23세,경상,,,,
2015011700100151,2015년 1월 17일 07시,토요일,경상남도 진주시 하대동,중상사고,0,1,0,0,차대차 - 정면충돌,중앙선침범,건조,맑음,단일로 - 기타,승용,남,47세,상해없음,승용,남,32세,중상
2015011700100152,2015년 1월 17일 07시,토요일,경상남도 양산시 어곡동,경상사고,0,0,1,0,차대차 - 추돌 - 진행중,안전운전불이행,건조,맑음,단일로 - 기타,원동기,남,31세,경상,승용,남,22세,상해없음
2015011700100199,2015년 1월 17일 09시,토요일,경상남도 진주시 봉곡동,중상사고,0,1,0,0,차대사람 - 횡단중,안전운전불이행,건조,맑음,교차로 - 교차로안,승용,남,55세,상해없음,보행자,여,56세,중상
2015011700100200,2015년 1월 17일 09시,토요일,경상남도 통영시 광도면,중상사고,0,1,0,0,차대차 - 측면직각충돌,교차로운행방법위반,건조,맑음,교차로 - 교차로안,승용,여,40세,상해없음,승용,남,37세,중상
2015011700100201,2015년 1월 17일 09시,토요일,경상남도 밀양시 상남면,중상사고,0,1,0,0,차대차 - 추돌 - 진행중,안전운전불이행,건조,맑음,단일로 - 기타,승용,남,25세,상해없음,승용,여,34세,상해없음
2015011700100202,2015년 1월 17일 09시,토요일,경상남도 김해시 장유면,중상사고,0,2,0,0,차대차 - 추돌 - 주정차중,안전거리미확보,건조,맑음,단일로 - 기타,화물,남,39세,상해없음,승용,여,29세,중상
2015011700100203,2015년 1월 17일 09시,토요일,경상남도 함양군 서상면,중상사고,0,1,0,1,차대차 - 추돌 - 주정차중,안전운전불이행,적설,맑음,단일로 - 교량,화물,남,64세,부상신고,건설기계,남,53세,상해없음
2015011700100204,2015년 1월 17일 09시,토요일,경상남도 거제시 고현동,중상사고,0,1,0,0,차량단독 - 기타,기타,건조,맑음,단일로 - 기타,승합,남,54세,상해없음,,,,
2015011700100231,2015년 1월 17일 10시,토요일,경상남도 양산시 중부동,중상사고,0,1,0,0,차대사람 - 횡단중,보행자보호의무위반,건조,맑음,교차로 - 교차로부근,승용,여,39세,상해없음,보행자,남,69세,중상
2015011700100261,2015년 1월 17일 11시,토요일,경상남도 진주시 초전동,경상사고,0,0,1,0,차대차 - 추돌 - 진행중,안전운전불이행,건조,맑음,단일로 - 기타,자전거,남,86세,경상,자전거,남,58세,상해없음
2015011700100262,2015년 1월 17일 11시,토요일,경상남도 김해시 생림면,중상사고,0,1,0,0,차대차 - 기타,안전운전불이행,건조,맑음,단일로 - 기타,화물,남,36세,상해없음,승용,남,74세,중상
2015011700100285,2015년 1월 17일 12시,토요일,경상남도 김해시 삼방동,중상사고,0,1,0,0,차대차 - 측면직각충돌,교차로운행방법위반,건조,맑음,교차로 - 교차로안,승용,여,39세,상해없음,이륜,남,41세,중상
2015011700100314,2015년 1월 17일 13시,토요일,경상남도 진주시 신안동,경상사고,0,0,1,0,차대차 - 기타,중앙선침범,건조,맑음,단일로 - 기타,승용,남,57세,상해없음,이륜,남,22세,경상
2015011700100315,2015년 1월 17일 13시,토요일,경상남도 창원시 진해구 석동,중상사고,0,1,0,0,차대차 - 측면직각충돌,안전운전불이행,건조,맑음,교차로 - 교차로부근,승용,여,36세,상해없음,승용,여,49세,중상
2015011700100316,2015년 1월 17일 13시,토요일,경상남도 고성군 삼산면,중상사고,0,1,3,0,차대차 - 정면충돌,중앙선침범,건조,맑음,교차로 - 교차로안,승합,남,44세,상해없음,승용,남,39세,중상
2015011700100317,2015년 1월 17일 13시,토요일,경상남도 창원시 마산회원구 합성동,중상사고,0,1,0,0,차대사람 - 차도통행중,안전운전불이행,건조,맑음,단일로 - 기타,이륜,남,17세,상해없음,보행자,여,64세,중상
2015011700100350,2015년 1월 17일 14시,토요일,경상남도 창원시 마산합포구 상남동,경상사고,0,0,1,0,차대차 - 기타,신호위반,건조,맑음,교차로 - 교차로안,이륜,남,22세,경상,승용,남,41세,상해없음
2015011700100351,2015년 1월 17일 14시,토요일,경상남도 창원시 진해구 장천동,중상사고,0,1,0,0,차대차 - 측면직각충돌,안전거리미확보,건조,맑음,교차로 - 교차로부근,건설기계,남,41세,상해없음,승용,남,74세,중상
2015011700100352,2015년 1월 17일 14시,토요일,경상남도 밀양시 내이동,경상사고,0,0,1,0,차대차 - 측면직각충돌,안전운전불이행,건조,맑음,교차로 - 교차로부근,화물,남,53세,상해없음,승용,남,29세,경상
2015011700100353,2015년 1월 17일 14시,토요일,경상남도 김해시 내동,경상사고,0,0,1,0,차대차 - 정면충돌,안전운전불이행,건조,맑음,단일로 - 기타,자전거,남,9세,경상,승용,남,50세,상해없음
2015011700100354,2015년 1월 17일 14시,토요일,경상남도 김해시 대동면,중상사고,0,2,0,0,차대차 - 측면직각충돌,기타,건조,맑음,단일로 - 기타,화물,남,57세,상해없음,승용,여,58세,중상
2015011700100385,2015년 1월 17일 15시,토요일,경상남도 양산시 평산동,경상사고,0,0,1,0,차대차 - 기타,신호위반,건조,맑음,교차로 - 교차로안,승용,남,20세,상해없음,승용,남,24세,경상
2015011700100386,2015년 1월 17일 15시,토요일,경상남도 산청군 신안면,중상사고,0,1,0,0,차대차 - 추돌 - 진행중,안전운전불이행,건조,맑음,교차로 - 교차로안,화물,남,49세,상해없음,승용,남,36세,중상
2015011700100387,2015년 1월 17일 15시,토요일,경상남도 창원시 의창구 봉곡동,경상사고,0,0,1,0,차대사람 - 횡단중,신호위반,건조,맑음,단일로 - 기타,승합,남,38세,상해없음,보행자,여,56세,경상
2015011700100448,2015년 1월 17일 17시,토요일,경상남도 창원시 마산합포구 월남동2가,경상사고,0,0,2,0,차대차 - 기타,안전거리미확보,건조,맑음,단일로 - 기타,건설기계,남,35세,상해없음,승용,남,27세,경상
2015011700100449,2015년 1월 17일 17시,토요일,경상남도 양산시 명동,경상사고,0,0,1,0,차대차 - 측면직각충돌,교차로운행방법위반,건조,맑음,교차로 - 교차로안,승용,여,56세,상해없음,이륜,남,19세,경상
2015011700100450,2015년 1월 17일 17시,토요일,경상남도 거제시 사등면,중상사고,0,2,1,0,차대차 - 측면직각충돌,교차로운행방법위반,건조,맑음,교차로 - 교차로부근,승합,남,60세,상해없음,승용,남,31세,중상
2015011700100451,2015년 1월 17일 17시,토요일,경상남도 창원시 성산구 대방동,중상사고,0,1,0,0,차대차 - 추돌 - 진행중,신호위반,건조,맑음,교차로 - 교차로안,승용,여,36세,상해없음,승용,남,46세,중상
2015011700100485,2015년 1월 17일 18시,토요일,경상남도 창원시 마산합포구 창포동1가,중상사고,0,1,0,0,차대차 - 기타,중앙선침범,건조,맑음,단일로 - 기타,승용,남,44세,상해없음,이륜,남,31세,중상
2015011700100486,2015년 1월 17일 18시,토요일,경상남도 의령군 지정면,중상사고,0,1,0,0,차량단독 - 공작물충돌,안전운전불이행,건조,맑음,단일로 - 기타,화물,남,53세,중상,,,,
2015011700100520,2015년 1월 17일 19시,토요일,경상남도 통영시 미수동,중상사고,0,1,0,0,차대차 - 추돌 - 주정차중,안전운전불이행,건조,맑음,교차로 - 교차로부근,승용,남,40세,상해없음,화물,남,69세,중상
2015011700100521,2015년 1월 17일 19시,토요일,경상남도 함양군 안의면,사망사고,1,1,0,0,차대차 - 정면충돌,중앙선침범,건조,맑음,단일로 - 기타,화물,남,53세,사망,승합,남,32세,중상
2015011700100522,2015년 1월 17일 19시,토요일,경상남도 양산시 남부동,부상신고사고,0,0,0,1,차대차 - 측면직각충돌,직진우회전진행방해,건조,맑음,단일로 - 기타,승용,남,43세,상해없음,승용,남,29세,부상신고
2015011700100603,2015년 1월 17일 22시,토요일,경상남도 통영시 광도면,경상사고,0,0,1,0,차대차 - 측면직각충돌,교차로운행방법위반,건조,맑음,교차로 - 교차로안,승용,남,38세,상해없음,승용,남,52세,상해없음
2015011700100604,2015년 1월 17일 22시,토요일,경상남도 거제시 아주동,경상사고,0,0,3,0,차대차 - 추돌 - 주정차중,안전거리미확보,건조,맑음,교차로 - 교차로부근,승용,남,34세,상해없음,승용,여,56세,경상
2015011800100017,2015년 1월 18일 00시,일요일,경상남도 양산시 중부동,경상사고,0,0,1,0,차대차 - 추돌 - 진행중,안전운전불이행,건조,맑음,단일로 - 기타,승용,남,53세,상해없음,승용,남,48세,상해없음
2015011800100018,2015년 1월 18일 00시,일요일,경상남도 창원시 마산회원구 석전동,중상사고,0,1,1,0,차대차 - 추돌 - 진행중,안전운전불이행,건조,맑음,단일로 - 기타,승용,남,41세,기타불명,승용,남,38세,중상
2015011800100031,2015년 1월 18일 01시,일요일,경상남도 사천시 대방동,중상사고,0,1,0,0,차량단독 - 공작물충돌,안전운전불이행,건조,맑음,단일로 - 기타,승용,남,32세,상해없음,,,,
2015011800100056,2015년 1월 18일 03시,일요일,경상남도 창원시 마산합포구 상남동,경상사고,0,0,1,0,차대차 - 추돌 - 진행중,안전거리미확보,건조,맑음,교차로 - 교차로부근,승용,남,60세,상해없음,화물,기타불명,기타불명,기타불명
2015011800100092,2015년 1월 18일 06시,일요일,경상남도 창원시 마산합포구 상남동,경상사고,0,0,1,0,차대사람 - 기타,기타,건조,맑음,단일로 - 기타,승용,남,48세,상해없음,보행자,여,63세,경상
2015011800100108,2015년 1월 18일 08시,일요일,경상남도 하동군 하동읍,중상사고,0,1,0,0,차대사람 - 횡단중,안전운전불이행,건조,맑음,교차로 - 교차로안,화물,남,43세,상해없음,보행자,여,69세,중상
2015011800100133,2015년 1월 18일 10시,일요일,경상남도 거창군 가북면,중상사고,0,1,1,0,차대차 - 정면충돌,중앙선침범,습기,맑음,단일로 - 기타,승용,여,55세,중상,승용,여,43세,경상
2015011800100148,2015년 1월 18일 11시,일요일,경상남도 창원시 마산합포구 진동면,경상사고,0,0,1,1,차대차 - 측면직각충돌,안전거리미확보,건조,맑음,단일로 - 기타,승용,여,50세,부상신고,승용,여,64세,경상
2015011800100149,2015년 1월 18일 11시,일요일,경상남도 사천시 송포동,경상사고,0,0,3,0,차대차 - 측면직각충돌,안전운전불이행,건조,맑음,단일로 - 기타,승용,남,57세,상해없음,승용,남,41세,경상
2015011800100150,2015년 1월 18일 11시,일요일,경상남도 남해군 창선면,부상신고사고,0,0,0,1,차량단독 - 전도전복,안전운전불이행,건조,맑음,기타 - 기타,이륜,남,71세,부상신고,,,,
2015011800100169,2015년 1월 18일 12시,일요일,경상남도 거제시 고현동,중상사고,0,1,0,0,차대차 - 기타,신호위반,건조,맑음,교차로 - 교차로안,승용,여,59세,상해없음,승용,여,42세,중상
2015011800100170,2015년 1월 18일 12시,일요일,경상남도 창원시 의창구 팔용동,경상사고,0,0,2,0,차량단독 - 전도전복,안전운전불이행,건조,맑음,단일로 - 기타,승용,남,53세,상해없음,,,,
2015011800100183,2015년 1월 18일 13시,일요일,경상남도 사천시 벌리동,중상사고,0,1,0,0,차대차 - 측면직각충돌,직진우회전진행방해,건조,맑음,교차로 - 교차로안,승용,여,40세,상해없음,이륜,남,32세,중상
2015011800100184,2015년 1월 18일 13시,일요일,경상남도 창원시 마산회원구 합성동,중상사고,0,1,0,0,차대사람 - 보도통행중,보행자보호의무위반,건조,맑음,교차로 - 교차로부근,이륜,남,55세,상해없음,보행자,남,73세,중상
2015011800100214,2015년 1월 18일 14시,일요일,경상남도 의령군 정곡면,중상사고,0,1,0,0,차대차 - 측면직각충돌,교차로운행방법위반,건조,맑음,교차로 - 교차로안,승용,남,44세,상해없음,승용,남,28세,중상
2015011800100231,2015년 1월 18일 15시,일요일,경상남도 사천시 사남면,중상사고,0,1,0,0,차대차 - 측면직각충돌,교차로운행방법위반,건조,맑음,교차로 - 교차로안,승합,남,52세,상해없음,원동기,남,67세,중상