사고번호,사고일시,요일,시군구,사고내용,사망자수,중상자수,경상자수,부상신고자수,사고유형,법규위반,노면상태,기상상태,도로형태,가해운전자 차종,가해운전자 성별,가해운전자 연령,가해운전자 상해정도,피해운전자 차종,피해운전자 성별,피해운전자 연령,피해운전자 상해정도
2015011800100232,2015년 1월 18일 15시,일요일,경상남도 사천시 동금동,경상사고,0,0,1,0,차대차 - 측면직각충돌,직진우회전진행방해,건조,맑음,교차로 - 교차로안,승용,남,74세,상해없음,승용,남,47세,경상
2015011800100233,2015년 1월 18일 15시,일요일,경상남도 창원시 마산회원구 합성동,경상사고,0,0,2,0,차대차 - 정면충돌,중앙선침범,건조,맑음,단일로 - 기타,승합,남,35세,상해없음,화물,남,55세,경상
2015011800100234,2015년 1월 18일 15시,일요일,경상남도 창원시 의창구 도계동,중상사고,0,4,0,0,차대차 - 추돌 - 주정차중,안전운전불이행,건조,맑음,교차로 - 교차로부근,승용,남,49세,상해없음,승용,여,61세,중상
2015011800100259,2015년 1월 18일 16시,일요일,경상남도 통영시 무전동,중상사고,0,2,3,0,차대차 - 측면직각충돌,안전운전불이행,건조,맑음,단일로 - 기타,승용,남,28세,상해없음,승용,남,50세,경상
2015011800100260,2015년 1월 18일 16시,일요일,경상남도 김해시 내동,중상사고,0,1,0,0,차대차 - 추돌 - 진행중,안전운전불이행,건조,맑음,교차로 - 교차로안,이륜,남,21세,중상,승용,여,35세,상해없음
2015011800100261,2015년 1월 18일 16시,일요일,경상남도 고성군 마암면,중상사고,0,1,2,0,차대차 - 측면직각충돌,안전운전불이행,건조,맑음,단일로 - 기타,승용,남,41세,상해없음,화물,남,51세,상해없음
2015011800100262,2015년 1월 18일 16시,일요일,경상남도 함안군 칠원읍,중상사고,0,3,8,0,차대차 - 추돌 - 진행중,안전거리미확보,건조,맑음,단일로 - 기타,승용,남,22세,상해없음,승합,여,35세,중상
2015011800100280,2015년 1월 18일 17시,일요일,경상남도 창원시 진해구 경화동,경상사고,0,0,1,0,차대차 - 측면직각충돌,안전운전불이행,건조,맑음,교차로 - 교차로부근,승용,남,37세,상해없음,승용,남,33세,경상
2015011800100281,2015년 1월 18일 17시,일요일,경상남도 사천시 사천읍,경상사고,0,0,1,0,차대사람 - 길가장자리구역통행중,안전운전불이행,건조,맑음,단일로 - 기타,승용,남,69세,상해없음,보행자,여,15세,경상
2015011800100282,2015년 1월 18일 17시,일요일,경상남도 창녕군 남지읍,경상사고,0,0,1,0,차대차 - 측면직각충돌,안전운전불이행,건조,맑음,교차로 - 교차로안,승용,남,50세,상해없음,화물,남,59세,경상
2015011800100283,2015년 1월 18일 17시,일요일,경상남도 김해시 한림면,경상사고,0,0,1,0,차대차 - 기타,신호위반,건조,맑음,교차로 - 교차로안,화물,남,66세,상해없음,승용,남,65세,경상
2015011800100312,2015년 1월 18일 18시,일요일,경상남도 사천시 죽림동,경상사고,0,0,2,0,차대차 - 추돌 - 주정차중,안전운전불이행,건조,맑음,단일로 - 기타,승용,여,42세,상해없음,승용,남,53세,경상
2015011800100313,2015년 1월 18일 18시,일요일,경상남도 양산시 남부동,경상사고,0,0,1,0,차대차 - 측면직각충돌,안전거리미확보,건조,맑음,기타 - 기타,승용,남,31세,상해없음,승용,남,65세,경상
2015011800100392,2015년 1월 18일 20시,일요일,경상남도 창원시 성산구 사파동,경상사고,0,0,1,0,차대차 - 추돌 - 진행중,안전운전불이행,건조,맑음,단일로 - 기타,기타불명,기타불명,기타불명,기타불명,승용,남,51세,경상
2015011800100421,2015년 1월 18일 21시,일요일,경상남도 밀양시 삼문동,경상사고,0,0,1,0,차대사람 - 길가장자리구역통행중,안전운전불이행,건조,맑음,단일로 - 기타,승용,남,54세,상해없음,보행자,남,23세,경상
2015011800100449,2015년 1월 18일 22시,일요일,경상남도 김해시 부원동,경상사고,0,0,2,0,차대차 - 기타,안전운전불이행,건조,맑음,교차로 - 교차로안,이륜,여,51세,경상,승용,여,23세,경상
2015011800100450,2015년 1월 18일 22시,일요일,경상남도 김해시 장유면,중상사고,0,2,0,0,차대차 - 기타,신호위반,건조,맑음,단일로 - 기타,승용,남,36세,상해없음,승용,남,32세,중상
2015011900100029,2015년 1월 19일 02시,월요일,경상남도 양산시 평산동,부상신고사고,0,0,0,2,차량단독 - 공작물충돌,안전운전불이행,건조,맑음,기타 - 기타,승용,여,19세,부상신고,,,,
2015011900100036,2015년 1월 19일 03시,월요일,경상남도 사천시 사남면,경상사고,0,0,1,0,차대차 - 추돌 - 진행중,안전운전불이행,건조,맑음,단일로 - 기타,특수,남,28세,상해없음,자전거,남,16세,경상
2015011900100082,2015년 1월 19일 07시,월요일,경상남도 함양군 백전면,중상사고,0,2,1,1,차량단독 - 공작물충돌,안전운전불이행,기타,흐림,단일로 - 기타,승용,남,48세,경상,,,,
2015011900100086,2015년 1월 19일 07시,월요일,경상남도 사천시 정동면,사망사고,1,0,0,0,차대사람 - 보도통행중,신호위반,건조,맑음,단일로 - 기타,승용,남,43세,상해없음,보행자,여,69세,사망
2015011900100087,2015년 1월 19일 07시,월요일,경상남도 하동군 금성면,중상사고,0,1,0,0,차대차 - 측면직각충돌,안전운전불이행,건조,맑음,단일로 - 기타,승용,남,54세,상해없음,화물,남,51세,상해없음
2015011900100088,2015년 1월 19일 07시,월요일,경상남도 거제시 연초면,중상사고,0,1,0,0,차대사람 - 보도통행중,안전운전불이행,기타,맑음,단일로 - 기타,승용,남,45세,상해없음,보행자,남,18세,중상
2015011900100168,2015년 1월 19일 09시,월요일,경상남도 사천시 곤양면,부상신고사고,0,0,0,3,차량단독 - 공작물충돌,안전운전불이행,결빙,맑음,단일로 - 기타,승합,남,54세,상해없음,,,,
2015011900100169,2015년 1월 19일 09시,월요일,경상남도 사천시 용현면,중상사고,0,1,0,0,차대차 - 측면직각충돌,교차로운행방법위반,건조,맑음,교차로 - 교차로안,승용,여,41세,상해없음,승용,여,60세,중상
2015011900100170,2015년 1월 19일 09시,월요일,경상남도 거창군 거창읍,중상사고,0,1,2,0,차대차 - 추돌 - 주정차중,안전운전불이행,결빙,맑음,단일로 - 기타,승용,여,45세,상해없음,승용,여,41세,중상
2015011900100171,2015년 1월 19일 09시,월요일,경상남도 창원시 의창구 용호동,경상사고,0,0,1,0,차대차 - 측면직각충돌,신호위반,건조,맑음,교차로 - 교차로안,승용,남,62세,상해없음,승용,남,39세,경상
2015011900100195,2015년 1월 19일 10시,월요일,경상남도 밀양시 하남읍,경상사고,0,0,1,0,차대차 - 측면직각충돌,안전운전불이행,건조,맑음,단일로 - 기타,승용,여,56세,상해없음,승용,여,64세,경상
2015011900100215,2015년 1월 19일 11시,월요일,경상남도 창원시 의창구 북면,중상사고,0,1,0,0,차대사람 - 기타,안전운전불이행,건조,맑음,단일로 - 기타,화물,남,63세,상해없음,보행자,여,66세,중상
2015011900100236,2015년 1월 19일 12시,월요일,경상남도 사천시 동금동,중상사고,0,1,0,0,차대차 - 측면직각충돌,신호위반,건조,맑음,교차로 - 교차로안,승용,여,47세,상해없음,승용,남,65세,중상
2015011900100237,2015년 1월 19일 12시,월요일,경상남도 김해시 생림면,중상사고,0,2,1,0,차대차 - 측면직각충돌,중앙선침범,건조,맑음,단일로 - 기타,승용,남,67세,중상,승용,남,37세,중상
2015011900100238,2015년 1월 19일 12시,월요일,경상남도 남해군 상주면,중상사고,0,1,0,0,차대차 - 측면직각충돌,중앙선침범,건조,맑음,단일로 - 기타,승용,남,46세,상해없음,승용,남,73세,중상
2015011900100266,2015년 1월 19일 13시,월요일,경상남도 김해시 장유면,경상사고,0,0,1,0,차대차 - 측면직각충돌,신호위반,건조,맑음,교차로 - 교차로안,승용,여,24세,상해없음,승용,여,53세,경상
2015011900100321,2015년 1월 19일 15시,월요일,경상남도 거제시 고현동,경상사고,0,0,1,0,차대차 - 기타,안전운전불이행,건조,맑음,교차로 - 교차로안,승용,남,23세,상해없음,승용,남,31세,경상
2015011900100322,2015년 1월 19일 15시,월요일,경상남도 창원시 성산구 상남동,중상사고,0,1,0,0,차대사람 - 횡단중,안전운전불이행,건조,맑음,단일로 - 횡단보도부근,승합,남,38세,상해없음,보행자,여,58세,중상
2015011900100323,2015년 1월 19일 15시,월요일,경상남도 김해시 진영읍,경상사고,0,0,1,0,차대차 - 기타,교차로운행방법위반,건조,맑음,교차로 - 교차로안,화물,남,50세,상해없음,원동기,남,53세,경상
2015011900100358,2015년 1월 19일 16시,월요일,경상남도 창원시 진해구 남양동,중상사고,0,2,0,0,차대차 - 측면직각충돌,교차로운행방법위반,건조,맑음,교차로 - 교차로안,승용,여,34세,중상,승용,남,36세,중상
2015011900100359,2015년 1월 19일 16시,월요일,경상남도 거창군 거창읍,중상사고,0,1,0,0,차대차 - 측면직각충돌,안전운전불이행,건조,맑음,단일로 - 기타,화물,남,52세,상해없음,이륜,여,39세,상해없음
2015011900100383,2015년 1월 19일 17시,월요일,경상남도 사천시 곤명면,중상사고,0,1,0,1,차대차 - 정면충돌,안전운전불이행,건조,맑음,단일로 - 기타,승용,남,29세,중상,승용,남,36세,상해없음
2015011900100384,2015년 1월 19일 17시,월요일,경상남도 양산시 어곡동,부상신고사고,0,0,0,1,차대차 - 기타,안전거리미확보,건조,맑음,교차로 - 교차로안,원동기,남,62세,부상신고,승용,남,36세,상해없음
2015011900100385,2015년 1월 19일 17시,월요일,경상남도 거제시 고현동,경상사고,0,0,1,0,차대차 - 측면직각충돌,안전운전불이행,건조,맑음,단일로 - 기타,승용,여,41세,상해없음,승용,남,44세,경상
2015011900100423,2015년 1월 19일 18시,월요일,경상남도 진주시 하대동,경상사고,0,0,1,0,차대차 - 측면직각충돌,차로위반,건조,맑음,단일로 - 기타,승용,남,74세,상해없음,이륜,남,17세,경상
2015011900100424,2015년 1월 19일 18시,월요일,경상남도 통영시 북신동,경상사고,0,0,1,0,차대차 - 측면직각충돌,안전운전불이행,건조,맑음,교차로 - 교차로안,승용,남,37세,상해없음,승용,남,32세,경상
2015011900100425,2015년 1월 19일 18시,월요일,경상남도 사천시 죽림동,경상사고,0,0,1,0,차대차 - 측면직각충돌,안전운전불이행,건조,맑음,단일로 - 기타,승용,여,39세,상해없음,승합,남,47세,상해없음
2015011900100426,2015년 1월 19일 18시,월요일,경상남도 거제시 동부면,경상사고,0,0,2,0,차대차 - 기타,중앙선침범,건조,맑음,단일로 - 기타,승용,남,67세,상해없음,승용,남,76세,경상
2015011900100472,2015년 1월 19일 19시,월요일,경상남도 창원시 마산합포구 진전면,중상사고,0,1,0,0,차대차 - 측면직각충돌,안전운전불이행,건조,맑음,단일로 - 터널,화물,남,33세,상해없음,승용,남,47세,중상
2015011900100473,2015년 1월 19일 19시,월요일,경상남도 창원시 진해구 풍호동,중상사고,0,1,1,0,차대차 - 측면직각충돌,중앙선침범,건조,맑음,단일로 - 기타,승용,남,59세,상해없음,승용,여,34세,중상
2015011900100474,2015년 1월 19일 19시,월요일,경상남도 창원시 진해구 자은동,경상사고,0,0,1,0,차대차 - 측면직각충돌,교차로운행방법위반,건조,맑음,교차로 - 교차로안,승용,남,42세,상해없음,원동기,남,21세,경상
2015011900100475,2015년 1월 19일 19시,월요일,경상남도 양산시 평산동,경상사고,0,0,1,0,차량단독 - 전도전복,안전운전불이행,건조,맑음,단일로 - 기타,원동기,남,63세,경상,,,,
2015011900100476,2015년 1월 19일 19시,월요일,경상남도 거제시 연초면,경상사고,0,0,1,0,차대차 - 추돌 - 진행중,안전운전불이행,건조,맑음,단일로 - 기타,승용,남,59세,상해없음,승용,남,34세,경상
2015011900100501,2015년 1월 19일 20시,월요일,경상남도 창원시 진해구 석동,경상사고,0,0,2,0,차대차 - 추돌 - 주정차중,안전운전불이행,건조,맑음,교차로 - 교차로부근,승용,남,54세,상해없음,승용,남,31세,경상
2015011900100502,2015년 1월 19일 20시,월요일,경상남도 창원시 진해구 안골동,중상사고,0,1,0,0,차량단독 - 공작물충돌,안전운전불이행,건조,맑음,교차로 - 교차로안,승용,남,55세,중상,,,,
2015011900100520,2015년 1월 19일 21시,월요일,경상남도 김해시 외동,중상사고,0,1,0,0,차대차 - 측면직각충돌,안전운전불이행,건조,맑음,단일로 - 기타,승용,남,26세,상해없음,이륜,남,23세,중상
2015011900100521,2015년 1월 19일 21시,월요일,경상남도 양산시 물금읍,경상사고,0,0,1,0,차대차 - 기타,신호위반,건조,맑음,교차로 - 교차로안,승용,여,53세,상해없음,승용,여,23세,경상
2015011900100522,2015년 1월 19일 21시,월요일,경상남도 거제시 고현동,중상사고,0,1,0,0,차대사람 - 횡단중,보행자보호의무위반,건조,맑음,교차로 - 교차로부근,승용,남,58세,상해없음,보행자,남,32세,중상
2015012000100080,2015년 1월 20일 06시,화요일,경상남도 진주시 신안동,경상사고,0,0,1,0,차대차 - 측면직각충돌,신호위반,건조,맑음,교차로 - 교차로안,승용,남,25세,상해없음,승용,여,50세,경상
2015012000100081,2015년 1월 20일 06시,화요일,경상남도 거제시 장평동,경상사고,0,0,1,0,차대차 - 기타,안전운전불이행,건조,맑음,단일로 - 기타,승용,남,39세,상해없음,자전거,남,41세,경상
2015012000100100,2015년 1월 20일 07시,화요일,경상남도 진주시 봉곡동,경상사고,0,0,1,0,차대차 - 측면직각충돌,신호위반,건조,맑음,교차로 - 교차로안,승용,남,62세,상해없음,승용,여,58세,경상
2015012000100101,2015년 1월 20일 07시,화요일,경상남도 창원시 진해구 자은동,경상사고,0,0,1,0,차대차 - 추돌 - 주정차중,안전운전불이행,건조,맑음,단일로 - 기타,승용,여,45세,상해없음,승용,남,38세,경상
2015012000100102,2015년 1월 20일 07시,화요일,경상남도 김해시 장유면,중상사고,0,1,0,0,차대사람 - 보도통행중,안전운전불이행,건조,맑음,단일로 - 기타,이륜,남,51세,상해없음,보행자,남,50세,중상
2015012000100136,2015년 1월 20일 08시,화요일,경상남도 양산시 물금읍,경상사고,0,0,2,0,차대차 - 기타,교차로운행방법위반,건조,맑음,교차로 - 교차로안,승용,여,39세,상해없음,승용,남,42세,경상
2015012000100137,2015년 1월 20일 08시,화요일,경상남도 창원시 의창구 명서동,경상사고,0,0,1,0,차대차 - 추돌 - 주정차중,안전운전불이행,건조,맑음,교차로 - 교차로안,승용,남,65세,상해없음,승용,여,47세,경상
2015012000100161,2015년 1월 20일 09시,화요일,경상남도 통영시 광도면,경상사고,0,0,3,0,차대차 - 측면직각충돌,중앙선침범,건조,맑음,단일로 - 기타,승용,여,38세,경상,승합,남,43세,경상
2015012000100162,2015년 1월 20일 09시,화요일,경상남도 양산시 평산동,부상신고사고,0,0,0,1,차대차 - 추돌 - 진행중,직진우회전진행방해,건조,맑음,교차로 - 교차로안,승용,여,47세,상해없음,원동기,여,44세,부상신고
2015012000100163,2015년 1월 20일 09시,화요일,경상남도 창원시 마산회원구 석전동,중상사고,0,1,0,0,차대사람 - 횡단중,보행자보호의무위반,건조,맑음,단일로 - 횡단보도상,승합,남,49세,상해없음,보행자,남,59세,중상
2015012000100164,2015년 1월 20일 09시,화요일,경상남도 김해시 장유면,경상사고,0,0,1,0,차대차 - 기타,안전운전불이행,건조,맑음,단일로 - 기타,승용,남,62세,상해없음,승합,남,60세,상해없음
2015012000100211,2015년 1월 20일 11시,화요일,경상남도 진주시 상대동,중상사고,0,1,0,0,차대차 - 기타,직진우회전진행방해,건조,맑음,교차로 - 교차로안,승용,남,53세,상해없음,이륜,남,32세,중상
2015012000100212,2015년 1월 20일 11시,화요일,경상남도 통영시 광도면,중상사고,0,1,0,0,차대차 - 측면직각충돌,안전거리미확보,건조,맑음,교차로 - 교차로부근,화물,남,57세,상해없음,승용,여,53세,중상
2015012000100213,2015년 1월 20일 11시,화요일,경상남도 산청군 단성면,경상사고,0,0,1,0,차대차 - 추돌 - 진행중,안전운전불이행,건조,맑음,단일로 - 기타,승용,남,83세,상해없음,승용,여,58세,경상
2015012000100214,2015년 1월 20일 11시,화요일,경상남도 창원시 의창구 팔용동,경상사고,0,0,3,0,차대차 - 측면직각충돌,중앙선침범,건조,맑음,교차로 - 교차로부근,승용,남,50세,상해없음,승용,남,50세,경상
2015012000100242,2015년 1월 20일 12시,화요일,경상남도 사천시 죽림동,경상사고,0,0,2,0,차대차 - 추돌 - 주정차중,안전운전불이행,건조,맑음,교차로 - 교차로부근,화물,남,46세,상해없음,승용,남,48세,경상
2015012000100243,2015년 1월 20일 12시,화요일,경상남도 창녕군 대합면,중상사고,0,2,0,0,차대차 - 추돌 - 진행중,안전운전불이행,건조,맑음,단일로 - 기타,화물,남,53세,중상,화물,남,58세,상해없음
2015012000100289,2015년 1월 20일 14시,화요일,경상남도 통영시 동호동,중상사고,0,1,0,0,차대차 - 측면직각충돌,직진우회전진행방해,건조,맑음,교차로 - 교차로안,승용,남,56세,상해없음,이륜,남,56세,중상
2015012000100290,2015년 1월 20일 14시,화요일,경상남도 거제시 고현동,중상사고,0,1,0,0,차대차 - 측면직각충돌,신호위반,건조,맑음,교차로 - 교차로안,화물,남,41세,상해없음,승용,여,33세,중상
2015012000100320,2015년 1월 20일 15시,화요일,경상남도 창원시 진해구 용원동,경상사고,0,0,1,0,차대사람 - 횡단중,안전운전불이행,건조,맑음,기타 - 기타,승용,남,36세,상해없음,보행자,남,55세,경상
2015012000100350,2015년 1월 20일 16시,화요일,경상남도 창원시 의창구 소답동,중상사고,0,1,0,0,차대사람 - 차도통행중,안전운전불이행,건조,맑음,단일로 - 기타,승용,여,46세,상해없음,보행자,여,16세,중상
2015012000100372,2015년 1월 20일 17시,화요일,경상남도 양산시 동면,부상신고사고,0,0,0,1,차대차 - 추돌 - 주정차중,직진우회전진행방해,건조,맑음,교차로 - 교차로안,승용,남,23세,상해없음,승용,남,46세,부상신고
2015012000100410,2015년 1월 20일 18시,화요일,경상남도 김해시 내동,경상사고,0,0,2,0,차대차 - 기타,안전운전불이행,건조,맑음,단일로 - 기타,승용,남,52세,기타불명,승합,남,35세,경상
2015012000100411,2015년 1월 20일 18시,화요일,경상남도 창녕군 도천면,중상사고,0,1,2,0,차대차 - 정면충돌,중앙선침범,건조,맑음,단일로 - 기타,승용,남,40세,상해없음,승용,남,31세,중상
2015012000100412,2015년 1월 20일 18시,화요일,경상남도 거제시 고현동,중상사고,0,1,0,0,차대차 - 측면직각충돌,안전운전불이행,건조,맑음,교차로 - 교차로안,승용,남,38세,상해없음,이륜,남,17세,중상
2015012000100413,2015년 1월 20일 18시,화요일,경상남도 창원시 성산구 사파동,경상사고,0,0,1,0,차대사람 - 기타,안전운전불이행,건조,맑음,교차로 - 교차로부근,원동기,남,16세,상해없음,보행자,여,61세,경상
2015012000100443,2015년 1월 20일 19시,화요일,경상남도 함안군 법수면,경상사고,0,0,1,0,차대차 - 기타,안전운전불이행,건조,맑음,교차로 - 교차로안,승용,남,45세,상해없음,화물,남,34세,경상
2015012000100471,2015년 1월 20일 20시,화요일,경상남도 진주시 상대동,경상사고,0,0,1,0,차대사람 - 횡단중,보행자보호의무위반,건조,맑음,교차로 - 교차로부근,승용,남,35세,상해없음,보행자,남,9세,경상
2015012000100472,2015년 1월 20일 20시,화요일,경상남도 창원시 진해구 장천동,경상사고,0,0,1,0,차대차 - 측면직각충돌,중앙선침범,건조,맑음,단일로 - 기타,승용,남,27세,상해없음,승합,남,49세,경상
2015012000100473,2015년 1월 20일 20시,화요일,경상남도 창원시 진해구 석동,경상사고,0,0,1,0,차대차 - 측면직각충돌,신호위반,건조,맑음,교차로 - 교차로안,승용,여,28세,상해없음,이륜,여,49세,경상
2015012000100474,2015년 1월 20일 20시,화요일,경상남도 양산시 북부동,경상사고,0,0,1,0,차대차 - 추돌 - 진행중,차로위반,건조,맑음,단일로 - 기타,승용,남,50세,상해없음,원동기,남,20세,경상
2015012000100475,2015년 1월 20일 20시,화요일,경상남도 창원시 성산구 남산동,경상사고,0,0,1,0,차대차 - 추돌 - 진행중,안전운전불이행,건조,맑음,단일로 - 기타,승용,남,33세,상해없음,승용,남,28세,경상
2015012000100476,2015년 1월 20일 20시,화요일,경상남도 창원시 성산구 웅남동,중상사고,0,1,0,0,차대차 - 추돌 - 진행중,신호위반,건조,맑음,교차로 - 교차로안,승합,남,53세,상해없음,승용,남,47세,중상
2015012000100502,2015년 1월 20일 21시,화요일,경상남도 양산시 유산동,경상사고,0,0,1,0,차대차 - 추돌 - 진행중,교차로운행방법위반,건조,맑음,교차로 - 교차로안,승용,남,26세,상해없음,승용,남,23세,경상
2015012000100503,2015년 1월 20일 21시,화요일,경상남도 창원시 의창구 신월동,중상사고,0,1,0,0,차대차 - 기타,안전운전불이행,건조,맑음,교차로 - 교차로안,원동기,남,20세,상해없음,승합,남,49세,상해없음
2015012000100529,2015년 1월 20일 22시,화요일,경상남도 통영시 용남면,경상사고,0,0,2,0,차대차 - 측면직각충돌,안전거리미확보,건조,맑음,단일로 - 기타,화물,남,46세,상해없음,승용,남,42세,경상
2015012000100530,2015년 1월 20일 22시,화요일,경상남도 밀양시 상남면,중상사고,0,1,0,0,차량단독 - 공작물충돌,안전운전불이행,건조,맑음,단일로 - 기타,승용,남,49세,중상,,,,
2015012000100531,2015년 1월 20일 22시,화요일,경상남도 양산시 물금읍,중상사고,0,1,0,0,차대차 - 측면직각충돌,중앙선침범,건조,맑음,교차로 - 교차로부근,승용,남,25세,상해없음,승용,여,43세,중상
2015012000100554,2015년 1월 20일 23시,화요일,경상남도 김해시 구산동,경상사고,0,0,1,0,차대차 - 기타,신호위반,건조,맑음,교차로 - 교차로부근,승용,남,59세,상해없음,승용,남,31세,상해없음
2015012100100015,2015년 1월 21일 00시,수요일,경상남도 진주시 상대동,중상사고,0,1,0,1,차대차 - 기타,중앙선침범,건조,맑음,단일로 - 기타,승용,남,26세,부상신고,승용,남,29세,중상
2015012100100032,2015년 1월 21일 01시,수요일,경상남도 양산시 평산동,중상사고,0,1,0,0,차대차 - 측면직각충돌,안전운전불이행,건조,맑음,단일로 - 기타,승용,여,53세,중상,건설기계,남,42세,기타불명
2015012100100051,2015년 1월 21일 03시,수요일,경상남도 김해시 삼정동,중상사고,0,1,1,0,차대차 - 측면직각충돌,교차로운행방법위반,건조,맑음,교차로 - 교차로부근,화물,남,56세,상해없음,원동기,남,20세,중상
2015012100100052,2015년 1월 21일 03시,수요일,경상남도 창원시 마산회원구 회성동,중상사고,0,3,4,0,차대차 - 측면직각충돌,신호위반,건조,맑음,교차로 - 교차로안,승합,남,59세,상해없음,승용,남,40세,중상
2015012100100065,2015년 1월 21일 05시,수요일,경상남도 창원시 마산합포구 남성동,경상사고,0,0,1,0,차대사람 - 기타,안전운전불이행,건조,맑음,교차로 - 교차로부근,원동기,남,33세,상해없음,보행자,남,53세,경상
2015012100100066,2015년 1월 21일 05시,수요일,경상남도 진주시 상대동,중상사고,0,2,2,1,차대차 - 기타,신호위반,건조,맑음,교차로 - 교차로안,승용,남,31세,부상신고,승용,남,54세,경상
2015012100100067,2015년 1월 21일 05시,수요일,경상남도 창원시 성산구 내동,사망사고,1,1,0,0,차량단독 - 기타,안전운전불이행,건조,맑음,단일로 - 기타,승용,남,19세,중상,,,,
2015012100100072,2015년 1월 21일 06시,수요일,경상남도 김해시 대동면,경상사고,0,0,2,0,차대차 - 기타,안전운전불이행,건조,맑음,단일로 - 기타,승용,여,35세,상해없음,승용,남,30세,경상
2015012100100085,2015년 1월 21일 06시,수요일,경상남도 창원시 성산구 남양동,사망사고,1,0,0,0,차대사람 - 기타,안전운전불이행,건조,맑음,교차로 - 교차로안,승합,남,54세,상해없음,보행자,여,75세,사망
2015012100100111,2015년 1월 21일 07시,수요일,경상남도 창원시 의창구 명서동,중상사고,0,1,0,0,차대차 - 측면직각충돌,교차로운행방법위반,건조,맑음,교차로 - 교차로안,화물,남,26세,상해없음,승용,남,35세,중상
2015012100100112,2015년 1월 21일 07시,수요일,경상남도 김해시 진례면,중상사고,0,1,0,0,차대차 - 측면직각충돌,중앙선침범,건조,맑음,단일로 - 기타,승용,남,66세,상해없음,승용,남,45세,중상
2015012100100155,2015년 1월 21일 09시,수요일,경상남도 거제시 장평동,중상사고,0,1,0,0,차대사람 - 차도통행중,안전운전불이행,건조,맑음,단일로 - 기타,승용,남,72세,상해없음,보행자,여,81세,중상
2015012100100182,2015년 1월 21일 11시,수요일,경상남도 진주시 가좌동,중상사고,0,2,0,0,차대차 - 추돌 - 진행중,안전거리미확보,건조,맑음,단일로 - 기타,승합,남,33세,상해없음,승용,여,40세,중상
2015012100100183,2015년 1월 21일 11시,수요일,경상남도 양산시 원동면,경상사고,0,0,1,0,차대차 - 기타,안전운전불이행,건조,맑음,단일로 - 기타,기타불명,기타불명,기타불명,기타불명,이륜,남,80세,경상
2015012100100212,2015년 1월 21일 12시,수요일,경상남도 사천시 사천읍,부상신고사고,0,0,0,1,차대차 - 측면직각충돌,신호위반,습기,안개,교차로 - 교차로안,원동기,남,85세,부상신고,승용,남,36세,상해없음
2015012100100213,2015년 1월 21일 12시,수요일,경상남도 합천군 쌍백면,경상사고,0,0,1,0,차대차 - 추돌 - 진행중,안전운전불이행,건조,흐림,단일로 - 기타,승용,남,43세,경상,승용,남,68세,상해없음
2015012100100229,2015년 1월 21일 13시,수요일,경상남도 창녕군 창녕읍,경상사고,0,0,2,0,차대차 - 측면직각충돌,중앙선침범,습기,비,단일로 - 기타,승용,여,57세,상해없음,승용,남,49세,경상
2015012100100230,2015년 1월 21일 13시,수요일,경상남도 거제시 장승포동,경상사고,0,0,1,0,차대사람 - 횡단중,보행자보호의무위반,건조,맑음,단일로 - 기타,승용,여,29세,상해없음,보행자,여,7세,경상
2015012100100251,2015년 1월 21일 14시,수요일,경상남도 김해시 장유면,경상사고,0,0,1,0,차대차 - 측면직각충돌,교차로운행방법위반,습기,비,교차로 - 교차로부근,화물,남,60세,상해없음,승용,여,40세,경상
2015012100100275,2015년 1월 21일 15시,수요일,경상남도 김해시 상동면,경상사고,0,0,1,0,차대차 - 추돌 - 진행중,안전운전불이행,습기,비,단일로 - 기타,승용,남,56세,기타불명,화물,남,37세,경상
2015012100100276,2015년 1월 21일 15시,수요일,경상남도 고성군 상리면,중상사고,0,1,0,0,차대차 - 추돌 - 진행중,안전운전불이행,습기,비,교차로 - 교차로부근,승용,남,47세,상해없음,승용,여,43세,중상
2015012100100277,2015년 1월 21일 15시,수요일,경상남도 창원시 성산구 신촌동,경상사고,0,0,1,0,차대차 - 추돌 - 주정차중,안전운전불이행,건조,맑음,단일로 - 기타,승용,여,45세,상해없음,승용,남,55세,경상
2015012100100322,2015년 1월 21일 17시,수요일,경상남도 진주시 내동면,경상사고,0,0,1,0,차대차 - 측면직각충돌,신호위반,건조,맑음,교차로 - 교차로안,승용,여,51세,상해없음,승용,여,35세,경상
2015012100100323,2015년 1월 21일 17시,수요일,경상남도 함안군 함안면,중상사고,0,2,0,0,차대차 - 추돌 - 진행중,안전운전불이행,습기,비,교차로 - 교차로부근,승용,남,59세,상해없음,화물,남,50세,중상
2015012100100324,2015년 1월 21일 17시,수요일,경상남도 김해시 진례면,중상사고,0,1,0,0,차대차 - 측면직각충돌,안전운전불이행,습기,비,단일로 - 기타,화물,남,35세,상해없음,이륜,남,27세,중상
2015012100100374,2015년 1월 21일 18시,수요일,경상남도 창원시 마산합포구 진동면,중상사고,0,1,0,0,차대사람 - 횡단중,보행자보호의무위반,건조,맑음,단일로 - 횡단보도상,승용,남,32세,상해없음,보행자,여,18세,중상
2015012100100375,2015년 1월 21일 18시,수요일,경상남도 통영시 광도면,경상사고,0,0,1,0,차대차 - 측면직각충돌,신호위반,습기,비,교차로 - 교차로안,승용,남,32세,상해없음,승용,여,37세,경상