사고번호,사고일시,요일,시군구,사고내용,사망자수,중상자수,경상자수,부상신고자수,사고유형,법규위반,노면상태,기상상태,도로형태,가해운전자 차종,가해운전자 성별,가해운전자 연령,가해운전자 상해정도,피해운전자 차종,피해운전자 성별,피해운전자 연령,피해운전자 상해정도
2015012900100029,2015년 1월 29일 01시,목요일,경상남도 창원시 의창구 용호동,경상사고,0,0,1,0,차대차 - 기타,신호위반,건조,맑음,교차로 - 교차로안,승용,남,30세,상해없음,승용,남,51세,경상
2015012900100092,2015년 1월 29일 07시,목요일,경상남도 거제시 고현동,경상사고,0,0,1,0,차대차 - 측면직각충돌,안전운전불이행,건조,맑음,교차로 - 교차로안,화물,남,71세,상해없음,원동기,남,37세,경상
2015012900100093,2015년 1월 29일 07시,목요일,경상남도 창원시 의창구 신월동,중상사고,0,1,0,0,차대사람 - 횡단중,보행자보호의무위반,건조,맑음,교차로 - 교차로안,승용,여,50세,상해없음,보행자,여,45세,중상
2015012900100118,2015년 1월 29일 08시,목요일,경상남도 김해시 대동면,경상사고,0,0,1,0,차대차 - 측면직각충돌,직진우회전진행방해,건조,맑음,교차로 - 교차로안,승용,여,39세,상해없음,승용,남,28세,경상
2015012900100119,2015년 1월 29일 08시,목요일,경상남도 거제시 고현동,중상사고,0,1,0,0,차대차 - 측면직각충돌,안전운전불이행,건조,맑음,교차로 - 교차로안,승용,남,46세,상해없음,승용,여,28세,중상
2015012900100120,2015년 1월 29일 08시,목요일,경상남도 창원시 성산구 신촌동,경상사고,0,0,1,0,차대사람 - 횡단중,보행자보호의무위반,건조,맑음,단일로 - 횡단보도상,승용,남,53세,상해없음,보행자,여,31세,경상
2015012900100155,2015년 1월 29일 10시,목요일,경상남도 김해시 지내동,중상사고,0,1,0,0,차대사람 - 횡단중,보행자보호의무위반,건조,맑음,교차로 - 교차로안,승용,남,35세,상해없음,보행자,여,79세,중상
2015012900100156,2015년 1월 29일 10시,목요일,경상남도 거제시 일운면,경상사고,0,0,2,0,차량단독 - 공작물충돌,안전운전불이행,건조,흐림,단일로 - 기타,화물,남,59세,상해없음,,,,
2015012900100233,2015년 1월 29일 13시,목요일,경상남도 사천시 사천읍,경상사고,0,0,1,0,차대차 - 추돌 - 주정차중,안전거리미확보,습기,비,단일로 - 기타,원동기,남,60세,경상,화물,남,44세,상해없음
2015012900100259,2015년 1월 29일 14시,목요일,경상남도 김해시 장유면,경상사고,0,0,1,0,차대차 - 추돌 - 주정차중,안전운전불이행,습기,비,교차로 - 교차로안,승용,남,44세,상해없음,승용,여,36세,상해없음
2015012900100295,2015년 1월 29일 15시,목요일,경상남도 창원시 마산합포구 자산동,중상사고,0,1,1,0,차대차 - 기타,직진우회전진행방해,건조,맑음,교차로 - 교차로안,승용,남,62세,상해없음,승용,남,60세,경상
2015012900100296,2015년 1월 29일 15시,목요일,경상남도 창원시 진해구 두동,중상사고,0,1,0,0,차대차 - 추돌 - 진행중,안전운전불이행,건조,맑음,교차로 - 교차로부근,승합,남,51세,상해없음,승용,남,32세,중상
2015012900100297,2015년 1월 29일 15시,목요일,경상남도 거제시 장평동,중상사고,0,2,0,0,차대차 - 추돌 - 진행중,차로위반,건조,맑음,단일로 - 기타,승용,남,73세,상해없음,승용,남,32세,중상
2015012900100321,2015년 1월 29일 16시,목요일,경상남도 김해시 삼계동,경상사고,0,0,2,0,차대차 - 측면직각충돌,교차로운행방법위반,건조,맑음,교차로 - 교차로안,승용,남,53세,상해없음,화물,남,48세,경상
2015012900100358,2015년 1월 29일 17시,목요일,경상남도 창원시 마산합포구 월남동1가,경상사고,0,0,1,0,차대차 - 기타,안전운전불이행,건조,흐림,단일로 - 기타,승합,남,32세,상해없음,화물,남,70세,상해없음
2015012900100359,2015년 1월 29일 17시,목요일,경상남도 통영시 미수동,경상사고,0,0,1,0,차대사람 - 차도통행중,안전운전불이행,건조,맑음,교차로 - 교차로부근,승용,남,62세,상해없음,보행자,여,70세,경상
2015012900100360,2015년 1월 29일 17시,목요일,경상남도 거제시 덕포동,부상신고사고,0,0,0,1,차대사람 - 횡단중,교차로운행방법위반,건조,맑음,교차로 - 교차로안,승용,여,28세,상해없음,보행자,남,28세,부상신고
2015012900100396,2015년 1월 29일 18시,목요일,경상남도 사천시 벌리동,경상사고,0,0,1,0,차대사람 - 횡단중,안전운전불이행,습기,흐림,단일로 - 기타,승용,여,49세,상해없음,보행자,여,9세,경상
2015012900100397,2015년 1월 29일 18시,목요일,경상남도 김해시 외동,중상사고,0,1,1,0,차대차 - 추돌 - 진행중,안전운전불이행,건조,맑음,단일로 - 기타,승용,여,60세,상해없음,승용,남,48세,경상
2015012900100398,2015년 1월 29일 18시,목요일,경상남도 하동군 금남면,사망사고,1,0,0,0,차대차 - 추돌 - 주정차중,안전운전불이행,습기,비,단일로 - 기타,화물,남,72세,사망,화물,남,48세,상해없음
2015012900100399,2015년 1월 29일 18시,목요일,경상남도 창원시 의창구 팔용동,경상사고,0,0,1,0,차대차 - 측면직각충돌,차로위반,건조,흐림,단일로 - 기타,승용,남,50세,상해없음,승합,남,52세,상해없음
2015012900100440,2015년 1월 29일 19시,목요일,경상남도 밀양시 상남면,경상사고,0,0,3,0,차대차 - 추돌 - 주정차중,안전거리미확보,건조,맑음,교차로 - 교차로부근,화물,남,39세,상해없음,승용,남,27세,경상
2015012900100442,2015년 1월 29일 19시,목요일,경상남도 창원시 의창구 동읍,경상사고,0,0,1,0,차대사람 - 기타,안전운전불이행,건조,맑음,교차로 - 교차로부근,승용,남,48세,상해없음,보행자,여,65세,경상
2015012900100460,2015년 1월 29일 20시,목요일,경상남도 김해시 주촌면,부상신고사고,0,0,0,1,차대차 - 기타,안전운전불이행,건조,맑음,단일로 - 기타,기타불명,기타불명,기타불명,기타불명,승용,남,36세,부상신고
2015012900100476,2015년 1월 29일 20시,목요일,경상남도 창원시 성산구 중앙동,중상사고,0,1,0,0,차대차 - 측면직각충돌,안전운전불이행,건조,맑음,단일로 - 기타,승용,남,59세,상해없음,승용,남,32세,중상
2015012900100503,2015년 1월 29일 21시,목요일,경상남도 진주시 금산면,중상사고,0,1,0,0,차대차 - 측면직각충돌,안전운전불이행,습기,눈,단일로 - 기타,승용,남,47세,상해없음,원동기,남,47세,중상
2015012900100504,2015년 1월 29일 21시,목요일,경상남도 고성군 동해면,중상사고,0,1,0,0,차량단독 - 공작물충돌,안전운전불이행,건조,맑음,단일로 - 기타,승용,남,48세,중상,,,,
2015012900100529,2015년 1월 29일 22시,목요일,경상남도 양산시 물금읍,중상사고,0,1,0,0,차대사람 - 횡단중,안전운전불이행,건조,맑음,교차로 - 교차로안,승용,남,44세,상해없음,보행자,남,46세,중상
2015012900100530,2015년 1월 29일 22시,목요일,경상남도 양산시 상북면,중상사고,0,1,0,0,차대차 - 기타,안전운전불이행,건조,맑음,기타 - 기타,승용,남,37세,기타불명,승용,여,56세,중상
2015012900100531,2015년 1월 29일 22시,목요일,경상남도 양산시 북정동,경상사고,0,0,1,0,차대사람 - 기타,안전운전불이행,건조,맑음,교차로 - 교차로부근,승용,남,63세,상해없음,보행자,남,44세,경상
2015012900100532,2015년 1월 29일 22시,목요일,경상남도 창원시 성산구 내동,경상사고,0,0,2,0,차대차 - 추돌 - 진행중,신호위반,건조,맑음,단일로 - 기타,승용,남,30세,기타불명,승용,남,54세,경상
2015012900100565,2015년 1월 29일 23시,목요일,경상남도 양산시 하북면,중상사고,0,1,0,0,차량단독 - 공작물충돌,안전운전불이행,건조,맑음,단일로 - 기타,승용,남,31세,중상,,,,
2015012900100566,2015년 1월 29일 23시,목요일,경상남도 거제시 아양동,부상신고사고,0,0,0,1,차대차 - 추돌 - 진행중,안전운전불이행,습기,비,단일로 - 기타,승용,남,58세,상해없음,특수,남,28세,부상신고
2015012900100567,2015년 1월 29일 23시,목요일,경상남도 남해군 창선면,중상사고,0,2,0,0,차량단독 - 도로외이탈 - 추락,안전운전불이행,결빙,맑음,단일로 - 기타,화물,남,53세,상해없음,,,,
2015013000100047,2015년 1월 30일 02시,금요일,경상남도 사천시 축동면,중상사고,0,1,0,0,차량단독 - 공작물충돌,안전운전불이행,습기,맑음,교차로 - 교차로안,승용,남,24세,상해없음,,,,
2015013000100056,2015년 1월 30일 03시,금요일,경상남도 창원시 진해구 용원동,경상사고,0,0,1,0,차대차 - 측면직각충돌,직진우회전진행방해,건조,맑음,교차로 - 교차로안,화물,남,35세,상해없음,승용,남,63세,경상
2015013000100082,2015년 1월 30일 05시,금요일,경상남도 김해시 주촌면,중상사고,0,2,0,0,차대사람 - 길가장자리구역통행중,안전운전불이행,건조,맑음,단일로 - 기타,이륜,남,42세,중상,보행자,남,55세,중상
2015013000100095,2015년 1월 30일 06시,금요일,경상남도 창원시 성산구 웅남동,사망사고,1,0,0,0,차대사람 - 횡단중,안전운전불이행,건조,맑음,단일로 - 기타,승용,남,43세,상해없음,보행자,남,46세,사망
2015013000100145,2015년 1월 30일 08시,금요일,경상남도 진주시 봉곡동,중상사고,0,1,0,0,차대차 - 측면직각충돌,교차로운행방법위반,건조,맑음,교차로 - 교차로안,원동기,남,71세,중상,승용,남,43세,상해없음
2015013000100175,2015년 1월 30일 09시,금요일,경상남도 남해군 이동면,중상사고,0,1,1,0,차대차 - 추돌 - 진행중,안전운전불이행,건조,맑음,단일로 - 기타,화물,남,56세,상해없음,화물,여,63세,중상
2015013000100206,2015년 1월 30일 10시,금요일,경상남도 함안군 산인면,중상사고,0,1,0,0,차대차 - 추돌 - 진행중,안전운전불이행,건조,맑음,단일로 - 기타,승용,남,35세,상해없음,이륜,여,72세,중상
2015013000100234,2015년 1월 30일 11시,금요일,경상남도 밀양시 하남읍,경상사고,0,0,2,0,차대차 - 측면직각충돌,안전운전불이행,건조,맑음,교차로 - 교차로안,화물,남,56세,상해없음,화물,남,62세,경상
2015013000100252,2015년 1월 30일 12시,금요일,경상남도 김해시 삼계동,경상사고,0,0,1,0,차대차 - 측면직각충돌,안전운전불이행,건조,맑음,단일로 - 기타,승용,남,23세,상해없음,화물,남,24세,경상
2015013000100273,2015년 1월 30일 13시,금요일,경상남도 함양군 함양읍,부상신고사고,0,0,0,1,차대차 - 측면직각충돌,안전운전불이행,건조,맑음,단일로 - 기타,이륜,남,61세,부상신고,화물,남,60세,상해없음
2015013000100298,2015년 1월 30일 14시,금요일,경상남도 밀양시 무안면,중상사고,0,1,0,0,차대차 - 측면직각충돌,안전운전불이행,건조,맑음,교차로 - 교차로안,화물,남,51세,상해없음,승용,여,56세,중상
2015013000100299,2015년 1월 30일 14시,금요일,경상남도 양산시 동면,경상사고,0,0,1,0,차대차 - 추돌 - 진행중,안전거리미확보,건조,맑음,단일로 - 기타,승용,남,35세,상해없음,승용,여,69세,경상
2015013000100300,2015년 1월 30일 14시,금요일,경상남도 함안군 칠서면,경상사고,0,0,1,0,차대사람 - 횡단중,안전운전불이행,건조,맑음,단일로 - 횡단보도부근,승용,여,25세,상해없음,보행자,여,11세,경상
2015013000100360,2015년 1월 30일 16시,금요일,경상남도 사천시 용강동,경상사고,0,0,2,0,차대차 - 측면직각충돌,교차로운행방법위반,건조,맑음,교차로 - 교차로안,승용,남,68세,상해없음,승용,여,39세,경상
2015013000100361,2015년 1월 30일 16시,금요일,경상남도 창원시 성산구 신촌동,사망사고,1,0,0,0,차대차 - 정면충돌,중앙선침범,건조,맑음,교차로 - 교차로안,승합,남,37세,상해없음,화물,남,60세,사망
2015013000100393,2015년 1월 30일 17시,금요일,경상남도 통영시 인평동,중상사고,0,1,0,0,차대사람 - 차도통행중,안전운전불이행,건조,맑음,단일로 - 기타,승용,여,38세,상해없음,보행자,남,13세,중상
2015013000100394,2015년 1월 30일 17시,금요일,경상남도 사천시 송포동,부상신고사고,0,0,0,1,차량단독 - 공작물충돌,안전운전불이행,건조,맑음,단일로 - 기타,승용,여,32세,상해없음,,,,
2015013000100395,2015년 1월 30일 17시,금요일,경상남도 합천군 쌍책면,부상신고사고,0,0,0,1,차대차 - 측면직각충돌,신호위반,건조,맑음,교차로 - 교차로안,승용,남,59세,부상신고,승용,남,32세,상해없음
2015013000100396,2015년 1월 30일 17시,금요일,경상남도 함양군 서상면,중상사고,0,1,0,0,차대차 - 측면직각충돌,신호위반,건조,맑음,교차로 - 교차로안,화물,남,39세,상해없음,화물,남,56세,중상
2015013000100428,2015년 1월 30일 18시,금요일,경상남도 창원시 마산합포구 중성동,경상사고,0,0,2,0,차대차 - 추돌 - 주정차중,안전운전불이행,건조,맑음,단일로 - 기타,승용,남,43세,상해없음,승용,여,43세,경상
2015013000100429,2015년 1월 30일 18시,금요일,경상남도 통영시 정량동,중상사고,0,1,0,0,차대사람 - 차도통행중,안전운전불이행,건조,맑음,교차로 - 교차로부근,화물,남,37세,상해없음,보행자,여,20세,중상
2015013000100430,2015년 1월 30일 18시,금요일,경상남도 하동군 북천면,경상사고,0,0,1,0,차대차 - 기타,중앙선침범,건조,맑음,단일로 - 기타,승용,남,51세,상해없음,특수,남,47세,상해없음
2015013000100431,2015년 1월 30일 18시,금요일,경상남도 창원시 의창구 도계동,중상사고,0,1,0,0,차대차 - 기타,안전운전불이행,건조,맑음,교차로 - 교차로부근,승용,여,47세,상해없음,승용,남,49세,중상
2015013000100479,2015년 1월 30일 19시,금요일,경상남도 양산시 물금읍,경상사고,0,0,1,0,차대차 - 기타,안전운전불이행,건조,맑음,단일로 - 기타,승용,남,48세,상해없음,자전거,여,23세,경상
2015013000100527,2015년 1월 30일 20시,금요일,경상남도 창원시 의창구 봉곡동,중상사고,0,1,0,0,차대차 - 추돌 - 진행중,안전운전불이행,건조,맑음,교차로 - 교차로부근,승용,남,52세,상해없음,원동기,여,56세,중상
2015013000100554,2015년 1월 30일 21시,금요일,경상남도 거제시 고현동,중상사고,0,1,0,0,차대차 - 측면직각충돌,교차로운행방법위반,건조,맑음,교차로 - 교차로안,승용,남,56세,상해없음,원동기,남,35세,중상
2015013000100590,2015년 1월 30일 22시,금요일,경상남도 진주시 상대동,경상사고,0,0,1,0,차대사람 - 횡단중,보행자보호의무위반,건조,맑음,교차로 - 교차로안,승용,남,23세,상해없음,보행자,여,15세,경상
2015013000100622,2015년 1월 30일 23시,금요일,경상남도 창원시 마산합포구 상남동,중상사고,0,1,0,0,차대사람 - 횡단중,보행자보호의무위반,건조,맑음,단일로 - 횡단보도상,승용,남,45세,상해없음,보행자,여,23세,중상
2015013000100623,2015년 1월 30일 23시,금요일,경상남도 김해시 부원동,중상사고,0,2,0,0,차대차 - 측면직각충돌,직진우회전진행방해,건조,맑음,교차로 - 교차로안,이륜,남,51세,중상,이륜,남,17세,중상
2015013000100624,2015년 1월 30일 23시,금요일,경상남도 양산시 물금읍,경상사고,0,0,1,1,차대차 - 측면직각충돌,신호위반,건조,맑음,교차로 - 교차로안,승용,남,45세,상해없음,승용,남,49세,경상
2015013000100625,2015년 1월 30일 23시,금요일,경상남도 김해시 전하동,중상사고,0,1,0,0,차대차 - 측면직각충돌,교차로운행방법위반,건조,맑음,교차로 - 교차로안,화물,남,46세,상해없음,승용,남,33세,중상
2015013100100022,2015년 1월 31일 00시,토요일,경상남도 창원시 의창구 팔용동,경상사고,0,0,1,0,차대차 - 기타,안전운전불이행,건조,맑음,단일로 - 기타,승용,남,23세,상해없음,승용,여,41세,경상
2015013100100033,2015년 1월 31일 01시,토요일,경상남도 김해시 봉황동,중상사고,0,1,0,0,차대사람 - 보도통행중,안전운전불이행,건조,맑음,단일로 - 기타,화물,남,55세,상해없음,보행자,남,39세,중상
2015013100100057,2015년 1월 31일 03시,토요일,경상남도 창원시 마산합포구 동성동,중상사고,0,1,2,0,차대차 - 측면직각충돌,신호위반,건조,맑음,교차로 - 교차로안,승용,남,54세,상해없음,승용,남,62세,중상
2015013100100074,2015년 1월 31일 05시,토요일,경상남도 통영시 용남면,경상사고,0,0,1,0,차대차 - 기타,안전운전불이행,건조,맑음,단일로 - 교량,화물,남,52세,상해없음,승용,남,50세,상해없음
2015013100100082,2015년 1월 31일 06시,토요일,경상남도 밀양시 상남면,중상사고,0,1,1,0,차대차 - 추돌 - 진행중,안전운전불이행,건조,맑음,단일로 - 기타,화물,남,41세,상해없음,화물,남,53세,중상
2015013100100101,2015년 1월 31일 07시,토요일,경상남도 거제시 옥포동,중상사고,0,1,0,0,차대차 - 추돌 - 진행중,안전운전불이행,건조,맑음,교차로 - 교차로부근,승용,남,31세,상해없음,승용,남,36세,중상
2015013100100122,2015년 1월 31일 08시,토요일,경상남도 통영시 광도면,중상사고,0,1,0,0,차대차 - 측면직각충돌,직진우회전진행방해,건조,맑음,교차로 - 교차로안,승용,여,50세,상해없음,승용,남,48세,중상
2015013100100123,2015년 1월 31일 08시,토요일,경상남도 합천군 야로면,중상사고,0,1,0,0,차대차 - 추돌 - 진행중,안전운전불이행,건조,맑음,단일로 - 기타,승용,여,42세,상해없음,원동기,여,75세,중상
2015013100100124,2015년 1월 31일 08시,토요일,경상남도 고성군 동해면,중상사고,0,1,4,0,차대차 - 추돌 - 주정차중,안전운전불이행,건조,맑음,단일로 - 기타,승용,남,39세,상해없음,건설기계,남,44세,상해없음
2015013100100142,2015년 1월 31일 09시,토요일,경상남도 창원시 진해구 이동,경상사고,0,0,1,0,차대차 - 측면직각충돌,교차로운행방법위반,건조,맑음,교차로 - 교차로안,승용,여,46세,상해없음,승용,남,34세,경상
2015013100100161,2015년 1월 31일 10시,토요일,경상남도 창원시 마산합포구 상남동,경상사고,0,0,1,0,차대차 - 측면직각충돌,신호위반,건조,맑음,교차로 - 교차로안,화물,남,49세,상해없음,승용,여,57세,경상
2015013100100162,2015년 1월 31일 10시,토요일,경상남도 김해시 대동면,중상사고,0,2,0,0,차대차 - 추돌 - 진행중,안전운전불이행,건조,맑음,단일로 - 기타,화물,남,42세,상해없음,승용,남,55세,중상
2015013100100190,2015년 1월 31일 11시,토요일,경상남도 진주시 평거동,중상사고,0,1,0,0,차대차 - 측면직각충돌,안전운전불이행,건조,맑음,단일로 - 횡단보도상,승용,남,38세,상해없음,자전거,남,11세,중상
2015013100100191,2015년 1월 31일 11시,토요일,경상남도 양산시 물금읍,중상사고,0,1,0,0,차대차 - 기타,안전거리미확보,건조,맑음,단일로 - 기타,승용,남,54세,상해없음,승용,여,44세,중상
2015013100100218,2015년 1월 31일 12시,토요일,경상남도 진주시 수정동,중상사고,0,1,0,0,차대사람 - 보도통행중,보행자보호의무위반,건조,맑음,단일로 - 횡단보도상,승용,여,44세,상해없음,보행자,여,82세,중상
2015013100100219,2015년 1월 31일 12시,토요일,경상남도 사천시 서동,부상신고사고,0,0,0,2,차대차 - 추돌 - 진행중,안전운전불이행,건조,맑음,교차로 - 교차로부근,승용,남,65세,상해없음,승용,남,32세,부상신고
2015013100100253,2015년 1월 31일 13시,토요일,경상남도 양산시 동면,중상사고,0,1,0,0,차대차 - 기타,안전운전불이행,건조,맑음,단일로 - 기타,자전거,남,78세,중상,승용,여,59세,상해없음
2015013100100254,2015년 1월 31일 13시,토요일,경상남도 의령군 부림면,중상사고,0,1,1,0,차대차 - 측면직각충돌,신호위반,건조,맑음,교차로 - 교차로안,승용,남,43세,경상,승용,남,27세,중상
2015013100100290,2015년 1월 31일 14시,토요일,경상남도 남해군 창선면,경상사고,0,0,2,0,차대차 - 추돌 - 진행중,안전거리미확보,건조,맑음,교차로 - 교차로안,화물,남,67세,상해없음,승용,남,51세,경상
2015013100100317,2015년 1월 31일 15시,토요일,경상남도 통영시 용남면,경상사고,0,0,1,0,차대차 - 측면직각충돌,안전운전불이행,건조,맑음,단일로 - 기타,승용,여,38세,상해없음,화물,남,37세,상해없음
2015013100100318,2015년 1월 31일 15시,토요일,경상남도 사천시 선구동,경상사고,0,0,1,0,차대차 - 측면직각충돌,안전운전불이행,건조,맑음,단일로 - 기타,자전거,남,63세,경상,승용,기타불명,기타불명,기타불명
2015013100100348,2015년 1월 31일 16시,토요일,경상남도 사천시 서포면,경상사고,0,0,1,0,차대차 - 추돌 - 진행중,안전운전불이행,건조,맑음,단일로 - 기타,승용,남,58세,상해없음,승용,여,33세,경상
2015013100100349,2015년 1월 31일 16시,토요일,경상남도 양산시 물금읍,부상신고사고,0,0,0,2,차대차 - 측면직각충돌,직진우회전진행방해,건조,맑음,교차로 - 교차로안,승용,여,43세,상해없음,승용,여,50세,부상신고
2015013100100350,2015년 1월 31일 16시,토요일,경상남도 창원시 의창구 동읍,경상사고,0,0,1,0,차대사람 - 기타,안전운전불이행,건조,맑음,단일로 - 기타,승용,여,22세,상해없음,보행자,여,63세,경상
2015013100100384,2015년 1월 31일 17시,토요일,경상남도 진주시 인사동,중상사고,0,1,0,0,차대차 - 측면직각충돌,직진우회전진행방해,건조,맑음,교차로 - 교차로안,승용,남,37세,상해없음,원동기,남,34세,중상
2015013100100385,2015년 1월 31일 17시,토요일,경상남도 사천시 사천읍,경상사고,0,0,1,0,차대사람 - 횡단중,보행자보호의무위반,건조,맑음,교차로 - 교차로부근,승용,남,31세,상해없음,보행자,남,63세,경상
2015013100100386,2015년 1월 31일 17시,토요일,경상남도 밀양시 부북면,중상사고,0,1,1,0,차대차 - 측면직각충돌,교차로운행방법위반,건조,맑음,교차로 - 교차로안,승용,남,40세,경상,승용,남,75세,중상
2015013100100421,2015년 1월 31일 18시,토요일,경상남도 양산시 주남동,경상사고,0,0,1,0,차대차 - 추돌 - 주정차중,안전운전불이행,건조,맑음,교차로 - 교차로부근,화물,남,52세,상해없음,승용,남,32세,경상
2015013100100422,2015년 1월 31일 18시,토요일,경상남도 거제시 옥포동,경상사고,0,0,1,0,차대차 - 추돌 - 주정차중,안전거리미확보,건조,맑음,단일로 - 기타,승용,남,50세,상해없음,승용,남,32세,경상
2015013100100423,2015년 1월 31일 18시,토요일,경상남도 창원시 마산회원구 내서읍,경상사고,0,0,1,0,차대차 - 측면직각충돌,안전운전불이행,건조,맑음,교차로 - 교차로안,승용,남,54세,상해없음,승용,여,52세,경상
2015013100100449,2015년 1월 31일 19시,토요일,경상남도 양산시 평산동,부상신고사고,0,0,0,1,차대차 - 측면직각충돌,안전거리미확보,건조,맑음,교차로 - 교차로부근,승용,남,32세,상해없음,승용,남,47세,부상신고
2015013100100479,2015년 1월 31일 20시,토요일,경상남도 통영시 도천동,경상사고,0,0,1,0,차대차 - 정면충돌,안전운전불이행,건조,맑음,교차로 - 교차로안,승용,남,53세,상해없음,승합,여,49세,경상
2015013100100511,2015년 1월 31일 21시,토요일,경상남도 창원시 마산합포구 교원동,경상사고,0,0,1,0,차대사람 - 횡단중,안전운전불이행,건조,맑음,단일로 - 기타,승용,남,46세,상해없음,보행자,남,14세,경상
2015013100100512,2015년 1월 31일 21시,토요일,경상남도 창원시 의창구 소계동,경상사고,0,0,3,1,차대차 - 추돌 - 주정차중,안전거리미확보,건조,맑음,단일로 - 기타,승용,남,41세,상해없음,승용,남,44세,경상
2015013100100513,2015년 1월 31일 21시,토요일,경상남도 김해시 장유면,중상사고,0,3,0,0,차대차 - 추돌 - 진행중,안전운전불이행,건조,맑음,교차로 - 교차로부근,승용,남,55세,상해없음,승용,여,20세,중상
2015013100100555,2015년 1월 31일 23시,토요일,경상남도 거제시 아주동,경상사고,0,0,2,0,차대차 - 측면직각충돌,안전운전불이행,건조,맑음,단일로 - 기타,승용,남,50세,상해없음,승용,남,27세,경상
2015020100100010,2015년 2월 1일 00시,일요일,경상남도 사천시 사남면,경상사고,0,0,1,0,차대차 - 추돌 - 주정차중,안전운전불이행,건조,맑음,교차로 - 교차로부근,승용,남,34세,상해없음,승용,여,30세,경상
2015020100100037,2015년 2월 1일 02시,일요일,경상남도 창원시 마산합포구 월영동,경상사고,0,0,3,1,차대차 - 기타,교차로운행방법위반,건조,맑음,교차로 - 교차로안,승용,남,59세,상해없음,승용,남,56세,상해없음
2015020100100038,2015년 2월 1일 02시,일요일,경상남도 창원시 성산구 상남동,중상사고,0,1,0,0,차대차 - 추돌 - 주정차중,안전운전불이행,건조,맑음,단일로 - 기타,승용,남,25세,상해없음,화물,기타불명,기타불명,기타불명
2015020100100052,2015년 2월 1일 03시,일요일,경상남도 진주시 상평동,중상사고,0,1,0,0,차대차 - 측면직각충돌,직진우회전진행방해,건조,맑음,교차로 - 교차로안,승용,남,24세,상해없음,승용,남,60세,중상
2015020100100053,2015년 2월 1일 03시,일요일,경상남도 창원시 성산구 중앙동,중상사고,0,1,0,0,차대차 - 추돌 - 주정차중,안전운전불이행,건조,맑음,단일로 - 기타,승용,남,49세,상해없음,승용,남,42세,중상
2015020100100054,2015년 2월 1일 03시,일요일,경상남도 창원시 성산구 성주동,경상사고,0,0,2,0,차대차 - 추돌 - 주정차중,안전운전불이행,건조,맑음,단일로 - 기타,승용,남,24세,상해없음,승용,남,45세,경상
2015020100100055,2015년 2월 1일 03시,일요일,경상남도 진주시 정촌면,중상사고,0,1,0,0,차대차 - 추돌 - 주정차중,안전운전불이행,건조,맑음,단일로 - 기타,승용,남,34세,기타불명,승용,남,30세,중상
2015020100100079,2015년 2월 1일 06시,일요일,경상남도 창원시 마산회원구 합성동,경상사고,0,0,2,0,차대차 - 추돌 - 주정차중,안전운전불이행,건조,맑음,단일로 - 기타,승용,남,28세,상해없음,승용,남,63세,경상
2015020100100092,2015년 2월 1일 07시,일요일,경상남도 통영시 서호동,부상신고사고,0,0,0,2,차대차 - 추돌 - 주정차중,안전운전불이행,건조,맑음,교차로 - 교차로안,승용,여,61세,상해없음,승합,남,56세,상해없음
2015020100100093,2015년 2월 1일 07시,일요일,경상남도 김해시 불암동,중상사고,0,1,0,0,차대차 - 측면직각충돌,신호위반,건조,맑음,교차로 - 교차로안,승용,남,35세,상해없음,승용,여,53세,중상
2015020100100094,2015년 2월 1일 07시,일요일,경상남도 합천군 청덕면,중상사고,0,1,0,0,차대차 - 측면직각충돌,교차로운행방법위반,건조,맑음,교차로 - 교차로안,화물,남,56세,상해없음,원동기,남,51세,중상
2015020100100147,2015년 2월 1일 10시,일요일,경상남도 양산시 물금읍,경상사고,0,0,1,0,차대차 - 측면직각충돌,신호위반,건조,맑음,교차로 - 교차로안,승용,여,49세,경상,승용,남,48세,상해없음
2015020100100148,2015년 2월 1일 10시,일요일,경상남도 창원시 성산구 외동,중상사고,0,1,0,0,차대차 - 측면직각충돌,신호위반,건조,맑음,교차로 - 교차로안,승용,여,46세,상해없음,승용,남,67세,중상
2015020100100167,2015년 2월 1일 11시,일요일,경상남도 양산시 하북면,중상사고,0,1,0,0,차대사람 - 횡단중,안전운전불이행,건조,맑음,단일로 - 기타,승용,여,58세,상해없음,보행자,남,54세,중상
2015020100100205,2015년 2월 1일 13시,일요일,경상남도 통영시 광도면,경상사고,0,0,2,0,차대차 - 측면직각충돌,신호위반,건조,맑음,교차로 - 교차로안,원동기,남,46세,경상,승용,남,53세,상해없음
2015020100100232,2015년 2월 1일 14시,일요일,경상남도 김해시 외동,중상사고,0,1,0,0,차대사람 - 기타,안전운전불이행,건조,맑음,교차로 - 교차로부근,기타불명,기타불명,기타불명,기타불명,보행자,여,60세,중상
2015020100100254,2015년 2월 1일 15시,일요일,경상남도 창원시 마산합포구 교방동,중상사고,0,1,0,0,차대차 - 기타,교차로운행방법위반,건조,맑음,교차로 - 교차로안,승용,남,31세,상해없음,이륜,남,67세,중상
2015020100100255,2015년 2월 1일 15시,일요일,경상남도 고성군 회화면,중상사고,0,2,0,0,차대차 - 측면직각충돌,중앙선침범,건조,맑음,단일로 - 기타,이륜,남,54세,상해없음,자전거,남,59세,중상
2015020100100256,2015년 2월 1일 15시,일요일,경상남도 창원시 성산구 상남동,경상사고,0,0,1,0,차대차 - 측면직각충돌,신호위반,건조,맑음,교차로 - 교차로안,승용,남,77세,상해없음,승용,남,66세,상해없음