사고번호,사고일시,요일,시군구,사고내용,사망자수,중상자수,경상자수,부상신고자수,사고유형,법규위반,노면상태,기상상태,도로형태,가해운전자 차종,가해운전자 성별,가해운전자 연령,가해운전자 상해정도,피해운전자 차종,피해운전자 성별,피해운전자 연령,피해운전자 상해정도
2015020100100277,2015년 2월 1일 16시,일요일,경상남도 창녕군 남지읍,중상사고,0,1,0,0,차대차 - 추돌 - 진행중,안전운전불이행,건조,맑음,단일로 - 기타,승용,여,44세,상해없음,자전거,남,79세,중상
2015020100100325,2015년 2월 1일 18시,일요일,경상남도 창원시 마산합포구 교방동,경상사고,0,0,1,0,차대차 - 기타,안전거리미확보,건조,맑음,단일로 - 기타,승용,여,50세,상해없음,승용,남,29세,상해없음
2015020100100326,2015년 2월 1일 18시,일요일,경상남도 김해시 지내동,중상사고,0,1,0,0,차대차 - 추돌 - 진행중,안전거리미확보,건조,맑음,단일로 - 기타,승용,여,42세,상해없음,이륜,남,53세,중상
2015020100100327,2015년 2월 1일 18시,일요일,경상남도 창원시 의창구 중동,중상사고,0,1,0,0,차대차 - 측면직각충돌,안전운전불이행,건조,맑음,교차로 - 교차로부근,승용,남,56세,상해없음,자전거,남,15세,중상
2015020100100377,2015년 2월 1일 20시,일요일,경상남도 거제시 옥포동,중상사고,0,1,0,0,차대사람 - 기타,안전운전불이행,건조,맑음,교차로 - 교차로부근,승용,남,31세,상해없음,보행자,남,44세,중상
2015020100100378,2015년 2월 1일 20시,일요일,경상남도 창원시 마산회원구 봉암동,중상사고,0,1,1,0,차대차 - 추돌 - 주정차중,안전운전불이행,건조,맑음,단일로 - 기타,승용,남,57세,상해없음,승용,여,26세,경상
2015020100100393,2015년 2월 1일 21시,일요일,경상남도 창원시 진해구 경화동,경상사고,0,0,1,0,차대차 - 추돌 - 진행중,안전운전불이행,건조,맑음,단일로 - 기타,승용,남,24세,기타불명,승합,남,55세,경상
2015020100100394,2015년 2월 1일 21시,일요일,경상남도 창원시 마산회원구 양덕동,경상사고,0,0,2,0,차대차 - 추돌 - 진행중,안전운전불이행,건조,맑음,단일로 - 기타,승용,남,61세,상해없음,승용,남,34세,경상
2015020100100410,2015년 2월 1일 22시,일요일,경상남도 창원시 진해구 석동,경상사고,0,0,1,0,차대사람 - 보도통행중,안전운전불이행,건조,맑음,단일로 - 기타,승합,여,36세,기타불명,보행자,남,24세,경상
2015020100100423,2015년 2월 1일 23시,일요일,경상남도 거제시 아주동,중상사고,0,1,1,0,차대차 - 정면충돌,중앙선침범,건조,흐림,교차로 - 교차로부근,승용,여,51세,상해없음,승용,남,25세,경상
2015020200100028,2015년 2월 2일 04시,월요일,경상남도 창원시 의창구 팔용동,경상사고,0,0,1,2,차대차 - 기타,안전운전불이행,건조,맑음,교차로 - 교차로부근,화물,남,53세,상해없음,승용,남,66세,경상
2015020200100053,2015년 2월 2일 06시,월요일,경상남도 거제시 고현동,중상사고,0,1,0,0,차대사람 - 기타,안전운전불이행,건조,맑음,교차로 - 교차로부근,원동기,남,50세,상해없음,보행자,여,79세,중상
2015020200100065,2015년 2월 2일 07시,월요일,경상남도 양산시 산막동,경상사고,0,0,1,0,차대차 - 측면직각충돌,신호위반,건조,맑음,교차로 - 교차로안,승합,남,68세,상해없음,건설기계,남,36세,경상
2015020200100093,2015년 2월 2일 08시,월요일,경상남도 고성군 고성읍,중상사고,0,2,0,0,차대차 - 측면직각충돌,교차로운행방법위반,건조,맑음,교차로 - 교차로안,승용,남,38세,상해없음,이륜,남,68세,중상
2015020200100109,2015년 2월 2일 09시,월요일,경상남도 거제시 장평동,중상사고,0,1,0,0,차대사람 - 횡단중,보행자보호의무위반,건조,맑음,교차로 - 교차로안,승용,여,35세,상해없음,보행자,남,77세,중상
2015020200100110,2015년 2월 2일 09시,월요일,경상남도 창원시 마산회원구 구암동,경상사고,0,0,2,0,차대차 - 측면직각충돌,안전운전불이행,건조,맑음,교차로 - 교차로안,승용,여,52세,경상,승용,남,34세,경상
2015020200100111,2015년 2월 2일 09시,월요일,경상남도 김해시 장유면,중상사고,0,2,0,0,차대차 - 측면직각충돌,중앙선침범,건조,맑음,단일로 - 기타,화물,남,68세,중상,승용,여,64세,중상
2015020200100130,2015년 2월 2일 10시,월요일,경상남도 통영시 미수동,중상사고,0,1,0,0,차대차 - 측면직각충돌,안전거리미확보,건조,맑음,단일로 - 기타,승용,여,32세,상해없음,원동기,남,30세,중상
2015020200100131,2015년 2월 2일 10시,월요일,경상남도 양산시 평산동,중상사고,0,1,0,0,차대사람 - 횡단중,신호위반,건조,맑음,교차로 - 교차로부근,승용,남,55세,상해없음,보행자,여,58세,중상
2015020200100132,2015년 2월 2일 10시,월요일,경상남도 함안군 칠원읍,경상사고,0,0,1,0,차대차 - 측면직각충돌,안전운전불이행,건조,맑음,교차로 - 교차로부근,승용,여,33세,상해없음,승용,남,36세,경상
2015020200100155,2015년 2월 2일 11시,월요일,경상남도 창녕군 유어면,사망사고,1,0,0,0,차량단독 - 전도전복,안전운전불이행,건조,맑음,단일로 - 기타,원동기,남,90세 이상,사망,,,,
2015020200100156,2015년 2월 2일 11시,월요일,경상남도 함안군 가야읍,부상신고사고,0,0,0,1,차대차 - 측면직각충돌,안전운전불이행,건조,맑음,단일로 - 기타,승용,남,68세,상해없음,자전거,남,68세,부상신고
2015020200100179,2015년 2월 2일 12시,월요일,경상남도 김해시 봉황동,경상사고,0,0,1,0,차대차 - 측면직각충돌,안전운전불이행,건조,맑음,교차로 - 교차로안,승용,여,48세,상해없음,원동기,남,76세,경상
2015020200100180,2015년 2월 2일 12시,월요일,경상남도 고성군 고성읍,경상사고,0,0,1,0,차대차 - 추돌 - 진행중,안전거리미확보,건조,맑음,교차로 - 교차로부근,승합,남,57세,상해없음,승용,남,67세,경상
2015020200100207,2015년 2월 2일 13시,월요일,경상남도 합천군 야로면,경상사고,0,0,1,0,차대차 - 정면충돌,안전운전불이행,건조,맑음,단일로 - 기타,승용,남,50세,상해없음,원동기,남,82세,경상
2015020200100228,2015년 2월 2일 14시,월요일,경상남도 진주시 옥봉동,중상사고,0,1,0,0,차대차 - 측면직각충돌,안전거리미확보,건조,맑음,단일로 - 기타,승합,남,62세,상해없음,이륜,남,50세,중상
2015020200100229,2015년 2월 2일 14시,월요일,경상남도 양산시 평산동,부상신고사고,0,0,0,1,차대차 - 측면직각충돌,교차로운행방법위반,건조,맑음,교차로 - 교차로부근,화물,남,51세,상해없음,승용,남,39세,부상신고
2015020200100230,2015년 2월 2일 14시,월요일,경상남도 남해군 삼동면,중상사고,0,1,0,0,차대차 - 측면직각충돌,중앙선침범,건조,맑음,단일로 - 기타,승용,여,59세,상해없음,승합,남,51세,중상
2015020200100231,2015년 2월 2일 14시,월요일,경상남도 함안군 칠원읍,경상사고,0,0,1,0,차대차 - 측면직각충돌,안전운전불이행,건조,맑음,교차로 - 교차로안,화물,남,38세,상해없음,승용,남,54세,경상
2015020200100232,2015년 2월 2일 14시,월요일,경상남도 창원시 의창구 대산면,중상사고,0,1,0,0,차대차 - 측면직각충돌,신호위반,건조,맑음,교차로 - 교차로안,이륜,남,67세,중상,화물,남,54세,상해없음
2015020200100233,2015년 2월 2일 14시,월요일,경상남도 창원시 의창구 동읍,중상사고,0,1,2,0,차대차 - 측면직각충돌,신호위반,건조,맑음,교차로 - 교차로안,화물,남,30세,상해없음,승용,여,33세,경상
2015020200100260,2015년 2월 2일 15시,월요일,경상남도 창원시 진해구 여좌동,경상사고,0,0,1,0,차대차 - 측면직각충돌,교차로운행방법위반,건조,맑음,교차로 - 교차로안,승합,남,32세,상해없음,자전거,남,13세,경상
2015020200100261,2015년 2월 2일 15시,월요일,경상남도 김해시 동상동,중상사고,0,1,0,0,차대차 - 측면직각충돌,신호위반,건조,맑음,교차로 - 교차로안,화물,남,47세,상해없음,이륜,남,35세,중상
2015020200100281,2015년 2월 2일 16시,월요일,경상남도 진주시 인사동,중상사고,0,1,0,0,차대차 - 측면직각충돌,직진우회전진행방해,건조,맑음,교차로 - 교차로안,승용,남,40세,상해없음,이륜,남,27세,중상
2015020200100282,2015년 2월 2일 16시,월요일,경상남도 양산시 상북면,경상사고,0,0,1,0,차대차 - 추돌 - 주정차중,안전운전불이행,건조,맑음,기타 - 기타,원동기,남,46세,상해없음,승용,남,61세,상해없음
2015020200100357,2015년 2월 2일 18시,월요일,경상남도 김해시 부원동,중상사고,0,1,1,0,차대차 - 추돌 - 진행중,안전운전불이행,건조,맑음,단일로 - 기타,화물,남,55세,상해없음,승용,여,55세,중상
2015020200100395,2015년 2월 2일 19시,월요일,경상남도 창원시 진해구 이동,중상사고,0,1,0,0,차대차 - 측면직각충돌,중앙선침범,건조,맑음,단일로 - 기타,승용,남,59세,상해없음,이륜,남,18세,중상
2015020200100396,2015년 2월 2일 19시,월요일,경상남도 김해시 부원동,경상사고,0,0,1,0,차대사람 - 횡단중,안전운전불이행,건조,맑음,교차로 - 교차로부근,기타불명,기타불명,기타불명,기타불명,보행자,남,53세,경상
2015020200100397,2015년 2월 2일 19시,월요일,경상남도 하동군 진교면,경상사고,0,0,1,0,차대사람 - 길가장자리구역통행중,안전운전불이행,건조,맑음,단일로 - 기타,승용,남,41세,상해없음,보행자,여,67세,경상
2015020200100398,2015년 2월 2일 19시,월요일,경상남도 창원시 성산구 사파동,경상사고,0,0,1,0,차대사람 - 횡단중,보행자보호의무위반,건조,맑음,교차로 - 교차로안,화물,여,50세,상해없음,보행자,여,8세,경상
2015020200100399,2015년 2월 2일 19시,월요일,경상남도 창원시 마산합포구 산호동,경상사고,0,0,3,0,차대차 - 추돌 - 진행중,안전운전불이행,건조,맑음,교차로 - 교차로부근,승용,남,41세,상해없음,승용,남,32세,경상
2015020200100421,2015년 2월 2일 20시,월요일,경상남도 김해시 삼정동,중상사고,0,1,0,0,차대사람 - 기타,안전운전불이행,건조,맑음,단일로 - 기타,화물,남,47세,상해없음,보행자,남,41세,중상
2015020200100445,2015년 2월 2일 21시,월요일,경상남도 김해시 삼방동,경상사고,0,0,1,0,차대사람 - 기타,안전운전불이행,건조,맑음,단일로 - 기타,화물,남,63세,상해없음,보행자,남,37세,경상
2015020200100446,2015년 2월 2일 21시,월요일,경상남도 양산시 물금읍,중상사고,0,2,0,0,차대차 - 정면충돌,교차로운행방법위반,건조,맑음,교차로 - 교차로안,승용,남,41세,상해없음,원동기,남,22세,중상
2015020200100447,2015년 2월 2일 21시,월요일,경상남도 고성군 거류면,중상사고,0,1,1,0,차대차 - 측면직각충돌,안전운전불이행,건조,맑음,단일로 - 기타,승용,여,47세,상해없음,승용,남,56세,상해없음
2015020200100473,2015년 2월 2일 22시,월요일,경상남도 진주시 상평동,중상사고,0,2,0,0,차대차 - 추돌 - 주정차중,안전운전불이행,건조,맑음,단일로 - 기타,승용,남,74세,상해없음,승용,여,44세,중상
2015020200100474,2015년 2월 2일 22시,월요일,경상남도 양산시 하북면,중상사고,0,2,0,0,차대차 - 추돌 - 주정차중,안전거리미확보,건조,맑음,기타 - 기타,승용,남,60세,상해없음,승용,여,53세,중상
2015020200100475,2015년 2월 2일 22시,월요일,경상남도 거제시 고현동,중상사고,0,1,1,0,차대차 - 추돌 - 주정차중,안전운전불이행,건조,맑음,단일로 - 기타,승용,남,42세,상해없음,승용,남,28세,경상
2015020200100491,2015년 2월 2일 23시,월요일,경상남도 사천시 사천읍,중상사고,0,1,0,0,차대차 - 정면충돌,중앙선침범,건조,맑음,단일로 - 기타,승용,남,60세,상해없음,승용,남,37세,중상
2015020300100082,2015년 2월 3일 06시,화요일,경상남도 함안군 칠서면,경상사고,0,0,1,0,차대차 - 측면직각충돌,신호위반,건조,맑음,교차로 - 교차로안,화물,남,69세,상해없음,승용,남,26세,경상
2015020300100108,2015년 2월 3일 07시,화요일,경상남도 창원시 마산합포구 진북면,중상사고,0,1,0,0,차대차 - 측면직각충돌,신호위반,건조,맑음,교차로 - 교차로안,승용,여,45세,상해없음,원동기,남,70세,중상
2015020300100109,2015년 2월 3일 07시,화요일,경상남도 통영시 동호동,중상사고,0,1,0,0,차대차 - 측면직각충돌,교차로운행방법위반,건조,맑음,교차로 - 교차로안,승용,남,36세,상해없음,자전거,남,54세,중상
2015020300100110,2015년 2월 3일 07시,화요일,경상남도 사천시 사남면,중상사고,0,1,0,0,차대차 - 측면직각충돌,직진우회전진행방해,건조,맑음,교차로 - 교차로안,승용,여,41세,상해없음,자전거,남,40세,중상
2015020300100111,2015년 2월 3일 07시,화요일,경상남도 밀양시 산외면,경상사고,0,0,1,0,차대사람 - 횡단중,보행자보호의무위반,건조,맑음,단일로 - 기타,화물,남,56세,상해없음,보행자,여,68세,경상
2015020300100113,2015년 2월 3일 07시,화요일,경상남도 고성군 고성읍,중상사고,0,1,0,0,차대사람 - 보도통행중,안전운전불이행,건조,맑음,단일로 - 기타,승용,여,43세,상해없음,보행자,남,79세,중상
2015020300100114,2015년 2월 3일 07시,화요일,경상남도 김해시 풍유동,중상사고,0,1,0,0,차대차 - 측면직각충돌,차로위반,건조,맑음,단일로 - 기타,건설기계,남,39세,상해없음,승용,남,46세,중상
2015020300100149,2015년 2월 3일 08시,화요일,경상남도 사천시 사천읍,경상사고,0,0,2,0,차대차 - 측면직각충돌,교차로운행방법위반,건조,맑음,교차로 - 교차로안,승용,여,47세,상해없음,승용,남,33세,경상
2015020300100150,2015년 2월 3일 08시,화요일,경상남도 김해시 주촌면,경상사고,0,0,2,0,차대차 - 추돌 - 진행중,안전운전불이행,건조,맑음,단일로 - 터널,승용,남,26세,상해없음,화물,남,55세,상해없음
2015020300100233,2015년 2월 3일 11시,화요일,경상남도 양산시 물금읍,경상사고,0,0,1,0,차대차 - 기타,중앙선침범,건조,맑음,단일로 - 기타,승용,남,53세,상해없음,승용,남,59세,경상
2015020300100255,2015년 2월 3일 12시,화요일,경상남도 사천시 벌리동,경상사고,0,0,2,0,차대차 - 측면직각충돌,교차로운행방법위반,건조,맑음,교차로 - 교차로안,승합,남,53세,상해없음,승용,남,77세,경상
2015020300100256,2015년 2월 3일 12시,화요일,경상남도 김해시 주촌면,경상사고,0,0,1,0,차대차 - 측면직각충돌,중앙선침범,건조,맑음,단일로 - 기타,승용,남,38세,상해없음,화물,남,36세,경상
2015020300100282,2015년 2월 3일 13시,화요일,경상남도 진주시 문산읍,경상사고,0,0,1,0,차대차 - 추돌 - 진행중,안전운전불이행,건조,맑음,단일로 - 기타,승용,여,48세,상해없음,승용,남,57세,경상
2015020300100283,2015년 2월 3일 13시,화요일,경상남도 진주시 진성면,중상사고,0,1,0,0,차대사람 - 길가장자리구역통행중,안전운전불이행,건조,맑음,단일로 - 기타,승용,남,65세,상해없음,보행자,남,69세,중상
2015020300100284,2015년 2월 3일 13시,화요일,경상남도 창원시 진해구 이동,중상사고,0,1,0,0,차대차 - 측면직각충돌,안전운전불이행,건조,맑음,단일로 - 기타,승용,여,60세,상해없음,자전거,남,82세,중상
2015020300100310,2015년 2월 3일 14시,화요일,경상남도 함양군 안의면,중상사고,0,1,0,0,차대차 - 측면직각충돌,교차로운행방법위반,건조,흐림,교차로 - 교차로안,승용,여,61세,상해없음,이륜,남,77세,중상
2015020300100311,2015년 2월 3일 14시,화요일,경상남도 고성군 고성읍,경상사고,0,0,1,0,차대차 - 측면직각충돌,안전운전불이행,건조,맑음,단일로 - 기타,승용,남,61세,상해없음,이륜,여,34세,경상
2015020300100339,2015년 2월 3일 15시,화요일,경상남도 거제시 연초면,중상사고,0,1,0,0,차대사람 - 횡단중,안전운전불이행,건조,맑음,단일로 - 기타,승용,남,51세,상해없음,보행자,남,79세,중상
2015020300100402,2015년 2월 3일 17시,화요일,경상남도 사천시 곤양면,중상사고,0,1,0,0,차대사람 - 보도통행중,보행자보호의무위반,건조,맑음,단일로 - 횡단보도상,화물,남,30세,상해없음,보행자,남,47세,중상
2015020300100403,2015년 2월 3일 17시,화요일,경상남도 김해시 장유면,경상사고,0,0,1,0,차대차 - 측면직각충돌,안전운전불이행,건조,맑음,단일로 - 기타,승용,남,44세,경상,승용,여,37세,상해없음
2015020300100432,2015년 2월 3일 18시,화요일,경상남도 함양군 함양읍,중상사고,0,2,0,0,차대차 - 추돌 - 주정차중,안전운전불이행,건조,맑음,단일로 - 기타,화물,남,44세,상해없음,화물,남,48세,중상
2015020300100433,2015년 2월 3일 18시,화요일,경상남도 거제시 고현동,경상사고,0,0,1,1,차대차 - 측면직각충돌,기타,건조,맑음,단일로 - 기타,승용,남,37세,상해없음,승용,남,53세,경상
2015020300100461,2015년 2월 3일 19시,화요일,경상남도 창원시 마산합포구 자산동,부상신고사고,0,0,0,1,차대차 - 기타,안전거리미확보,건조,맑음,단일로 - 기타,원동기,남,19세,부상신고,승용,남,22세,상해없음
2015020300100462,2015년 2월 3일 19시,화요일,경상남도 김해시 어방동,경상사고,0,0,2,0,차대차 - 추돌 - 진행중,안전운전불이행,건조,맑음,단일로 - 기타,승용,남,51세,상해없음,승용,남,35세,경상
2015020300100492,2015년 2월 3일 20시,화요일,경상남도 함양군 함양읍,중상사고,0,2,0,0,차대차 - 측면직각충돌,교차로운행방법위반,건조,맑음,교차로 - 교차로안,승용,남,43세,중상,승용,여,56세,중상
2015020300100493,2015년 2월 3일 20시,화요일,경상남도 양산시 물금읍,중상사고,0,2,0,0,차대차 - 추돌 - 진행중,안전운전불이행,건조,맑음,단일로 - 기타,승용,남,44세,상해없음,승용,여,66세,중상
2015020300100515,2015년 2월 3일 21시,화요일,경상남도 진주시 상대동,중상사고,0,1,0,0,차대차 - 추돌 - 주정차중,차로위반,건조,맑음,단일로 - 기타,승용,남,53세,상해없음,원동기,남,20세,중상
2015020300100516,2015년 2월 3일 21시,화요일,경상남도 창원시 진해구 이동,중상사고,0,1,0,0,차대차 - 추돌 - 진행중,신호위반,건조,맑음,교차로 - 교차로안,승용,남,62세,상해없음,자전거,남,38세,중상
2015020300100517,2015년 2월 3일 21시,화요일,경상남도 사천시 죽림동,경상사고,0,0,1,0,차대차 - 추돌 - 주정차중,안전운전불이행,건조,맑음,단일로 - 기타,승용,남,50세,상해없음,승용,여,43세,경상
2015020300100518,2015년 2월 3일 21시,화요일,경상남도 양산시 물금읍,중상사고,0,3,1,0,차대차 - 기타,신호위반,건조,맑음,교차로 - 교차로안,승합,남,48세,상해없음,승용,남,60세,중상
2015020300100519,2015년 2월 3일 21시,화요일,경상남도 고성군 고성읍,경상사고,0,0,1,0,차대차 - 측면직각충돌,직진우회전진행방해,건조,맑음,교차로 - 교차로안,승용,남,62세,상해없음,이륜,남,46세,경상
2015020400100024,2015년 2월 4일 01시,수요일,경상남도 창원시 진해구 덕산동,중상사고,0,1,0,0,차량단독 - 공작물충돌,안전운전불이행,건조,흐림,단일로 - 기타,승용,남,49세,중상,,,,
2015020400100039,2015년 2월 4일 03시,수요일,경상남도 창원시 성산구 반지동,중상사고,0,2,0,0,차대차 - 기타,안전운전불이행,건조,맑음,단일로 - 기타,승용,남,52세,상해없음,승용,남,23세,중상
2015020400100054,2015년 2월 4일 05시,수요일,경상남도 진주시 가좌동,경상사고,0,0,1,0,차대차 - 측면직각충돌,차로위반,건조,맑음,단일로 - 기타,승용,남,53세,상해없음,화물,남,71세,경상
2015020400100074,2015년 2월 4일 06시,수요일,경상남도 김해시 삼계동,중상사고,0,1,0,0,차대사람 - 횡단중,안전운전불이행,습기,비,단일로 - 기타,승용,남,58세,상해없음,보행자,여,62세,중상
2015020400100075,2015년 2월 4일 06시,수요일,경상남도 양산시 물금읍,중상사고,0,2,0,0,차대차 - 기타,신호위반,습기,비,교차로 - 교차로안,원동기,남,45세,중상,승용,남,30세,상해없음
2015020400100100,2015년 2월 4일 07시,수요일,경상남도 통영시 광도면,중상사고,0,1,0,0,차대사람 - 횡단중,안전운전불이행,습기,안개,단일로 - 기타,승용,여,52세,상해없음,보행자,남,77세,중상
2015020400100101,2015년 2월 4일 07시,수요일,경상남도 거제시 고현동,중상사고,0,1,0,0,차대사람 - 횡단중,안전운전불이행,습기,비,교차로 - 교차로안,이륜,남,34세,상해없음,보행자,남,43세,중상
2015020400100102,2015년 2월 4일 07시,수요일,경상남도 김해시 한림면,경상사고,0,0,1,0,차대차 - 추돌 - 진행중,안전거리미확보,건조,맑음,교차로 - 교차로안,승용,남,27세,상해없음,승용,남,40세,경상
2015020400100132,2015년 2월 4일 08시,수요일,경상남도 김해시 외동,경상사고,0,0,1,0,차대차 - 측면직각충돌,안전운전불이행,습기,흐림,단일로 - 기타,승용,여,46세,상해없음,승용,남,29세,경상
2015020400100133,2015년 2월 4일 08시,수요일,경상남도 거제시 사등면,중상사고,0,1,2,0,차대차 - 정면충돌,안전운전불이행,건조,맑음,단일로 - 기타,승용,여,44세,상해없음,승용,여,53세,중상
2015020400100191,2015년 2월 4일 10시,수요일,경상남도 양산시 어곡동,중상사고,0,1,0,0,차대차 - 측면직각충돌,신호위반,습기,흐림,교차로 - 교차로안,건설기계,남,54세,상해없음,이륜,남,45세,중상
2015020400100218,2015년 2월 4일 11시,수요일,경상남도 진주시 주약동,경상사고,0,0,1,0,차대차 - 추돌 - 진행중,안전운전불이행,건조,맑음,단일로 - 기타,승용,남,57세,상해없음,승용,남,36세,상해없음
2015020400100219,2015년 2월 4일 11시,수요일,경상남도 창원시 의창구 동읍,중상사고,0,1,1,0,차대차 - 추돌 - 진행중,안전거리미확보,건조,맑음,단일로 - 터널,승용,남,65세,상해없음,화물,남,46세,경상
2015020400100247,2015년 2월 4일 12시,수요일,경상남도 창원시 마산합포구 월영동,중상사고,0,1,0,0,차대차 - 추돌 - 진행중,안전운전불이행,건조,맑음,단일로 - 기타,화물,남,36세,상해없음,승용,여,48세,중상
2015020400100272,2015년 2월 4일 13시,수요일,경상남도 창원시 마산합포구 월남동1가,중상사고,0,1,0,0,차량단독 - 기타,안전운전불이행,건조,맑음,단일로 - 기타,승합,남,45세,상해없음,,,,
2015020400100273,2015년 2월 4일 13시,수요일,경상남도 사천시 용강동,부상신고사고,0,0,0,2,차대차 - 측면직각충돌,직진우회전진행방해,건조,맑음,교차로 - 교차로안,승용,여,56세,상해없음,승용,여,32세,부상신고
2015020400100274,2015년 2월 4일 13시,수요일,경상남도 거제시 고현동,경상사고,0,0,2,0,차대차 - 기타,안전운전불이행,건조,맑음,단일로 - 기타,승용,남,60세,상해없음,승용,남,48세,경상
2015020400100275,2015년 2월 4일 13시,수요일,경상남도 김해시 장유면,경상사고,0,0,1,0,차대차 - 추돌 - 진행중,안전거리미확보,건조,맑음,단일로 - 기타,화물,남,52세,상해없음,화물,남,50세,경상
2015020400100284,2015년 2월 4일 14시,수요일,경상남도 양산시 북정동,경상사고,0,0,1,0,차대차 - 기타,안전운전불이행,건조,맑음,단일로 - 기타,화물,남,73세,상해없음,화물,남,39세,상해없음
2015020400100301,2015년 2월 4일 14시,수요일,경상남도 진주시 하대동,중상사고,0,1,0,0,차대사람 - 횡단중,보행자보호의무위반,건조,맑음,단일로 - 횡단보도상,승용,여,37세,상해없음,보행자,여,8세,중상
2015020400100302,2015년 2월 4일 14시,수요일,경상남도 하동군 하동읍,경상사고,0,0,2,0,차대차 - 추돌 - 주정차중,안전운전불이행,건조,맑음,단일로 - 기타,화물,남,67세,상해없음,승합,남,57세,경상
2015020400100303,2015년 2월 4일 14시,수요일,경상남도 거제시 고현동,경상사고,0,0,1,0,차대차 - 측면직각충돌,교차로운행방법위반,건조,맑음,교차로 - 교차로안,승용,남,51세,상해없음,승용,여,36세,경상
2015020400100331,2015년 2월 4일 15시,수요일,경상남도 양산시 남부동,경상사고,0,0,1,0,차대차 - 측면직각충돌,안전운전불이행,건조,맑음,교차로 - 교차로안,승용,남,46세,상해없음,승합,남,58세,상해없음
2015020400100332,2015년 2월 4일 15시,수요일,경상남도 양산시 동면,경상사고,0,0,1,0,차대차 - 측면직각충돌,안전운전불이행,건조,맑음,교차로 - 교차로부근,승용,남,26세,상해없음,승용,남,48세,경상
2015020400100333,2015년 2월 4일 15시,수요일,경상남도 거제시 상동동,중상사고,0,1,0,0,차대차 - 기타,안전거리미확보,건조,맑음,교차로 - 교차로부근,승용,여,33세,상해없음,승용,여,27세,중상
2015020400100363,2015년 2월 4일 16시,수요일,경상남도 사천시 정동면,중상사고,0,1,0,0,차대차 - 측면직각충돌,안전운전불이행,건조,맑음,단일로 - 기타,승용,여,44세,상해없음,승용,남,30세,중상
2015020400100364,2015년 2월 4일 16시,수요일,경상남도 창녕군 도천면,중상사고,0,1,2,0,차대차 - 측면직각충돌,신호위반,건조,맑음,교차로 - 교차로안,화물,남,59세,경상,승용,남,60세,경상
2015020400100365,2015년 2월 4일 16시,수요일,경상남도 창원시 의창구 명서동,경상사고,0,0,1,0,차대사람 - 기타,안전운전불이행,건조,맑음,단일로 - 기타,기타불명,기타불명,기타불명,기타불명,보행자,여,13세,경상
2015020400100394,2015년 2월 4일 17시,수요일,경상남도 사천시 동금동,중상사고,0,1,0,0,차대차 - 측면직각충돌,안전운전불이행,건조,맑음,교차로 - 교차로안,화물,남,41세,상해없음,자전거,남,67세,중상
2015020400100395,2015년 2월 4일 17시,수요일,경상남도 양산시 중부동,경상사고,0,0,1,0,차대차 - 측면직각충돌,안전운전불이행,건조,맑음,단일로 - 기타,승용,여,48세,상해없음,이륜,남,17세,경상
2015020400100431,2015년 2월 4일 18시,수요일,경상남도 밀양시 삼문동,사망사고,1,2,0,0,차대차 - 정면충돌,중앙선침범,건조,맑음,단일로 - 기타,승합,남,42세,중상,승용,남,41세,중상
2015020400100432,2015년 2월 4일 18시,수요일,경상남도 거제시 아양동,중상사고,0,1,0,0,차대차 - 기타,교차로운행방법위반,건조,맑음,교차로 - 교차로안,승용,남,34세,상해없음,자전거,남,29세,중상
2015020400100433,2015년 2월 4일 18시,수요일,경상남도 창원시 의창구 동읍,중상사고,0,1,0,0,차대차 - 추돌 - 진행중,안전운전불이행,건조,맑음,단일로 - 기타,승용,남,49세,상해없음,승용,여,52세,중상
2015020400100472,2015년 2월 4일 19시,수요일,경상남도 창원시 진해구 이동,경상사고,0,0,1,0,차대사람 - 횡단중,신호위반,건조,맑음,교차로 - 교차로부근,승용,남,35세,상해없음,보행자,남,24세,경상
2015020400100473,2015년 2월 4일 19시,수요일,경상남도 창원시 의창구 봉곡동,경상사고,0,0,1,0,차대차 - 추돌 - 주정차중,안전운전불이행,건조,맑음,단일로 - 기타,승용,여,59세,상해없음,승용,남,34세,경상
2015020400100502,2015년 2월 4일 20시,수요일,경상남도 김해시 삼정동,중상사고,0,1,0,0,차대차 - 측면직각충돌,직진우회전진행방해,건조,맑음,교차로 - 교차로안,승용,남,45세,상해없음,승용,여,52세,중상
2015020400100503,2015년 2월 4일 20시,수요일,경상남도 거제시 장평동,경상사고,0,0,1,0,차대차 - 추돌 - 주정차중,안전운전불이행,건조,맑음,교차로 - 교차로부근,이륜,남,51세,상해없음,승용,여,38세,경상
2015020400100529,2015년 2월 4일 21시,수요일,경상남도 창원시 마산합포구 상남동,경상사고,0,0,2,0,차대차 - 추돌 - 진행중,안전운전불이행,건조,맑음,단일로 - 기타,화물,남,57세,상해없음,승용,남,53세,경상
2015020400100530,2015년 2월 4일 21시,수요일,경상남도 거제시 아주동,경상사고,0,0,1,0,차대차 - 추돌 - 진행중,안전운전불이행,건조,맑음,단일로 - 기타,화물,남,44세,상해없음,승용,여,36세,경상
2015020400100587,2015년 2월 4일 23시,수요일,경상남도 창원시 진해구 경화동,경상사고,0,0,1,0,차대차 - 추돌 - 주정차중,안전운전불이행,건조,맑음,교차로 - 교차로부근,승용,남,47세,기타불명,승용,남,29세,경상
2015020400100588,2015년 2월 4일 23시,수요일,경상남도 창원시 의창구 소답동,경상사고,0,0,1,0,차대차 - 추돌 - 주정차중,안전운전불이행,건조,맑음,단일로 - 기타,승용,여,39세,상해없음,승용,남,31세,경상