사고번호,사고일시,요일,시군구,사고내용,사망자수,중상자수,경상자수,부상신고자수,사고유형,법규위반,노면상태,기상상태,도로형태,가해운전자 차종,가해운전자 성별,가해운전자 연령,가해운전자 상해정도,피해운전자 차종,피해운전자 성별,피해운전자 연령,피해운전자 상해정도
2015020800100315,2015년 2월 8일 17시,일요일,경상남도 통영시 광도면,중상사고,0,1,0,0,차대차 - 측면직각충돌,차로위반,건조,맑음,단일로 - 기타,화물,남,44세,상해없음,이륜,남,38세,중상
2015020800100316,2015년 2월 8일 17시,일요일,경상남도 밀양시 내이동,중상사고,0,1,0,0,차대차 - 측면직각충돌,중앙선침범,건조,맑음,교차로 - 교차로안,화물,남,65세,상해없음,이륜,남,65세,중상
2015020800100317,2015년 2월 8일 17시,일요일,경상남도 함양군 함양읍,경상사고,0,0,1,0,차대사람 - 차도통행중,안전운전불이행,건조,맑음,단일로 - 기타,승용,여,58세,상해없음,보행자,남,40세,경상
2015020800100344,2015년 2월 8일 18시,일요일,경상남도 진주시 정촌면,중상사고,0,1,0,0,차량단독 - 도로외이탈 - 기타,안전운전불이행,건조,맑음,단일로 - 기타,원동기,여,72세,중상,,,,
2015020800100345,2015년 2월 8일 18시,일요일,경상남도 사천시 서포면,중상사고,0,3,0,0,차대차 - 정면충돌,직진우회전진행방해,건조,맑음,교차로 - 교차로안,승용,여,61세,중상,승용,남,27세,중상
2015020800100377,2015년 2월 8일 19시,일요일,경상남도 하동군 하동읍,경상사고,0,0,1,0,차대차 - 측면직각충돌,신호위반,건조,맑음,교차로 - 교차로안,화물,남,48세,상해없음,승용,여,69세,경상
2015020800100378,2015년 2월 8일 19시,일요일,경상남도 창원시 마산회원구 내서읍,경상사고,0,0,1,0,차대차 - 측면직각충돌,안전운전불이행,건조,맑음,교차로 - 교차로안,승용,남,63세,상해없음,승용,남,72세,경상
2015020800100408,2015년 2월 8일 20시,일요일,경상남도 김해시 구산동,중상사고,0,1,0,0,차대차 - 기타,안전운전불이행,건조,맑음,단일로 - 기타,승용,남,50세,상해없음,화물,남,44세,기타불명
2015020800100438,2015년 2월 8일 21시,일요일,경상남도 김해시 삼정동,중상사고,0,1,4,0,차대차 - 추돌 - 진행중,안전운전불이행,건조,맑음,단일로 - 기타,승용,남,19세,상해없음,승용,여,35세,중상
2015020800100439,2015년 2월 8일 21시,일요일,경상남도 거제시 아주동,중상사고,0,2,0,1,차대차 - 정면충돌,중앙선침범,건조,맑음,기타 - 기타,승용,남,33세,상해없음,승용,남,39세,중상
2015020800100458,2015년 2월 8일 22시,일요일,경상남도 양산시 평산동,경상사고,0,0,1,0,차대사람 - 길가장자리구역통행중,안전운전불이행,건조,맑음,단일로 - 기타,승용,남,25세,상해없음,보행자,여,41세,경상
2015020900100006,2015년 2월 9일 00시,월요일,경상남도 창원시 의창구 소계동,경상사고,0,0,2,0,차대차 - 추돌 - 주정차중,안전운전불이행,건조,맑음,교차로 - 교차로안,승용,남,52세,경상,승용,여,30세,경상
2015020900100037,2015년 2월 9일 05시,월요일,경상남도 창원시 마산회원구 봉암동,중상사고,0,1,0,0,차량단독 - 공작물충돌,안전운전불이행,건조,맑음,단일로 - 기타,승용,남,47세,중상,,,,
2015020900100055,2015년 2월 9일 06시,월요일,경상남도 거제시 사등면,중상사고,0,5,0,0,차대차 - 기타,안전운전불이행,건조,맑음,단일로 - 기타,승용,남,41세,상해없음,화물,남,57세,중상
2015020900100073,2015년 2월 9일 07시,월요일,경상남도 창원시 진해구 용원동,경상사고,0,0,1,0,차대차 - 추돌 - 주정차중,안전운전불이행,건조,맑음,단일로 - 기타,승용,여,45세,상해없음,승용,남,44세,경상
2015020900100074,2015년 2월 9일 07시,월요일,경상남도 창녕군 대합면,경상사고,0,0,1,0,차대차 - 추돌 - 진행중,안전운전불이행,건조,맑음,단일로 - 기타,승용,남,34세,상해없음,승용,여,48세,경상
2015020900100075,2015년 2월 9일 07시,월요일,경상남도 창원시 의창구 대원동,경상사고,0,0,1,0,차대차 - 정면충돌,중앙선침범,건조,맑음,단일로 - 기타,승용,여,38세,상해없음,승합,남,41세,경상
2015020900100111,2015년 2월 9일 08시,월요일,경상남도 거제시 아주동,경상사고,0,0,1,0,차대사람 - 횡단중,안전운전불이행,건조,맑음,단일로 - 기타,승용,여,36세,상해없음,보행자,남,9세,경상
2015020900100112,2015년 2월 9일 08시,월요일,경상남도 창원시 성산구 남산동,중상사고,0,1,0,0,차대사람 - 차도통행중,안전운전불이행,건조,맑음,교차로 - 교차로안,화물,여,33세,상해없음,보행자,여,43세,중상
2015020900100113,2015년 2월 9일 08시,월요일,경상남도 창원시 마산회원구 두척동,경상사고,0,0,1,0,차대차 - 추돌 - 주정차중,안전운전불이행,건조,맑음,단일로 - 기타,승용,남,70세,상해없음,승합,남,56세,상해없음
2015020900100114,2015년 2월 9일 08시,월요일,경상남도 김해시 장유면,경상사고,0,0,1,0,차대차 - 측면직각충돌,불법유턴,건조,맑음,단일로 - 기타,건설기계,남,59세,상해없음,승용,남,54세,경상
2015020900100145,2015년 2월 9일 09시,월요일,경상남도 창원시 성산구 신촌동,경상사고,0,0,1,1,차대차 - 추돌 - 진행중,안전운전불이행,건조,맑음,단일로 - 기타,승용,남,52세,상해없음,화물,남,29세,경상
2015020900100146,2015년 2월 9일 09시,월요일,경상남도 창원시 성산구 가음정동,중상사고,0,1,0,0,차대차 - 추돌 - 진행중,안전운전불이행,건조,맑음,단일로 - 기타,승용,남,43세,상해없음,승용,여,52세,중상
2015020900100147,2015년 2월 9일 09시,월요일,경상남도 창원시 의창구 대산면,경상사고,0,0,1,0,차대차 - 기타,중앙선침범,건조,맑음,단일로 - 기타,건설기계,남,54세,상해없음,화물,남,67세,경상
2015020900100173,2015년 2월 9일 10시,월요일,경상남도 함안군 함안면,중상사고,0,2,3,0,차대차 - 측면직각충돌,신호위반,건조,맑음,교차로 - 교차로안,화물,남,44세,상해없음,승합,남,54세,경상
2015020900100218,2015년 2월 9일 12시,월요일,경상남도 양산시 동면,부상신고사고,0,0,0,1,차대차 - 추돌 - 진행중,안전거리미확보,건조,맑음,단일로 - 기타,승용,남,29세,상해없음,승용,여,43세,부상신고
2015020900100219,2015년 2월 9일 12시,월요일,경상남도 하동군 화개면,경상사고,0,0,2,0,차대차 - 추돌 - 진행중,안전운전불이행,건조,맑음,단일로 - 기타,화물,남,28세,상해없음,승용,남,59세,경상
2015020900100220,2015년 2월 9일 12시,월요일,경상남도 하동군 북천면,중상사고,0,4,0,0,차대차 - 추돌 - 진행중,안전운전불이행,건조,맑음,단일로 - 기타,승용,여,49세,상해없음,농기계,남,80세,중상
2015020900100251,2015년 2월 9일 13시,월요일,경상남도 거창군 거창읍,경상사고,0,0,1,0,차대차 - 측면직각충돌,교차로운행방법위반,건조,맑음,교차로 - 교차로안,승용,남,45세,상해없음,원동기,남,52세,경상
2015020900100369,2015년 2월 9일 16시,월요일,경상남도 사천시 용강동,경상사고,0,0,1,0,차대차 - 측면직각충돌,직진우회전진행방해,건조,맑음,교차로 - 교차로안,승용,남,65세,상해없음,화물,남,33세,경상
2015020900100370,2015년 2월 9일 16시,월요일,경상남도 양산시 명동,경상사고,0,0,1,0,차대사람 - 횡단중,안전운전불이행,건조,맑음,단일로 - 기타,승용,남,49세,상해없음,보행자,남,65세,경상
2015020900100423,2015년 2월 9일 17시,월요일,경상남도 고성군 고성읍,중상사고,0,2,0,0,차대사람 - 보도통행중,보행자보호의무위반,건조,맑음,단일로 - 횡단보도상,승용,남,71세,상해없음,보행자,남,11세,중상
2015020900100424,2015년 2월 9일 17시,월요일,경상남도 거제시 고현동,경상사고,0,0,2,0,차대차 - 측면직각충돌,직진우회전진행방해,건조,맑음,교차로 - 교차로안,승용,남,57세,상해없음,승용,남,64세,상해없음
2015020900100426,2015년 2월 9일 17시,월요일,경상남도 창원시 마산회원구 양덕동,경상사고,0,0,1,0,차대사람 - 횡단중,안전운전불이행,건조,맑음,단일로 - 기타,승용,남,38세,상해없음,보행자,남,52세,경상
2015020900100483,2015년 2월 9일 18시,월요일,경상남도 창원시 마산합포구 문화동,부상신고사고,0,0,0,1,차대사람 - 횡단중,보행자보호의무위반,건조,맑음,단일로 - 횡단보도상,승용,기타불명,기타불명,기타불명,보행자,여,8세,부상신고
2015020900100484,2015년 2월 9일 18시,월요일,경상남도 통영시 도산면,사망사고,1,1,0,0,차대차 - 측면직각충돌,안전운전불이행,건조,맑음,교차로 - 교차로안,승용,남,40세,사망,승용,남,55세,중상
2015020900100485,2015년 2월 9일 18시,월요일,경상남도 양산시 산막동,부상신고사고,0,0,0,1,차대차 - 추돌 - 주정차중,안전거리미확보,건조,맑음,단일로 - 기타,승용,남,60세,상해없음,이륜,남,32세,부상신고
2015020900100486,2015년 2월 9일 18시,월요일,경상남도 거제시 아주동,중상사고,0,1,0,0,차대차 - 기타,안전운전불이행,건조,맑음,단일로 - 기타,승용,기타불명,기타불명,기타불명,원동기,남,52세,중상
2015020900100533,2015년 2월 9일 19시,월요일,경상남도 거제시 아주동,중상사고,0,1,0,0,차대차 - 기타,직진우회전진행방해,건조,맑음,교차로 - 교차로부근,승용,남,26세,상해없음,원동기,남,41세,중상
2015020900100572,2015년 2월 9일 20시,월요일,경상남도 창원시 의창구 대원동,경상사고,0,0,1,0,차대차 - 추돌 - 진행중,안전운전불이행,건조,맑음,단일로 - 기타,승용,남,28세,상해없음,승용,여,28세,경상
2015020900100573,2015년 2월 9일 20시,월요일,경상남도 김해시 한림면,중상사고,0,1,0,0,차대차 - 측면직각충돌,안전운전불이행,건조,맑음,단일로 - 교량,화물,남,47세,상해없음,승용,남,36세,중상
2015020900100601,2015년 2월 9일 21시,월요일,경상남도 거제시 문동동,중상사고,0,1,0,0,차대차 - 측면직각충돌,안전운전불이행,건조,맑음,교차로 - 교차로안,화물,남,52세,상해없음,승용,남,40세,중상
2015020900100602,2015년 2월 9일 21시,월요일,경상남도 창원시 의창구 팔용동,경상사고,0,0,3,0,차대차 - 추돌 - 주정차중,안전운전불이행,건조,맑음,단일로 - 기타,승용,남,45세,상해없음,승용,남,37세,경상
2015020900100624,2015년 2월 9일 22시,월요일,경상남도 거제시 고현동,중상사고,0,1,0,0,차대사람 - 기타,안전운전불이행,건조,맑음,교차로 - 교차로부근,승용,남,51세,상해없음,보행자,여,40세,중상
2015021000100013,2015년 2월 10일 00시,화요일,경상남도 김해시 장유면,중상사고,0,4,0,0,차대차 - 측면직각충돌,신호위반,건조,맑음,교차로 - 교차로안,승용,여,55세,상해없음,승용,남,53세,중상
2015021000100024,2015년 2월 10일 01시,화요일,경상남도 김해시 서상동,중상사고,0,1,0,0,차대차 - 측면직각충돌,안전운전불이행,건조,맑음,교차로 - 교차로안,승용,남,27세,상해없음,승용,여,26세,중상
2015021000100038,2015년 2월 10일 03시,화요일,경상남도 창원시 마산회원구 회원동,경상사고,0,0,1,0,차대차 - 측면직각충돌,신호위반,건조,맑음,교차로 - 교차로안,승용,남,22세,상해없음,승용,남,64세,상해없음
2015021000100050,2015년 2월 10일 05시,화요일,경상남도 창원시 진해구 안골동,중상사고,0,1,1,0,차대차 - 추돌 - 주정차중,안전운전불이행,건조,맑음,교차로 - 교차로부근,승용,남,27세,경상,승용,남,59세,중상
2015021000100089,2015년 2월 10일 07시,화요일,경상남도 양산시 북정동,경상사고,0,0,1,0,차대차 - 추돌 - 주정차중,기타,건조,맑음,단일로 - 기타,승용,남,30세,상해없음,승용,남,27세,경상
2015021000100090,2015년 2월 10일 07시,화요일,경상남도 창원시 성산구 가음동,중상사고,0,1,0,0,차대사람 - 차도통행중,안전운전불이행,건조,맑음,단일로 - 기타,승용,남,42세,상해없음,보행자,남,49세,중상
2015021000100150,2015년 2월 10일 09시,화요일,경상남도 남해군 설천면,중상사고,0,1,0,0,차량단독 - 도로외이탈 - 기타,안전운전불이행,건조,맑음,단일로 - 기타,승용,남,73세,중상,,,,
2015021000100175,2015년 2월 10일 10시,화요일,경상남도 고성군 회화면,중상사고,0,1,1,0,차대차 - 추돌 - 주정차중,안전운전불이행,건조,맑음,단일로 - 기타,화물,남,39세,상해없음,승용,여,57세,중상
2015021000100201,2015년 2월 10일 11시,화요일,경상남도 양산시 남부동,중상사고,0,1,0,1,차대차 - 측면직각충돌,안전거리미확보,건조,맑음,기타 - 기타,특수,남,55세,상해없음,승용,여,54세,부상신고
2015021000100216,2015년 2월 10일 12시,화요일,경상남도 창녕군 영산면,중상사고,0,1,0,0,차대사람 - 차도통행중,안전운전불이행,건조,맑음,단일로 - 기타,승용,남,40세,상해없음,보행자,여,59세,중상
2015021000100217,2015년 2월 10일 12시,화요일,경상남도 양산시 삼호동,경상사고,0,0,1,0,차대사람 - 차도통행중,안전운전불이행,건조,맑음,단일로 - 기타,승용,남,62세,상해없음,보행자,여,74세,경상
2015021000100218,2015년 2월 10일 12시,화요일,경상남도 함안군 가야읍,중상사고,0,1,0,0,차대차 - 측면직각충돌,안전운전불이행,건조,맑음,단일로 - 기타,화물,남,68세,상해없음,자전거,남,79세,중상
2015021000100219,2015년 2월 10일 12시,화요일,경상남도 창원시 마산회원구 봉암동,경상사고,0,0,3,0,차대차 - 측면직각충돌,안전운전불이행,건조,맑음,교차로 - 교차로부근,화물,남,39세,상해없음,승용,남,69세,경상
2015021000100238,2015년 2월 10일 13시,화요일,경상남도 창원시 마산합포구 해운동,부상신고사고,0,0,0,1,차대차 - 기타,기타,건조,맑음,교차로 - 교차로부근,승용,남,69세,상해없음,원동기,남,32세,부상신고
2015021000100239,2015년 2월 10일 13시,화요일,경상남도 창원시 진해구 용원동,경상사고,0,0,2,0,차대차 - 측면직각충돌,중앙선침범,건조,맑음,단일로 - 기타,승용,남,53세,상해없음,승용,남,30세,경상
2015021000100274,2015년 2월 10일 14시,화요일,경상남도 김해시 외동,경상사고,0,0,1,0,차대차 - 측면직각충돌,안전운전불이행,건조,맑음,단일로 - 기타,승용,남,54세,경상,승합,남,32세,상해없음
2015021000100275,2015년 2월 10일 14시,화요일,경상남도 양산시 물금읍,중상사고,0,1,0,0,차대차 - 측면직각충돌,교차로운행방법위반,건조,맑음,기타 - 기타,승용,여,36세,상해없음,자전거,남,72세,중상
2015021000100276,2015년 2월 10일 14시,화요일,경상남도 양산시 동면,경상사고,0,0,1,0,차대차 - 측면직각충돌,기타,건조,맑음,기타 - 기타,화물,남,49세,상해없음,승용,남,38세,경상
2015021000100305,2015년 2월 10일 15시,화요일,경상남도 김해시 삼방동,중상사고,0,1,0,0,차대차 - 측면직각충돌,중앙선침범,건조,맑음,교차로 - 교차로부근,승용,남,74세,상해없음,이륜,남,17세,중상
2015021000100306,2015년 2월 10일 15시,화요일,경상남도 거제시 일운면,부상신고사고,0,0,0,1,차대차 - 측면직각충돌,교차로운행방법위반,건조,맑음,교차로 - 교차로안,승용,남,46세,상해없음,자전거,남,63세,상해없음
2015021000100307,2015년 2월 10일 15시,화요일,경상남도 김해시 진영읍,경상사고,0,0,1,0,차대차 - 기타,안전거리미확보,건조,맑음,단일로 - 기타,화물,남,45세,상해없음,승용,남,63세,경상
2015021000100329,2015년 2월 10일 16시,화요일,경상남도 김해시 지내동,경상사고,0,0,1,0,차대차 - 측면직각충돌,안전운전불이행,건조,맑음,단일로 - 기타,승용,남,34세,상해없음,승용,남,53세,경상
2015021000100330,2015년 2월 10일 16시,화요일,경상남도 하동군 고전면,중상사고,0,1,0,0,차대차 - 측면직각충돌,안전운전불이행,건조,맑음,교차로 - 교차로부근,승용,남,65세,상해없음,원동기,여,46세,중상
2015021000100331,2015년 2월 10일 16시,화요일,경상남도 김해시 명법동,사망사고,1,0,0,0,차대차 - 추돌 - 주정차중,안전운전불이행,건조,맑음,교차로 - 교차로부근,화물,남,64세,사망,화물,남,50세,상해없음
2015021000100358,2015년 2월 10일 17시,화요일,경상남도 양산시 삼호동,중상사고,0,1,0,0,차대차 - 측면직각충돌,안전운전불이행,건조,맑음,교차로 - 교차로부근,자전거,남,81세,중상,승용,여,39세,상해없음
2015021000100359,2015년 2월 10일 17시,화요일,경상남도 창원시 의창구 소답동,중상사고,0,1,0,0,차대사람 - 횡단중,보행자보호의무위반,건조,맑음,단일로 - 횡단보도상,화물,남,52세,상해없음,보행자,여,71세,중상
2015021000100395,2015년 2월 10일 18시,화요일,경상남도 양산시 신기동,중상사고,0,1,0,0,차대차 - 기타,안전운전불이행,건조,맑음,기타 - 기타,승용,남,23세,상해없음,이륜,남,27세,중상
2015021000100396,2015년 2월 10일 18시,화요일,경상남도 창원시 마산회원구 내서읍,경상사고,0,0,1,0,차대사람 - 차도통행중,안전운전불이행,건조,맑음,단일로 - 기타,승용,남,55세,상해없음,보행자,여,80세,경상
2015021000100436,2015년 2월 10일 19시,화요일,경상남도 진주시 인사동,중상사고,0,1,0,0,차대차 - 추돌 - 진행중,안전거리미확보,건조,맑음,단일로 - 기타,승용,남,48세,상해없음,승용,여,38세,상해없음
2015021000100437,2015년 2월 10일 19시,화요일,경상남도 창원시 성산구 적현동,사망사고,2,0,0,0,차량단독 - 공작물충돌,안전운전불이행,건조,맑음,단일로 - 기타,승용,남,58세,사망,,,,
2015021000100471,2015년 2월 10일 20시,화요일,경상남도 진주시 상대동,중상사고,0,1,0,0,차대사람 - 보도통행중,보행자보호의무위반,건조,맑음,단일로 - 횡단보도상,승용,남,33세,상해없음,보행자,남,26세,중상
2015021000100472,2015년 2월 10일 20시,화요일,경상남도 진주시 호탄동,중상사고,0,1,0,0,차대사람 - 기타,안전운전불이행,건조,맑음,기타 - 기타,승용,여,34세,상해없음,보행자,여,43세,중상
2015021000100473,2015년 2월 10일 20시,화요일,경상남도 거제시 옥포동,중상사고,0,1,0,0,차대차 - 측면직각충돌,안전운전불이행,건조,맑음,단일로 - 기타,승용,남,28세,상해없음,원동기,남,29세,중상
2015021000100474,2015년 2월 10일 20시,화요일,경상남도 김해시 장유면,중상사고,0,1,0,0,차대차 - 측면직각충돌,안전운전불이행,건조,맑음,단일로 - 기타,화물,남,57세,상해없음,승용,남,63세,중상
2015021000100500,2015년 2월 10일 21시,화요일,경상남도 창원시 진해구 경화동,중상사고,0,1,0,0,차량단독 - 전도전복,안전운전불이행,건조,맑음,단일로 - 기타,이륜,남,22세,중상,,,,
2015021000100501,2015년 2월 10일 21시,화요일,경상남도 김해시 장유면,경상사고,0,0,1,0,차대차 - 측면직각충돌,안전운전불이행,건조,맑음,단일로 - 기타,이륜,남,17세,경상,승용,남,34세,상해없음
2015021000100543,2015년 2월 10일 22시,화요일,경상남도 창원시 진해구 석동,중상사고,0,5,0,0,차대차 - 측면직각충돌,신호위반,건조,맑음,교차로 - 교차로안,승용,남,34세,중상,승용,남,41세,중상
2015021100100017,2015년 2월 11일 00시,수요일,경상남도 창원시 마산합포구 서성동,중상사고,0,2,1,0,차대차 - 기타,신호위반,건조,맑음,교차로 - 교차로안,승용,남,19세,상해없음,승용,남,55세,경상
2015021100100046,2015년 2월 11일 02시,수요일,경상남도 하동군 금성면,사망사고,1,0,0,0,차대차 - 측면직각충돌,중앙선침범,건조,맑음,단일로 - 기타,화물,남,58세,상해없음,승용,남,54세,사망
2015021100100053,2015년 2월 11일 03시,수요일,경상남도 양산시 물금읍,중상사고,0,2,2,1,차대차 - 측면직각충돌,신호위반,건조,맑음,교차로 - 교차로안,승용,남,42세,상해없음,승용,남,23세,경상
2015021100100086,2015년 2월 11일 06시,수요일,경상남도 창원시 의창구 사림동,중상사고,0,1,0,0,차대차 - 추돌 - 주정차중,안전운전불이행,건조,맑음,교차로 - 교차로부근,승용,남,35세,상해없음,승합,남,50세,중상
2015021100100103,2015년 2월 11일 07시,수요일,경상남도 창원시 진해구 죽곡동,경상사고,0,0,1,0,차대차 - 추돌 - 진행중,안전운전불이행,건조,맑음,단일로 - 기타,승용,남,47세,상해없음,승용,남,43세,상해없음
2015021100100143,2015년 2월 11일 08시,수요일,경상남도 사천시 벌리동,경상사고,0,0,2,0,차대차 - 측면직각충돌,교차로운행방법위반,건조,맑음,교차로 - 교차로안,승용,남,50세,경상,승용,여,35세,경상
2015021100100144,2015년 2월 11일 08시,수요일,경상남도 창원시 성산구 상남동,중상사고,0,1,0,0,차대차 - 기타,안전운전불이행,건조,맑음,교차로 - 교차로안,승용,여,36세,상해없음,자전거,여,61세,중상
2015021100100145,2015년 2월 11일 08시,수요일,경상남도 김해시 장유면,중상사고,0,1,0,0,차대차 - 측면직각충돌,안전거리미확보,건조,맑음,단일로 - 기타,승용,여,43세,상해없음,승용,여,43세,중상
2015021100100213,2015년 2월 11일 10시,수요일,경상남도 진주시 상평동,경상사고,0,0,1,0,차대차 - 추돌 - 주정차중,안전거리미확보,건조,맑음,교차로 - 교차로안,승합,남,36세,상해없음,승용,여,54세,경상
2015021100100214,2015년 2월 11일 10시,수요일,경상남도 고성군 회화면,경상사고,0,0,1,1,차대차 - 추돌 - 진행중,안전운전불이행,건조,맑음,단일로 - 기타,승용,남,61세,상해없음,승용,남,54세,부상신고
2015021100100234,2015년 2월 11일 11시,수요일,경상남도 의령군 대의면,중상사고,0,1,0,0,차대차 - 추돌 - 진행중,안전운전불이행,건조,맑음,단일로 - 기타,화물,남,52세,상해없음,승용,남,51세,중상
2015021100100235,2015년 2월 11일 11시,수요일,경상남도 창원시 성산구 반림동,경상사고,0,0,1,0,차대차 - 정면충돌,안전운전불이행,건조,맑음,단일로 - 기타,승용,여,48세,상해없음,승용,여,32세,경상
2015021100100263,2015년 2월 11일 12시,수요일,경상남도 진주시 문산읍,부상신고사고,0,0,0,1,차대차 - 측면직각충돌,안전거리미확보,건조,맑음,단일로 - 기타,원동기,남,74세,부상신고,승용,여,43세,상해없음
2015021100100318,2015년 2월 11일 14시,수요일,경상남도 통영시 태평동,중상사고,0,1,0,0,차대사람 - 길가장자리구역통행중,안전운전불이행,건조,맑음,교차로 - 교차로부근,화물,남,42세,상해없음,보행자,여,75세,중상
2015021100100349,2015년 2월 11일 15시,수요일,경상남도 거제시 고현동,경상사고,0,0,1,0,차대사람 - 횡단중,보행자보호의무위반,건조,맑음,단일로 - 기타,승합,남,75세,상해없음,보행자,여,18세,경상
2015021100100350,2015년 2월 11일 15시,수요일,경상남도 김해시 장유면,경상사고,0,0,2,0,차대차 - 측면직각충돌,차로위반,건조,맑음,단일로 - 기타,건설기계,남,60세,상해없음,승용,남,47세,경상
2015021100100381,2015년 2월 11일 16시,수요일,경상남도 창원시 진해구 충무동,중상사고,0,1,0,0,차대차 - 측면직각충돌,안전운전불이행,건조,맑음,단일로 - 기타,자전거,여,20세,중상,승용,남,37세,상해없음
2015021100100382,2015년 2월 11일 16시,수요일,경상남도 김해시 장유면,중상사고,0,1,1,0,차대차 - 측면직각충돌,신호위반,건조,맑음,교차로 - 교차로안,승용,여,40세,경상,이륜,남,27세,중상
2015021100100399,2015년 2월 11일 17시,수요일,경상남도 통영시 무전동,경상사고,0,0,1,0,차대차 - 측면직각충돌,신호위반,건조,맑음,교차로 - 교차로안,자전거,남,75세,경상,화물,남,43세,상해없음
2015021100100400,2015년 2월 11일 17시,수요일,경상남도 사천시 송포동,경상사고,0,0,1,0,차대차 - 추돌 - 주정차중,안전운전불이행,건조,맑음,단일로 - 기타,화물,남,53세,상해없음,승용,남,45세,경상
2015021100100401,2015년 2월 11일 17시,수요일,경상남도 밀양시 산외면,중상사고,0,1,0,0,차대차 - 측면직각충돌,중앙선침범,건조,맑음,단일로 - 기타,승용,남,36세,상해없음,승용,남,44세,중상
2015021100100402,2015년 2월 11일 17시,수요일,경상남도 김해시 삼정동,경상사고,0,0,1,0,차대차 - 측면직각충돌,안전운전불이행,건조,맑음,교차로 - 교차로안,이륜,남,41세,상해없음,승용,남,35세,경상
2015021100100403,2015년 2월 11일 17시,수요일,경상남도 창녕군 부곡면,중상사고,0,1,0,0,차대차 - 기타,안전운전불이행,건조,맑음,교차로 - 교차로안,승용,여,54세,중상,승용,남,67세,상해없음
2015021100100442,2015년 2월 11일 18시,수요일,경상남도 양산시 상북면,중상사고,0,2,0,0,차대차 - 기타,안전거리미확보,건조,맑음,교차로 - 교차로부근,승용,남,44세,상해없음,승용,남,36세,중상
2015021100100443,2015년 2월 11일 18시,수요일,경상남도 양산시 평산동,경상사고,0,0,1,0,차대차 - 측면직각충돌,신호위반,건조,맑음,교차로 - 교차로안,승용,남,32세,상해없음,원동기,남,19세,경상
2015021100100444,2015년 2월 11일 18시,수요일,경상남도 거제시 장평동,중상사고,0,1,0,0,차대차 - 측면직각충돌,교차로운행방법위반,건조,맑음,교차로 - 교차로안,승용,남,40세,상해없음,이륜,남,30세,중상
2015021100100520,2015년 2월 11일 20시,수요일,경상남도 통영시 서호동,중상사고,0,1,0,0,차대사람 - 횡단중,안전운전불이행,건조,맑음,단일로 - 횡단보도부근,승합,남,49세,상해없음,보행자,남,61세,중상
2015021100100521,2015년 2월 11일 20시,수요일,경상남도 창원시 성산구 성산동,중상사고,0,1,0,0,차대차 - 추돌 - 진행중,안전운전불이행,건조,맑음,단일로 - 기타,승용,남,55세,상해없음,원동기,남,25세,중상
2015021100100549,2015년 2월 11일 21시,수요일,경상남도 김해시 삼정동,중상사고,0,1,0,0,차대차 - 측면직각충돌,중앙선침범,건조,맑음,교차로 - 교차로부근,승용,여,31세,상해없음,원동기,남,18세,중상
2015021100100576,2015년 2월 11일 22시,수요일,경상남도 창원시 진해구 용원동,중상사고,0,1,1,0,차대차 - 측면직각충돌,신호위반,건조,맑음,교차로 - 교차로안,승용,여,26세,경상,승용,남,28세,중상
2015021100100577,2015년 2월 11일 22시,수요일,경상남도 통영시 무전동,중상사고,0,1,0,0,차대차 - 추돌 - 진행중,안전운전불이행,건조,맑음,교차로 - 교차로부근,승용,남,41세,상해없음,승용,남,37세,중상
2015021100100578,2015년 2월 11일 22시,수요일,경상남도 양산시 명동,부상신고사고,0,0,0,1,차대사람 - 기타,안전운전불이행,습기,비,교차로 - 교차로안,승용,남,29세,상해없음,보행자,남,50세,부상신고
2015021200100040,2015년 2월 12일 02시,목요일,경상남도 창원시 성산구 중앙동,경상사고,0,0,1,0,차대차 - 기타,안전운전불이행,건조,맑음,교차로 - 교차로안,승용,여,25세,상해없음,승용,여,30세,상해없음
2015021200100083,2015년 2월 12일 07시,목요일,경상남도 김해시 대동면,경상사고,0,0,2,0,차대차 - 정면충돌,중앙선침범,건조,맑음,단일로 - 기타,화물,남,51세,경상,승용,남,39세,경상
2015021200100084,2015년 2월 12일 07시,목요일,경상남도 거제시 연초면,경상사고,0,0,1,0,차대차 - 기타,교차로운행방법위반,건조,맑음,교차로 - 교차로안,승용,남,39세,상해없음,이륜,남,52세,경상
2015021200100150,2015년 2월 12일 09시,목요일,경상남도 양산시 동면,중상사고,0,1,0,0,차대사람 - 횡단중,안전운전불이행,건조,맑음,단일로 - 기타,승용,남,18세,상해없음,보행자,남,37세,중상
2015021200100183,2015년 2월 12일 10시,목요일,경상남도 진주시 동성동,중상사고,0,1,0,0,차대사람 - 기타,안전운전불이행,건조,맑음,단일로 - 기타,자전거,남,39세,상해없음,보행자,여,27세,중상
2015021200100184,2015년 2월 12일 10시,목요일,경상남도 통영시 광도면,경상사고,0,0,1,0,차대차 - 측면직각충돌,차로위반,건조,맑음,단일로 - 기타,화물,남,67세,상해없음,이륜,남,38세,경상
2015021200100185,2015년 2월 12일 10시,목요일,경상남도 밀양시 내이동,중상사고,0,1,0,0,차대차 - 측면직각충돌,안전운전불이행,건조,맑음,교차로 - 교차로안,화물,남,41세,상해없음,화물,남,58세,중상
2015021200100186,2015년 2월 12일 10시,목요일,경상남도 양산시 중부동,중상사고,0,1,0,0,차대차 - 측면직각충돌,중앙선침범,건조,맑음,단일로 - 기타,승용,여,21세,상해없음,이륜,남,52세,중상