사고번호,사고일시,요일,시군구,사고내용,사망자수,중상자수,경상자수,부상신고자수,사고유형,법규위반,노면상태,기상상태,도로형태,가해운전자 차종,가해운전자 성별,가해운전자 연령,가해운전자 상해정도,피해운전자 차종,피해운전자 성별,피해운전자 연령,피해운전자 상해정도
2015021200100187,2015년 2월 12일 10시,목요일,경상남도 거제시 장평동,경상사고,0,0,1,0,차대차 - 추돌 - 진행중,차로위반,건조,맑음,단일로 - 기타,화물,남,42세,상해없음,승용,여,38세,경상
2015021200100218,2015년 2월 12일 11시,목요일,경상남도 진주시 상대동,중상사고,0,1,0,0,차대차 - 측면직각충돌,안전거리미확보,건조,맑음,교차로 - 교차로안,승용,여,64세,상해없음,승용,남,43세,중상
2015021200100219,2015년 2월 12일 11시,목요일,경상남도 창원시 성산구 상남동,경상사고,0,0,1,0,차대차 - 추돌 - 진행중,안전운전불이행,건조,맑음,단일로 - 기타,승용,남,51세,경상,승용,남,44세,상해없음
2015021200100250,2015년 2월 12일 12시,목요일,경상남도 창원시 진해구 태백동,중상사고,0,1,0,0,차대차 - 추돌 - 진행중,안전운전불이행,건조,맑음,교차로 - 교차로부근,화물,여,40세,상해없음,승용,남,45세,중상
2015021200100251,2015년 2월 12일 12시,목요일,경상남도 양산시 동면,경상사고,0,0,1,0,차대차 - 측면직각충돌,안전거리미확보,건조,맑음,교차로 - 교차로부근,화물,남,34세,상해없음,승용,남,42세,경상
2015021200100276,2015년 2월 12일 13시,목요일,경상남도 사천시 선구동,중상사고,0,1,0,0,차대차 - 정면충돌,불법유턴,건조,맑음,교차로 - 교차로안,승용,남,70세,상해없음,승용,남,62세,중상
2015021200100277,2015년 2월 12일 13시,목요일,경상남도 양산시 물금읍,경상사고,0,0,1,0,차대차 - 측면직각충돌,직진우회전진행방해,건조,맑음,교차로 - 교차로안,건설기계,남,53세,상해없음,화물,남,57세,경상
2015021200100278,2015년 2월 12일 13시,목요일,경상남도 창원시 의창구 동정동,중상사고,0,1,0,0,차대차 - 측면직각충돌,안전운전불이행,건조,맑음,교차로 - 교차로안,이륜,남,81세,중상,승용,여,60세,상해없음
2015021200100346,2015년 2월 12일 15시,목요일,경상남도 양산시 소주동,중상사고,0,1,0,0,차대차 - 측면직각충돌,신호위반,건조,맑음,교차로 - 교차로안,화물,남,57세,상해없음,화물,남,28세,중상
2015021200100384,2015년 2월 12일 16시,목요일,경상남도 밀양시 상동면,경상사고,0,0,1,0,차대차 - 측면직각충돌,교차로운행방법위반,건조,맑음,교차로 - 교차로안,승용,남,61세,상해없음,이륜,남,81세,경상
2015021200100385,2015년 2월 12일 16시,목요일,경상남도 하동군 하동읍,경상사고,0,0,1,1,차대차 - 정면충돌,중앙선침범,건조,맑음,단일로 - 기타,승용,남,58세,상해없음,승용,남,68세,부상신고
2015021200100386,2015년 2월 12일 16시,목요일,경상남도 함안군 법수면,경상사고,0,0,1,0,차대사람 - 기타,안전운전불이행,건조,맑음,단일로 - 기타,화물,남,65세,상해없음,보행자,여,54세,경상
2015021200100387,2015년 2월 12일 16시,목요일,경상남도 창원시 의창구 팔용동,중상사고,0,3,0,0,차대차 - 추돌 - 진행중,안전운전불이행,건조,맑음,교차로 - 교차로부근,승용,여,27세,상해없음,승용,여,45세,중상
2015021200100388,2015년 2월 12일 16시,목요일,경상남도 창원시 의창구 반계동,중상사고,0,1,0,0,차대사람 - 횡단중,안전운전불이행,건조,맑음,교차로 - 교차로안,화물,남,51세,상해없음,보행자,여,9세,중상
2015021200100389,2015년 2월 12일 16시,목요일,경상남도 김해시 장유면,중상사고,0,1,0,0,차대사람 - 횡단중,보행자보호의무위반,건조,맑음,단일로 - 횡단보도상,화물,남,44세,상해없음,보행자,남,10세,중상
2015021200100412,2015년 2월 12일 17시,목요일,경상남도 사천시 동동,경상사고,0,0,1,0,차대사람 - 길가장자리구역통행중,안전운전불이행,건조,맑음,단일로 - 기타,기타불명,기타불명,기타불명,기타불명,보행자,여,47세,경상
2015021200100450,2015년 2월 12일 18시,목요일,경상남도 진주시 가좌동,중상사고,0,1,0,0,차대사람 - 횡단중,안전운전불이행,건조,맑음,교차로 - 교차로안,승용,남,55세,상해없음,보행자,여,14세,중상
2015021200100451,2015년 2월 12일 18시,목요일,경상남도 양산시 상북면,경상사고,0,0,1,1,차대차 - 측면직각충돌,직진우회전진행방해,건조,맑음,교차로 - 교차로안,화물,남,35세,부상신고,승용,남,53세,경상
2015021200100452,2015년 2월 12일 18시,목요일,경상남도 고성군 동해면,중상사고,0,1,1,0,차대차 - 정면충돌,중앙선침범,건조,맑음,단일로 - 기타,승용,남,27세,상해없음,승용,남,63세,중상
2015021200100491,2015년 2월 12일 19시,목요일,경상남도 창원시 마산합포구 신포동2가,중상사고,0,1,0,0,차대사람 - 기타,안전운전불이행,건조,맑음,단일로 - 기타,승용,여,42세,상해없음,보행자,여,53세,중상
2015021200100492,2015년 2월 12일 19시,목요일,경상남도 양산시 중부동,경상사고,0,0,1,0,차대차 - 측면직각충돌,교차로운행방법위반,건조,맑음,교차로 - 교차로안,승용,여,54세,상해없음,자전거,남,23세,경상
2015021200100493,2015년 2월 12일 19시,목요일,경상남도 거제시 옥포동,경상사고,0,0,1,0,차대차 - 기타,안전운전불이행,건조,맑음,단일로 - 기타,승용,남,35세,상해없음,이륜,남,23세,경상
2015021200100525,2015년 2월 12일 20시,목요일,경상남도 사천시 향촌동,중상사고,0,1,0,0,차대사람 - 차도통행중,안전운전불이행,건조,맑음,단일로 - 기타,승용,여,39세,상해없음,보행자,남,47세,중상
2015021200100526,2015년 2월 12일 20시,목요일,경상남도 거제시 수월동,경상사고,0,0,2,0,차대차 - 측면직각충돌,안전운전불이행,건조,맑음,단일로 - 기타,화물,남,46세,상해없음,승용,남,55세,경상
2015021200100578,2015년 2월 12일 22시,목요일,경상남도 김해시 삼방동,경상사고,0,0,1,0,차대사람 - 횡단중,안전운전불이행,건조,맑음,교차로 - 교차로부근,승용,여,63세,상해없음,보행자,남,58세,경상
2015021200100602,2015년 2월 12일 23시,목요일,경상남도 김해시 어방동,경상사고,0,0,2,0,차대차 - 추돌 - 주정차중,안전운전불이행,건조,맑음,교차로 - 교차로부근,승용,남,46세,상해없음,승합,여,57세,경상
2015021300100006,2015년 2월 13일 00시,금요일,경상남도 거제시 아양동,중상사고,0,1,0,0,차대사람 - 기타,안전운전불이행,건조,맑음,단일로 - 기타,승용,남,30세,상해없음,보행자,남,29세,중상
2015021300100022,2015년 2월 13일 01시,금요일,경상남도 고성군 하이면,중상사고,0,1,0,0,차량단독 - 도로외이탈 - 기타,안전운전불이행,건조,맑음,단일로 - 기타,화물,남,40세,상해없음,,,,
2015021300100088,2015년 2월 13일 06시,금요일,경상남도 양산시 평산동,중상사고,0,1,0,0,차대사람 - 횡단중,안전운전불이행,건조,맑음,교차로 - 교차로안,승용,남,56세,상해없음,보행자,남,36세,중상
2015021300100089,2015년 2월 13일 06시,금요일,경상남도 거제시 고현동,경상사고,0,0,2,0,차대차 - 기타,신호위반,건조,맑음,교차로 - 교차로안,화물,남,63세,상해없음,승용,남,30세,경상
2015021300100113,2015년 2월 13일 07시,금요일,경상남도 진주시 상대동,중상사고,0,1,0,0,차대차 - 측면직각충돌,안전거리미확보,건조,맑음,단일로 - 기타,승용,남,63세,상해없음,승용,남,58세,중상
2015021300100114,2015년 2월 13일 07시,금요일,경상남도 창원시 성산구 중앙동,경상사고,0,0,1,0,차대차 - 측면직각충돌,신호위반,건조,맑음,단일로 - 횡단보도부근,승용,남,26세,상해없음,자전거,남,50세,경상
2015021300100140,2015년 2월 13일 08시,금요일,경상남도 진주시 금산면,중상사고,0,1,0,0,차대사람 - 횡단중,보행자보호의무위반,건조,맑음,단일로 - 기타,승용,남,32세,상해없음,보행자,여,9세,중상
2015021300100141,2015년 2월 13일 08시,금요일,경상남도 진주시 상대동,경상사고,0,0,1,0,차대사람 - 기타,안전운전불이행,건조,맑음,단일로 - 기타,승합,남,45세,상해없음,보행자,여,69세,경상
2015021300100171,2015년 2월 13일 09시,금요일,경상남도 창원시 마산합포구 진동면,경상사고,0,0,1,1,차대차 - 기타,기타,건조,맑음,교차로 - 교차로부근,특수,남,37세,상해없음,승용,여,18세,부상신고
2015021300100172,2015년 2월 13일 09시,금요일,경상남도 김해시 삼정동,부상신고사고,0,0,0,1,차대차 - 측면직각충돌,중앙선침범,건조,맑음,교차로 - 교차로안,자전거,여,46세,부상신고,승합,남,49세,상해없음
2015021300100173,2015년 2월 13일 09시,금요일,경상남도 창녕군 도천면,중상사고,0,1,2,0,차대차 - 측면직각충돌,신호위반,건조,맑음,교차로 - 교차로안,승용,여,51세,경상,승용,남,35세,경상
2015021300100206,2015년 2월 13일 10시,금요일,경상남도 진주시 가좌동,중상사고,0,1,0,0,차대사람 - 횡단중,신호위반,건조,맑음,단일로 - 횡단보도상,승합,남,61세,상해없음,보행자,여,19세,중상
2015021300100207,2015년 2월 13일 10시,금요일,경상남도 통영시 정량동,경상사고,0,0,2,0,차대차 - 추돌 - 주정차중,안전거리미확보,건조,맑음,단일로 - 기타,승용,여,41세,상해없음,승용,남,48세,경상
2015021300100208,2015년 2월 13일 10시,금요일,경상남도 합천군 용주면,중상사고,0,3,3,0,차대차 - 추돌 - 진행중,안전운전불이행,건조,맑음,단일로 - 기타,화물,남,68세,기타불명,승용,남,53세,경상
2015021300100239,2015년 2월 13일 11시,금요일,경상남도 김해시 동상동,경상사고,0,0,1,0,차대차 - 측면직각충돌,안전운전불이행,건조,맑음,단일로 - 기타,승용,여,62세,상해없음,승용,여,41세,경상
2015021300100240,2015년 2월 13일 11시,금요일,경상남도 양산시 다방동,경상사고,0,0,1,0,차대차 - 측면직각충돌,안전거리미확보,건조,맑음,단일로 - 기타,승용,남,65세,상해없음,화물,남,36세,경상
2015021300100241,2015년 2월 13일 11시,금요일,경상남도 창원시 성산구 천선동,중상사고,0,1,3,0,차대차 - 측면직각충돌,신호위반,건조,맑음,교차로 - 교차로안,승용,남,31세,상해없음,화물,여,42세,경상
2015021300100278,2015년 2월 13일 12시,금요일,경상남도 진주시 장재동,경상사고,0,0,4,0,차대차 - 측면직각충돌,안전운전불이행,건조,맑음,단일로 - 기타,승합,여,63세,상해없음,승용,남,34세,경상
2015021300100279,2015년 2월 13일 12시,금요일,경상남도 남해군 고현면,경상사고,0,0,2,0,차대차 - 추돌 - 진행중,안전운전불이행,건조,맑음,단일로 - 기타,건설기계,남,57세,경상,건설기계,남,51세,경상
2015021300100280,2015년 2월 13일 12시,금요일,경상남도 창원시 의창구 신월동,부상신고사고,0,0,0,2,차대차 - 정면충돌,중앙선침범,건조,맑음,단일로 - 기타,승용,남,24세,부상신고,승용,여,58세,부상신고
2015021300100311,2015년 2월 13일 13시,금요일,경상남도 창원시 의창구 팔용동,경상사고,0,0,2,0,차대차 - 측면직각충돌,신호위반,건조,맑음,교차로 - 교차로안,승용,남,42세,상해없음,승용,여,55세,경상
2015021300100348,2015년 2월 13일 14시,금요일,경상남도 함안군 군북면,사망사고,1,0,0,0,차량단독 - 전도전복,안전운전불이행,건조,맑음,단일로 - 기타,건설기계,남,50세,사망,,,,
2015021300100375,2015년 2월 13일 15시,금요일,경상남도 창원시 마산합포구 교원동,경상사고,0,0,1,0,차대차 - 측면직각충돌,직진우회전진행방해,건조,맑음,교차로 - 교차로안,승합,남,32세,상해없음,원동기,남,30세,경상
2015021300100376,2015년 2월 13일 15시,금요일,경상남도 진주시 호탄동,중상사고,0,1,0,0,차대차 - 정면충돌,교차로운행방법위반,건조,맑음,교차로 - 교차로안,승용,여,34세,상해없음,화물,남,58세,중상
2015021300100377,2015년 2월 13일 15시,금요일,경상남도 김해시 상동면,중상사고,0,1,1,0,차대차 - 측면직각충돌,중앙선침범,건조,맑음,단일로 - 기타,건설기계,남,53세,경상,특수,남,58세,중상
2015021300100378,2015년 2월 13일 15시,금요일,경상남도 김해시 장유면,경상사고,0,0,1,0,차대사람 - 횡단중,신호위반,건조,맑음,교차로 - 교차로부근,승용,남,44세,상해없음,보행자,여,8세,경상
2015021300100407,2015년 2월 13일 16시,금요일,경상남도 창원시 마산합포구 해운동,경상사고,0,0,1,0,차대사람 - 횡단중,신호위반,건조,맑음,교차로 - 교차로부근,승합,남,47세,상해없음,보행자,여,11세,경상
2015021300100451,2015년 2월 13일 17시,금요일,경상남도 진주시 수정동,중상사고,0,1,0,0,차대사람 - 횡단중,안전운전불이행,건조,맑음,단일로 - 기타,승용,여,34세,상해없음,보행자,여,62세,중상
2015021300100452,2015년 2월 13일 17시,금요일,경상남도 진주시 강남동,중상사고,0,1,0,0,차대사람 - 횡단중,안전운전불이행,건조,맑음,단일로 - 기타,승용,여,52세,상해없음,보행자,남,51세,중상
2015021300100453,2015년 2월 13일 17시,금요일,경상남도 합천군 합천읍,경상사고,0,0,1,0,차대사람 - 차도통행중,안전운전불이행,건조,맑음,단일로 - 교량,화물,남,41세,상해없음,보행자,남,20세,경상
2015021300100454,2015년 2월 13일 17시,금요일,경상남도 김해시 한림면,중상사고,0,1,0,0,차대차 - 측면직각충돌,안전운전불이행,건조,맑음,교차로 - 교차로안,이륜,여,68세,중상,승용,남,49세,상해없음
2015021300100532,2015년 2월 13일 19시,금요일,경상남도 사천시 벌리동,중상사고,0,1,0,0,차대차 - 측면직각충돌,신호위반,건조,맑음,교차로 - 교차로안,승용,남,57세,상해없음,원동기,남,17세,중상
2015021300100533,2015년 2월 13일 19시,금요일,경상남도 김해시 삼계동,경상사고,0,0,1,0,차대차 - 측면직각충돌,차로위반,건조,맑음,교차로 - 교차로안,승용,남,48세,상해없음,승용,여,43세,경상
2015021300100576,2015년 2월 13일 20시,금요일,경상남도 창원시 성산구 신촌동,중상사고,0,1,0,0,차대사람 - 차도통행중,안전운전불이행,건조,맑음,교차로 - 교차로부근,승용,남,33세,상해없음,보행자,남,39세,중상
2015021300100577,2015년 2월 13일 20시,금요일,경상남도 창원시 의창구 신월동,중상사고,0,1,0,0,차대사람 - 차도통행중,안전운전불이행,건조,맑음,교차로 - 교차로부근,승용,남,63세,상해없음,보행자,여,56세,중상
2015021300100603,2015년 2월 13일 21시,금요일,경상남도 진주시 칠암동,경상사고,0,0,2,0,차대차 - 측면직각충돌,신호위반,건조,맑음,교차로 - 교차로안,승용,남,68세,상해없음,승용,남,37세,상해없음
2015021300100604,2015년 2월 13일 21시,금요일,경상남도 통영시 광도면,중상사고,0,1,0,0,차대사람 - 길가장자리구역통행중,안전운전불이행,건조,맑음,단일로 - 기타,화물,남,59세,상해없음,보행자,남,29세,중상
2015021300100605,2015년 2월 13일 21시,금요일,경상남도 거제시 수월동,중상사고,0,1,0,0,차대차 - 기타,안전운전불이행,건조,맑음,단일로 - 기타,승용,남,41세,상해없음,이륜,남,16세,중상
2015021300100638,2015년 2월 13일 22시,금요일,경상남도 진주시 주약동,중상사고,0,2,0,0,차대차 - 정면충돌,신호위반,건조,맑음,교차로 - 교차로안,승용,남,26세,상해없음,승용,여,39세,중상
2015021300100639,2015년 2월 13일 22시,금요일,경상남도 밀양시 초동면,중상사고,0,1,0,0,차량단독 - 전도전복,안전운전불이행,건조,맑음,단일로 - 기타,승용,남,36세,중상,,,,
2015021300100674,2015년 2월 13일 23시,금요일,경상남도 양산시 북정동,중상사고,0,1,0,0,차대사람 - 횡단중,보행자보호의무위반,건조,맑음,단일로 - 기타,원동기,남,23세,상해없음,보행자,남,57세,중상
2015021400100028,2015년 2월 14일 00시,토요일,경상남도 창원시 의창구 대산면,경상사고,0,0,2,0,차대차 - 기타,안전운전불이행,건조,맑음,단일로 - 기타,승용,남,26세,상해없음,승용,여,39세,경상
2015021400100057,2015년 2월 14일 01시,토요일,경상남도 창원시 의창구 대원동,경상사고,0,0,2,0,차대차 - 측면직각충돌,중앙선침범,건조,맑음,단일로 - 기타,승용,여,37세,상해없음,승용,남,55세,경상
2015021400100077,2015년 2월 14일 02시,토요일,경상남도 창원시 의창구 신월동,경상사고,0,0,1,0,차대차 - 측면직각충돌,신호위반,건조,맑음,교차로 - 교차로안,승용,남,67세,상해없음,승용,남,56세,경상
2015021400100097,2015년 2월 14일 04시,토요일,경상남도 함양군 유림면,사망사고,1,0,0,0,차대사람 - 차도통행중,안전운전불이행,건조,맑음,단일로 - 기타,화물,남,52세,상해없음,보행자,남,46세,사망
2015021400100134,2015년 2월 14일 06시,토요일,경상남도 고성군 상리면,중상사고,0,1,0,0,차대사람 - 차도통행중,안전운전불이행,건조,맑음,단일로 - 기타,화물,남,49세,상해없음,보행자,여,72세,중상
2015021400100135,2015년 2월 14일 06시,토요일,경상남도 거제시 고현동,경상사고,0,0,1,0,차대차 - 측면직각충돌,중앙선침범,건조,맑음,단일로 - 기타,자전거,남,28세,상해없음,자전거,남,46세,경상
2015021400100145,2015년 2월 14일 07시,토요일,경상남도 김해시 삼방동,중상사고,0,1,0,0,차대사람 - 기타,보행자보호의무위반,건조,맑음,교차로 - 교차로부근,화물,남,44세,상해없음,보행자,남,33세,중상
2015021400100161,2015년 2월 14일 08시,토요일,경상남도 사천시 동금동,중상사고,0,1,0,0,차대사람 - 차도통행중,안전운전불이행,건조,맑음,단일로 - 기타,승용,남,28세,상해없음,보행자,여,76세,중상
2015021400100187,2015년 2월 14일 09시,토요일,경상남도 창원시 마산합포구 동성동,경상사고,0,0,1,0,차대차 - 기타,신호위반,건조,맑음,교차로 - 교차로안,승용,남,32세,상해없음,승용,남,57세,경상
2015021400100188,2015년 2월 14일 09시,토요일,경상남도 함안군 산인면,중상사고,0,1,0,0,차대차 - 측면직각충돌,안전거리미확보,건조,맑음,교차로 - 교차로안,이륜,남,77세,중상,승용,여,29세,상해없음
2015021400100189,2015년 2월 14일 09시,토요일,경상남도 창원시 성산구 상남동,경상사고,0,0,1,0,차대차 - 측면직각충돌,중앙선침범,건조,맑음,단일로 - 기타,승용,남,23세,상해없음,승용,남,38세,경상
2015021400100190,2015년 2월 14일 09시,토요일,경상남도 창원시 마산회원구 석전동,중상사고,0,1,0,0,차대사람 - 보도통행중,보행자보호의무위반,건조,맑음,단일로 - 횡단보도상,이륜,기타불명,기타불명,기타불명,보행자,여,58세,중상
2015021400100216,2015년 2월 14일 10시,토요일,경상남도 사천시 동금동,경상사고,0,0,4,0,차대차 - 추돌 - 진행중,안전거리미확보,건조,맑음,교차로 - 교차로안,승용,남,55세,상해없음,승용,여,55세,경상
2015021400100217,2015년 2월 14일 10시,토요일,경상남도 하동군 적량면,중상사고,0,1,0,0,차대사람 - 길가장자리구역통행중,안전운전불이행,건조,맑음,단일로 - 기타,화물,남,57세,상해없음,보행자,남,58세,중상
2015021400100272,2015년 2월 14일 12시,토요일,경상남도 거제시 고현동,경상사고,0,0,1,0,차대차 - 측면직각충돌,교차로운행방법위반,건조,맑음,교차로 - 교차로안,승용,여,29세,상해없음,이륜,남,38세,경상
2015021400100311,2015년 2월 14일 13시,토요일,경상남도 창원시 성산구 남산동,경상사고,0,0,1,0,차대차 - 추돌 - 진행중,안전거리미확보,건조,맑음,단일로 - 기타,승용,남,71세,상해없음,승용,여,33세,상해없음
2015021400100363,2015년 2월 14일 15시,토요일,경상남도 거제시 고현동,중상사고,0,1,0,0,차대차 - 측면직각충돌,교차로운행방법위반,건조,맑음,교차로 - 교차로부근,승용,여,65세,상해없음,원동기,남,50세,중상
2015021400100364,2015년 2월 14일 15시,토요일,경상남도 창원시 마산회원구 합성동,경상사고,0,0,1,0,차대사람 - 횡단중,보행자보호의무위반,건조,맑음,교차로 - 교차로안,원동기,남,19세,상해없음,보행자,여,19세,경상
2015021400100393,2015년 2월 14일 16시,토요일,경상남도 사천시 곤양면,중상사고,0,2,0,0,차대사람 - 길가장자리구역통행중,안전운전불이행,건조,맑음,단일로 - 기타,화물,남,62세,상해없음,보행자,여,78세,중상
2015021400100394,2015년 2월 14일 16시,토요일,경상남도 김해시 진영읍,경상사고,0,0,1,0,차대사람 - 기타,안전운전불이행,기타,맑음,기타 - 기타,승용,남,41세,상해없음,보행자,남,35세,경상
2015021400100395,2015년 2월 14일 16시,토요일,경상남도 김해시 주촌면,중상사고,0,2,1,0,차대차 - 측면직각충돌,중앙선침범,건조,기타,단일로 - 기타,화물,남,45세,상해없음,승용,남,58세,경상
2015021400100432,2015년 2월 14일 17시,토요일,경상남도 양산시 물금읍,경상사고,0,0,1,0,차대차 - 측면직각충돌,직진우회전진행방해,건조,맑음,교차로 - 교차로안,승용,남,52세,상해없음,승용,남,52세,경상
2015021400100433,2015년 2월 14일 17시,토요일,경상남도 거제시 연초면,경상사고,0,0,1,0,차대사람 - 차도통행중,안전운전불이행,건조,맑음,기타 - 기타,자전거,남,31세,상해없음,보행자,남,52세,경상
2015021400100434,2015년 2월 14일 17시,토요일,경상남도 김해시 장유면,경상사고,0,0,2,0,차대차 - 추돌 - 진행중,안전운전불이행,건조,맑음,단일로 - 기타,승용,남,55세,상해없음,승용,여,33세,경상
2015021400100465,2015년 2월 14일 18시,토요일,경상남도 양산시 평산동,중상사고,0,1,0,0,차대차 - 추돌 - 주정차중,안전운전불이행,건조,맑음,기타 - 기타,승용,남,67세,중상,화물,남,54세,상해없음
2015021400100466,2015년 2월 14일 18시,토요일,경상남도 창원시 의창구 서상동,경상사고,0,0,1,0,차대차 - 측면직각충돌,안전운전불이행,건조,맑음,교차로 - 교차로안,승용,남,29세,상해없음,이륜,남,44세,경상
2015021400100500,2015년 2월 14일 19시,토요일,경상남도 진주시 가좌동,중상사고,0,1,0,0,차대차 - 측면직각충돌,직진우회전진행방해,건조,맑음,교차로 - 교차로안,승용,남,67세,상해없음,이륜,남,23세,중상
2015021400100501,2015년 2월 14일 19시,토요일,경상남도 김해시 지내동,중상사고,0,1,0,0,차대사람 - 횡단중,안전운전불이행,건조,맑음,단일로 - 기타,승합,남,69세,상해없음,보행자,남,71세,중상
2015021400100502,2015년 2월 14일 19시,토요일,경상남도 양산시 북부동,중상사고,0,1,0,0,차대차 - 측면직각충돌,안전운전불이행,건조,맑음,교차로 - 교차로안,승용,남,44세,상해없음,원동기,남,55세,중상
2015021400100537,2015년 2월 14일 20시,토요일,경상남도 밀양시 무안면,경상사고,0,0,2,0,차대차 - 측면직각충돌,기타,건조,맑음,단일로 - 기타,기타불명,기타불명,기타불명,기타불명,승용,여,51세,경상
2015021400100538,2015년 2월 14일 20시,토요일,경상남도 양산시 북부동,경상사고,0,0,1,0,차대차 - 측면직각충돌,직진우회전진행방해,건조,맑음,교차로 - 교차로안,승합,남,54세,상해없음,승용,여,24세,상해없음
2015021400100575,2015년 2월 14일 21시,토요일,경상남도 사천시 사천읍,경상사고,0,0,1,0,차대차 - 측면직각충돌,안전운전불이행,건조,맑음,단일로 - 기타,승용,남,29세,상해없음,승용,남,45세,경상
2015021400100576,2015년 2월 14일 21시,토요일,경상남도 양산시 북정동,중상사고,0,1,0,0,차대차 - 측면직각충돌,중앙선침범,건조,맑음,교차로 - 교차로안,승용,남,32세,상해없음,원동기,남,17세,중상
2015021400100577,2015년 2월 14일 21시,토요일,경상남도 양산시 평산동,중상사고,0,1,0,0,차대사람 - 기타,신호위반,건조,맑음,단일로 - 횡단보도상,승용,남,75세,상해없음,보행자,남,59세,중상
2015021400100609,2015년 2월 14일 22시,토요일,경상남도 통영시 무전동,중상사고,0,1,1,0,차대차 - 측면직각충돌,신호위반,건조,맑음,교차로 - 교차로안,승용,여,53세,상해없음,승용,여,38세,중상
2015021400100610,2015년 2월 14일 22시,토요일,경상남도 김해시 어방동,중상사고,0,1,0,0,차대차 - 측면직각충돌,중앙선침범,건조,맑음,교차로 - 교차로부근,승용,남,44세,상해없음,원동기,남,20세,중상
2015021400100611,2015년 2월 14일 22시,토요일,경상남도 김해시 구산동,경상사고,0,0,1,0,차대차 - 측면직각충돌,교차로운행방법위반,건조,맑음,교차로 - 교차로안,승용,남,68세,상해없음,원동기,남,19세,경상
2015021400100612,2015년 2월 14일 22시,토요일,경상남도 김해시 진영읍,경상사고,0,0,2,0,차대차 - 측면직각충돌,안전거리미확보,건조,맑음,단일로 - 교량,화물,남,34세,상해없음,승용,남,36세,경상
2015021500100011,2015년 2월 15일 00시,일요일,경상남도 창원시 마산회원구 구암동,중상사고,0,1,0,0,차대차 - 측면직각충돌,신호위반,건조,맑음,교차로 - 교차로안,원동기,남,21세,중상,승용,남,64세,상해없음
2015021500100042,2015년 2월 15일 02시,일요일,경상남도 진주시 주약동,중상사고,0,1,0,0,차대차 - 추돌 - 진행중,안전거리미확보,건조,맑음,교차로 - 교차로부근,승용,남,23세,상해없음,승용,남,53세,중상
2015021500100058,2015년 2월 15일 03시,일요일,경상남도 김해시 부원동,중상사고,0,1,1,0,차대차 - 추돌 - 주정차중,안전운전불이행,건조,맑음,단일로 - 기타,승용,남,26세,상해없음,승용,남,29세,중상
2015021500100059,2015년 2월 15일 03시,일요일,경상남도 거제시 아주동,중상사고,0,1,0,0,차대차 - 추돌 - 진행중,안전운전불이행,건조,맑음,기타 - 기타,승용,여,36세,상해없음,이륜,남,23세,중상
2015021500100060,2015년 2월 15일 03시,일요일,경상남도 김해시 장유면,경상사고,0,0,1,0,차대차 - 측면직각충돌,신호위반,건조,맑음,교차로 - 교차로안,승용,남,22세,상해없음,승용,남,27세,경상
2015021500100070,2015년 2월 15일 04시,일요일,경상남도 창원시 마산회원구 합성동,중상사고,0,1,0,0,차대차 - 기타,안전운전불이행,건조,맑음,단일로 - 기타,승용,남,28세,중상,건설기계,남,53세,상해없음
2015021500100111,2015년 2월 15일 07시,일요일,경상남도 통영시 무전동,중상사고,0,1,0,0,차대사람 - 횡단중,안전운전불이행,건조,맑음,교차로 - 교차로부근,승용,남,66세,상해없음,보행자,남,37세,중상
2015021500100112,2015년 2월 15일 07시,일요일,경상남도 창녕군 창녕읍,중상사고,0,1,0,0,차대차 - 측면직각충돌,교차로운행방법위반,건조,맑음,교차로 - 교차로안,승용,남,32세,상해없음,화물,남,47세,중상
2015021500100132,2015년 2월 15일 08시,일요일,경상남도 김해시 장유면,중상사고,0,1,0,0,차대사람 - 보도통행중,보행자보호의무위반,건조,맑음,교차로 - 교차로부근,승용,여,39세,상해없음,보행자,남,67세,중상
2015021500100143,2015년 2월 15일 09시,일요일,경상남도 양산시 물금읍,경상사고,0,0,1,0,차대차 - 추돌 - 주정차중,안전거리미확보,건조,흐림,교차로 - 교차로부근,승용,남,26세,상해없음,건설기계,남,36세,경상
2015021500100168,2015년 2월 15일 10시,일요일,경상남도 통영시 서호동,중상사고,0,1,3,0,차대차 - 측면직각충돌,직진우회전진행방해,건조,맑음,교차로 - 교차로안,승용,여,23세,상해없음,승용,남,54세,경상
2015021500100169,2015년 2월 15일 10시,일요일,경상남도 거제시 고현동,경상사고,0,0,1,0,차대사람 - 기타,안전운전불이행,건조,맑음,단일로 - 기타,기타불명,기타불명,기타불명,기타불명,보행자,여,76세,경상
2015021500100170,2015년 2월 15일 10시,일요일,경상남도 의령군 부림면,경상사고,0,0,1,0,차대차 - 추돌 - 진행중,안전운전불이행,건조,맑음,단일로 - 기타,승용,남,42세,기타불명,화물,남,58세,경상
2015021500100213,2015년 2월 15일 13시,일요일,경상남도 통영시 항남동,경상사고,0,0,1,0,차대차 - 추돌 - 진행중,안전운전불이행,건조,맑음,교차로 - 교차로안,화물,남,54세,상해없음,승용,남,52세,경상
2015021500100214,2015년 2월 15일 13시,일요일,경상남도 양산시 동면,경상사고,0,0,2,0,차대차 - 기타,안전운전불이행,건조,맑음,교차로 - 교차로부근,승용,남,38세,상해없음,승용,여,34세,경상
2015021500100215,2015년 2월 15일 13시,일요일,경상남도 양산시 삼호동,경상사고,0,0,1,0,차대차 - 측면직각충돌,교차로운행방법위반,건조,맑음,교차로 - 교차로안,승용,남,45세,상해없음,승용,남,49세,경상