사고번호,사고일시,요일,시군구,사고내용,사망자수,중상자수,경상자수,부상신고자수,사고유형,법규위반,노면상태,기상상태,도로형태,가해운전자 차종,가해운전자 성별,가해운전자 연령,가해운전자 상해정도,피해운전자 차종,피해운전자 성별,피해운전자 연령,피해운전자 상해정도
2015021800100314,2015년 2월 18일 19시,수요일,경상남도 창원시 마산합포구 신포동2가,경상사고,0,0,2,0,차대차 - 측면직각충돌,신호위반,건조,맑음,교차로 - 교차로안,승용,여,60세,상해없음,승용,남,64세,상해없음
2015021800100332,2015년 2월 18일 20시,수요일,경상남도 진주시 상대동,경상사고,0,0,1,0,차대차 - 측면직각충돌,신호위반,건조,맑음,단일로 - 기타,원동기,남,16세,경상,승용,여,48세,상해없음
2015021800100333,2015년 2월 18일 20시,수요일,경상남도 진주시 칠암동,중상사고,0,1,0,0,차대사람 - 횡단중,안전운전불이행,건조,맑음,단일로 - 기타,원동기,남,35세,상해없음,보행자,남,69세,중상
2015021800100334,2015년 2월 18일 20시,수요일,경상남도 김해시 외동,경상사고,0,0,2,0,차대차 - 측면직각충돌,신호위반,건조,맑음,교차로 - 교차로안,승용,남,43세,상해없음,승용,여,49세,경상
2015021800100335,2015년 2월 18일 20시,수요일,경상남도 거제시 장목면,중상사고,0,1,0,0,차대차 - 정면충돌,중앙선침범,건조,맑음,단일로 - 기타,승용,남,49세,상해없음,승용,남,33세,중상
2015021800100376,2015년 2월 18일 22시,수요일,경상남도 함안군 가야읍,경상사고,0,0,1,0,차대차 - 측면직각충돌,안전거리미확보,건조,맑음,단일로 - 기타,승용,남,58세,상해없음,이륜,남,48세,경상
2015021800100381,2015년 2월 18일 23시,수요일,경상남도 양산시 북정동,경상사고,0,0,3,0,차대차 - 기타,안전운전불이행,건조,맑음,단일로 - 기타,승용,남,28세,상해없음,승용,남,31세,경상
2015021900100016,2015년 2월 19일 00시,목요일,경상남도 밀양시 내이동,중상사고,0,1,2,0,차대차 - 측면직각충돌,교차로운행방법위반,건조,맑음,교차로 - 교차로안,승용,남,20세,상해없음,승용,남,54세,경상
2015021900100017,2015년 2월 19일 00시,목요일,경상남도 창원시 마산회원구 봉암동,경상사고,0,0,4,0,차대차 - 측면직각충돌,신호위반,건조,맑음,교차로 - 교차로안,승용,남,57세,상해없음,승용,남,58세,경상
2015021900100029,2015년 2월 19일 01시,목요일,경상남도 함안군 칠서면,중상사고,0,1,0,0,차량단독 - 전도전복,안전운전불이행,건조,맑음,교차로 - 교차로안,승용,남,21세,중상,,,,
2015021900100036,2015년 2월 19일 02시,목요일,경상남도 밀양시 상남면,경상사고,0,0,1,0,차대차 - 측면직각충돌,불법유턴,건조,맑음,단일로 - 기타,승용,남,39세,상해없음,승용,남,46세,경상
2015021900100081,2015년 2월 19일 09시,목요일,경상남도 김해시 대동면,중상사고,0,1,0,0,차량단독 - 공작물충돌,안전운전불이행,건조,맑음,교차로 - 교차로부근,승용,남,62세,중상,,,,
2015021900100095,2015년 2월 19일 10시,목요일,경상남도 통영시 무전동,중상사고,0,2,0,0,차대차 - 추돌 - 주정차중,안전운전불이행,건조,맑음,단일로 - 기타,화물,남,44세,상해없음,승용,남,50세,중상
2015021900100096,2015년 2월 19일 10시,목요일,경상남도 양산시 동면,경상사고,0,0,5,0,차대차 - 기타,안전운전불이행,건조,맑음,교차로 - 교차로부근,승용,남,30세,경상,승용,남,30세,경상
2015021900100114,2015년 2월 19일 11시,목요일,경상남도 창원시 마산합포구 진동면,경상사고,0,0,4,0,차대차 - 추돌 - 주정차중,안전운전불이행,건조,맑음,단일로 - 기타,승용,남,44세,상해없음,승용,남,58세,경상
2015021900100115,2015년 2월 19일 11시,목요일,경상남도 거창군 남상면,경상사고,0,0,2,0,차대차 - 측면직각충돌,중앙선침범,건조,맑음,단일로 - 기타,화물,남,54세,상해없음,승용,남,55세,경상
2015021900100131,2015년 2월 19일 12시,목요일,경상남도 통영시 무전동,경상사고,0,0,4,2,차대차 - 추돌 - 주정차중,안전운전불이행,건조,맑음,단일로 - 기타,승용,남,58세,상해없음,승용,남,50세,경상
2015021900100132,2015년 2월 19일 12시,목요일,경상남도 창원시 성산구 귀곡동,중상사고,0,2,0,0,차대차 - 추돌 - 주정차중,안전운전불이행,건조,맑음,단일로 - 기타,승용,남,33세,상해없음,승용,남,35세,중상
2015021900100157,2015년 2월 19일 13시,목요일,경상남도 사천시 노룡동,경상사고,0,0,1,0,차대차 - 추돌 - 주정차중,안전운전불이행,건조,맑음,단일로 - 기타,승용,남,45세,상해없음,승용,남,33세,경상
2015021900100158,2015년 2월 19일 13시,목요일,경상남도 양산시 명곡동,중상사고,0,1,3,0,차대차 - 측면직각충돌,중앙선침범,건조,맑음,단일로 - 기타,승용,남,33세,상해없음,승용,남,33세,경상
2015021900100179,2015년 2월 19일 14시,목요일,경상남도 창원시 마산회원구 내서읍,중상사고,0,2,1,0,차대차 - 추돌 - 진행중,안전운전불이행,건조,맑음,단일로 - 기타,화물,남,55세,상해없음,승용,남,28세,중상
2015021900100180,2015년 2월 19일 14시,목요일,경상남도 함안군 군북면,경상사고,0,0,2,0,차대차 - 추돌 - 진행중,안전운전불이행,건조,맑음,단일로 - 기타,승용,남,36세,상해없음,화물,남,50세,경상
2015021900100203,2015년 2월 19일 15시,목요일,경상남도 진주시 가좌동,중상사고,0,2,0,0,차대차 - 추돌 - 주정차중,안전운전불이행,건조,맑음,단일로 - 기타,승용,남,58세,상해없음,승용,남,40세,중상
2015021900100204,2015년 2월 19일 15시,목요일,경상남도 거제시 고현동,경상사고,0,0,4,0,차대차 - 추돌 - 주정차중,안전거리미확보,건조,맑음,단일로 - 기타,승용,남,54세,상해없음,승용,여,44세,경상
2015021900100227,2015년 2월 19일 16시,목요일,경상남도 통영시 미수동,중상사고,0,1,0,0,차대차 - 측면직각충돌,직진우회전진행방해,건조,맑음,교차로 - 교차로안,승용,남,57세,상해없음,이륜,남,60세,중상
2015021900100228,2015년 2월 19일 16시,목요일,경상남도 양산시 삼호동,경상사고,0,0,2,0,차대차 - 측면직각충돌,교차로운행방법위반,건조,맑음,교차로 - 교차로안,승용,남,24세,상해없음,승용,남,59세,경상
2015021900100240,2015년 2월 19일 17시,목요일,경상남도 진주시 초전동,경상사고,0,0,1,0,차대차 - 기타,신호위반,건조,맑음,교차로 - 교차로안,승용,여,28세,상해없음,승용,남,31세,경상
2015021900100241,2015년 2월 19일 17시,목요일,경상남도 통영시 봉평동,중상사고,0,2,0,0,차대차 - 측면직각충돌,신호위반,건조,맑음,교차로 - 교차로안,승용,여,47세,상해없음,승용,여,50세,중상
2015021900100266,2015년 2월 19일 18시,목요일,경상남도 사천시 송포동,경상사고,0,0,1,0,차대차 - 측면직각충돌,신호위반,건조,맑음,단일로 - 기타,승용,남,34세,상해없음,승용,남,40세,상해없음
2015021900100267,2015년 2월 19일 18시,목요일,경상남도 거제시 사등면,중상사고,0,3,2,0,차대차 - 측면직각충돌,안전운전불이행,건조,맑음,교차로 - 교차로부근,승용,남,47세,상해없음,승용,남,33세,경상
2015021900100280,2015년 2월 19일 19시,목요일,경상남도 창원시 마산합포구 우산동,경상사고,0,0,6,0,차대차 - 추돌 - 진행중,안전운전불이행,건조,맑음,단일로 - 기타,승합,남,64세,상해없음,승합,남,55세,경상
2015021900100281,2015년 2월 19일 19시,목요일,경상남도 양산시 다방동,경상사고,0,0,2,1,차대차 - 기타,신호위반,건조,맑음,교차로 - 교차로안,승용,여,39세,상해없음,승용,남,32세,경상
2015021900100282,2015년 2월 19일 19시,목요일,경상남도 양산시 물금읍,경상사고,0,0,1,0,차대사람 - 기타,안전운전불이행,건조,맑음,단일로 - 기타,승용,남,67세,상해없음,보행자,남,39세,경상
2015021900100303,2015년 2월 19일 20시,목요일,경상남도 창원시 의창구 북면,경상사고,0,0,1,0,차대차 - 추돌 - 진행중,안전운전불이행,건조,맑음,단일로 - 기타,승용,남,21세,상해없음,화물,남,69세,경상
2015021900100316,2015년 2월 19일 21시,목요일,경상남도 사천시 벌리동,경상사고,0,0,1,0,차대차 - 추돌 - 주정차중,안전운전불이행,건조,맑음,교차로 - 교차로부근,승용,남,56세,상해없음,승용,여,28세,경상
2015021900100317,2015년 2월 19일 21시,목요일,경상남도 김해시 어방동,중상사고,0,1,0,0,차대사람 - 횡단중,안전운전불이행,건조,맑음,단일로 - 기타,승용,남,32세,상해없음,보행자,남,56세,중상
2015021900100331,2015년 2월 19일 22시,목요일,경상남도 진주시 이현동,중상사고,0,1,0,0,차대차 - 기타,신호위반,건조,맑음,교차로 - 교차로안,승용,여,55세,기타불명,승용,남,69세,중상
2015022000100013,2015년 2월 20일 00시,금요일,경상남도 통영시 용남면,중상사고,0,1,1,0,차대차 - 추돌 - 주정차중,안전운전불이행,건조,맑음,교차로 - 교차로부근,승용,남,34세,상해없음,승용,남,49세,중상
2015022000100014,2015년 2월 20일 00시,금요일,경상남도 거제시 연초면,중상사고,0,4,2,0,차대차 - 측면직각충돌,신호위반,건조,맑음,교차로 - 교차로안,승용,남,21세,상해없음,승합,남,29세,중상
2015022000100023,2015년 2월 20일 01시,금요일,경상남도 창원시 마산합포구 교방동,경상사고,0,0,1,0,차대차 - 추돌 - 주정차중,안전운전불이행,건조,맑음,단일로 - 기타,승용,남,31세,상해없음,승용,남,56세,경상
2015022000100034,2015년 2월 20일 03시,금요일,경상남도 창원시 마산합포구 오동동,경상사고,0,0,3,0,차대차 - 기타,안전운전불이행,건조,맑음,단일로 - 기타,승용,남,53세,상해없음,승용,남,50세,상해없음
2015022000100044,2015년 2월 20일 04시,금요일,경상남도 김해시 주촌면,경상사고,0,0,1,0,차대차 - 정면충돌,안전운전불이행,건조,맑음,교차로 - 교차로안,기타불명,기타불명,기타불명,기타불명,승용,남,57세,경상
2015022000100049,2015년 2월 20일 05시,금요일,경상남도 양산시 하북면,경상사고,0,0,1,0,차대차 - 측면직각충돌,교차로운행방법위반,건조,맑음,교차로 - 교차로안,승용,여,51세,경상,승합,남,52세,상해없음
2015022000100067,2015년 2월 20일 07시,금요일,경상남도 창원시 진해구 이동,경상사고,0,0,5,0,차대차 - 측면직각충돌,안전운전불이행,건조,맑음,교차로 - 교차로안,승용,남,68세,경상,화물,남,54세,경상
2015022000100068,2015년 2월 20일 07시,금요일,경상남도 사천시 송포동,경상사고,0,0,1,0,차대차 - 측면직각충돌,직진우회전진행방해,건조,맑음,교차로 - 교차로안,화물,남,63세,상해없음,화물,남,55세,경상
2015022000100086,2015년 2월 20일 10시,금요일,경상남도 남해군 삼동면,중상사고,0,1,1,0,차대차 - 측면직각충돌,중앙선침범,건조,맑음,단일로 - 기타,승용,여,45세,경상,승용,남,38세,중상
2015022000100119,2015년 2월 20일 12시,금요일,경상남도 통영시 무전동,경상사고,0,0,2,0,차대차 - 추돌 - 주정차중,안전운전불이행,건조,맑음,단일로 - 기타,승용,남,19세,상해없음,승용,남,35세,경상
2015022000100120,2015년 2월 20일 12시,금요일,경상남도 창원시 마산회원구 내서읍,경상사고,0,0,1,0,차대차 - 추돌 - 진행중,안전운전불이행,건조,맑음,단일로 - 기타,승용,남,65세,기타불명,승용,남,63세,경상
2015022000100158,2015년 2월 20일 14시,금요일,경상남도 창원시 마산합포구 진동면,중상사고,0,1,1,0,차대차 - 추돌 - 진행중,안전운전불이행,건조,흐림,단일로 - 기타,승용,여,31세,상해없음,승용,남,27세,경상
2015022000100159,2015년 2월 20일 14시,금요일,경상남도 진주시 신안동,중상사고,0,1,0,0,차대차 - 기타,안전운전불이행,건조,맑음,단일로 - 교량,승용,남,54세,상해없음,자전거,남,54세,중상
2015022000100160,2015년 2월 20일 14시,금요일,경상남도 창녕군 창녕읍,경상사고,0,0,1,0,차대차 - 추돌 - 진행중,안전운전불이행,건조,맑음,교차로 - 교차로안,승용,남,54세,상해없음,원동기,남,65세,경상
2015022000100161,2015년 2월 20일 14시,금요일,경상남도 양산시 하북면,중상사고,0,1,2,0,차대차 - 추돌 - 주정차중,안전거리미확보,건조,맑음,교차로 - 교차로부근,승용,남,29세,상해없음,승용,남,25세,경상
2015022000100183,2015년 2월 20일 15시,금요일,경상남도 통영시 문화동,경상사고,0,0,1,0,차대사람 - 기타,안전운전불이행,건조,맑음,단일로 - 기타,승용,여,44세,상해없음,보행자,여,26세,경상
2015022000100184,2015년 2월 20일 15시,금요일,경상남도 합천군 삼가면,중상사고,0,1,0,0,차대차 - 기타,기타,건조,맑음,단일로 - 기타,화물,남,52세,상해없음,승용,남,40세,상해없음
2015022000100185,2015년 2월 20일 15시,금요일,경상남도 거제시 사등면,경상사고,0,0,2,0,차대차 - 기타,안전운전불이행,건조,맑음,교차로 - 교차로부근,승용,남,71세,상해없음,승합,남,50세,경상
2015022000100186,2015년 2월 20일 15시,금요일,경상남도 남해군 미조면,경상사고,0,0,1,0,차량단독 - 기타,안전운전불이행,건조,맑음,교차로 - 교차로안,이륜,남,35세,경상,,,,
2015022000100209,2015년 2월 20일 16시,금요일,경상남도 창원시 의창구 서상동,경상사고,0,0,1,0,차대차 - 측면직각충돌,교차로운행방법위반,건조,맑음,교차로 - 교차로안,승용,남,55세,상해없음,이륜,남,54세,경상
2015022000100256,2015년 2월 20일 18시,금요일,경상남도 통영시 정량동,경상사고,0,0,2,0,차대차 - 측면직각충돌,직진우회전진행방해,건조,맑음,교차로 - 교차로안,승용,남,58세,상해없음,승용,남,50세,경상
2015022000100257,2015년 2월 20일 18시,금요일,경상남도 합천군 초계면,중상사고,0,1,0,0,차대차 - 측면직각충돌,교차로운행방법위반,건조,맑음,교차로 - 교차로안,승용,여,49세,상해없음,원동기,남,36세,중상
2015022100100094,2015년 2월 21일 09시,토요일,경상남도 양산시 동면,중상사고,0,2,1,0,차대차 - 기타,안전운전불이행,건조,맑음,단일로 - 기타,승용,남,66세,상해없음,승용,여,58세,중상
2015022100100117,2015년 2월 21일 10시,토요일,경상남도 창원시 마산합포구 신포동2가,중상사고,0,1,0,0,차대사람 - 기타,안전운전불이행,습기,비,단일로 - 기타,화물,남,43세,상해없음,보행자,남,62세,중상
2015022100100118,2015년 2월 21일 10시,토요일,경상남도 거제시 문동동,중상사고,0,1,1,0,차대차 - 측면직각충돌,안전운전불이행,건조,맑음,교차로 - 교차로안,승용,남,56세,상해없음,승용,남,50세,상해없음
2015022100100136,2015년 2월 21일 11시,토요일,경상남도 산청군 생초면,중상사고,0,3,4,0,차대차 - 정면충돌,신호위반,습기,비,교차로 - 교차로안,승용,남,49세,상해없음,승용,남,46세,경상
2015022100100151,2015년 2월 21일 12시,토요일,경상남도 통영시 무전동,경상사고,0,0,1,0,차대차 - 추돌 - 주정차중,안전거리미확보,습기,비,교차로 - 교차로부근,화물,남,56세,상해없음,승용,남,55세,경상
2015022100100152,2015년 2월 21일 12시,토요일,경상남도 통영시 무전동,중상사고,0,1,4,0,차대차 - 추돌 - 주정차중,안전운전불이행,습기,비,단일로 - 기타,승용,남,31세,상해없음,승용,여,39세,중상
2015022100100153,2015년 2월 21일 12시,토요일,경상남도 양산시 남부동,경상사고,0,0,1,0,차대사람 - 횡단중,안전운전불이행,건조,맑음,단일로 - 기타,승용,남,44세,상해없음,보행자,남,33세,경상
2015022100100175,2015년 2월 21일 13시,토요일,경상남도 사천시 봉남동,부상신고사고,0,0,0,4,차대차 - 측면직각충돌,안전운전불이행,습기,비,단일로 - 기타,승용,남,26세,상해없음,승용,남,44세,상해없음
2015022100100176,2015년 2월 21일 13시,토요일,경상남도 합천군 합천읍,경상사고,0,0,1,0,차대차 - 측면직각충돌,교차로운행방법위반,습기,비,교차로 - 교차로안,승용,남,56세,상해없음,승용,남,59세,경상
2015022100100177,2015년 2월 21일 13시,토요일,경상남도 함안군 가야읍,중상사고,0,2,3,0,차량단독 - 공작물충돌,안전운전불이행,습기,비,단일로 - 기타,특수,남,44세,중상,,,,
2015022100100204,2015년 2월 21일 14시,토요일,경상남도 창녕군 고암면,경상사고,0,0,1,0,차대차 - 측면직각충돌,직진우회전진행방해,습기,비,교차로 - 교차로안,농기계,남,83세,경상,승용,여,44세,상해없음
2015022100100205,2015년 2월 21일 14시,토요일,경상남도 양산시 원동면,경상사고,0,0,2,0,차대차 - 정면충돌,중앙선침범,건조,맑음,단일로 - 기타,승용,남,69세,상해없음,승용,남,47세,경상
2015022100100268,2015년 2월 21일 17시,토요일,경상남도 하동군 하동읍,중상사고,0,1,0,0,차대사람 - 기타,기타,습기,비,단일로 - 기타,승용,여,44세,상해없음,보행자,여,75세,중상
2015022100100269,2015년 2월 21일 17시,토요일,경상남도 거제시 연초면,경상사고,0,0,2,0,차대차 - 추돌 - 진행중,안전운전불이행,건조,맑음,교차로 - 교차로부근,승용,남,46세,상해없음,승용,남,54세,경상
2015022100100270,2015년 2월 21일 17시,토요일,경상남도 김해시 장유면,경상사고,0,0,2,1,차대차 - 측면직각충돌,안전운전불이행,습기,비,교차로 - 교차로부근,승용,여,45세,상해없음,승용,남,43세,경상
2015022100100295,2015년 2월 21일 18시,토요일,경상남도 통영시 문화동,중상사고,0,1,0,0,차대차 - 측면직각충돌,신호위반,습기,비,단일로 - 기타,이륜,남,19세,중상,승용,남,54세,상해없음
2015022100100296,2015년 2월 21일 18시,토요일,경상남도 김해시 동상동,중상사고,0,1,0,0,차대차 - 정면충돌,신호위반,습기,비,단일로 - 기타,승용,남,49세,상해없음,승용,남,41세,중상
2015022100100297,2015년 2월 21일 18시,토요일,경상남도 김해시 어방동,중상사고,0,1,0,0,차대차 - 정면충돌,신호위반,습기,비,교차로 - 교차로안,승용,남,18세,상해없음,이륜,남,42세,중상
2015022100100336,2015년 2월 21일 19시,토요일,경상남도 고성군 거류면,경상사고,0,0,1,0,차대사람 - 길가장자리구역통행중,안전운전불이행,습기,비,단일로 - 기타,화물,남,38세,상해없음,보행자,남,41세,경상
2015022100100337,2015년 2월 21일 19시,토요일,경상남도 창원시 의창구 소답동,중상사고,0,1,0,0,차대사람 - 횡단중,보행자보호의무위반,습기,비,교차로 - 교차로부근,원동기,남,16세,상해없음,보행자,남,63세,중상
2015022100100369,2015년 2월 21일 20시,토요일,경상남도 진주시 계동,중상사고,0,1,0,0,차대사람 - 횡단중,신호위반,습기,비,교차로 - 교차로부근,승합,남,46세,상해없음,보행자,여,26세,중상
2015022100100370,2015년 2월 21일 20시,토요일,경상남도 진주시 초전동,중상사고,0,2,0,0,차대차 - 추돌 - 주정차중,안전운전불이행,습기,비,교차로 - 교차로부근,승용,남,43세,상해없음,승용,여,55세,중상
2015022100100371,2015년 2월 21일 20시,토요일,경상남도 진주시 초전동,중상사고,0,1,0,0,차대사람 - 횡단중,신호위반,습기,비,교차로 - 교차로부근,화물,남,28세,상해없음,보행자,남,19세,중상
2015022100100372,2015년 2월 21일 20시,토요일,경상남도 김해시 내동,중상사고,0,1,0,0,차대사람 - 기타,안전운전불이행,습기,비,단일로 - 기타,승용,남,48세,상해없음,보행자,여,19세,중상
2015022100100405,2015년 2월 21일 21시,토요일,경상남도 창원시 성산구 상남동,경상사고,0,0,1,0,차대차 - 추돌 - 진행중,안전운전불이행,습기,비,단일로 - 기타,승용,남,32세,상해없음,이륜,남,21세,경상
2015022100100406,2015년 2월 21일 21시,토요일,경상남도 창원시 마산회원구 회성동,경상사고,0,0,1,0,차대차 - 추돌 - 주정차중,안전운전불이행,습기,비,단일로 - 기타,승용,남,52세,상해없음,승용,남,57세,상해없음
2015022100100471,2015년 2월 21일 23시,토요일,경상남도 진주시 주약동,중상사고,0,1,0,0,차대차 - 측면직각충돌,안전거리미확보,건조,맑음,교차로 - 교차로부근,승용,남,24세,상해없음,원동기,남,31세,중상
2015022100100472,2015년 2월 21일 23시,토요일,경상남도 김해시 안동,경상사고,0,0,1,0,차대사람 - 차도통행중,안전운전불이행,습기,비,단일로 - 기타,승용,남,53세,상해없음,보행자,남,35세,경상
2015022100100473,2015년 2월 21일 23시,토요일,경상남도 창원시 마산회원구 내서읍,경상사고,0,0,2,0,차대차 - 추돌 - 주정차중,안전운전불이행,습기,비,단일로 - 기타,승용,남,59세,상해없음,화물,남,54세,기타불명
2015022200100044,2015년 2월 22일 01시,일요일,경상남도 양산시 동면,경상사고,0,0,2,0,차대차 - 정면충돌,안전운전불이행,건조,맑음,단일로 - 기타,승용,남,57세,상해없음,승용,남,44세,경상
2015022200100045,2015년 2월 22일 01시,일요일,경상남도 양산시 상북면,경상사고,0,0,1,0,차대차 - 기타,안전거리미확보,건조,맑음,교차로 - 교차로안,승용,남,22세,상해없음,승용,남,29세,상해없음
2015022200100046,2015년 2월 22일 01시,일요일,경상남도 창원시 성산구 내동,중상사고,0,1,0,0,차대사람 - 횡단중,기타,습기,비,단일로 - 기타,승용,남,31세,상해없음,보행자,남,22세,중상
2015022200100070,2015년 2월 22일 03시,일요일,경상남도 창원시 성산구 상남동,경상사고,0,0,1,0,차대사람 - 횡단중,안전운전불이행,습기,비,단일로 - 기타,승용,남,29세,상해없음,보행자,남,41세,경상
2015022200100079,2015년 2월 22일 04시,일요일,경상남도 창원시 성산구 상남동,중상사고,0,1,0,0,차대사람 - 차도통행중,안전운전불이행,습기,비,단일로 - 기타,승용,남,23세,상해없음,보행자,남,34세,중상
2015022200100102,2015년 2월 22일 06시,일요일,경상남도 창원시 마산합포구 월영동,중상사고,0,1,1,0,차대차 - 측면직각충돌,신호위반,습기,비,교차로 - 교차로안,승용,남,22세,상해없음,화물,여,50세,중상
2015022200100128,2015년 2월 22일 09시,일요일,경상남도 양산시 명곡동,경상사고,0,0,1,0,차량단독 - 공작물충돌,안전운전불이행,건조,맑음,단일로 - 기타,승용,여,27세,경상,,,,
2015022200100142,2015년 2월 22일 10시,일요일,경상남도 창원시 의창구 명서동,중상사고,0,1,0,0,차대사람 - 차도통행중,안전운전불이행,습기,흐림,단일로 - 횡단보도부근,승용,남,55세,상해없음,보행자,여,61세,중상
2015022200100151,2015년 2월 22일 11시,일요일,경상남도 창녕군 창녕읍,경상사고,0,0,4,0,차대차 - 기타,안전운전불이행,건조,맑음,단일로 - 기타,화물,남,54세,상해없음,승용,남,42세,경상
2015022200100173,2015년 2월 22일 12시,일요일,경상남도 함안군 칠원읍,경상사고,0,0,1,0,차대차 - 측면직각충돌,안전운전불이행,건조,맑음,단일로 - 기타,승용,여,44세,상해없음,승용,여,48세,경상
2015022200100248,2015년 2월 22일 16시,일요일,경상남도 창원시 마산합포구 해운동,경상사고,0,0,1,0,차대차 - 추돌 - 주정차중,안전운전불이행,건조,맑음,교차로 - 교차로안,승용,남,39세,상해없음,승용,남,67세,경상
2015022200100249,2015년 2월 22일 16시,일요일,경상남도 창원시 의창구 동읍,중상사고,0,1,4,0,차대차 - 추돌 - 진행중,안전거리미확보,건조,맑음,단일로 - 기타,승용,남,38세,경상,승용,남,35세,경상
2015022200100302,2015년 2월 22일 18시,일요일,경상남도 진주시 봉곡동,중상사고,0,1,0,0,차대사람 - 횡단중,보행자보호의무위반,건조,맑음,단일로 - 기타,승용,남,59세,상해없음,보행자,여,21세,중상
2015022200100303,2015년 2월 22일 18시,일요일,경상남도 함안군 칠원읍,경상사고,0,0,3,0,차대차 - 측면직각충돌,안전운전불이행,건조,맑음,단일로 - 기타,승용,남,52세,상해없음,승용,남,42세,경상
2015022200100304,2015년 2월 22일 18시,일요일,경상남도 김해시 장유면,경상사고,0,0,1,0,차대차 - 추돌 - 진행중,안전운전불이행,건조,맑음,단일로 - 기타,승용,남,33세,상해없음,승용,여,38세,경상
2015022200100321,2015년 2월 22일 19시,일요일,경상남도 양산시 중부동,중상사고,0,1,0,0,차대사람 - 횡단중,신호위반,건조,맑음,교차로 - 교차로부근,화물,남,23세,상해없음,보행자,여,61세,중상
2015022200100322,2015년 2월 22일 19시,일요일,경상남도 거제시 장목면,경상사고,0,0,1,0,차대차 - 정면충돌,중앙선침범,건조,맑음,기타 - 기타,승용,여,35세,상해없음,승용,남,56세,경상
2015022200100388,2015년 2월 22일 23시,일요일,경상남도 진주시 평거동,중상사고,0,1,1,0,차대차 - 측면직각충돌,직진우회전진행방해,건조,맑음,교차로 - 교차로안,승용,남,54세,상해없음,승용,남,61세,상해없음
2015022200100389,2015년 2월 22일 23시,일요일,경상남도 거창군 마리면,부상신고사고,0,0,0,1,차대차 - 추돌 - 진행중,안전운전불이행,건조,맑음,단일로 - 기타,승용,남,53세,상해없음,화물,남,19세,부상신고
2015022200100390,2015년 2월 22일 23시,일요일,경상남도 양산시 상북면,중상사고,0,1,0,0,차대차 - 추돌 - 진행중,안전운전불이행,건조,맑음,미분류 - 미분류,승용,여,28세,상해없음,원동기,남,17세,중상
2015022300100020,2015년 2월 23일 01시,월요일,경상남도 진주시 칠암동,중상사고,0,1,0,0,차대차 - 측면직각충돌,안전거리미확보,건조,맑음,단일로 - 기타,승용,남,40세,상해없음,이륜,남,23세,중상
2015022300100021,2015년 2월 23일 01시,월요일,경상남도 창원시 의창구 봉곡동,중상사고,0,1,1,0,차대차 - 측면직각충돌,안전운전불이행,건조,맑음,교차로 - 교차로안,승용,남,52세,상해없음,승용,남,32세,중상
2015022300100052,2015년 2월 23일 06시,월요일,경상남도 창원시 마산합포구 중앙동2가,부상신고사고,0,0,0,1,차대차 - 추돌 - 주정차중,안전운전불이행,건조,맑음,단일로 - 기타,원동기,남,59세,부상신고,화물,남,68세,상해없음
2015022300100053,2015년 2월 23일 06시,월요일,경상남도 거창군 마리면,사망사고,1,1,1,0,차대차 - 정면충돌,중앙선침범,건조,맑음,단일로 - 기타,화물,남,63세,사망,화물,남,54세,중상
2015022300100054,2015년 2월 23일 06시,월요일,경상남도 창원시 마산회원구 회성동,중상사고,0,1,0,0,차대차 - 추돌 - 진행중,안전운전불이행,건조,맑음,단일로 - 기타,화물,남,41세,중상,건설기계,남,57세,상해없음
2015022300100074,2015년 2월 23일 07시,월요일,경상남도 김해시 대동면,중상사고,0,1,0,0,차대차 - 측면직각충돌,중앙선침범,건조,흐림,단일로 - 기타,승용,남,56세,상해없음,자전거,남,63세,중상
2015022300100075,2015년 2월 23일 07시,월요일,경상남도 양산시 물금읍,중상사고,0,2,1,0,차대차 - 측면직각충돌,직진우회전진행방해,건조,맑음,교차로 - 교차로안,화물,남,49세,중상,승용,남,69세,상해없음
2015022300100076,2015년 2월 23일 07시,월요일,경상남도 고성군 구만면,경상사고,0,0,1,0,차대차 - 기타,안전운전불이행,건조,맑음,단일로 - 기타,화물,남,67세,상해없음,화물,남,71세,경상
2015022300100095,2015년 2월 23일 08시,월요일,경상남도 밀양시 상동면,중상사고,0,2,0,0,차대차 - 정면충돌,중앙선침범,건조,맑음,단일로 - 기타,승용,여,56세,중상,승용,여,60세,중상
2015022300100115,2015년 2월 23일 09시,월요일,경상남도 밀양시 삼문동,경상사고,0,0,1,0,차대차 - 정면충돌,교차로운행방법위반,건조,맑음,교차로 - 교차로안,승용,여,54세,상해없음,승용,남,52세,경상
2015022300100116,2015년 2월 23일 09시,월요일,경상남도 창원시 성산구 성산동,경상사고,0,0,2,0,차대차 - 측면직각충돌,중앙선침범,건조,맑음,교차로 - 교차로부근,승용,남,62세,상해없음,화물,남,45세,경상
2015022300100135,2015년 2월 23일 10시,월요일,경상남도 사천시 동금동,경상사고,0,0,3,0,차대차 - 측면직각충돌,직진우회전진행방해,건조,맑음,교차로 - 교차로안,승용,여,54세,경상,승용,남,49세,경상
2015022300100136,2015년 2월 23일 10시,월요일,경상남도 사천시 사남면,경상사고,0,0,1,1,차대차 - 측면직각충돌,신호위반,건조,맑음,교차로 - 교차로안,승용,남,64세,상해없음,승용,여,35세,경상