사고번호,사고일시,요일,시군구,사고내용,사망자수,중상자수,경상자수,부상신고자수,사고유형,법규위반,노면상태,기상상태,도로형태,가해운전자 차종,가해운전자 성별,가해운전자 연령,가해운전자 상해정도,피해운전자 차종,피해운전자 성별,피해운전자 연령,피해운전자 상해정도
2015022300100137,2015년 2월 23일 10시,월요일,경상남도 합천군 청덕면,경상사고,0,0,1,0,차량단독 - 전도전복,안전운전불이행,건조,맑음,단일로 - 기타,원동기,남,72세,경상,,,,
2015022300100152,2015년 2월 23일 11시,월요일,경상남도 양산시 덕계동,부상신고사고,0,0,0,1,차대사람 - 기타,안전운전불이행,건조,맑음,교차로 - 교차로부근,건설기계,남,53세,상해없음,보행자,여,76세,부상신고
2015022300100153,2015년 2월 23일 11시,월요일,경상남도 김해시 주촌면,중상사고,0,1,1,0,차대차 - 측면직각충돌,중앙선침범,건조,맑음,단일로 - 기타,승용,남,62세,기타불명,화물,여,56세,중상
2015022300100179,2015년 2월 23일 12시,월요일,경상남도 김해시 삼계동,경상사고,0,0,2,0,차대사람 - 횡단중,안전운전불이행,건조,맑음,교차로 - 교차로안,승용,여,43세,상해없음,보행자,남,55세,경상
2015022300100212,2015년 2월 23일 13시,월요일,경상남도 창원시 마산합포구 중앙동3가,중상사고,0,1,1,0,차대차 - 추돌 - 진행중,안전운전불이행,건조,맑음,단일로 - 기타,승용,남,36세,상해없음,승용,여,43세,경상
2015022300100213,2015년 2월 23일 13시,월요일,경상남도 창원시 마산합포구 교방동,경상사고,0,0,1,0,차대차 - 기타,안전운전불이행,건조,맑음,단일로 - 기타,승용,남,61세,상해없음,이륜,남,48세,경상
2015022300100214,2015년 2월 23일 13시,월요일,경상남도 하동군 화개면,중상사고,0,1,0,0,차대사람 - 기타,안전운전불이행,건조,맑음,단일로 - 기타,화물,남,34세,상해없음,보행자,여,72세,중상
2015022300100215,2015년 2월 23일 13시,월요일,경상남도 거제시 고현동,경상사고,0,0,2,0,차대차 - 기타,차로위반,건조,맑음,교차로 - 교차로안,승용,남,71세,상해없음,승용,여,55세,경상
2015022300100216,2015년 2월 23일 13시,월요일,경상남도 김해시 전하동,중상사고,0,1,2,0,차대차 - 측면직각충돌,교차로운행방법위반,건조,맑음,교차로 - 교차로안,승용,여,39세,상해없음,화물,남,41세,중상
2015022300100267,2015년 2월 23일 15시,월요일,경상남도 사천시 사천읍,경상사고,0,0,1,1,차대차 - 측면직각충돌,직진우회전진행방해,건조,맑음,교차로 - 교차로안,승용,여,40세,경상,승용,남,46세,부상신고
2015022300100293,2015년 2월 23일 16시,월요일,경상남도 창원시 마산합포구 신포동1가,중상사고,0,1,0,0,차대사람 - 횡단중,신호위반,건조,맑음,단일로 - 기타,건설기계,남,55세,상해없음,보행자,남,8세,중상
2015022300100294,2015년 2월 23일 16시,월요일,경상남도 창원시 마산합포구 진동면,경상사고,0,0,1,0,차대차 - 추돌 - 진행중,신호위반,건조,맑음,교차로 - 교차로안,승용,남,30세,상해없음,승용,여,34세,경상
2015022300100295,2015년 2월 23일 16시,월요일,경상남도 산청군 금서면,중상사고,0,1,0,0,차량단독 - 공작물충돌,안전운전불이행,건조,맑음,단일로 - 기타,화물,남,57세,중상,,,,
2015022300100296,2015년 2월 23일 16시,월요일,경상남도 창원시 마산회원구 내서읍,중상사고,0,1,0,0,차대사람 - 횡단중,안전운전불이행,건조,맑음,단일로 - 기타,승용,남,64세,상해없음,보행자,여,89세,중상
2015022300100319,2015년 2월 23일 17시,월요일,경상남도 창원시 마산회원구 합성동,중상사고,0,1,0,0,차대사람 - 횡단중,안전운전불이행,건조,맑음,단일로 - 기타,화물,남,65세,상해없음,보행자,여,70세,중상
2015022300100357,2015년 2월 23일 18시,월요일,경상남도 김해시 외동,중상사고,0,1,0,0,차대차 - 추돌 - 주정차중,안전운전불이행,건조,맑음,교차로 - 교차로안,승합,여,53세,상해없음,원동기,남,53세,중상
2015022300100358,2015년 2월 23일 18시,월요일,경상남도 김해시 부원동,중상사고,0,1,0,0,차대차 - 측면직각충돌,안전운전불이행,건조,맑음,단일로 - 기타,승용,남,34세,상해없음,자전거,남,61세,중상
2015022300100359,2015년 2월 23일 18시,월요일,경상남도 거제시 아주동,중상사고,0,2,1,0,차대차 - 추돌 - 주정차중,안전운전불이행,건조,맑음,단일로 - 기타,승합,남,66세,상해없음,승용,남,32세,중상
2015022300100360,2015년 2월 23일 18시,월요일,경상남도 창원시 의창구 도계동,중상사고,0,1,0,0,차대차 - 측면직각충돌,안전운전불이행,건조,맑음,단일로 - 기타,승용,남,66세,상해없음,원동기,남,51세,중상
2015022300100397,2015년 2월 23일 19시,월요일,경상남도 고성군 하일면,중상사고,0,1,0,0,차대차 - 측면직각충돌,직진우회전진행방해,건조,맑음,교차로 - 교차로안,화물,남,65세,상해없음,자전거,여,65세,중상
2015022300100398,2015년 2월 23일 19시,월요일,경상남도 창원시 마산회원구 내서읍,경상사고,0,0,4,0,차대차 - 정면충돌,안전운전불이행,건조,맑음,교차로 - 교차로안,승용,여,41세,상해없음,승용,남,46세,경상
2015022300100497,2015년 2월 23일 23시,월요일,경상남도 양산시 소주동,경상사고,0,0,1,0,차대차 - 측면직각충돌,교차로운행방법위반,건조,맑음,교차로 - 교차로안,승용,남,29세,상해없음,승용,남,30세,경상
2015022300100498,2015년 2월 23일 23시,월요일,경상남도 거제시 고현동,경상사고,0,0,1,0,차대차 - 측면직각충돌,신호위반,건조,맑음,교차로 - 교차로안,승용,남,29세,상해없음,승용,남,59세,경상
2015022300100499,2015년 2월 23일 23시,월요일,경상남도 함안군 칠원읍,중상사고,0,1,0,0,차대차 - 정면충돌,중앙선침범,건조,맑음,교차로 - 교차로안,승용,남,41세,상해없음,승용,여,54세,중상
2015022400100018,2015년 2월 24일 01시,화요일,경상남도 창원시 마산합포구 상남동,경상사고,0,0,1,0,차대차 - 측면직각충돌,교차로운행방법위반,건조,맑음,교차로 - 교차로안,승용,여,47세,기타불명,승용,남,57세,경상
2015022400100029,2015년 2월 24일 02시,화요일,경상남도 김해시 어방동,중상사고,0,1,0,0,차량단독 - 기타,안전운전불이행,건조,맑음,교차로 - 교차로안,원동기,남,17세,중상,,,,
2015022400100067,2015년 2월 24일 06시,화요일,경상남도 창원시 진해구 석동,경상사고,0,0,1,0,차대사람 - 횡단중,신호위반,건조,맑음,교차로 - 교차로부근,승용,남,48세,기타불명,보행자,여,26세,경상
2015022400100114,2015년 2월 24일 09시,화요일,경상남도 김해시 부원동,사망사고,1,0,0,0,차대차 - 측면직각충돌,직진우회전진행방해,건조,맑음,교차로 - 교차로안,자전거,여,78세,사망,승용,남,64세,상해없음
2015022400100115,2015년 2월 24일 09시,화요일,경상남도 거제시 일운면,중상사고,0,1,0,2,차대차 - 측면직각충돌,교차로운행방법위반,건조,맑음,교차로 - 교차로안,승합,남,55세,상해없음,승용,남,31세,중상
2015022400100116,2015년 2월 24일 09시,화요일,경상남도 거제시 일운면,경상사고,0,0,1,0,차대차 - 정면충돌,안전운전불이행,건조,맑음,단일로 - 기타,승용,남,27세,상해없음,승용,남,63세,상해없음
2015022400100140,2015년 2월 24일 10시,화요일,경상남도 진주시 상대동,중상사고,0,2,0,0,차대차 - 정면충돌,신호위반,건조,맑음,교차로 - 교차로안,승용,여,52세,상해없음,화물,남,59세,중상
2015022400100157,2015년 2월 24일 11시,화요일,경상남도 밀양시 삼랑진읍,경상사고,0,0,1,0,차대사람 - 횡단중,안전운전불이행,건조,맑음,단일로 - 기타,승용,남,60세,상해없음,보행자,남,73세,경상
2015022400100179,2015년 2월 24일 12시,화요일,경상남도 창원시 마산합포구 진북면,중상사고,0,2,0,0,차대차 - 기타,직진우회전진행방해,건조,맑음,교차로 - 교차로안,화물,남,56세,상해없음,승용,남,30세,중상
2015022400100180,2015년 2월 24일 12시,화요일,경상남도 창녕군 도천면,경상사고,0,0,2,0,차대차 - 측면직각충돌,신호위반,건조,맑음,교차로 - 교차로안,승용,남,76세,경상,승용,남,40세,경상
2015022400100209,2015년 2월 24일 13시,화요일,경상남도 창원시 진해구 서중동,중상사고,0,1,0,0,차대사람 - 차도통행중,안전운전불이행,건조,맑음,교차로 - 교차로안,승합,남,49세,상해없음,보행자,여,63세,중상
2015022400100210,2015년 2월 24일 13시,화요일,경상남도 밀양시 가곡동,중상사고,0,1,0,0,차대사람 - 차도통행중,안전운전불이행,건조,맑음,교차로 - 교차로부근,승용,남,46세,상해없음,보행자,여,76세,중상
2015022400100211,2015년 2월 24일 13시,화요일,경상남도 고성군 회화면,경상사고,0,0,1,0,차대차 - 측면직각충돌,안전거리미확보,건조,맑음,단일로 - 기타,승합,남,71세,상해없음,승용,남,51세,경상
2015022400100212,2015년 2월 24일 13시,화요일,경상남도 창원시 마산회원구 합성동,중상사고,0,1,0,0,차대차 - 추돌 - 주정차중,안전운전불이행,건조,맑음,단일로 - 기타,승용,남,60세,상해없음,승용,여,31세,중상
2015022400100213,2015년 2월 24일 13시,화요일,경상남도 함안군 가야읍,중상사고,0,1,0,0,차대차 - 추돌 - 진행중,안전운전불이행,건조,맑음,단일로 - 기타,화물,남,58세,상해없음,화물,남,44세,중상
2015022400100241,2015년 2월 24일 14시,화요일,경상남도 사천시 용현면,경상사고,0,0,2,0,차대차 - 추돌 - 진행중,안전운전불이행,건조,맑음,단일로 - 기타,승용,여,44세,상해없음,승용,여,39세,경상
2015022400100273,2015년 2월 24일 15시,화요일,경상남도 합천군 삼가면,경상사고,0,0,1,0,차대차 - 정면충돌,중앙선침범,건조,맑음,단일로 - 기타,원동기,남,88세,경상,화물,남,59세,상해없음
2015022400100274,2015년 2월 24일 15시,화요일,경상남도 창원시 마산회원구 석전동,경상사고,0,0,1,0,차대사람 - 기타,안전운전불이행,건조,맑음,단일로 - 기타,승용,여,32세,상해없음,보행자,남,68세,경상
2015022400100311,2015년 2월 24일 16시,화요일,경상남도 진주시 판문동,경상사고,0,0,1,0,차대사람 - 횡단중,안전운전불이행,건조,맑음,단일로 - 기타,화물,남,46세,상해없음,보행자,남,4세,경상
2015022400100312,2015년 2월 24일 16시,화요일,경상남도 김해시 외동,중상사고,0,1,0,0,차대사람 - 차도통행중,안전운전불이행,건조,맑음,단일로 - 기타,화물,남,60세,상해없음,보행자,여,68세,중상
2015022400100338,2015년 2월 24일 17시,화요일,경상남도 김해시 풍유동,경상사고,0,0,1,0,차대차 - 추돌 - 주정차중,안전운전불이행,건조,맑음,단일로 - 기타,승용,남,52세,상해없음,화물,남,54세,경상
2015022400100372,2015년 2월 24일 18시,화요일,경상남도 진주시 상대동,중상사고,0,1,0,0,차대차 - 측면직각충돌,교차로운행방법위반,건조,맑음,교차로 - 교차로안,승용,남,54세,상해없음,화물,남,38세,중상
2015022400100373,2015년 2월 24일 18시,화요일,경상남도 진주시 가좌동,경상사고,0,0,3,0,차대차 - 추돌 - 주정차중,안전운전불이행,건조,맑음,교차로 - 교차로부근,승용,남,49세,상해없음,승용,남,42세,경상
2015022400100374,2015년 2월 24일 18시,화요일,경상남도 김해시 상동면,중상사고,0,2,0,0,차대차 - 추돌 - 진행중,안전거리미확보,건조,맑음,단일로 - 기타,승합,남,27세,상해없음,농기계,남,53세,중상
2015022400100375,2015년 2월 24일 18시,화요일,경상남도 창원시 마산회원구 내서읍,경상사고,0,0,1,0,차대차 - 추돌 - 진행중,안전운전불이행,건조,맑음,단일로 - 기타,승용,남,41세,상해없음,승용,남,18세,경상
2015022400100376,2015년 2월 24일 18시,화요일,경상남도 창원시 의창구 대산면,중상사고,0,1,0,0,차대차 - 추돌 - 진행중,안전거리미확보,건조,맑음,단일로 - 기타,화물,남,41세,상해없음,화물,남,61세,중상
2015022400100411,2015년 2월 24일 19시,화요일,경상남도 김해시 대동면,중상사고,0,1,0,0,차대차 - 추돌 - 주정차중,안전거리미확보,건조,맑음,단일로 - 기타,승용,남,41세,상해없음,화물,남,42세,중상
2015022400100412,2015년 2월 24일 19시,화요일,경상남도 김해시 대동면,중상사고,0,1,0,0,차대차 - 기타,안전운전불이행,건조,맑음,미분류 - 미분류,승용,남,35세,중상,승용,남,58세,상해없음
2015022400100440,2015년 2월 24일 20시,화요일,경상남도 거제시 장평동,부상신고사고,0,0,0,1,차대차 - 기타,기타,건조,맑음,단일로 - 기타,승용,남,48세,기타불명,이륜,남,46세,부상신고
2015022400100441,2015년 2월 24일 20시,화요일,경상남도 함안군 칠서면,사망사고,1,0,0,0,차대사람 - 횡단중,안전운전불이행,건조,맑음,단일로 - 기타,승용,남,44세,상해없음,보행자,여,57세,사망
2015022400100471,2015년 2월 24일 21시,화요일,경상남도 진주시 칠암동,경상사고,0,0,1,0,차대사람 - 차도통행중,안전운전불이행,건조,맑음,단일로 - 기타,승용,남,59세,상해없음,보행자,여,60세,경상
2015022400100472,2015년 2월 24일 21시,화요일,경상남도 합천군 합천읍,부상신고사고,0,0,0,1,차량단독 - 기타,안전운전불이행,건조,맑음,단일로 - 기타,이륜,남,47세,부상신고,,,,
2015022400100473,2015년 2월 24일 21시,화요일,경상남도 거제시 연초면,중상사고,0,1,0,0,차대차 - 추돌 - 주정차중,안전운전불이행,건조,맑음,단일로 - 기타,화물,남,52세,상해없음,승용,남,57세,중상
2015022400100474,2015년 2월 24일 21시,화요일,경상남도 김해시 한림면,경상사고,0,0,1,0,차대차 - 추돌 - 주정차중,안전운전불이행,건조,맑음,단일로 - 기타,화물,남,67세,상해없음,화물,남,37세,경상
2015022400100503,2015년 2월 24일 22시,화요일,경상남도 통영시 광도면,경상사고,0,0,1,0,차대차 - 측면직각충돌,안전운전불이행,건조,맑음,단일로 - 기타,승용,기타불명,기타불명,기타불명,승용,남,54세,경상
2015022400100504,2015년 2월 24일 22시,화요일,경상남도 사천시 송포동,경상사고,0,0,1,0,차대사람 - 횡단중,안전운전불이행,건조,맑음,단일로 - 기타,승용,여,48세,상해없음,보행자,남,60세,경상
2015022400100505,2015년 2월 24일 22시,화요일,경상남도 김해시 내동,경상사고,0,0,1,0,차대사람 - 기타,안전운전불이행,건조,맑음,교차로 - 교차로부근,화물,남,52세,상해없음,보행자,남,42세,경상
2015022400100506,2015년 2월 24일 22시,화요일,경상남도 창원시 마산합포구 산호동,경상사고,0,0,1,0,차대차 - 정면충돌,신호위반,건조,맑음,교차로 - 교차로안,승용,남,33세,상해없음,승용,남,59세,경상
2015022400100528,2015년 2월 24일 23시,화요일,경상남도 진주시 옥봉동,중상사고,0,1,0,0,차대차 - 기타,신호위반,건조,맑음,교차로 - 교차로안,승용,여,32세,상해없음,이륜,남,68세,중상
2015022400100529,2015년 2월 24일 23시,화요일,경상남도 창원시 진해구 여좌동,경상사고,0,0,1,0,차대차 - 측면직각충돌,교차로운행방법위반,건조,맑음,교차로 - 교차로안,승용,남,41세,상해없음,화물,남,57세,경상
2015022400100530,2015년 2월 24일 23시,화요일,경상남도 밀양시 내이동,중상사고,0,1,0,0,차대차 - 측면직각충돌,교차로운행방법위반,건조,맑음,교차로 - 교차로안,승용,남,54세,상해없음,이륜,남,58세,중상
2015022500100030,2015년 2월 25일 02시,수요일,경상남도 창원시 성산구 상남동,경상사고,0,0,2,0,차대차 - 측면직각충돌,교차로운행방법위반,건조,맑음,교차로 - 교차로안,승용,남,54세,기타불명,승용,남,34세,경상
2015022500100080,2015년 2월 25일 07시,수요일,경상남도 창원시 의창구 소계동,중상사고,0,1,0,0,차대차 - 기타,교차로운행방법위반,건조,맑음,교차로 - 교차로안,승용,남,61세,상해없음,승용,여,55세,중상
2015022500100081,2015년 2월 25일 07시,수요일,경상남도 창원시 의창구 동읍,경상사고,0,0,1,0,차대차 - 추돌 - 진행중,안전운전불이행,건조,맑음,단일로 - 기타,화물,남,51세,상해없음,승용,남,49세,경상
2015022500100109,2015년 2월 25일 08시,수요일,경상남도 사천시 사천읍,중상사고,0,1,0,0,차대차 - 측면직각충돌,불법유턴,건조,맑음,단일로 - 기타,화물,남,54세,상해없음,승용,남,22세,중상
2015022500100110,2015년 2월 25일 08시,수요일,경상남도 창원시 의창구 도계동,중상사고,0,1,0,0,차대차 - 기타,안전거리미확보,건조,맑음,단일로 - 기타,승합,남,48세,상해없음,승용,남,54세,상해없음
2015022500100111,2015년 2월 25일 08시,수요일,경상남도 김해시 전하동,중상사고,0,1,0,0,차대차 - 측면직각충돌,안전운전불이행,건조,맑음,교차로 - 교차로안,승용,여,48세,상해없음,승용,여,50세,중상
2015022500100112,2015년 2월 25일 08시,수요일,경상남도 창원시 마산회원구 두척동,중상사고,0,1,0,0,차대차 - 기타,기타,건조,맑음,단일로 - 기타,화물,남,48세,상해없음,화물,남,54세,상해없음
2015022500100137,2015년 2월 25일 09시,수요일,경상남도 사천시 사천읍,중상사고,0,1,0,0,차대차 - 측면직각충돌,중앙선침범,건조,맑음,단일로 - 기타,농기계,남,72세,중상,건설기계,남,49세,상해없음
2015022500100138,2015년 2월 25일 09시,수요일,경상남도 양산시 동면,경상사고,0,0,2,0,차대차 - 정면충돌,중앙선침범,건조,맑음,교차로 - 교차로부근,화물,남,47세,경상,승용,남,32세,경상
2015022500100196,2015년 2월 25일 11시,수요일,경상남도 사천시 벌리동,경상사고,0,0,1,0,차대사람 - 차도통행중,안전운전불이행,건조,맑음,단일로 - 기타,승용,남,34세,상해없음,보행자,남,36세,경상
2015022500100217,2015년 2월 25일 12시,수요일,경상남도 거제시 옥포동,중상사고,0,1,0,0,차대차 - 측면직각충돌,안전운전불이행,건조,맑음,교차로 - 교차로안,승용,여,44세,기타불명,원동기,남,30세,중상
2015022500100218,2015년 2월 25일 12시,수요일,경상남도 창원시 성산구 대방동,경상사고,0,0,1,0,차대사람 - 기타,안전운전불이행,건조,맑음,단일로 - 기타,승용,남,53세,상해없음,보행자,남,52세,경상
2015022500100236,2015년 2월 25일 13시,수요일,경상남도 김해시 삼계동,중상사고,0,1,0,0,차대사람 - 횡단중,안전운전불이행,건조,맑음,단일로 - 기타,승용,여,68세,상해없음,보행자,남,10세,중상
2015022500100237,2015년 2월 25일 13시,수요일,경상남도 김해시 동상동,경상사고,0,0,1,0,차대사람 - 길가장자리구역통행중,안전운전불이행,건조,맑음,단일로 - 기타,승용,여,58세,상해없음,보행자,남,42세,경상
2015022500100274,2015년 2월 25일 14시,수요일,경상남도 양산시 동면,경상사고,0,0,1,3,차대차 - 측면직각충돌,교차로운행방법위반,건조,흐림,교차로 - 교차로안,승용,남,65세,부상신고,승용,여,30세,경상
2015022500100275,2015년 2월 25일 14시,수요일,경상남도 창원시 마산회원구 내서읍,경상사고,0,0,1,0,차대차 - 추돌 - 진행중,안전운전불이행,건조,맑음,단일로 - 기타,승용,남,55세,상해없음,승용,남,73세,경상
2015022500100305,2015년 2월 25일 15시,수요일,경상남도 창원시 진해구 이동,경상사고,0,0,2,0,차대차 - 추돌 - 주정차중,안전거리미확보,건조,맑음,단일로 - 기타,승용,남,29세,기타불명,화물,남,31세,기타불명
2015022500100325,2015년 2월 25일 16시,수요일,경상남도 김해시 장유면,중상사고,0,1,0,0,차대차 - 기타,기타,건조,흐림,단일로 - 기타,화물,남,53세,상해없음,승용,남,49세,중상
2015022500100353,2015년 2월 25일 17시,수요일,경상남도 진주시 가좌동,중상사고,0,1,0,0,차대사람 - 횡단중,안전운전불이행,건조,맑음,교차로 - 교차로부근,이륜,남,37세,상해없음,보행자,여,58세,중상
2015022500100354,2015년 2월 25일 17시,수요일,경상남도 창원시 진해구 용원동,경상사고,0,0,1,0,차대차 - 측면직각충돌,안전운전불이행,건조,맑음,교차로 - 교차로안,자전거,남,21세,경상,승용,여,34세,상해없음
2015022500100355,2015년 2월 25일 17시,수요일,경상남도 창원시 성산구 성주동,경상사고,0,0,1,0,차대차 - 추돌 - 진행중,안전운전불이행,건조,맑음,미분류 - 미분류,승용,남,51세,상해없음,승용,남,55세,경상
2015022500100397,2015년 2월 25일 18시,수요일,경상남도 양산시 삼호동,경상사고,0,0,1,0,차대차 - 측면직각충돌,교차로운행방법위반,건조,맑음,교차로 - 교차로안,승용,남,53세,상해없음,승용,남,54세,경상
2015022500100398,2015년 2월 25일 18시,수요일,경상남도 거제시 고현동,경상사고,0,0,1,0,차대차 - 기타,신호위반,건조,맑음,교차로 - 교차로부근,승용,여,33세,상해없음,승용,여,51세,경상
2015022500100399,2015년 2월 25일 18시,수요일,경상남도 함안군 군북면,경상사고,0,0,1,0,차량단독 - 공작물충돌,안전운전불이행,건조,맑음,단일로 - 기타,이륜,남,73세,경상,,,,
2015022500100432,2015년 2월 25일 19시,수요일,경상남도 거제시 장승포동,중상사고,0,1,0,0,차대사람 - 기타,안전운전불이행,건조,맑음,단일로 - 기타,승용,남,49세,상해없음,보행자,남,39세,중상
2015022500100548,2015년 2월 25일 23시,수요일,경상남도 창원시 마산합포구 월남동1가,경상사고,0,0,1,0,차대사람 - 횡단중,신호위반,건조,맑음,교차로 - 교차로안,승용,남,60세,상해없음,보행자,여,33세,경상
2015022500100549,2015년 2월 25일 23시,수요일,경상남도 김해시 구산동,중상사고,0,1,0,0,차대차 - 측면직각충돌,중앙선침범,건조,맑음,단일로 - 기타,승용,남,44세,상해없음,이륜,남,55세,중상
2015022600100078,2015년 2월 26일 05시,목요일,경상남도 김해시 장유면,중상사고,0,1,1,0,차대차 - 측면직각충돌,안전운전불이행,건조,맑음,교차로 - 교차로안,승용,남,21세,경상,화물,남,59세,상해없음
2015022600100089,2015년 2월 26일 06시,목요일,경상남도 김해시 삼계동,중상사고,0,1,0,0,차대사람 - 기타,안전운전불이행,건조,맑음,교차로 - 교차로안,승합,남,46세,상해없음,보행자,여,79세,중상
2015022600100090,2015년 2월 26일 06시,목요일,경상남도 김해시 장유면,사망사고,1,0,0,0,차대사람 - 차도통행중,안전운전불이행,건조,맑음,교차로 - 교차로부근,승용,남,38세,상해없음,보행자,남,75세,사망
2015022600100128,2015년 2월 26일 08시,목요일,경상남도 창녕군 영산면,중상사고,0,2,0,0,차대차 - 측면직각충돌,직진우회전진행방해,건조,맑음,교차로 - 교차로안,승용,여,59세,상해없음,승용,남,38세,중상
2015022600100145,2015년 2월 26일 09시,목요일,경상남도 밀양시 상남면,경상사고,0,0,1,0,차대차 - 측면직각충돌,교차로운행방법위반,건조,맑음,교차로 - 교차로안,승합,남,57세,상해없음,승용,남,55세,경상
2015022600100174,2015년 2월 26일 10시,목요일,경상남도 창원시 진해구 용원동,경상사고,0,0,1,0,차대차 - 측면직각충돌,안전운전불이행,건조,맑음,단일로 - 기타,승용,여,35세,상해없음,승용,여,38세,경상
2015022600100175,2015년 2월 26일 10시,목요일,경상남도 김해시 전하동,사망사고,1,0,0,0,차대사람 - 길가장자리구역통행중,안전운전불이행,건조,맑음,교차로 - 교차로부근,화물,남,25세,상해없음,보행자,여,83세,사망
2015022600100196,2015년 2월 26일 11시,목요일,경상남도 밀양시 하남읍,경상사고,0,0,1,0,차대차 - 추돌 - 진행중,안전운전불이행,건조,맑음,단일로 - 기타,화물,여,31세,상해없음,승용,여,48세,경상
2015022600100252,2015년 2월 26일 13시,목요일,경상남도 진주시 내동면,중상사고,0,2,0,0,차량단독 - 전도전복,안전운전불이행,건조,맑음,교차로 - 교차로부근,승용,남,59세,상해없음,,,,
2015022600100253,2015년 2월 26일 13시,목요일,경상남도 고성군 상리면,중상사고,0,1,1,0,차대차 - 측면직각충돌,중앙선침범,건조,맑음,단일로 - 기타,승용,남,36세,상해없음,승용,여,56세,중상
2015022600100280,2015년 2월 26일 14시,목요일,경상남도 통영시 광도면,중상사고,0,1,0,0,차대차 - 추돌 - 진행중,안전운전불이행,건조,맑음,단일로 - 기타,승용,남,39세,상해없음,승용,여,48세,중상
2015022600100348,2015년 2월 26일 16시,목요일,경상남도 김해시 진영읍,경상사고,0,0,3,0,차대차 - 추돌 - 진행중,안전운전불이행,건조,맑음,교차로 - 교차로부근,승용,남,50세,상해없음,승용,남,58세,경상
2015022600100349,2015년 2월 26일 16시,목요일,경상남도 김해시 진영읍,경상사고,0,0,2,0,차대차 - 추돌 - 진행중,안전운전불이행,건조,맑음,단일로 - 기타,승합,남,43세,상해없음,화물,남,72세,상해없음
2015022600100373,2015년 2월 26일 17시,목요일,경상남도 진주시 상대동,중상사고,0,1,0,0,차대차 - 측면직각충돌,중앙선침범,건조,맑음,단일로 - 기타,승용,남,23세,상해없음,이륜,남,42세,중상
2015022600100374,2015년 2월 26일 17시,목요일,경상남도 김해시 내동,중상사고,0,1,0,0,차대차 - 측면직각충돌,안전운전불이행,건조,맑음,단일로 - 기타,승용,여,31세,상해없음,자전거,남,81세,중상
2015022600100375,2015년 2월 26일 17시,목요일,경상남도 거창군 거창읍,중상사고,0,1,0,0,차대사람 - 보도통행중,보행자보호의무위반,건조,맑음,단일로 - 기타,이륜,남,63세,상해없음,보행자,여,49세,중상
2015022600100400,2015년 2월 26일 18시,목요일,경상남도 양산시 물금읍,경상사고,0,0,1,0,차대차 - 측면직각충돌,안전운전불이행,건조,맑음,기타 - 기타,승용,여,55세,경상,화물,남,59세,상해없음
2015022600100401,2015년 2월 26일 18시,목요일,경상남도 창원시 마산회원구 회원동,경상사고,0,0,2,0,차대차 - 측면직각충돌,안전운전불이행,건조,맑음,단일로 - 기타,화물,남,39세,상해없음,승용,남,60세,경상
2015022600100402,2015년 2월 26일 18시,목요일,경상남도 김해시 장유면,중상사고,0,1,1,0,차대차 - 정면충돌,안전운전불이행,건조,맑음,교차로 - 교차로안,승용,남,32세,경상,승용,남,57세,중상
2015022600100445,2015년 2월 26일 19시,목요일,경상남도 진주시 칠암동,중상사고,0,1,0,0,차대차 - 측면직각충돌,교차로운행방법위반,건조,맑음,교차로 - 교차로안,승용,여,44세,상해없음,이륜,남,18세,중상
2015022600100446,2015년 2월 26일 19시,목요일,경상남도 창원시 마산회원구 봉암동,경상사고,0,0,1,0,차대차 - 측면직각충돌,안전운전불이행,건조,맑음,단일로 - 기타,원동기,남,33세,경상,승용,남,30세,상해없음
2015022600100474,2015년 2월 26일 20시,목요일,경상남도 거제시 능포동,경상사고,0,0,1,0,차대사람 - 횡단중,안전운전불이행,건조,맑음,교차로 - 교차로안,승용,여,55세,상해없음,보행자,남,24세,경상
2015022600100475,2015년 2월 26일 20시,목요일,경상남도 거제시 사등면,경상사고,0,0,2,0,차대차 - 측면직각충돌,차로위반,건조,맑음,단일로 - 기타,승용,남,43세,상해없음,승용,여,31세,경상
2015022600100524,2015년 2월 26일 22시,목요일,경상남도 통영시 광도면,경상사고,0,0,1,0,차대차 - 측면직각충돌,안전운전불이행,건조,맑음,교차로 - 교차로안,원동기,남,28세,상해없음,원동기,남,50세,경상
2015022600100525,2015년 2월 26일 22시,목요일,경상남도 사천시 정동면,사망사고,1,0,0,0,차대사람 - 길가장자리구역통행중,안전운전불이행,건조,맑음,단일로 - 기타,승용,여,33세,상해없음,보행자,여,68세,사망
2015022600100526,2015년 2월 26일 22시,목요일,경상남도 김해시 부원동,경상사고,0,0,1,0,차대차 - 측면직각충돌,신호위반,건조,맑음,교차로 - 교차로안,승용,남,27세,상해없음,승용,여,46세,경상
2015022700100013,2015년 2월 27일 00시,금요일,경상남도 산청군 산청읍,중상사고,0,1,0,0,차량단독 - 전도전복,안전운전불이행,건조,맑음,단일로 - 기타,화물,남,39세,중상,,,,
2015022700100014,2015년 2월 27일 00시,금요일,경상남도 창원시 의창구 팔용동,경상사고,0,0,1,0,차대차 - 측면직각충돌,안전운전불이행,건조,맑음,교차로 - 교차로안,승용,남,20세,상해없음,승용,남,49세,경상
2015022700100031,2015년 2월 27일 01시,금요일,경상남도 사천시 축동면,경상사고,0,0,3,0,차대차 - 추돌 - 주정차중,안전운전불이행,건조,맑음,단일로 - 기타,승용,여,45세,상해없음,승용,남,54세,경상