사고번호,사고일시,요일,시군구,사고내용,사망자수,중상자수,경상자수,부상신고자수,사고유형,법규위반,노면상태,기상상태,도로형태,가해운전자 차종,가해운전자 성별,가해운전자 연령,가해운전자 상해정도,피해운전자 차종,피해운전자 성별,피해운전자 연령,피해운전자 상해정도
2015022700100043,2015년 2월 27일 02시,금요일,경상남도 김해시 장유면,중상사고,0,1,0,0,차량단독 - 전도전복,안전운전불이행,건조,맑음,단일로 - 기타,승용,남,52세,중상,,,,
2015022700100063,2015년 2월 27일 04시,금요일,경상남도 김해시 삼계동,경상사고,0,0,2,0,차량단독 - 공작물충돌,안전운전불이행,건조,맑음,단일로 - 기타,원동기,남,18세,경상,,,,
2015022700100085,2015년 2월 27일 06시,금요일,경상남도 창원시 마산회원구 회원동,중상사고,0,1,1,0,차대차 - 측면직각충돌,안전운전불이행,건조,맑음,단일로 - 기타,승용,남,38세,상해없음,승용,남,59세,경상
2015022700100120,2015년 2월 27일 08시,금요일,경상남도 통영시 도남동,중상사고,0,1,0,0,차대사람 - 횡단중,안전운전불이행,건조,맑음,단일로 - 기타,승용,남,44세,상해없음,보행자,여,14세,중상
2015022700100121,2015년 2월 27일 08시,금요일,경상남도 사천시 벌리동,부상신고사고,0,0,0,1,차대사람 - 길가장자리구역통행중,안전운전불이행,건조,맑음,교차로 - 교차로안,승용,남,49세,상해없음,보행자,남,36세,부상신고
2015022700100122,2015년 2월 27일 08시,금요일,경상남도 김해시 어방동,경상사고,0,0,1,0,차대차 - 측면직각충돌,안전운전불이행,건조,맑음,교차로 - 교차로부근,승용,여,27세,상해없음,자전거,여,27세,경상
2015022700100123,2015년 2월 27일 08시,금요일,경상남도 하동군 고전면,경상사고,0,0,2,0,차대차 - 정면충돌,중앙선침범,건조,맑음,단일로 - 기타,승용,여,23세,경상,화물,남,62세,경상
2015022700100140,2015년 2월 27일 09시,금요일,경상남도 김해시 흥동,경상사고,0,0,1,0,차대차 - 측면직각충돌,안전운전불이행,건조,맑음,기타 - 기타,승용,남,45세,상해없음,승용,남,27세,경상
2015022700100166,2015년 2월 27일 10시,금요일,경상남도 창원시 마산합포구 남성동,중상사고,0,1,0,0,차대사람 - 횡단중,보행자보호의무위반,건조,맑음,교차로 - 교차로부근,화물,남,58세,상해없음,보행자,여,50세,중상
2015022700100193,2015년 2월 27일 11시,금요일,경상남도 김해시 장유면,경상사고,0,0,1,0,차대차 - 추돌 - 진행중,안전거리미확보,건조,맑음,교차로 - 교차로부근,승용,남,52세,상해없음,승용,남,21세,경상
2015022700100220,2015년 2월 27일 12시,금요일,경상남도 창원시 진해구 용원동,중상사고,0,1,0,0,차대사람 - 차도통행중,안전운전불이행,건조,맑음,교차로 - 교차로안,승용,남,37세,상해없음,보행자,남,62세,중상
2015022700100221,2015년 2월 27일 12시,금요일,경상남도 창원시 진해구 자은동,중상사고,0,1,0,0,차대차 - 측면직각충돌,안전운전불이행,건조,맑음,교차로 - 교차로부근,원동기,남,67세,중상,승용,여,32세,상해없음
2015022700100246,2015년 2월 27일 13시,금요일,경상남도 진주시 내동면,중상사고,0,1,0,0,차대차 - 측면직각충돌,신호위반,건조,맑음,교차로 - 교차로안,이륜,남,22세,중상,승용,여,43세,상해없음
2015022700100247,2015년 2월 27일 13시,금요일,경상남도 창원시 성산구 반림동,경상사고,0,0,1,0,차대사람 - 횡단중,보행자보호의무위반,건조,맑음,단일로 - 횡단보도상,승용,남,66세,상해없음,보행자,여,16세,경상
2015022700100248,2015년 2월 27일 13시,금요일,경상남도 창원시 의창구 명서동,중상사고,0,1,0,0,차대차 - 추돌 - 진행중,안전운전불이행,건조,맑음,단일로 - 횡단보도부근,화물,남,59세,상해없음,자전거,남,31세,중상
2015022700100288,2015년 2월 27일 14시,금요일,경상남도 진주시 중안동,경상사고,0,0,1,0,차대사람 - 횡단중,보행자보호의무위반,건조,맑음,교차로 - 교차로안,자전거,남,73세,상해없음,보행자,여,41세,경상
2015022700100289,2015년 2월 27일 14시,금요일,경상남도 사천시 대방동,경상사고,0,0,1,0,차대사람 - 보도통행중,보행자보호의무위반,건조,맑음,단일로 - 기타,승용,남,67세,상해없음,보행자,남,7세,경상
2015022700100332,2015년 2월 27일 15시,금요일,경상남도 창원시 진해구 석동,경상사고,0,0,1,0,차대사람 - 횡단중,보행자보호의무위반,건조,맑음,교차로 - 교차로안,승용,여,38세,기타불명,보행자,남,7세,경상
2015022700100355,2015년 2월 27일 16시,금요일,경상남도 함안군 칠북면,경상사고,0,0,1,0,차대차 - 추돌 - 진행중,안전거리미확보,건조,맑음,단일로 - 기타,승용,남,46세,상해없음,화물,남,53세,상해없음
2015022700100386,2015년 2월 27일 17시,금요일,경상남도 진주시 상대동,중상사고,0,2,0,0,차대차 - 추돌 - 주정차중,안전거리미확보,건조,맑음,교차로 - 교차로부근,건설기계,남,58세,상해없음,화물,남,45세,중상
2015022700100387,2015년 2월 27일 17시,금요일,경상남도 창원시 진해구 용원동,중상사고,0,1,1,0,차대차 - 정면충돌,신호위반,건조,맑음,교차로 - 교차로안,승용,남,57세,경상,화물,남,41세,중상
2015022700100388,2015년 2월 27일 17시,금요일,경상남도 합천군 삼가면,중상사고,0,1,0,0,차대사람 - 차도통행중,안전운전불이행,건조,맑음,단일로 - 기타,화물,남,45세,상해없음,보행자,여,86세,중상
2015022700100389,2015년 2월 27일 17시,금요일,경상남도 양산시 북부동,부상신고사고,0,0,0,1,차대차 - 측면직각충돌,교차로운행방법위반,건조,맑음,교차로 - 교차로안,승용,남,45세,상해없음,원동기,남,24세,부상신고
2015022700100390,2015년 2월 27일 17시,금요일,경상남도 함안군 칠북면,중상사고,0,1,0,0,차대차 - 측면직각충돌,중앙선침범,건조,맑음,교차로 - 교차로부근,승용,남,53세,상해없음,승용,남,47세,중상
2015022700100430,2015년 2월 27일 18시,금요일,경상남도 사천시 용현면,중상사고,0,1,1,0,차대차 - 측면직각충돌,신호위반,건조,맑음,교차로 - 교차로안,승용,남,45세,경상,승용,여,35세,중상
2015022700100431,2015년 2월 27일 18시,금요일,경상남도 함안군 칠원읍,경상사고,0,0,1,0,차대차 - 측면직각충돌,안전운전불이행,건조,맑음,단일로 - 기타,승용,남,59세,상해없음,특수,남,32세,경상
2015022700100432,2015년 2월 27일 18시,금요일,경상남도 창녕군 계성면,중상사고,0,1,0,0,차대차 - 기타,안전운전불이행,건조,맑음,단일로 - 기타,화물,남,70세,상해없음,승용,남,50세,중상
2015022700100448,2015년 2월 27일 19시,금요일,경상남도 김해시 강동,경상사고,0,0,1,0,차대차 - 기타,안전운전불이행,건조,맑음,단일로 - 기타,승용,남,42세,상해없음,승용,남,28세,경상
2015022700100477,2015년 2월 27일 19시,금요일,경상남도 창원시 마산합포구 완월동,경상사고,0,0,1,0,차대차 - 측면직각충돌,안전운전불이행,건조,맑음,단일로 - 기타,승용,남,44세,상해없음,원동기,남,50세,경상
2015022700100478,2015년 2월 27일 19시,금요일,경상남도 창원시 진해구 석동,중상사고,0,1,0,0,차대사람 - 차도통행중,안전운전불이행,건조,맑음,교차로 - 교차로부근,승용,남,50세,상해없음,보행자,여,30세,중상
2015022700100479,2015년 2월 27일 19시,금요일,경상남도 통영시 도천동,부상신고사고,0,0,0,1,차대차 - 측면직각충돌,안전운전불이행,건조,맑음,교차로 - 교차로부근,자전거,남,32세,부상신고,승용,남,37세,상해없음
2015022700100480,2015년 2월 27일 19시,금요일,경상남도 통영시 미수동,경상사고,0,0,1,0,차대차 - 측면직각충돌,직진우회전진행방해,건조,맑음,교차로 - 교차로안,승용,여,42세,상해없음,이륜,남,32세,경상
2015022700100481,2015년 2월 27일 19시,금요일,경상남도 통영시 광도면,중상사고,0,1,0,0,차대차 - 측면직각충돌,신호위반,건조,맑음,교차로 - 교차로안,승합,남,39세,상해없음,승용,남,50세,중상
2015022700100482,2015년 2월 27일 19시,금요일,경상남도 창원시 의창구 봉곡동,경상사고,0,0,1,0,차대차 - 측면직각충돌,신호위반,건조,맑음,교차로 - 교차로안,승용,남,57세,상해없음,승용,여,51세,경상
2015022700100505,2015년 2월 27일 20시,금요일,경상남도 창원시 진해구 도만동,경상사고,0,0,1,0,차대차 - 측면직각충돌,교차로운행방법위반,건조,맑음,교차로 - 교차로안,승용,남,54세,상해없음,승용,남,38세,경상
2015022700100569,2015년 2월 27일 22시,금요일,경상남도 통영시 도천동,경상사고,0,0,4,0,차대차 - 측면직각충돌,안전운전불이행,건조,맑음,교차로 - 교차로부근,승용,남,20세,상해없음,승용,남,28세,경상
2015022700100570,2015년 2월 27일 22시,금요일,경상남도 사천시 사천읍,경상사고,0,0,3,0,차대차 - 측면직각충돌,신호위반,건조,맑음,교차로 - 교차로안,승용,남,39세,상해없음,승용,남,50세,경상
2015022700100571,2015년 2월 27일 22시,금요일,경상남도 거제시 수월동,경상사고,0,0,1,0,차대차 - 측면직각충돌,교차로운행방법위반,건조,맑음,교차로 - 교차로안,승용,남,29세,상해없음,자전거,남,14세,경상
2015022700100572,2015년 2월 27일 22시,금요일,경상남도 김해시 흥동,중상사고,0,4,0,0,차대차 - 측면직각충돌,불법유턴,건조,맑음,단일로 - 기타,승용,남,55세,중상,승용,남,52세,중상
2015022700100601,2015년 2월 27일 23시,금요일,경상남도 김해시 생림면,중상사고,0,1,0,0,차량단독 - 공작물충돌,안전운전불이행,건조,맑음,교차로 - 교차로부근,승용,남,55세,중상,,,,
2015022700100602,2015년 2월 27일 23시,금요일,경상남도 양산시 덕계동,사망사고,1,0,0,0,차대사람 - 기타,안전운전불이행,건조,맑음,단일로 - 기타,승용,남,45세,상해없음,보행자,남,49세,사망
2015022800100042,2015년 2월 28일 01시,토요일,경상남도 창원시 성산구 상남동,중상사고,0,1,0,0,차대차 - 추돌 - 주정차중,안전운전불이행,건조,맑음,단일로 - 기타,승용,남,32세,상해없음,승용,남,37세,중상
2015022800100117,2015년 2월 28일 07시,토요일,경상남도 고성군 고성읍,경상사고,0,0,1,0,차대차 - 측면직각충돌,신호위반,건조,맑음,교차로 - 교차로안,승용,남,46세,상해없음,화물,남,31세,상해없음
2015022800100118,2015년 2월 28일 07시,토요일,경상남도 남해군 이동면,중상사고,0,1,0,0,차량단독 - 공작물충돌,안전운전불이행,건조,맑음,단일로 - 기타,승용,남,57세,중상,,,,
2015022800100119,2015년 2월 28일 07시,토요일,경상남도 진주시 지수면,경상사고,0,0,2,0,차대차 - 추돌 - 진행중,안전운전불이행,건조,맑음,단일로 - 기타,승용,남,27세,기타불명,승용,남,55세,경상
2015022800100156,2015년 2월 28일 09시,토요일,경상남도 통영시 동호동,경상사고,0,0,1,0,차대사람 - 횡단중,안전운전불이행,건조,흐림,단일로 - 기타,승용,여,51세,상해없음,보행자,여,52세,경상
2015022800100157,2015년 2월 28일 09시,토요일,경상남도 밀양시 상남면,중상사고,0,1,0,0,차대사람 - 길가장자리구역통행중,안전운전불이행,건조,맑음,단일로 - 기타,화물,남,31세,상해없음,보행자,여,81세,중상
2015022800100178,2015년 2월 28일 10시,토요일,경상남도 김해시 장유면,경상사고,0,0,3,0,차대차 - 추돌 - 진행중,안전운전불이행,건조,맑음,단일로 - 기타,승용,여,46세,상해없음,승용,남,37세,경상
2015022800100202,2015년 2월 28일 11시,토요일,경상남도 창원시 마산합포구 성호동,경상사고,0,0,1,0,차대차 - 기타,안전운전불이행,건조,흐림,교차로 - 교차로안,원동기,남,53세,경상,승용,남,28세,상해없음
2015022800100203,2015년 2월 28일 11시,토요일,경상남도 함안군 가야읍,중상사고,0,1,4,0,차대차 - 측면직각충돌,신호위반,건조,맑음,교차로 - 교차로안,승용,남,70세,경상,화물,남,55세,중상
2015022800100259,2015년 2월 28일 13시,토요일,경상남도 합천군 봉산면,중상사고,0,1,0,0,차량단독 - 공작물충돌,안전운전불이행,건조,맑음,단일로 - 기타,화물,남,24세,중상,,,,
2015022800100260,2015년 2월 28일 13시,토요일,경상남도 고성군 삼산면,경상사고,0,0,1,0,차량단독 - 공작물충돌,안전운전불이행,건조,맑음,단일로 - 기타,승용,남,34세,상해없음,,,,
2015022800100312,2015년 2월 28일 15시,토요일,경상남도 창원시 마산합포구 월영동,중상사고,0,1,2,0,차대차 - 측면직각충돌,교차로운행방법위반,건조,흐림,교차로 - 교차로안,승용,남,61세,상해없음,승용,여,58세,경상
2015022800100334,2015년 2월 28일 16시,토요일,경상남도 창원시 마산합포구 중앙동1가,경상사고,0,0,1,0,차대차 - 추돌 - 주정차중,안전운전불이행,건조,흐림,단일로 - 기타,승용,여,52세,상해없음,승용,여,43세,경상
2015022800100335,2015년 2월 28일 16시,토요일,경상남도 창원시 마산합포구 가포동,중상사고,0,1,0,0,차대사람 - 길가장자리구역통행중,안전운전불이행,건조,흐림,단일로 - 기타,화물,남,26세,상해없음,보행자,여,66세,중상
2015022800100336,2015년 2월 28일 16시,토요일,경상남도 창원시 성산구 남산동,경상사고,0,0,2,0,차대차 - 추돌 - 진행중,신호위반,건조,맑음,교차로 - 교차로안,승용,남,30세,상해없음,이륜,남,34세,경상
2015022800100337,2015년 2월 28일 16시,토요일,경상남도 창원시 의창구 봉곡동,경상사고,0,0,1,0,차대차 - 기타,교차로운행방법위반,건조,맑음,교차로 - 교차로안,승용,남,48세,상해없음,이륜,남,51세,경상
2015022800100362,2015년 2월 28일 17시,토요일,경상남도 통영시 무전동,경상사고,0,0,2,0,차대차 - 추돌 - 진행중,안전운전불이행,건조,흐림,교차로 - 교차로부근,승용,여,37세,상해없음,화물,여,48세,경상
2015022800100363,2015년 2월 28일 17시,토요일,경상남도 김해시 어방동,경상사고,0,0,1,0,차대차 - 추돌 - 주정차중,안전운전불이행,건조,맑음,단일로 - 기타,승용,남,27세,상해없음,승용,남,40세,상해없음
2015022800100364,2015년 2월 28일 17시,토요일,경상남도 거제시 장평동,중상사고,0,1,0,0,차대차 - 기타,교차로운행방법위반,건조,맑음,교차로 - 교차로안,승용,남,35세,상해없음,이륜,남,40세,중상
2015022800100365,2015년 2월 28일 17시,토요일,경상남도 창원시 의창구 서상동,경상사고,0,0,1,0,차대차 - 측면직각충돌,신호위반,건조,흐림,교차로 - 교차로안,화물,남,63세,상해없음,승용,남,37세,경상
2015022800100399,2015년 2월 28일 18시,토요일,경상남도 고성군 고성읍,중상사고,0,2,1,0,차대차 - 추돌 - 주정차중,안전운전불이행,건조,맑음,교차로 - 교차로부근,화물,남,66세,상해없음,화물,여,39세,중상
2015022800100447,2015년 2월 28일 19시,토요일,경상남도 창원시 의창구 신월동,중상사고,0,1,0,0,차대차 - 추돌 - 진행중,안전운전불이행,습기,흐림,교차로 - 교차로부근,승용,여,58세,상해없음,이륜,남,39세,중상
2015022800100448,2015년 2월 28일 19시,토요일,경상남도 창원시 마산합포구 산호동,중상사고,0,3,2,0,차대차 - 추돌 - 진행중,안전운전불이행,습기,비,교차로 - 교차로부근,화물,남,58세,상해없음,승용,남,49세,경상
2015022800100449,2015년 2월 28일 19시,토요일,경상남도 진주시 문산읍,경상사고,0,0,1,0,차대차 - 기타,안전운전불이행,습기,비,단일로 - 기타,화물,남,34세,상해없음,승용,남,40세,경상
2015022800100476,2015년 2월 28일 20시,토요일,경상남도 창원시 진해구 석동,경상사고,0,0,4,0,차대차 - 추돌 - 진행중,안전운전불이행,건조,맑음,교차로 - 교차로부근,승용,남,29세,상해없음,승용,남,28세,경상
2015022800100477,2015년 2월 28일 20시,토요일,경상남도 창원시 진해구 화천동,경상사고,0,0,1,0,차대사람 - 횡단중,신호위반,건조,맑음,단일로 - 횡단보도상,승용,남,67세,상해없음,보행자,여,24세,경상
2015022800100478,2015년 2월 28일 20시,토요일,경상남도 김해시 내동,사망사고,1,0,0,0,차대사람 - 횡단중,안전운전불이행,습기,비,교차로 - 교차로안,승용,남,22세,상해없음,보행자,남,54세,사망
2015022800100509,2015년 2월 28일 21시,토요일,경상남도 양산시 물금읍,사망사고,1,1,0,0,차대차 - 추돌 - 진행중,안전운전불이행,습기,비,단일로 - 기타,승용,남,52세,상해없음,승용,남,55세,사망
2015022800100510,2015년 2월 28일 21시,토요일,경상남도 양산시 덕계동,중상사고,0,1,0,0,차대사람 - 횡단중,안전운전불이행,습기,비,교차로 - 교차로부근,승용,남,34세,상해없음,보행자,남,49세,중상
2015022800100511,2015년 2월 28일 21시,토요일,경상남도 창원시 성산구 반림동,경상사고,0,0,2,0,차대차 - 측면직각충돌,안전거리미확보,습기,비,단일로 - 기타,승용,여,49세,상해없음,승용,여,39세,경상
2015022800100512,2015년 2월 28일 21시,토요일,경상남도 김해시 장유면,중상사고,0,1,0,0,차대사람 - 차도통행중,안전운전불이행,습기,비,교차로 - 교차로안,승용,여,42세,상해없음,보행자,남,59세,중상
2015022800100544,2015년 2월 28일 22시,토요일,경상남도 거창군 거창읍,중상사고,0,1,0,0,차대사람 - 횡단중,교차로운행방법위반,습기,눈,교차로 - 교차로안,화물,여,66세,상해없음,보행자,여,82세,중상
2015022800100545,2015년 2월 28일 22시,토요일,경상남도 거제시 장목면,경상사고,0,0,2,0,차대차 - 기타,중앙선침범,습기,흐림,단일로 - 기타,승용,남,69세,상해없음,승용,남,39세,경상
2015022800100546,2015년 2월 28일 22시,토요일,경상남도 창원시 마산회원구 내서읍,경상사고,0,0,1,0,차대차 - 측면직각충돌,안전운전불이행,습기,눈,단일로 - 기타,승용,여,51세,상해없음,원동기,남,17세,경상
2015022800100547,2015년 2월 28일 22시,토요일,경상남도 창원시 의창구 도계동,경상사고,0,0,1,0,차대차 - 기타,중앙선침범,습기,비,단일로 - 기타,승용,남,23세,기타불명,승용,남,63세,경상
2015022800100548,2015년 2월 28일 22시,토요일,경상남도 김해시 장유면,중상사고,0,1,0,0,차대차 - 추돌 - 진행중,안전운전불이행,습기,비,단일로 - 기타,승용,남,42세,상해없음,이륜,남,45세,중상
2015022800100586,2015년 2월 28일 23시,토요일,경상남도 진주시 칠암동,중상사고,0,1,0,0,차대사람 - 횡단중,안전운전불이행,습기,눈,단일로 - 기타,승용,여,55세,상해없음,보행자,여,20세,중상
2015022800100587,2015년 2월 28일 23시,토요일,경상남도 밀양시 산내면,중상사고,0,1,0,0,차대차 - 추돌 - 진행중,안전운전불이행,적설,눈,단일로 - 기타,승용,남,57세,상해없음,승용,남,49세,중상
2015022800100588,2015년 2월 28일 23시,토요일,경상남도 김해시 장유면,경상사고,0,0,1,0,차대차 - 추돌 - 주정차중,안전운전불이행,습기,비,교차로 - 교차로부근,화물,남,39세,상해없음,화물,기타불명,기타불명,기타불명
2015030100100036,2015년 3월 1일 01시,일요일,경상남도 창원시 마산합포구 상남동,중상사고,0,1,0,0,차대차 - 기타,안전운전불이행,습기,비,교차로 - 교차로안,승용,남,24세,상해없음,승용,남,59세,중상
2015030100100037,2015년 3월 1일 01시,일요일,경상남도 김해시 진영읍,중상사고,0,1,1,0,차대차 - 추돌 - 주정차중,안전운전불이행,결빙,눈,단일로 - 기타,승용,여,21세,경상,승용,기타불명,기타불명,기타불명
2015030100100056,2015년 3월 1일 02시,일요일,경상남도 통영시 무전동,경상사고,0,0,3,0,차대차 - 측면직각충돌,신호위반,습기,비,교차로 - 교차로안,승용,남,59세,상해없음,승용,남,59세,경상
2015030100100057,2015년 3월 1일 02시,일요일,경상남도 창녕군 창녕읍,사망사고,1,0,0,0,차대사람 - 차도통행중,안전운전불이행,습기,눈,단일로 - 기타,화물,남,63세,상해없음,보행자,남,47세,사망
2015030100100074,2015년 3월 1일 03시,일요일,경상남도 거제시 고현동,경상사고,0,0,2,0,차대차 - 기타,안전운전불이행,건조,맑음,단일로 - 기타,승용,남,36세,상해없음,승용,남,51세,경상
2015030100100103,2015년 3월 1일 06시,일요일,경상남도 밀양시 하남읍,경상사고,0,0,1,0,차대차 - 측면직각충돌,교차로운행방법위반,습기,비,교차로 - 교차로안,화물,남,62세,상해없음,승용,남,59세,경상
2015030100100104,2015년 3월 1일 06시,일요일,경상남도 창원시 마산회원구 양덕동,중상사고,0,1,0,0,차대차 - 측면직각충돌,신호위반,습기,맑음,교차로 - 교차로안,승용,남,57세,상해없음,승용,남,70세,중상
2015030100100131,2015년 3월 1일 08시,일요일,경상남도 김해시 구산동,경상사고,0,0,2,0,차대차 - 측면직각충돌,신호위반,습기,비,교차로 - 교차로안,승용,남,48세,상해없음,승합,남,39세,경상
2015030100100132,2015년 3월 1일 08시,일요일,경상남도 거제시 고현동,경상사고,0,0,1,0,차대차 - 측면직각충돌,신호위반,건조,맑음,교차로 - 교차로안,기타불명,기타불명,기타불명,기타불명,승용,남,26세,경상
2015030100100164,2015년 3월 1일 10시,일요일,경상남도 창원시 마산합포구 월남동4가,경상사고,0,0,1,0,차대차 - 측면직각충돌,안전거리미확보,건조,맑음,단일로 - 기타,승용,여,57세,상해없음,승용,여,45세,경상
2015030100100173,2015년 3월 1일 11시,일요일,경상남도 김해시 대동면,경상사고,0,0,1,0,차대차 - 측면직각충돌,중앙선침범,건조,맑음,단일로 - 기타,승용,남,48세,상해없음,승용,남,36세,경상
2015030100100185,2015년 3월 1일 12시,일요일,경상남도 김해시 삼계동,중상사고,0,1,0,0,차량단독 - 공작물충돌,안전운전불이행,건조,맑음,교차로 - 교차로부근,원동기,남,18세,중상,,,,
2015030100100212,2015년 3월 1일 13시,일요일,경상남도 밀양시 하남읍,경상사고,0,0,1,0,차대차 - 추돌 - 진행중,안전운전불이행,건조,맑음,단일로 - 기타,승용,남,24세,상해없음,자전거,여,64세,경상
2015030100100236,2015년 3월 1일 14시,일요일,경상남도 거제시 사등면,경상사고,0,0,3,0,차대차 - 추돌 - 진행중,안전운전불이행,건조,맑음,단일로 - 기타,승합,남,55세,상해없음,승용,여,50세,경상
2015030100100237,2015년 3월 1일 14시,일요일,경상남도 거제시 거제면,중상사고,0,2,0,0,차대차 - 정면충돌,안전운전불이행,건조,맑음,교차로 - 교차로안,승용,남,49세,상해없음,승용,남,57세,중상
2015030100100238,2015년 3월 1일 14시,일요일,경상남도 창원시 성산구 반림동,경상사고,0,0,3,0,차대차 - 추돌 - 진행중,안전운전불이행,건조,맑음,단일로 - 기타,승용,남,59세,상해없음,승용,남,44세,경상
2015030100100261,2015년 3월 1일 15시,일요일,경상남도 김해시 삼방동,경상사고,0,0,1,0,차대차 - 기타,교차로운행방법위반,건조,맑음,교차로 - 교차로안,승용,여,48세,상해없음,원동기,남,31세,경상
2015030100100262,2015년 3월 1일 15시,일요일,경상남도 김해시 어방동,경상사고,0,0,1,0,차대사람 - 횡단중,안전운전불이행,건조,맑음,단일로 - 기타,승용,남,33세,상해없음,보행자,남,14세,경상
2015030100100284,2015년 3월 1일 16시,일요일,경상남도 사천시 사천읍,부상신고사고,0,0,0,1,차대차 - 측면직각충돌,직진우회전진행방해,건조,맑음,교차로 - 교차로안,원동기,남,50세,부상신고,승용,남,26세,상해없음
2015030100100285,2015년 3월 1일 16시,일요일,경상남도 양산시 하북면,중상사고,0,1,1,0,차대사람 - 횡단중,안전운전불이행,건조,맑음,기타 - 기타,승용,남,26세,상해없음,보행자,여,67세,중상
2015030100100312,2015년 3월 1일 17시,일요일,경상남도 진주시 상대동,부상신고사고,0,0,0,1,차대차 - 기타,신호위반,건조,맑음,교차로 - 교차로부근,원동기,남,18세,부상신고,승용,남,28세,상해없음
2015030100100313,2015년 3월 1일 17시,일요일,경상남도 창원시 진해구 용원동,경상사고,0,0,1,0,차대차 - 추돌 - 진행중,차로위반,건조,맑음,기타 - 기타,자전거,남,58세,상해없음,승용,남,33세,상해없음
2015030100100314,2015년 3월 1일 17시,일요일,경상남도 통영시 북신동,중상사고,0,1,0,0,차대사람 - 횡단중,보행자보호의무위반,건조,맑음,단일로 - 횡단보도상,승용,남,33세,상해없음,보행자,여,68세,중상
2015030100100315,2015년 3월 1일 17시,일요일,경상남도 창원시 의창구 소답동,경상사고,0,0,1,0,차대차 - 측면직각충돌,안전운전불이행,건조,맑음,단일로 - 기타,화물,남,53세,상해없음,승용,남,55세,기타불명
2015030100100338,2015년 3월 1일 18시,일요일,경상남도 통영시 용남면,중상사고,0,1,0,0,차대사람 - 기타,안전운전불이행,건조,흐림,단일로 - 기타,승용,남,66세,상해없음,보행자,여,46세,중상
2015030100100339,2015년 3월 1일 18시,일요일,경상남도 창원시 의창구 팔용동,중상사고,0,1,0,0,차대차 - 기타,안전운전불이행,건조,맑음,교차로 - 교차로안,승용,남,39세,상해없음,원동기,남,32세,중상
2015030100100366,2015년 3월 1일 19시,일요일,경상남도 창원시 마산합포구 오동동,경상사고,0,0,1,0,차대차 - 기타,안전운전불이행,건조,맑음,단일로 - 기타,승용,남,26세,상해없음,이륜,남,38세,경상
2015030100100367,2015년 3월 1일 19시,일요일,경상남도 진주시 이현동,중상사고,0,1,0,0,차대차 - 기타,신호위반,건조,맑음,교차로 - 교차로안,승용,여,58세,상해없음,이륜,남,21세,중상
2015030100100368,2015년 3월 1일 19시,일요일,경상남도 진주시 신안동,중상사고,0,1,0,0,차대차 - 기타,중앙선침범,건조,맑음,교차로 - 교차로부근,승용,남,61세,상해없음,이륜,남,23세,중상
2015030100100369,2015년 3월 1일 19시,일요일,경상남도 사천시 축동면,경상사고,0,0,1,0,차대차 - 추돌 - 진행중,안전거리미확보,건조,맑음,단일로 - 기타,승용,여,48세,상해없음,승용,여,39세,경상
2015030100100370,2015년 3월 1일 19시,일요일,경상남도 김해시 삼정동,중상사고,0,2,0,0,차대차 - 측면직각충돌,직진우회전진행방해,건조,맑음,교차로 - 교차로안,승용,남,53세,상해없음,이륜,남,18세,중상
2015030100100371,2015년 3월 1일 19시,일요일,경상남도 창원시 의창구 팔용동,경상사고,0,0,1,0,차대차 - 추돌 - 주정차중,안전운전불이행,건조,맑음,단일로 - 교량,승용,남,39세,상해없음,승용,여,49세,경상
2015030100100372,2015년 3월 1일 19시,일요일,경상남도 김해시 흥동,사망사고,1,0,0,0,차량단독 - 공작물충돌,안전운전불이행,건조,맑음,기타 - 기타,이륜,남,63세,사망,,,,
2015030100100395,2015년 3월 1일 20시,일요일,경상남도 통영시 북신동,중상사고,0,1,1,0,차대차 - 정면충돌,직진우회전진행방해,건조,맑음,교차로 - 교차로안,이륜,남,24세,중상,승용,남,37세,상해없음
2015030100100419,2015년 3월 1일 21시,일요일,경상남도 함안군 산인면,중상사고,0,1,2,0,차대차 - 추돌 - 주정차중,안전운전불이행,건조,맑음,교차로 - 교차로부근,승용,남,41세,경상,승용,남,34세,중상
2015030100100441,2015년 3월 1일 23시,일요일,경상남도 창원시 마산회원구 내서읍,경상사고,0,0,2,0,차대차 - 추돌 - 주정차중,안전운전불이행,건조,맑음,단일로 - 기타,승용,남,38세,상해없음,승용,여,36세,경상
2015030200100036,2015년 3월 2일 04시,월요일,경상남도 창원시 성산구 상남동,중상사고,0,1,0,0,차대차 - 추돌 - 진행중,중앙선침범,건조,맑음,단일로 - 기타,승용,남,25세,상해없음,이륜,남,33세,중상
2015030200100050,2015년 3월 2일 06시,월요일,경상남도 하동군 횡천면,사망사고,1,0,0,0,차대차 - 측면직각충돌,안전운전불이행,건조,맑음,교차로 - 교차로안,원동기,남,52세,사망,승용,여,58세,상해없음
2015030200100072,2015년 3월 2일 07시,월요일,경상남도 하동군 하동읍,중상사고,0,1,0,0,차대차 - 측면직각충돌,안전운전불이행,건조,맑음,교차로 - 교차로안,승용,남,25세,상해없음,자전거,여,76세,중상
2015030200100119,2015년 3월 2일 08시,월요일,경상남도 사천시 송포동,경상사고,0,0,1,0,차대차 - 추돌 - 주정차중,안전운전불이행,건조,맑음,단일로 - 기타,승용,여,47세,상해없음,승용,여,25세,경상
2015030200100120,2015년 3월 2일 08시,월요일,경상남도 김해시 대동면,사망사고,1,0,0,0,차대차 - 측면직각충돌,중앙선침범,건조,맑음,교차로 - 교차로안,자전거,남,70세,사망,화물,남,46세,상해없음