사고번호,사고일시,요일,시군구,사고내용,사망자수,중상자수,경상자수,부상신고자수,사고유형,법규위반,노면상태,기상상태,도로형태,가해운전자 차종,가해운전자 성별,가해운전자 연령,가해운전자 상해정도,피해운전자 차종,피해운전자 성별,피해운전자 연령,피해운전자 상해정도
2015030800100320,2015년 3월 8일 17시,일요일,경상남도 진주시 하대동,중상사고,0,1,0,0,차량단독 - 기타,기타,건조,맑음,단일로 - 기타,승합,남,51세,상해없음,,,,
2015030800100321,2015년 3월 8일 17시,일요일,경상남도 김해시 어방동,경상사고,0,0,1,0,차대차 - 측면직각충돌,신호위반,건조,맑음,교차로 - 교차로안,승용,여,45세,상해없음,원동기,남,25세,경상
2015030800100343,2015년 3월 8일 18시,일요일,경상남도 통영시 미수동,경상사고,0,0,1,0,차대차 - 측면직각충돌,교차로운행방법위반,건조,맑음,교차로 - 교차로안,승용,여,47세,상해없음,이륜,남,53세,경상
2015030800100344,2015년 3월 8일 18시,일요일,경상남도 김해시 외동,경상사고,0,0,1,0,차대차 - 측면직각충돌,중앙선침범,건조,맑음,단일로 - 기타,자전거,남,49세,경상,승용,남,32세,상해없음
2015030800100345,2015년 3월 8일 18시,일요일,경상남도 창녕군 남지읍,경상사고,0,0,1,0,차대차 - 추돌 - 주정차중,안전운전불이행,건조,맑음,교차로 - 교차로안,원동기,남,51세,경상,승용,남,42세,상해없음
2015030800100346,2015년 3월 8일 18시,일요일,경상남도 함안군 가야읍,중상사고,0,1,1,0,차대차 - 측면직각충돌,신호위반,건조,맑음,교차로 - 교차로안,이륜,남,74세,중상,이륜,남,62세,경상
2015030800100347,2015년 3월 8일 18시,일요일,경상남도 함안군 가야읍,경상사고,0,0,1,0,차대차 - 기타,안전운전불이행,건조,맑음,단일로 - 기타,승용,남,22세,상해없음,승용,여,53세,경상
2015030800100384,2015년 3월 8일 19시,일요일,경상남도 양산시 상북면,중상사고,0,1,1,0,차대차 - 측면직각충돌,중앙선침범,건조,맑음,단일로 - 기타,승용,남,62세,상해없음,화물,남,46세,경상
2015030800100412,2015년 3월 8일 20시,일요일,경상남도 김해시 동상동,경상사고,0,0,1,0,차대차 - 추돌 - 주정차중,안전운전불이행,건조,맑음,교차로 - 교차로부근,승용,남,27세,상해없음,승용,남,43세,경상
2015030800100413,2015년 3월 8일 20시,일요일,경상남도 양산시 중부동,부상신고사고,0,0,0,1,차대차 - 측면직각충돌,신호위반,건조,맑음,교차로 - 교차로안,승용,남,62세,상해없음,이륜,남,51세,부상신고
2015030800100414,2015년 3월 8일 20시,일요일,경상남도 거제시 연초면,경상사고,0,0,1,0,차량단독 - 공작물충돌,안전운전불이행,건조,흐림,교차로 - 교차로안,승용,남,42세,상해없음,,,,
2015030800100438,2015년 3월 8일 21시,일요일,경상남도 진주시 가좌동,중상사고,0,2,1,0,차대차 - 측면직각충돌,안전거리미확보,건조,맑음,단일로 - 기타,승용,여,26세,상해없음,승용,남,48세,중상
2015030800100459,2015년 3월 8일 22시,일요일,경상남도 밀양시 가곡동,경상사고,0,0,1,0,차대차 - 측면직각충돌,신호위반,건조,맑음,교차로 - 교차로안,원동기,남,17세,상해없음,화물,남,51세,경상
2015030800100471,2015년 3월 8일 23시,일요일,경상남도 창원시 마산회원구 석전동,중상사고,0,1,1,0,차대차 - 추돌 - 진행중,안전운전불이행,건조,맑음,교차로 - 교차로부근,승용,남,32세,상해없음,승용,남,56세,중상
2015030800100472,2015년 3월 8일 23시,일요일,경상남도 창원시 의창구 봉곡동,경상사고,0,0,1,0,차대차 - 추돌 - 진행중,안전운전불이행,건조,맑음,단일로 - 기타,승용,남,23세,상해없음,이륜,남,19세,경상
2015030900100025,2015년 3월 9일 04시,월요일,경상남도 사천시 용강동,중상사고,0,1,2,0,차량단독 - 전도전복,안전운전불이행,건조,맑음,단일로 - 기타,승용,남,20세,경상,,,,
2015030900100039,2015년 3월 9일 06시,월요일,경상남도 창원시 마산회원구 양덕동,중상사고,0,1,0,0,차대차 - 정면충돌,신호위반,건조,맑음,단일로 - 기타,승용,남,26세,상해없음,승용,남,51세,중상
2015030900100054,2015년 3월 9일 07시,월요일,경상남도 거제시 문동동,중상사고,0,2,1,0,차대차 - 기타,교차로운행방법위반,건조,맑음,교차로 - 교차로부근,승용,남,25세,상해없음,승합,남,40세,경상
2015030900100056,2015년 3월 9일 07시,월요일,경상남도 김해시 장유면,중상사고,0,1,0,0,차대차 - 추돌 - 진행중,안전거리미확보,건조,맑음,단일로 - 기타,승용,남,41세,상해없음,승용,여,49세,중상
2015030900100097,2015년 3월 9일 08시,월요일,경상남도 김해시 삼방동,경상사고,0,0,2,0,차대차 - 정면충돌,중앙선침범,건조,맑음,교차로 - 교차로부근,승합,남,34세,상해없음,승합,남,41세,경상
2015030900100098,2015년 3월 9일 08시,월요일,경상남도 김해시 부원동,중상사고,0,1,0,0,차대차 - 측면직각충돌,안전운전불이행,건조,맑음,교차로 - 교차로부근,승용,여,55세,상해없음,승용,남,40세,중상
2015030900100099,2015년 3월 9일 08시,월요일,경상남도 창녕군 도천면,중상사고,0,1,0,0,차대차 - 추돌 - 진행중,안전운전불이행,건조,맑음,단일로 - 기타,화물,남,47세,상해없음,이륜,남,86세,중상
2015030900100100,2015년 3월 9일 08시,월요일,경상남도 창녕군 대지면,중상사고,0,1,1,0,차대차 - 측면직각충돌,교차로운행방법위반,건조,맑음,교차로 - 교차로안,승용,남,64세,상해없음,승용,여,37세,상해없음
2015030900100101,2015년 3월 9일 08시,월요일,경상남도 하동군 적량면,중상사고,0,1,1,0,차대차 - 측면직각충돌,교차로운행방법위반,건조,맑음,교차로 - 교차로안,화물,남,57세,중상,화물,남,55세,경상
2015030900100159,2015년 3월 9일 10시,월요일,경상남도 창원시 마산합포구 월남동2가,중상사고,0,1,0,0,차량단독 - 기타,안전운전불이행,건조,맑음,단일로 - 기타,승합,남,54세,상해없음,,,,
2015030900100160,2015년 3월 9일 10시,월요일,경상남도 김해시 내동,경상사고,0,0,1,0,차대차 - 측면직각충돌,안전운전불이행,건조,맑음,단일로 - 기타,화물,남,42세,상해없음,이륜,남,73세,경상
2015030900100182,2015년 3월 9일 11시,월요일,경상남도 밀양시 삼문동,경상사고,0,0,1,0,차대차 - 측면직각충돌,안전운전불이행,건조,맑음,단일로 - 기타,승용,남,60세,상해없음,이륜,남,65세,경상
2015030900100209,2015년 3월 9일 12시,월요일,경상남도 김해시 어방동,경상사고,0,0,3,0,차대차 - 측면직각충돌,기타,건조,맑음,교차로 - 교차로안,이륜,남,23세,경상,승용,남,52세,상해없음
2015030900100210,2015년 3월 9일 12시,월요일,경상남도 양산시 명동,부상신고사고,0,0,0,1,차대차 - 측면직각충돌,안전운전불이행,건조,맑음,기타 - 기타,승용,여,61세,상해없음,화물,남,47세,부상신고
2015030900100211,2015년 3월 9일 12시,월요일,경상남도 하동군 북천면,사망사고,1,0,0,0,차대사람 - 기타,안전운전불이행,건조,맑음,단일로 - 기타,화물,남,55세,상해없음,보행자,여,66세,사망
2015030900100235,2015년 3월 9일 13시,월요일,경상남도 거창군 거창읍,중상사고,0,1,0,0,차대차 - 측면직각충돌,교차로운행방법위반,건조,맑음,교차로 - 교차로안,승용,남,75세,상해없음,승용,남,49세,중상
2015030900100236,2015년 3월 9일 13시,월요일,경상남도 창원시 마산회원구 두척동,중상사고,0,1,1,0,차대차 - 측면직각충돌,안전운전불이행,건조,맑음,교차로 - 교차로부근,화물,남,41세,상해없음,승용,여,48세,중상
2015030900100274,2015년 3월 9일 14시,월요일,경상남도 창원시 진해구 석동,경상사고,0,0,1,0,차대차 - 추돌 - 진행중,안전운전불이행,건조,맑음,단일로 - 기타,건설기계,남,54세,상해없음,승용,여,31세,경상
2015030900100300,2015년 3월 9일 15시,월요일,경상남도 창원시 진해구 석동,경상사고,0,0,1,0,차대차 - 추돌 - 진행중,안전운전불이행,건조,맑음,단일로 - 터널,승용,남,33세,상해없음,승용,남,46세,상해없음
2015030900100301,2015년 3월 9일 15시,월요일,경상남도 김해시 삼계동,경상사고,0,0,1,0,차대차 - 기타,안전운전불이행,건조,맑음,단일로 - 기타,승용,여,51세,상해없음,승용,남,29세,경상
2015030900100333,2015년 3월 9일 16시,월요일,경상남도 창녕군 남지읍,중상사고,0,1,0,0,차대차 - 측면직각충돌,안전운전불이행,건조,맑음,교차로 - 교차로부근,승용,여,36세,상해없음,원동기,남,83세,중상
2015030900100334,2015년 3월 9일 16시,월요일,경상남도 거제시 고현동,경상사고,0,0,1,0,차대사람 - 횡단중,보행자보호의무위반,건조,맑음,단일로 - 기타,승용,남,47세,상해없음,보행자,여,7세,경상
2015030900100353,2015년 3월 9일 17시,월요일,경상남도 거제시 고현동,경상사고,0,0,1,0,차대차 - 추돌 - 진행중,기타,건조,맑음,교차로 - 교차로안,승용,남,48세,상해없음,승용,남,55세,경상
2015030900100385,2015년 3월 9일 18시,월요일,경상남도 거제시 하청면,중상사고,0,1,0,0,차량단독 - 공작물충돌,안전운전불이행,건조,맑음,단일로 - 기타,승용,여,57세,상해없음,,,,
2015030900100416,2015년 3월 9일 19시,월요일,경상남도 창원시 마산회원구 석전동,경상사고,0,0,1,0,차대차 - 측면직각충돌,신호위반,건조,맑음,교차로 - 교차로안,화물,남,71세,상해없음,승합,남,66세,경상
2015030900100417,2015년 3월 9일 19시,월요일,경상남도 김해시 진영읍,사망사고,1,0,0,0,차대차 - 기타,안전운전불이행,건조,맑음,단일로 - 기타,승용,여,58세,사망,화물,남,31세,상해없음
2015030900100447,2015년 3월 9일 20시,월요일,경상남도 진주시 하대동,중상사고,0,1,0,0,차대차 - 기타,교차로운행방법위반,건조,맑음,교차로 - 교차로안,화물,남,48세,기타불명,승용,남,43세,중상
2015030900100448,2015년 3월 9일 20시,월요일,경상남도 함양군 함양읍,중상사고,0,1,0,1,차대차 - 측면직각충돌,신호위반,건조,맑음,교차로 - 교차로안,승용,여,57세,부상신고,화물,남,55세,중상
2015030900100449,2015년 3월 9일 20시,월요일,경상남도 창원시 성산구 신촌동,경상사고,0,0,1,0,차대차 - 측면직각충돌,신호위반,건조,맑음,교차로 - 교차로안,승용,남,22세,상해없음,승용,남,27세,경상
2015030900100450,2015년 3월 9일 20시,월요일,경상남도 김해시 진영읍,경상사고,0,0,1,0,차대사람 - 기타,안전운전불이행,건조,맑음,교차로 - 교차로안,승용,남,53세,상해없음,보행자,남,44세,경상
2015030900100475,2015년 3월 9일 21시,월요일,경상남도 진주시 가좌동,중상사고,0,1,0,0,차대차 - 기타,안전운전불이행,건조,맑음,교차로 - 교차로부근,자전거,남,60세,중상,승용,남,53세,상해없음
2015030900100476,2015년 3월 9일 21시,월요일,경상남도 거제시 연초면,중상사고,0,1,0,0,차대차 - 측면직각충돌,신호위반,건조,맑음,교차로 - 교차로안,승용,남,46세,상해없음,이륜,남,46세,중상
2015030900100525,2015년 3월 9일 23시,월요일,경상남도 창원시 마산합포구 창동,경상사고,0,0,1,0,차대차 - 기타,기타,건조,맑음,단일로 - 기타,승용,남,55세,상해없음,원동기,남,37세,경상
2015031000100045,2015년 3월 10일 05시,화요일,경상남도 양산시 북부동,경상사고,0,0,1,0,차대사람 - 횡단중,보행자보호의무위반,건조,맑음,교차로 - 교차로안,승용,남,57세,상해없음,보행자,남,59세,경상
2015031000100055,2015년 3월 10일 06시,화요일,경상남도 창원시 마산회원구 석전동,중상사고,0,1,0,0,차대사람 - 횡단중,안전운전불이행,건조,맑음,단일로 - 기타,승용,남,56세,상해없음,보행자,남,68세,중상
2015031000100071,2015년 3월 10일 07시,화요일,경상남도 진주시 가좌동,중상사고,0,3,0,0,차대차 - 측면직각충돌,신호위반,건조,맑음,교차로 - 교차로안,승용,남,64세,중상,화물,남,36세,중상
2015031000100112,2015년 3월 10일 08시,화요일,경상남도 창원시 마산합포구 예곡동,경상사고,0,0,1,0,차대차 - 측면직각충돌,차로위반,건조,맑음,단일로 - 기타,승용,남,70세,상해없음,승용,여,35세,경상
2015031000100113,2015년 3월 10일 08시,화요일,경상남도 의령군 용덕면,경상사고,0,0,1,0,차대차 - 측면직각충돌,교차로운행방법위반,건조,맑음,교차로 - 교차로안,승용,여,51세,상해없음,화물,남,47세,경상
2015031000100114,2015년 3월 10일 08시,화요일,경상남도 창원시 마산회원구 내서읍,경상사고,0,0,1,0,차대차 - 측면직각충돌,안전운전불이행,건조,맑음,교차로 - 교차로안,화물,남,54세,상해없음,승용,남,61세,경상
2015031000100115,2015년 3월 10일 08시,화요일,경상남도 김해시 장유면,경상사고,0,0,2,0,차대차 - 측면직각충돌,안전운전불이행,건조,맑음,단일로 - 기타,화물,남,37세,상해없음,승용,남,51세,경상
2015031000100142,2015년 3월 10일 09시,화요일,경상남도 창원시 마산합포구 오동동,중상사고,0,1,0,0,차대차 - 기타,교차로운행방법위반,건조,맑음,교차로 - 교차로안,승용,남,28세,상해없음,자전거,남,73세,중상
2015031000100143,2015년 3월 10일 09시,화요일,경상남도 거제시 연초면,경상사고,0,0,1,0,차대차 - 추돌 - 진행중,차로위반,건조,맑음,기타 - 기타,건설기계,남,43세,상해없음,승용,여,39세,경상
2015031000100191,2015년 3월 10일 11시,화요일,경상남도 창원시 진해구 충무동,경상사고,0,0,1,0,차대사람 - 차도통행중,안전운전불이행,건조,맑음,기타 - 기타,승용,여,27세,상해없음,보행자,남,51세,경상
2015031000100192,2015년 3월 10일 11시,화요일,경상남도 양산시 물금읍,부상신고사고,0,0,0,1,차량단독 - 전도전복,안전운전불이행,건조,맑음,단일로 - 기타,건설기계,남,58세,부상신고,,,,
2015031000100193,2015년 3월 10일 11시,화요일,경상남도 김해시 장유면,중상사고,0,1,0,0,차대사람 - 기타,안전운전불이행,건조,맑음,기타 - 기타,승용,여,56세,상해없음,보행자,여,58세,중상
2015031000100242,2015년 3월 10일 13시,화요일,경상남도 하동군 화개면,경상사고,0,0,1,0,차대차 - 측면직각충돌,교차로운행방법위반,건조,맑음,교차로 - 교차로안,승용,여,25세,상해없음,승용,여,46세,경상
2015031000100271,2015년 3월 10일 14시,화요일,경상남도 하동군 적량면,중상사고,0,1,1,0,차대차 - 측면직각충돌,안전운전불이행,건조,맑음,단일로 - 기타,승용,남,50세,상해없음,이륜,남,74세,경상
2015031000100297,2015년 3월 10일 15시,화요일,경상남도 양산시 명동,부상신고사고,0,0,0,2,차대차 - 측면직각충돌,안전운전불이행,건조,맑음,기타 - 기타,승용,남,60세,상해없음,승용,남,34세,부상신고
2015031000100365,2015년 3월 10일 17시,화요일,경상남도 고성군 고성읍,경상사고,0,0,1,0,차대차 - 기타,안전운전불이행,건조,맑음,단일로 - 기타,승용,여,42세,상해없음,원동기,남,27세,경상
2015031000100366,2015년 3월 10일 17시,화요일,경상남도 창원시 의창구 동읍,경상사고,0,0,1,0,차대차 - 기타,안전운전불이행,건조,맑음,단일로 - 기타,이륜,남,47세,경상,승합,남,65세,상해없음
2015031000100401,2015년 3월 10일 18시,화요일,경상남도 창원시 마산합포구 남성동,경상사고,0,0,1,0,차대사람 - 기타,안전운전불이행,건조,맑음,단일로 - 기타,승용,남,57세,상해없음,보행자,남,46세,경상
2015031000100402,2015년 3월 10일 18시,화요일,경상남도 사천시 동금동,중상사고,0,1,0,0,차대사람 - 길가장자리구역통행중,안전운전불이행,건조,맑음,단일로 - 기타,승용,여,51세,상해없음,보행자,여,64세,중상
2015031000100403,2015년 3월 10일 18시,화요일,경상남도 김해시 구산동,경상사고,0,0,1,0,차대차 - 추돌 - 진행중,안전거리미확보,건조,맑음,단일로 - 기타,승합,남,54세,상해없음,승용,여,34세,경상
2015031000100404,2015년 3월 10일 18시,화요일,경상남도 양산시 상북면,경상사고,0,0,1,0,차대차 - 기타,기타,건조,맑음,교차로 - 교차로부근,특수,남,37세,경상,승용,남,40세,상해없음
2015031000100405,2015년 3월 10일 18시,화요일,경상남도 거제시 옥포동,부상신고사고,0,0,0,1,차대사람 - 횡단중,안전운전불이행,건조,맑음,단일로 - 기타,이륜,남,16세,상해없음,보행자,여,10세,부상신고
2015031000100434,2015년 3월 10일 19시,화요일,경상남도 사천시 사남면,중상사고,0,1,1,0,차량단독 - 공작물충돌,안전운전불이행,건조,맑음,단일로 - 기타,원동기,남,52세,경상,,,,
2015031000100435,2015년 3월 10일 19시,화요일,경상남도 양산시 동면,경상사고,0,0,2,0,차대차 - 기타,직진우회전진행방해,건조,맑음,교차로 - 교차로안,승용,남,61세,상해없음,승용,여,69세,경상
2015031000100465,2015년 3월 10일 20시,화요일,경상남도 창원시 의창구 팔용동,경상사고,0,0,1,0,차대차 - 기타,기타,건조,맑음,단일로 - 기타,화물,남,52세,상해없음,승용,남,52세,경상
2015031000100487,2015년 3월 10일 21시,화요일,경상남도 사천시 용강동,경상사고,0,0,2,0,차대차 - 측면직각충돌,직진우회전진행방해,건조,맑음,교차로 - 교차로안,승용,여,58세,경상,승용,여,49세,경상
2015031000100488,2015년 3월 10일 21시,화요일,경상남도 거제시 아주동,경상사고,0,0,4,0,차대차 - 추돌 - 주정차중,안전운전불이행,건조,맑음,기타 - 기타,승용,남,28세,상해없음,승용,남,34세,경상
2015031000100508,2015년 3월 10일 22시,화요일,경상남도 창원시 마산합포구 월남동1가,경상사고,0,0,1,0,차대차 - 측면직각충돌,안전운전불이행,건조,맑음,단일로 - 기타,승용,남,60세,상해없음,원동기,남,20세,경상
2015031000100509,2015년 3월 10일 22시,화요일,경상남도 창원시 마산합포구 월남동1가,경상사고,0,0,2,0,차대차 - 기타,신호위반,건조,맑음,교차로 - 교차로안,승용,남,59세,상해없음,승용,여,42세,경상
2015031000100510,2015년 3월 10일 22시,화요일,경상남도 김해시 대동면,경상사고,0,0,1,0,차대차 - 측면직각충돌,교차로운행방법위반,건조,맑음,교차로 - 교차로안,화물,남,54세,상해없음,승용,여,44세,경상
2015031000100543,2015년 3월 10일 23시,화요일,경상남도 창원시 의창구 팔용동,경상사고,0,0,2,0,차대차 - 추돌 - 주정차중,안전운전불이행,건조,맑음,교차로 - 교차로부근,승용,여,26세,상해없음,승용,남,52세,경상
2015031000100544,2015년 3월 10일 23시,화요일,경상남도 창원시 의창구 북면,경상사고,0,0,1,0,차대차 - 측면직각충돌,중앙선침범,건조,맑음,단일로 - 기타,승용,남,58세,상해없음,승용,남,26세,경상
2015031100100031,2015년 3월 11일 02시,수요일,경상남도 창원시 마산회원구 석전동,중상사고,0,2,1,0,차대차 - 추돌 - 주정차중,안전운전불이행,건조,맑음,교차로 - 교차로부근,승용,남,28세,경상,승용,남,54세,중상
2015031100100059,2015년 3월 11일 05시,수요일,경상남도 통영시 북신동,중상사고,0,1,0,0,차대차 - 측면직각충돌,교차로운행방법위반,건조,맑음,교차로 - 교차로안,승용,남,62세,상해없음,승용,남,34세,중상
2015031100100074,2015년 3월 11일 06시,수요일,경상남도 창원시 진해구 용원동,경상사고,0,0,2,0,차대차 - 측면직각충돌,교차로운행방법위반,건조,맑음,교차로 - 교차로안,승용,남,52세,경상,승용,여,62세,상해없음
2015031100100075,2015년 3월 11일 06시,수요일,경상남도 김해시 어방동,부상신고사고,0,0,0,1,차대차 - 추돌 - 주정차중,안전운전불이행,건조,맑음,단일로 - 기타,승용,남,47세,상해없음,승용,남,53세,상해없음
2015031100100091,2015년 3월 11일 07시,수요일,경상남도 양산시 중부동,중상사고,0,1,0,0,차량단독 - 기타,기타,건조,맑음,단일로 - 기타,승합,남,47세,상해없음,,,,
2015031100100126,2015년 3월 11일 08시,수요일,경상남도 진주시 진성면,경상사고,0,0,1,0,차대차 - 측면직각충돌,중앙선침범,건조,맑음,단일로 - 기타,승용,남,43세,상해없음,승용,여,48세,경상
2015031100100127,2015년 3월 11일 08시,수요일,경상남도 창원시 성산구 가음정동,중상사고,0,1,0,0,차대차 - 추돌 - 주정차중,안전운전불이행,건조,맑음,단일로 - 기타,화물,남,51세,상해없음,승용,남,55세,중상
2015031100100153,2015년 3월 11일 09시,수요일,경상남도 창원시 의창구 팔용동,중상사고,0,1,0,0,차대차 - 측면직각충돌,직진우회전진행방해,건조,맑음,교차로 - 교차로안,승용,여,42세,상해없음,원동기,남,70세,중상
2015031100100154,2015년 3월 11일 09시,수요일,경상남도 김해시 풍유동,중상사고,0,2,2,0,차대차 - 추돌 - 주정차중,안전거리미확보,건조,맑음,교차로 - 교차로부근,승용,여,39세,상해없음,승용,여,43세,경상
2015031100100185,2015년 3월 11일 10시,수요일,경상남도 거제시 장승포동,경상사고,0,0,1,0,차대차 - 기타,중앙선침범,건조,맑음,단일로 - 기타,승용,남,25세,상해없음,승용,남,31세,경상
2015031100100198,2015년 3월 11일 11시,수요일,경상남도 김해시 내동,중상사고,0,1,1,0,차대사람 - 횡단중,안전운전불이행,건조,맑음,단일로 - 횡단보도부근,승용,남,24세,상해없음,보행자,여,67세,경상
2015031100100211,2015년 3월 11일 12시,수요일,경상남도 고성군 고성읍,중상사고,0,1,0,0,차대차 - 추돌 - 진행중,안전운전불이행,건조,맑음,단일로 - 기타,화물,남,45세,상해없음,원동기,남,66세,중상
2015031100100271,2015년 3월 11일 14시,수요일,경상남도 김해시 삼계동,중상사고,0,1,0,2,차대차 - 추돌 - 진행중,교차로운행방법위반,건조,맑음,교차로 - 교차로안,승용,여,63세,부상신고,승용,남,22세,중상
2015031100100305,2015년 3월 11일 15시,수요일,경상남도 김해시 삼계동,중상사고,0,1,0,0,차대사람 - 횡단중,보행자보호의무위반,건조,맑음,단일로 - 횡단보도상,화물,남,59세,상해없음,보행자,남,11세,중상
2015031100100367,2015년 3월 11일 17시,수요일,경상남도 진주시 하대동,중상사고,0,1,0,0,차대차 - 기타,신호위반,건조,맑음,교차로 - 교차로안,승용,여,62세,상해없음,자전거,여,63세,중상
2015031100100368,2015년 3월 11일 17시,수요일,경상남도 김해시 부원동,중상사고,0,1,0,0,차대사람 - 횡단중,안전운전불이행,건조,맑음,단일로 - 횡단보도부근,승합,남,48세,상해없음,보행자,남,41세,중상
2015031100100369,2015년 3월 11일 17시,수요일,경상남도 김해시 외동,중상사고,0,1,0,0,차대사람 - 횡단중,보행자보호의무위반,건조,맑음,단일로 - 횡단보도상,이륜,남,16세,상해없음,보행자,여,51세,중상
2015031100100370,2015년 3월 11일 17시,수요일,경상남도 거제시 연초면,중상사고,0,4,4,5,차대차 - 기타,안전운전불이행,건조,흐림,단일로 - 기타,승용,남,42세,상해없음,승합,남,61세,경상
2015031100100400,2015년 3월 11일 18시,수요일,경상남도 함안군 가야읍,경상사고,0,0,1,0,차대차 - 추돌 - 진행중,안전운전불이행,건조,맑음,교차로 - 교차로안,승용,여,47세,상해없음,승용,여,47세,경상
2015031100100440,2015년 3월 11일 19시,수요일,경상남도 밀양시 상동면,중상사고,0,1,0,0,차대사람 - 차도통행중,안전운전불이행,건조,맑음,단일로 - 기타,승용,남,53세,상해없음,보행자,남,77세,중상
2015031100100441,2015년 3월 11일 19시,수요일,경상남도 김해시 외동,경상사고,0,0,1,0,차대차 - 측면직각충돌,안전운전불이행,건조,맑음,단일로 - 기타,원동기,남,23세,경상,승용,남,46세,상해없음
2015031100100468,2015년 3월 11일 20시,수요일,경상남도 진주시 강남동,중상사고,0,1,0,0,차대사람 - 횡단중,신호위반,건조,맑음,교차로 - 교차로부근,승용,남,39세,상해없음,보행자,여,52세,중상
2015031100100469,2015년 3월 11일 20시,수요일,경상남도 양산시 평산동,경상사고,0,0,1,0,차대차 - 기타,신호위반,건조,맑음,교차로 - 교차로안,승용,남,54세,상해없음,원동기,남,61세,경상
2015031100100470,2015년 3월 11일 20시,수요일,경상남도 양산시 북부동,부상신고사고,0,0,0,1,차대사람 - 횡단중,안전운전불이행,건조,맑음,단일로 - 기타,승용,여,47세,상해없음,보행자,남,45세,부상신고
2015031100100471,2015년 3월 11일 20시,수요일,경상남도 양산시 신기동,부상신고사고,0,0,0,4,차대차 - 추돌 - 주정차중,안전거리미확보,건조,맑음,단일로 - 기타,승용,남,43세,부상신고,승용,남,30세,부상신고
2015031100100512,2015년 3월 11일 21시,수요일,경상남도 통영시 무전동,중상사고,0,1,0,0,차대차 - 측면직각충돌,교차로운행방법위반,건조,맑음,교차로 - 교차로안,승용,남,50세,상해없음,이륜,남,33세,중상
2015031100100513,2015년 3월 11일 21시,수요일,경상남도 창녕군 남지읍,중상사고,0,1,0,0,차대차 - 측면직각충돌,안전운전불이행,건조,맑음,단일로 - 기타,화물,남,55세,상해없음,원동기,남,23세,중상
2015031100100544,2015년 3월 11일 22시,수요일,경상남도 사천시 사천읍,중상사고,0,1,0,0,차대차 - 측면직각충돌,안전운전불이행,건조,맑음,교차로 - 교차로안,승용,남,24세,상해없음,승용,여,30세,중상
2015031100100545,2015년 3월 11일 22시,수요일,경상남도 김해시 내동,중상사고,0,1,2,0,차대차 - 추돌 - 진행중,안전운전불이행,건조,맑음,단일로 - 기타,원동기,남,18세,경상,승용,남,32세,상해없음
2015031100100546,2015년 3월 11일 22시,수요일,경상남도 창원시 마산회원구 양덕동,중상사고,0,1,0,0,차대차 - 측면직각충돌,안전운전불이행,건조,맑음,단일로 - 기타,승용,여,38세,상해없음,이륜,남,24세,중상
2015031100100569,2015년 3월 11일 23시,수요일,경상남도 김해시 어방동,경상사고,0,0,3,0,차대차 - 추돌 - 진행중,안전운전불이행,건조,맑음,단일로 - 기타,승용,남,30세,상해없음,승용,남,59세,경상
2015031100100570,2015년 3월 11일 23시,수요일,경상남도 김해시 부원동,경상사고,0,0,1,0,차대차 - 기타,신호위반,건조,맑음,단일로 - 기타,승용,남,40세,상해없음,자전거,남,37세,경상
2015031200100044,2015년 3월 12일 02시,목요일,경상남도 거제시 고현동,경상사고,0,0,1,0,차대차 - 기타,안전운전불이행,건조,맑음,교차로 - 교차로안,승용,남,31세,상해없음,승용,남,43세,경상
2015031200100058,2015년 3월 12일 04시,목요일,경상남도 진주시 문산읍,부상신고사고,0,0,0,1,차량단독 - 전도전복,안전운전불이행,건조,맑음,교차로 - 교차로부근,승용,남,29세,부상신고,,,,
2015031200100107,2015년 3월 12일 07시,목요일,경상남도 산청군 산청읍,중상사고,0,1,0,0,차대차 - 정면충돌,안전운전불이행,건조,맑음,단일로 - 기타,화물,남,39세,상해없음,승용,남,34세,중상
2015031200100154,2015년 3월 12일 08시,목요일,경상남도 창원시 진해구 석동,중상사고,0,1,0,0,차대사람 - 보도통행중,안전운전불이행,건조,맑음,단일로 - 기타,승용,여,40세,상해없음,보행자,남,62세,중상
2015031200100155,2015년 3월 12일 08시,목요일,경상남도 거제시 상동동,경상사고,0,0,1,0,차대차 - 기타,안전운전불이행,건조,맑음,단일로 - 기타,자전거,남,33세,경상,승용,남,33세,상해없음
2015031200100156,2015년 3월 12일 08시,목요일,경상남도 김해시 진영읍,중상사고,0,1,0,0,차대차 - 측면직각충돌,교차로운행방법위반,건조,맑음,교차로 - 교차로안,승용,여,21세,상해없음,원동기,남,34세,중상
2015031200100187,2015년 3월 12일 09시,목요일,경상남도 창원시 마산합포구 월영동,경상사고,0,0,1,0,차대사람 - 길가장자리구역통행중,안전운전불이행,건조,맑음,단일로 - 기타,승용,남,59세,상해없음,보행자,여,22세,경상
2015031200100188,2015년 3월 12일 09시,목요일,경상남도 진주시 진성면,중상사고,0,1,0,0,차대차 - 추돌 - 주정차중,안전운전불이행,건조,맑음,단일로 - 기타,승용,남,34세,중상,화물,남,46세,기타불명
2015031200100215,2015년 3월 12일 10시,목요일,경상남도 진주시 계동,경상사고,0,0,1,0,차대차 - 측면직각충돌,직진우회전진행방해,건조,맑음,교차로 - 교차로안,승용,남,52세,상해없음,승용,남,52세,상해없음
2015031200100250,2015년 3월 12일 11시,목요일,경상남도 창원시 의창구 소답동,중상사고,0,1,0,0,차대사람 - 기타,안전운전불이행,건조,맑음,단일로 - 기타,승용,남,36세,상해없음,보행자,남,58세,중상