사고번호,사고일시,요일,시군구,사고내용,사망자수,중상자수,경상자수,부상신고자수,사고유형,법규위반,노면상태,기상상태,도로형태,가해운전자 차종,가해운전자 성별,가해운전자 연령,가해운전자 상해정도,피해운전자 차종,피해운전자 성별,피해운전자 연령,피해운전자 상해정도
2015031200100268,2015년 3월 12일 12시,목요일,경상남도 진주시 정촌면,중상사고,0,2,0,0,차대차 - 추돌 - 주정차중,안전운전불이행,건조,맑음,교차로 - 교차로부근,승용,남,29세,상해없음,승용,남,72세,중상
2015031200100269,2015년 3월 12일 12시,목요일,경상남도 창원시 진해구 용원동,경상사고,0,0,1,0,차대사람 - 차도통행중,안전운전불이행,건조,맑음,단일로 - 기타,승용,남,79세,상해없음,보행자,여,53세,경상
2015031200100270,2015년 3월 12일 12시,목요일,경상남도 창원시 진해구 이동,경상사고,0,0,1,0,차대사람 - 차도통행중,안전운전불이행,건조,맑음,단일로 - 기타,승합,남,40세,상해없음,보행자,여,54세,경상
2015031200100271,2015년 3월 12일 12시,목요일,경상남도 거창군 거창읍,중상사고,0,1,0,0,차대차 - 추돌 - 진행중,차로위반,건조,맑음,단일로 - 기타,자전거,여,67세,중상,승용,여,28세,상해없음
2015031200100295,2015년 3월 12일 13시,목요일,경상남도 진주시 상대동,중상사고,0,1,0,0,차대차 - 측면직각충돌,교차로운행방법위반,건조,맑음,교차로 - 교차로부근,승용,남,27세,상해없음,원동기,남,54세,중상
2015031200100296,2015년 3월 12일 13시,목요일,경상남도 사천시 서동,사망사고,1,0,0,0,차대사람 - 횡단중,안전운전불이행,건조,맑음,교차로 - 교차로부근,화물,남,30세,상해없음,보행자,여,64세,사망
2015031200100297,2015년 3월 12일 13시,목요일,경상남도 창원시 의창구 동읍,경상사고,0,0,2,0,차대차 - 기타,안전운전불이행,건조,맑음,교차로 - 교차로안,화물,남,65세,상해없음,승용,여,46세,경상
2015031200100328,2015년 3월 12일 14시,목요일,경상남도 양산시 동면,부상신고사고,0,0,0,1,차량단독 - 도로외이탈 - 추락,안전운전불이행,건조,맑음,단일로 - 기타,자전거,여,35세,부상신고,,,,
2015031200100353,2015년 3월 12일 15시,목요일,경상남도 진주시 상대동,경상사고,0,0,1,0,차대사람 - 기타,안전운전불이행,건조,맑음,기타 - 기타,승합,남,45세,상해없음,보행자,여,34세,경상
2015031200100381,2015년 3월 12일 16시,목요일,경상남도 밀양시 삼문동,경상사고,0,0,1,0,차대사람 - 횡단중,안전운전불이행,건조,맑음,단일로 - 횡단보도부근,승용,남,52세,상해없음,보행자,여,7세,경상
2015031200100382,2015년 3월 12일 16시,목요일,경상남도 산청군 신안면,경상사고,0,0,2,0,차대차 - 측면직각충돌,기타,건조,맑음,단일로 - 기타,화물,남,61세,상해없음,승용,여,54세,경상
2015031200100459,2015년 3월 12일 18시,목요일,경상남도 진주시 상대동,중상사고,0,1,0,0,차대사람 - 보도통행중,보행자보호의무위반,건조,맑음,단일로 - 횡단보도상,승용,남,53세,상해없음,보행자,남,22세,중상
2015031200100460,2015년 3월 12일 18시,목요일,경상남도 김해시 삼계동,경상사고,0,0,1,0,차대차 - 측면직각충돌,신호위반,건조,맑음,교차로 - 교차로부근,원동기,남,18세,경상,화물,남,44세,상해없음
2015031200100461,2015년 3월 12일 18시,목요일,경상남도 양산시 남부동,중상사고,0,1,0,0,차대차 - 측면직각충돌,신호위반,건조,맑음,단일로 - 횡단보도상,화물,남,42세,상해없음,자전거,여,24세,중상
2015031200100462,2015년 3월 12일 18시,목요일,경상남도 거제시 고현동,중상사고,0,1,0,0,차대차 - 추돌 - 진행중,안전운전불이행,건조,맑음,단일로 - 기타,승용,남,39세,상해없음,승용,남,60세,중상
2015031200100463,2015년 3월 12일 18시,목요일,경상남도 함안군 가야읍,중상사고,0,1,0,0,차대사람 - 기타,안전운전불이행,건조,맑음,교차로 - 교차로안,승용,남,50세,상해없음,보행자,남,62세,중상
2015031200100464,2015년 3월 12일 18시,목요일,경상남도 함안군 가야읍,중상사고,0,1,0,0,차대차 - 측면직각충돌,안전운전불이행,건조,맑음,교차로 - 교차로안,승용,남,61세,상해없음,승용,남,46세,중상
2015031200100551,2015년 3월 12일 20시,목요일,경상남도 양산시 중부동,경상사고,0,0,1,0,차대사람 - 길가장자리구역통행중,기타,건조,맑음,단일로 - 기타,승용,남,57세,상해없음,보행자,여,41세,경상
2015031200100552,2015년 3월 12일 20시,목요일,경상남도 양산시 덕계동,부상신고사고,0,0,0,1,차대차 - 측면직각충돌,교차로운행방법위반,건조,맑음,교차로 - 교차로안,승용,남,27세,부상신고,승용,여,46세,상해없음
2015031200100587,2015년 3월 12일 21시,목요일,경상남도 김해시 내동,중상사고,0,1,0,0,차대사람 - 보도통행중,기타,건조,맑음,단일로 - 기타,승용,남,58세,상해없음,보행자,남,53세,중상
2015031200100588,2015년 3월 12일 21시,목요일,경상남도 거제시 장평동,중상사고,0,1,0,0,차대차 - 기타,안전운전불이행,건조,맑음,단일로 - 횡단보도상,승용,남,56세,상해없음,자전거,남,25세,중상
2015031200100622,2015년 3월 12일 22시,목요일,경상남도 창원시 의창구 명서동,중상사고,0,1,0,0,차대사람 - 기타,안전운전불이행,건조,맑음,단일로 - 기타,승용,남,27세,상해없음,보행자,여,55세,중상
2015031200100646,2015년 3월 12일 23시,목요일,경상남도 창원시 의창구 북면,중상사고,0,1,0,0,차량단독 - 공작물충돌,안전운전불이행,건조,맑음,단일로 - 기타,승용,남,20세,상해없음,,,,
2015031300100016,2015년 3월 13일 00시,금요일,경상남도 남해군 남해읍,중상사고,0,1,0,0,차량단독 - 공작물충돌,안전운전불이행,건조,맑음,교차로 - 교차로안,승용,남,41세,중상,,,,
2015031300100069,2015년 3월 13일 05시,금요일,경상남도 밀양시 가곡동,중상사고,0,1,1,0,차대차 - 측면직각충돌,신호위반,건조,맑음,교차로 - 교차로안,화물,남,28세,경상,승용,여,60세,중상
2015031300100070,2015년 3월 13일 05시,금요일,경상남도 김해시 동상동,중상사고,0,1,0,0,차대사람 - 차도통행중,안전운전불이행,건조,맑음,교차로 - 교차로부근,승용,남,41세,상해없음,보행자,여,86세,중상
2015031300100079,2015년 3월 13일 06시,금요일,경상남도 진주시 집현면,중상사고,0,1,0,0,차대사람 - 기타,안전운전불이행,건조,맑음,교차로 - 교차로안,승용,남,44세,상해없음,보행자,여,76세,중상
2015031300100080,2015년 3월 13일 06시,금요일,경상남도 창원시 진해구 태백동,경상사고,0,0,2,0,차대차 - 측면직각충돌,신호위반,건조,맑음,교차로 - 교차로안,승용,남,48세,상해없음,승용,남,52세,경상
2015031300100109,2015년 3월 13일 07시,금요일,경상남도 창원시 의창구 사림동,부상신고사고,0,0,0,1,차대차 - 추돌 - 진행중,안전운전불이행,건조,맑음,단일로 - 기타,승용,남,35세,상해없음,자전거,남,50세,부상신고
2015031300100110,2015년 3월 13일 07시,금요일,경상남도 창원시 마산회원구 합성동,중상사고,0,1,0,0,차대사람 - 횡단중,안전운전불이행,건조,맑음,교차로 - 교차로부근,원동기,남,31세,상해없음,보행자,여,74세,중상
2015031300100147,2015년 3월 13일 08시,금요일,경상남도 창원시 마산합포구 월영동,경상사고,0,0,1,0,차대차 - 기타,신호위반,건조,맑음,교차로 - 교차로안,승용,여,48세,경상,승합,남,60세,상해없음
2015031300100148,2015년 3월 13일 08시,금요일,경상남도 통영시 서호동,경상사고,0,0,1,0,차대차 - 측면직각충돌,교차로운행방법위반,건조,맑음,교차로 - 교차로안,승용,남,69세,상해없음,승용,여,20세,경상
2015031300100180,2015년 3월 13일 09시,금요일,경상남도 통영시 광도면,부상신고사고,0,0,0,1,차대차 - 추돌 - 진행중,안전거리미확보,건조,맑음,단일로 - 기타,건설기계,남,60세,부상신고,건설기계,남,47세,상해없음
2015031300100181,2015년 3월 13일 09시,금요일,경상남도 사천시 사천읍,경상사고,0,0,1,0,차대차 - 측면직각충돌,신호위반,건조,맑음,교차로 - 교차로안,화물,남,52세,경상,승용,여,39세,상해없음
2015031300100182,2015년 3월 13일 09시,금요일,경상남도 창원시 성산구 중앙동,중상사고,0,1,1,0,차대차 - 기타,신호위반,건조,맑음,교차로 - 교차로안,승용,남,45세,상해없음,승용,여,41세,중상
2015031300100212,2015년 3월 13일 10시,금요일,경상남도 창원시 마산합포구 남성동,중상사고,0,1,0,0,차대사람 - 기타,안전운전불이행,건조,맑음,단일로 - 기타,승용,남,68세,상해없음,보행자,여,65세,중상
2015031300100213,2015년 3월 13일 10시,금요일,경상남도 사천시 서포면,경상사고,0,0,1,0,차대차 - 측면직각충돌,기타,건조,맑음,교차로 - 교차로안,승용,남,38세,경상,화물,남,67세,상해없음
2015031300100214,2015년 3월 13일 10시,금요일,경상남도 밀양시 부북면,경상사고,0,0,1,0,차대차 - 추돌 - 진행중,안전운전불이행,건조,맑음,단일로 - 기타,원동기,남,75세,경상,승용,남,35세,상해없음
2015031300100278,2015년 3월 13일 12시,금요일,경상남도 창원시 진해구 여좌동,중상사고,0,2,1,0,차대차 - 추돌 - 진행중,안전운전불이행,건조,맑음,교차로 - 교차로부근,화물,남,53세,상해없음,승용,여,52세,경상
2015031300100279,2015년 3월 13일 12시,금요일,경상남도 사천시 선구동,경상사고,0,0,2,0,차대차 - 측면직각충돌,신호위반,건조,맑음,교차로 - 교차로안,승용,여,48세,상해없음,승용,여,29세,경상
2015031300100280,2015년 3월 13일 12시,금요일,경상남도 밀양시 내이동,경상사고,0,0,1,0,차대차 - 추돌 - 진행중,교차로운행방법위반,건조,맑음,교차로 - 교차로안,승합,남,68세,상해없음,원동기,여,74세,경상
2015031300100281,2015년 3월 13일 12시,금요일,경상남도 거제시 고현동,중상사고,0,1,0,0,차대사람 - 횡단중,보행자보호의무위반,건조,맑음,기타 - 기타,승용,남,37세,상해없음,보행자,여,46세,중상
2015031300100282,2015년 3월 13일 12시,금요일,경상남도 창원시 마산회원구 내서읍,경상사고,0,0,1,0,차대차 - 추돌 - 진행중,안전운전불이행,건조,흐림,단일로 - 기타,승용,여,41세,상해없음,원동기,남,74세,경상
2015031300100311,2015년 3월 13일 13시,금요일,경상남도 거제시 고현동,중상사고,0,1,1,0,차대차 - 측면직각충돌,기타,건조,맑음,교차로 - 교차로안,승용,남,49세,경상,승합,남,29세,중상
2015031300100334,2015년 3월 13일 14시,금요일,경상남도 진주시 집현면,사망사고,1,6,1,0,차량단독 - 공작물충돌,안전운전불이행,습기,비,단일로 - 기타,화물,남,57세,상해없음,,,,
2015031300100335,2015년 3월 13일 14시,금요일,경상남도 창원시 진해구 여좌동,경상사고,0,0,1,0,차대차 - 추돌 - 진행중,안전운전불이행,건조,맑음,단일로 - 기타,자전거,남,79세,경상,승용,여,60세,상해없음
2015031300100336,2015년 3월 13일 14시,금요일,경상남도 김해시 상동면,경상사고,0,0,1,0,차량단독 - 기타,안전운전불이행,건조,맑음,단일로 - 기타,승합,남,61세,상해없음,,,,
2015031300100337,2015년 3월 13일 14시,금요일,경상남도 김해시 부원동,경상사고,0,0,4,0,차대차 - 추돌 - 진행중,안전운전불이행,건조,맑음,단일로 - 기타,승용,여,32세,경상,승용,남,50세,경상
2015031300100338,2015년 3월 13일 14시,금요일,경상남도 거창군 거창읍,중상사고,0,1,0,0,차대차 - 측면직각충돌,교차로운행방법위반,건조,맑음,교차로 - 교차로안,승용,남,49세,상해없음,승용,여,43세,중상
2015031300100339,2015년 3월 13일 14시,금요일,경상남도 창원시 의창구 대산면,중상사고,0,1,0,0,차대차 - 측면직각충돌,교차로운행방법위반,건조,맑음,교차로 - 교차로안,승용,남,51세,상해없음,화물,남,50세,중상
2015031300100377,2015년 3월 13일 15시,금요일,경상남도 함안군 군북면,중상사고,0,1,0,0,차대차 - 측면직각충돌,안전운전불이행,건조,맑음,단일로 - 기타,승용,남,27세,상해없음,화물,남,38세,중상
2015031300100378,2015년 3월 13일 15시,금요일,경상남도 창원시 성산구 가음정동,경상사고,0,0,2,0,차대차 - 추돌 - 주정차중,안전운전불이행,습기,비,교차로 - 교차로부근,화물,남,52세,상해없음,승용,여,61세,경상
2015031300100412,2015년 3월 13일 16시,금요일,경상남도 진주시 대안동,중상사고,0,1,0,0,차대사람 - 기타,기타,습기,비,단일로 - 기타,승합,남,54세,상해없음,보행자,여,68세,중상
2015031300100413,2015년 3월 13일 16시,금요일,경상남도 합천군 묘산면,경상사고,0,0,1,0,차량단독 - 공작물충돌,안전운전불이행,건조,맑음,단일로 - 기타,승용,남,65세,경상,,,,
2015031300100414,2015년 3월 13일 16시,금요일,경상남도 고성군 고성읍,경상사고,0,0,1,0,차대차 - 측면직각충돌,신호위반,건조,맑음,교차로 - 교차로부근,승용,남,26세,상해없음,승용,남,42세,경상
2015031300100415,2015년 3월 13일 16시,금요일,경상남도 거제시 거제면,경상사고,0,0,1,0,차대차 - 측면직각충돌,직진우회전진행방해,건조,맑음,교차로 - 교차로안,원동기,남,54세,상해없음,승용,여,44세,경상
2015031300100485,2015년 3월 13일 18시,금요일,경상남도 진주시 봉곡동,중상사고,0,1,0,0,차대사람 - 횡단중,보행자보호의무위반,습기,비,교차로 - 교차로부근,승용,남,56세,상해없음,보행자,여,78세,중상
2015031300100486,2015년 3월 13일 18시,금요일,경상남도 사천시 사남면,경상사고,0,0,2,0,차대차 - 추돌 - 진행중,안전운전불이행,습기,비,교차로 - 교차로안,승용,남,52세,상해없음,승용,여,34세,경상
2015031300100533,2015년 3월 13일 19시,금요일,경상남도 창원시 마산합포구 교방동,중상사고,0,1,0,0,차대사람 - 기타,보행자보호의무위반,건조,맑음,교차로 - 교차로부근,승용,여,55세,상해없음,보행자,여,51세,중상
2015031300100534,2015년 3월 13일 19시,금요일,경상남도 진주시 봉곡동,중상사고,0,1,0,0,차대사람 - 횡단중,보행자보호의무위반,습기,비,단일로 - 횡단보도상,승용,남,57세,상해없음,보행자,여,64세,중상
2015031300100535,2015년 3월 13일 19시,금요일,경상남도 창원시 진해구 용원동,경상사고,0,0,3,0,차대차 - 측면직각충돌,안전운전불이행,건조,맑음,교차로 - 교차로부근,승용,여,51세,상해없음,승용,남,58세,경상
2015031300100536,2015년 3월 13일 19시,금요일,경상남도 김해시 외동,중상사고,0,1,0,0,차대사람 - 횡단중,안전운전불이행,습기,흐림,단일로 - 기타,원동기,남,18세,상해없음,보행자,남,36세,중상
2015031300100577,2015년 3월 13일 20시,금요일,경상남도 사천시 사천읍,중상사고,0,1,1,0,차대사람 - 횡단중,보행자보호의무위반,습기,비,단일로 - 횡단보도상,승용,남,37세,상해없음,보행자,여,37세,경상
2015031300100622,2015년 3월 13일 21시,금요일,경상남도 거제시 고현동,중상사고,0,1,0,0,차대차 - 추돌 - 진행중,안전운전불이행,건조,맑음,교차로 - 교차로부근,승용,남,41세,상해없음,이륜,남,36세,중상
2015031300100623,2015년 3월 13일 21시,금요일,경상남도 함안군 가야읍,부상신고사고,0,0,0,1,차대차 - 측면직각충돌,직진우회전진행방해,건조,맑음,교차로 - 교차로부근,승용,남,41세,상해없음,이륜,남,17세,부상신고
2015031300100624,2015년 3월 13일 21시,금요일,경상남도 창원시 의창구 명서동,경상사고,0,0,1,0,차대차 - 측면직각충돌,안전운전불이행,건조,맑음,단일로 - 기타,승용,남,22세,상해없음,승용,남,34세,상해없음
2015031300100625,2015년 3월 13일 21시,금요일,경상남도 김해시 장유면,중상사고,0,2,1,0,차대차 - 측면직각충돌,중앙선침범,습기,비,단일로 - 기타,승용,남,45세,상해없음,승용,남,56세,경상
2015031300100657,2015년 3월 13일 22시,금요일,경상남도 김해시 부원동,경상사고,0,0,1,0,차대차 - 측면직각충돌,안전운전불이행,습기,흐림,교차로 - 교차로안,화물,남,42세,상해없음,자전거,여,55세,경상
2015031300100658,2015년 3월 13일 22시,금요일,경상남도 김해시 장유면,중상사고,0,1,0,0,차대차 - 추돌 - 진행중,안전운전불이행,건조,맑음,단일로 - 기타,승용,남,27세,기타불명,원동기,남,18세,중상
2015031300100691,2015년 3월 13일 23시,금요일,경상남도 창원시 마산합포구 산호동,경상사고,0,0,1,0,차대사람 - 길가장자리구역통행중,안전운전불이행,건조,맑음,단일로 - 기타,승용,남,50세,상해없음,보행자,여,45세,경상
2015031400100018,2015년 3월 14일 00시,토요일,경상남도 밀양시 삼문동,부상신고사고,0,0,0,2,차대사람 - 차도통행중,안전운전불이행,건조,맑음,단일로 - 기타,이륜,남,17세,상해없음,보행자,여,26세,부상신고
2015031400100048,2015년 3월 14일 01시,토요일,경상남도 거제시 아주동,경상사고,0,0,4,0,차대차 - 정면충돌,중앙선침범,건조,맑음,단일로 - 기타,승용,남,28세,상해없음,승용,여,27세,경상
2015031400100049,2015년 3월 14일 01시,토요일,경상남도 김해시 진영읍,경상사고,0,0,1,0,차대사람 - 횡단중,보행자보호의무위반,건조,맑음,교차로 - 교차로부근,승용,남,43세,상해없음,보행자,남,37세,경상
2015031400100071,2015년 3월 14일 02시,토요일,경상남도 창원시 마산회원구 석전동,경상사고,0,0,3,0,차대차 - 측면직각충돌,안전운전불이행,건조,맑음,단일로 - 기타,승용,남,53세,경상,승용,남,60세,상해없음
2015031400100072,2015년 3월 14일 02시,토요일,경상남도 김해시 주촌면,경상사고,0,0,1,0,차량단독 - 기타,기타,습기,흐림,교차로 - 교차로부근,승용,남,59세,상해없음,,,,
2015031400100080,2015년 3월 14일 03시,토요일,경상남도 김해시 상동면,사망사고,1,0,0,0,차대차 - 기타,안전운전불이행,건조,맑음,단일로 - 기타,승용,남,26세,사망,화물,남,55세,상해없음
2015031400100094,2015년 3월 14일 04시,토요일,경상남도 창원시 성산구 중앙동,경상사고,0,0,1,0,차대차 - 추돌 - 주정차중,안전운전불이행,습기,비,교차로 - 교차로부근,승용,남,49세,상해없음,승용,남,53세,경상
2015031400100108,2015년 3월 14일 05시,토요일,경상남도 창원시 진해구 두동,중상사고,0,1,0,0,차대차 - 추돌 - 진행중,안전운전불이행,건조,맑음,단일로 - 기타,승용,남,34세,중상,화물,남,61세,상해없음
2015031400100109,2015년 3월 14일 05시,토요일,경상남도 양산시 물금읍,경상사고,0,0,1,0,차대사람 - 기타,안전운전불이행,건조,맑음,단일로 - 기타,승용,남,32세,상해없음,보행자,남,23세,경상
2015031400100138,2015년 3월 14일 07시,토요일,경상남도 거제시 장목면,경상사고,0,0,1,0,차대차 - 추돌 - 진행중,안전운전불이행,건조,맑음,단일로 - 교량,화물,남,34세,상해없음,승용,남,37세,경상
2015031400100139,2015년 3월 14일 07시,토요일,경상남도 거제시 장목면,중상사고,0,2,0,0,차대차 - 기타,교차로운행방법위반,건조,맑음,교차로 - 교차로안,화물,남,56세,상해없음,승용,남,53세,중상
2015031400100140,2015년 3월 14일 07시,토요일,경상남도 김해시 한림면,경상사고,0,0,1,0,차대사람 - 길가장자리구역통행중,안전운전불이행,건조,맑음,단일로 - 기타,승용,남,40세,상해없음,보행자,남,73세,경상
2015031400100162,2015년 3월 14일 08시,토요일,경상남도 김해시 외동,중상사고,0,1,0,0,차대사람 - 횡단중,안전운전불이행,건조,맑음,교차로 - 교차로안,승용,여,47세,상해없음,보행자,남,16세,중상
2015031400100163,2015년 3월 14일 08시,토요일,경상남도 양산시 동면,중상사고,0,1,2,0,차대차 - 추돌 - 진행중,안전거리미확보,건조,맑음,교차로 - 교차로부근,화물,남,29세,중상,화물,남,43세,경상
2015031400100190,2015년 3월 14일 09시,토요일,경상남도 양산시 삼호동,중상사고,0,1,0,0,차대차 - 기타,안전거리미확보,건조,맑음,단일로 - 기타,화물,남,74세,상해없음,승용,남,22세,중상
2015031400100191,2015년 3월 14일 09시,토요일,경상남도 창원시 의창구 봉림동,중상사고,0,1,0,0,차대차 - 측면직각충돌,안전운전불이행,건조,맑음,교차로 - 교차로안,승용,여,50세,상해없음,승용,여,24세,중상
2015031400100206,2015년 3월 14일 10시,토요일,경상남도 양산시 동면,경상사고,0,0,1,0,차대차 - 측면직각충돌,안전운전불이행,건조,맑음,단일로 - 기타,승용,여,28세,경상,화물,남,50세,상해없음
2015031400100223,2015년 3월 14일 10시,토요일,경상남도 김해시 진영읍,중상사고,0,1,0,0,차대차 - 정면충돌,중앙선침범,건조,맑음,단일로 - 기타,화물,남,47세,상해없음,이륜,남,26세,중상
2015031400100261,2015년 3월 14일 11시,토요일,경상남도 창원시 마산합포구 월남동3가,중상사고,0,1,2,0,차대차 - 추돌 - 진행중,안전운전불이행,건조,맑음,교차로 - 교차로부근,승용,남,35세,상해없음,승용,여,40세,중상
2015031400100262,2015년 3월 14일 11시,토요일,경상남도 밀양시 무안면,경상사고,0,0,2,0,차대차 - 정면충돌,중앙선침범,건조,맑음,단일로 - 기타,승용,여,20세,상해없음,승용,남,45세,경상
2015031400100300,2015년 3월 14일 12시,토요일,경상남도 창원시 의창구 도계동,경상사고,0,0,1,0,차대차 - 측면직각충돌,신호위반,건조,맑음,단일로 - 횡단보도상,승합,남,45세,상해없음,자전거,여,12세,경상
2015031400100333,2015년 3월 14일 13시,토요일,경상남도 창원시 마산합포구 상남동,중상사고,0,1,0,0,차대차 - 추돌 - 진행중,안전운전불이행,건조,맑음,교차로 - 교차로안,승용,남,57세,상해없음,원동기,남,58세,중상
2015031400100334,2015년 3월 14일 13시,토요일,경상남도 김해시 삼방동,경상사고,0,0,1,0,차대차 - 측면직각충돌,안전거리미확보,건조,맑음,단일로 - 기타,승용,여,47세,상해없음,이륜,남,16세,경상
2015031400100377,2015년 3월 14일 14시,토요일,경상남도 창원시 진해구 풍호동,경상사고,0,0,1,0,차대차 - 추돌 - 주정차중,안전운전불이행,건조,맑음,단일로 - 기타,승용,여,63세,상해없음,승용,여,31세,경상
2015031400100408,2015년 3월 14일 15시,토요일,경상남도 창원시 마산회원구 회성동,중상사고,0,1,1,0,차대차 - 측면직각충돌,안전운전불이행,건조,맑음,단일로 - 기타,승용,여,46세,상해없음,원동기,남,41세,중상
2015031400100452,2015년 3월 14일 16시,토요일,경상남도 김해시 대동면,중상사고,0,1,4,0,차대차 - 측면직각충돌,직진우회전진행방해,건조,맑음,교차로 - 교차로안,승용,여,60세,경상,승용,남,57세,중상
2015031400100453,2015년 3월 14일 16시,토요일,경상남도 김해시 생림면,경상사고,0,0,4,1,차대차 - 측면직각충돌,안전운전불이행,건조,맑음,단일로 - 기타,건설기계,남,52세,상해없음,승합,남,45세,경상
2015031400100454,2015년 3월 14일 16시,토요일,경상남도 양산시 북정동,부상신고사고,0,0,0,1,차대사람 - 기타,안전운전불이행,건조,맑음,기타 - 기타,승용,남,35세,상해없음,보행자,남,32세,부상신고
2015031400100455,2015년 3월 14일 16시,토요일,경상남도 창원시 성산구 가음동,중상사고,0,1,0,0,차대차 - 측면직각충돌,신호위반,건조,맑음,교차로 - 교차로안,원동기,남,34세,상해없음,승용,남,70세,상해없음
2015031400100456,2015년 3월 14일 16시,토요일,경상남도 창원시 의창구 팔용동,부상신고사고,0,0,0,1,차대차 - 추돌 - 진행중,안전운전불이행,건조,맑음,단일로 - 기타,승용,여,27세,상해없음,이륜,남,30세,부상신고
2015031400100492,2015년 3월 14일 17시,토요일,경상남도 창원시 성산구 남산동,경상사고,0,0,2,0,차대차 - 측면직각충돌,신호위반,건조,맑음,교차로 - 교차로부근,화물,남,63세,상해없음,승용,남,31세,경상
2015031400100493,2015년 3월 14일 17시,토요일,경상남도 창원시 마산회원구 내서읍,중상사고,0,1,0,0,차대차 - 측면직각충돌,안전운전불이행,건조,맑음,교차로 - 교차로안,원동기,남,32세,중상,화물,남,43세,상해없음
2015031400100494,2015년 3월 14일 17시,토요일,경상남도 김해시 주촌면,경상사고,0,0,1,0,차대차 - 측면직각충돌,신호위반,건조,맑음,교차로 - 교차로안,이륜,남,28세,경상,승용,남,44세,상해없음
2015031400100495,2015년 3월 14일 17시,토요일,경상남도 김해시 흥동,부상신고사고,0,0,0,1,차대차 - 추돌 - 진행중,차로위반,건조,맑음,단일로 - 기타,승용,남,31세,부상신고,승용,남,47세,상해없음
2015031400100529,2015년 3월 14일 18시,토요일,경상남도 창원시 진해구 석동,중상사고,0,1,5,0,차대차 - 추돌 - 진행중,안전거리미확보,건조,맑음,교차로 - 교차로부근,승용,남,46세,경상,승합,남,47세,경상
2015031400100565,2015년 3월 14일 19시,토요일,경상남도 김해시 삼계동,경상사고,0,0,1,0,차대차 - 측면직각충돌,안전운전불이행,건조,맑음,단일로 - 기타,승용,남,52세,경상,화물,남,22세,상해없음
2015031400100599,2015년 3월 14일 20시,토요일,경상남도 진주시 이현동,중상사고,0,1,0,0,차대사람 - 차도통행중,안전운전불이행,건조,맑음,단일로 - 기타,승용,남,63세,상해없음,보행자,여,38세,중상
2015031400100600,2015년 3월 14일 20시,토요일,경상남도 통영시 도천동,경상사고,0,0,1,0,차대차 - 측면직각충돌,안전운전불이행,건조,맑음,교차로 - 교차로부근,승용,남,62세,상해없음,자전거,남,56세,경상
2015031400100601,2015년 3월 14일 20시,토요일,경상남도 창원시 의창구 팔용동,경상사고,0,0,1,2,차대차 - 측면직각충돌,안전운전불이행,건조,맑음,단일로 - 기타,승용,여,54세,상해없음,승용,남,47세,경상
2015031400100620,2015년 3월 14일 21시,토요일,경상남도 창원시 마산합포구 신포동2가,경상사고,0,0,1,0,차대차 - 측면직각충돌,안전운전불이행,건조,맑음,교차로 - 교차로부근,승용,남,31세,상해없음,승용,여,34세,경상
2015031400100621,2015년 3월 14일 21시,토요일,경상남도 사천시 정동면,경상사고,0,0,2,0,차대차 - 정면충돌,신호위반,건조,맑음,교차로 - 교차로안,승용,남,55세,경상,승용,남,65세,경상
2015031400100622,2015년 3월 14일 21시,토요일,경상남도 김해시 구산동,중상사고,0,1,0,0,차대사람 - 기타,안전운전불이행,건조,맑음,단일로 - 기타,승용,여,36세,상해없음,보행자,남,42세,중상
2015031400100623,2015년 3월 14일 21시,토요일,경상남도 양산시 평산동,중상사고,0,1,0,0,차대사람 - 횡단중,보행자보호의무위반,건조,기타,교차로 - 교차로부근,승용,남,25세,상해없음,보행자,여,15세,중상
2015031400100649,2015년 3월 14일 22시,토요일,경상남도 통영시 미수동,중상사고,0,1,0,0,차대사람 - 차도통행중,안전운전불이행,건조,맑음,단일로 - 기타,승용,남,31세,상해없음,보행자,여,47세,중상
2015031400100650,2015년 3월 14일 22시,토요일,경상남도 양산시 중부동,부상신고사고,0,0,0,1,차대차 - 측면직각충돌,교차로운행방법위반,건조,맑음,단일로 - 횡단보도상,승용,남,33세,상해없음,원동기,남,41세,부상신고
2015031400100651,2015년 3월 14일 22시,토요일,경상남도 거제시 일운면,중상사고,0,3,0,0,차대차 - 정면충돌,중앙선침범,건조,맑음,단일로 - 기타,승용,남,44세,상해없음,승용,남,41세,중상
2015031400100652,2015년 3월 14일 22시,토요일,경상남도 창원시 의창구 반계동,경상사고,0,0,2,0,차대차 - 추돌 - 진행중,안전운전불이행,건조,맑음,단일로 - 기타,승용,남,53세,상해없음,승용,남,23세,경상
2015031400100682,2015년 3월 14일 23시,토요일,경상남도 창원시 의창구 대원동,경상사고,0,0,2,0,차대차 - 측면직각충돌,안전운전불이행,건조,맑음,교차로 - 교차로부근,승용,남,33세,상해없음,승용,여,45세,경상
2015031500100037,2015년 3월 15일 01시,일요일,경상남도 김해시 장유면,부상신고사고,0,0,0,1,차량단독 - 공작물충돌,안전운전불이행,건조,맑음,단일로 - 기타,승용,남,29세,부상신고,,,,
2015031500100068,2015년 3월 15일 04시,일요일,경상남도 창원시 진해구 경화동,경상사고,0,0,1,0,차량단독 - 공작물충돌,안전운전불이행,건조,맑음,교차로 - 교차로안,원동기,남,21세,경상,,,,