사고번호,사고일시,요일,시군구,사고내용,사망자수,중상자수,경상자수,부상신고자수,사고유형,법규위반,노면상태,기상상태,도로형태,가해운전자 차종,가해운전자 성별,가해운전자 연령,가해운전자 상해정도,피해운전자 차종,피해운전자 성별,피해운전자 연령,피해운전자 상해정도
2015031800100338,2015년 3월 18일 15시,수요일,경상남도 의령군 유곡면,중상사고,0,1,0,0,차대차 - 측면직각충돌,중앙선침범,습기,비,단일로 - 기타,건설기계,남,49세,상해없음,승용,남,52세,중상
2015031800100339,2015년 3월 18일 15시,수요일,경상남도 거창군 가조면,중상사고,0,1,0,0,차대차 - 정면충돌,중앙선침범,습기,비,단일로 - 기타,승용,남,40세,기타불명,승용,남,60세,중상
2015031800100382,2015년 3월 18일 16시,수요일,경상남도 사천시 서포면,경상사고,0,0,1,0,차대차 - 측면직각충돌,교차로운행방법위반,습기,비,교차로 - 교차로안,화물,여,47세,상해없음,화물,남,53세,경상
2015031800100424,2015년 3월 18일 17시,수요일,경상남도 김해시 어방동,경상사고,0,0,1,0,차대차 - 기타,안전운전불이행,습기,비,단일로 - 기타,승용,남,57세,상해없음,승용,여,49세,경상
2015031800100425,2015년 3월 18일 17시,수요일,경상남도 양산시 삼호동,부상신고사고,0,0,0,1,차대차 - 측면직각충돌,직진우회전진행방해,습기,비,교차로 - 교차로안,승용,남,67세,상해없음,승용,남,59세,부상신고
2015031800100426,2015년 3월 18일 17시,수요일,경상남도 진주시 사봉면,중상사고,0,3,4,0,차대차 - 추돌 - 진행중,안전운전불이행,습기,비,단일로 - 기타,화물,남,38세,상해없음,승용,남,22세,경상
2015031800100466,2015년 3월 18일 18시,수요일,경상남도 진주시 정촌면,중상사고,0,1,0,0,차대차 - 추돌 - 주정차중,안전운전불이행,습기,비,교차로 - 교차로부근,화물,남,51세,상해없음,승용,남,45세,상해없음
2015031800100467,2015년 3월 18일 18시,수요일,경상남도 진주시 망경동,경상사고,0,0,3,0,차대차 - 정면충돌,중앙선침범,습기,맑음,교차로 - 교차로부근,화물,남,56세,상해없음,승용,남,50세,경상
2015031800100468,2015년 3월 18일 18시,수요일,경상남도 김해시 외동,중상사고,0,1,0,0,차대차 - 측면직각충돌,중앙선침범,습기,비,단일로 - 기타,이륜,남,67세,중상,화물,남,50세,상해없음
2015031800100469,2015년 3월 18일 18시,수요일,경상남도 거제시 상동동,중상사고,0,1,0,0,차대차 - 측면직각충돌,교차로운행방법위반,습기,비,교차로 - 교차로안,승용,여,54세,상해없음,이륜,남,50세,중상
2015031800100528,2015년 3월 18일 19시,수요일,경상남도 밀양시 내이동,중상사고,0,1,0,0,차대사람 - 횡단중,안전운전불이행,습기,비,단일로 - 기타,승용,여,49세,상해없음,보행자,여,63세,중상
2015031800100529,2015년 3월 18일 19시,수요일,경상남도 김해시 외동,경상사고,0,0,2,0,차대차 - 추돌 - 주정차중,불법유턴,습기,비,단일로 - 기타,승용,남,67세,상해없음,승용,남,48세,경상
2015031800100530,2015년 3월 18일 19시,수요일,경상남도 거제시 능포동,중상사고,0,1,0,0,차대차 - 추돌 - 진행중,안전운전불이행,건조,흐림,교차로 - 교차로안,승용,남,50세,상해없음,자전거,남,54세,중상
2015031800100531,2015년 3월 18일 19시,수요일,경상남도 창원시 의창구 명서동,경상사고,0,0,1,0,차대차 - 추돌 - 주정차중,안전운전불이행,습기,비,단일로 - 기타,승용,남,47세,상해없음,승용,여,38세,경상
2015031800100576,2015년 3월 18일 20시,수요일,경상남도 창원시 마산합포구 중앙동1가,경상사고,0,0,1,0,차대사람 - 기타,안전운전불이행,습기,비,교차로 - 교차로안,승용,남,66세,상해없음,보행자,여,16세,경상
2015031800100577,2015년 3월 18일 20시,수요일,경상남도 창녕군 남지읍,경상사고,0,0,2,0,차대차 - 정면충돌,중앙선침범,습기,비,단일로 - 기타,승용,남,53세,상해없음,승용,여,46세,경상
2015031800100618,2015년 3월 18일 21시,수요일,경상남도 진주시 상대동,경상사고,0,0,1,0,차대차 - 측면직각충돌,중앙선침범,습기,비,단일로 - 기타,승용,남,51세,상해없음,이륜,남,22세,경상
2015031800100619,2015년 3월 18일 21시,수요일,경상남도 김해시 부원동,경상사고,0,0,3,0,차대차 - 측면직각충돌,안전운전불이행,습기,비,교차로 - 교차로안,승용,남,28세,경상,승용,남,68세,경상
2015031800100620,2015년 3월 18일 21시,수요일,경상남도 양산시 물금읍,경상사고,0,0,2,0,차대차 - 측면직각충돌,안전운전불이행,습기,비,교차로 - 교차로부근,승용,여,54세,상해없음,승용,여,34세,경상
2015031800100621,2015년 3월 18일 21시,수요일,경상남도 하동군 하동읍,경상사고,0,0,2,0,차대차 - 추돌 - 주정차중,안전운전불이행,건조,맑음,단일로 - 기타,화물,남,64세,상해없음,승용,여,37세,경상
2015031800100622,2015년 3월 18일 21시,수요일,경상남도 거제시 고현동,중상사고,0,1,0,0,차대사람 - 횡단중,보행자보호의무위반,습기,흐림,단일로 - 횡단보도상,승용,여,47세,상해없음,보행자,여,35세,중상
2015031800100623,2015년 3월 18일 21시,수요일,경상남도 창원시 마산회원구 내서읍,중상사고,0,1,0,0,차대사람 - 횡단중,신호위반,습기,비,교차로 - 교차로안,원동기,남,18세,상해없음,보행자,여,29세,중상
2015031800100624,2015년 3월 18일 21시,수요일,경상남도 창원시 마산회원구 양덕동,경상사고,0,0,3,0,차대차 - 추돌 - 주정차중,안전운전불이행,건조,맑음,교차로 - 교차로부근,승용,남,49세,상해없음,승용,여,34세,경상
2015031800100625,2015년 3월 18일 21시,수요일,경상남도 김해시 진례면,경상사고,0,0,1,0,차대차 - 추돌 - 주정차중,안전운전불이행,습기,비,단일로 - 기타,승용,남,39세,상해없음,승용,여,48세,경상
2015031800100626,2015년 3월 18일 21시,수요일,경상남도 김해시 장유면,중상사고,0,1,0,0,차대사람 - 횡단중,안전운전불이행,습기,비,단일로 - 기타,승용,남,74세,상해없음,보행자,남,62세,중상
2015031800100659,2015년 3월 18일 22시,수요일,경상남도 거제시 연초면,중상사고,0,1,3,0,차대차 - 추돌 - 진행중,안전운전불이행,습기,흐림,기타 - 기타,승용,남,47세,상해없음,승합,남,44세,경상
2015031800100660,2015년 3월 18일 22시,수요일,경상남도 창원시 성산구 대방동,중상사고,0,1,0,0,차대사람 - 횡단중,안전운전불이행,습기,비,단일로 - 기타,승용,여,27세,상해없음,보행자,여,39세,중상
2015031800100661,2015년 3월 18일 22시,수요일,경상남도 김해시 전하동,경상사고,0,0,1,0,차대차 - 측면직각충돌,신호위반,습기,비,교차로 - 교차로부근,승용,남,36세,상해없음,승용,남,40세,경상
2015031900100014,2015년 3월 19일 00시,목요일,경상남도 창원시 진해구 마천동,중상사고,0,1,1,0,차량단독 - 공작물충돌,안전운전불이행,습기,비,기타 - 기타,승용,남,28세,상해없음,,,,
2015031900100015,2015년 3월 19일 00시,목요일,경상남도 김해시 어방동,경상사고,0,0,1,0,차대차 - 측면직각충돌,직진우회전진행방해,습기,비,교차로 - 교차로안,승용,남,37세,경상,승용,남,40세,상해없음
2015031900100016,2015년 3월 19일 00시,목요일,경상남도 거제시 장평동,중상사고,0,1,2,0,차대차 - 기타,안전운전불이행,습기,비,교차로 - 교차로부근,승용,남,45세,상해없음,승용,남,59세,경상
2015031900100041,2015년 3월 19일 01시,목요일,경상남도 창원시 성산구 상남동,경상사고,0,0,1,0,차대차 - 측면직각충돌,신호위반,습기,비,교차로 - 교차로안,승용,남,55세,상해없음,승용,남,46세,상해없음
2015031900100054,2015년 3월 19일 02시,목요일,경상남도 창원시 성산구 상남동,경상사고,0,0,2,0,차대차 - 추돌 - 주정차중,안전운전불이행,습기,비,단일로 - 기타,승용,남,34세,상해없음,승용,남,65세,경상
2015031900100072,2015년 3월 19일 05시,목요일,경상남도 진주시 초전동,경상사고,0,0,1,0,차량단독 - 공작물충돌,기타,습기,비,교차로 - 교차로부근,승용,남,25세,경상,,,,
2015031900100100,2015년 3월 19일 07시,목요일,경상남도 김해시 진례면,경상사고,0,0,1,0,차대차 - 정면충돌,중앙선침범,건조,맑음,단일로 - 기타,승용,남,28세,상해없음,승용,남,30세,경상
2015031900100101,2015년 3월 19일 07시,목요일,경상남도 김해시 한림면,중상사고,0,1,0,0,차대차 - 기타,안전운전불이행,습기,비,단일로 - 기타,이륜,남,44세,중상,승용,남,45세,상해없음
2015031900100144,2015년 3월 19일 08시,목요일,경상남도 사천시 동금동,중상사고,0,1,0,0,차대차 - 측면직각충돌,안전운전불이행,건조,맑음,단일로 - 기타,승용,여,56세,상해없음,원동기,남,48세,중상
2015031900100145,2015년 3월 19일 08시,목요일,경상남도 함안군 칠서면,경상사고,0,0,1,0,차대차 - 측면직각충돌,신호위반,건조,맑음,교차로 - 교차로부근,화물,남,60세,상해없음,승용,남,29세,경상
2015031900100146,2015년 3월 19일 08시,목요일,경상남도 창원시 성산구 내동,중상사고,0,1,0,0,차대차 - 측면직각충돌,중앙선침범,습기,흐림,교차로 - 교차로부근,승용,남,58세,상해없음,승용,남,41세,중상
2015031900100147,2015년 3월 19일 08시,목요일,경상남도 김해시 장유면,경상사고,0,0,1,0,차대차 - 측면직각충돌,안전거리미확보,습기,흐림,교차로 - 교차로부근,승용,남,49세,상해없음,승용,여,33세,경상
2015031900100183,2015년 3월 19일 09시,목요일,경상남도 밀양시 삼문동,경상사고,0,0,1,0,차대차 - 측면직각충돌,교차로운행방법위반,건조,맑음,교차로 - 교차로안,승용,남,48세,상해없음,승용,남,48세,경상
2015031900100184,2015년 3월 19일 09시,목요일,경상남도 양산시 물금읍,경상사고,0,0,1,0,차대차 - 측면직각충돌,안전운전불이행,건조,맑음,교차로 - 교차로안,화물,남,38세,상해없음,승용,여,37세,경상
2015031900100185,2015년 3월 19일 09시,목요일,경상남도 창원시 의창구 동읍,중상사고,0,1,0,0,차대차 - 추돌 - 주정차중,안전운전불이행,건조,맑음,단일로 - 기타,승용,남,31세,상해없음,원동기,남,52세,중상
2015031900100243,2015년 3월 19일 11시,목요일,경상남도 합천군 합천읍,경상사고,0,0,1,0,차대차 - 측면직각충돌,신호위반,건조,맑음,교차로 - 교차로안,승용,남,66세,상해없음,승용,남,45세,경상
2015031900100244,2015년 3월 19일 11시,목요일,경상남도 양산시 삼호동,경상사고,0,0,1,0,차대차 - 기타,안전운전불이행,건조,맑음,단일로 - 기타,승용,남,32세,상해없음,승용,여,43세,경상
2015031900100269,2015년 3월 19일 12시,목요일,경상남도 양산시 원동면,부상신고사고,0,0,0,2,차대차 - 추돌 - 주정차중,안전거리미확보,건조,맑음,단일로 - 기타,승합,남,31세,상해없음,승용,남,55세,부상신고
2015031900100270,2015년 3월 19일 12시,목요일,경상남도 창원시 성산구 상남동,경상사고,0,0,1,0,차대차 - 측면직각충돌,안전운전불이행,건조,맑음,단일로 - 기타,승용,여,27세,상해없음,원동기,남,46세,경상
2015031900100308,2015년 3월 19일 13시,목요일,경상남도 창원시 마산합포구 오동동,경상사고,0,0,1,0,차대차 - 추돌 - 진행중,안전운전불이행,건조,맑음,단일로 - 기타,화물,남,25세,상해없음,이륜,남,57세,경상
2015031900100309,2015년 3월 19일 13시,목요일,경상남도 김해시 동상동,경상사고,0,0,1,0,차대사람 - 기타,안전운전불이행,건조,맑음,단일로 - 기타,승용,남,72세,상해없음,보행자,남,21세,경상
2015031900100310,2015년 3월 19일 13시,목요일,경상남도 양산시 유산동,부상신고사고,0,0,0,1,차대차 - 추돌 - 주정차중,안전거리미확보,건조,맑음,단일로 - 기타,화물,남,33세,상해없음,승용,남,31세,부상신고
2015031900100311,2015년 3월 19일 13시,목요일,경상남도 김해시 진영읍,경상사고,0,0,1,0,차대차 - 측면직각충돌,교차로운행방법위반,건조,맑음,교차로 - 교차로안,승용,여,39세,상해없음,승용,여,51세,경상
2015031900100385,2015년 3월 19일 15시,목요일,경상남도 김해시 장유면,경상사고,0,0,1,0,차대차 - 측면직각충돌,신호위반,건조,맑음,교차로 - 교차로안,승용,남,55세,상해없음,승용,여,55세,경상
2015031900100413,2015년 3월 19일 16시,목요일,경상남도 김해시 불암동,중상사고,0,1,0,0,차대사람 - 기타,안전운전불이행,건조,맑음,단일로 - 기타,화물,여,64세,상해없음,보행자,남,46세,중상
2015031900100451,2015년 3월 19일 17시,목요일,경상남도 창녕군 창녕읍,중상사고,0,1,0,0,차대차 - 기타,중앙선침범,건조,맑음,단일로 - 기타,승합,남,46세,상해없음,화물,여,57세,중상
2015031900100452,2015년 3월 19일 17시,목요일,경상남도 양산시 소주동,중상사고,0,1,0,0,차대사람 - 기타,안전운전불이행,건조,맑음,기타 - 기타,승용,여,42세,상해없음,보행자,여,13세,중상
2015031900100453,2015년 3월 19일 17시,목요일,경상남도 창원시 마산회원구 봉암동,경상사고,0,0,1,0,차대차 - 측면직각충돌,안전운전불이행,건조,맑음,단일로 - 기타,화물,남,54세,상해없음,이륜,남,62세,경상
2015031900100482,2015년 3월 19일 18시,목요일,경상남도 진주시 칠암동,중상사고,0,1,0,0,차대차 - 측면직각충돌,신호위반,건조,맑음,교차로 - 교차로안,승용,여,56세,상해없음,이륜,남,56세,중상
2015031900100483,2015년 3월 19일 18시,목요일,경상남도 밀양시 내이동,경상사고,0,0,1,0,차대사람 - 횡단중,보행자보호의무위반,건조,맑음,단일로 - 횡단보도상,승용,남,43세,상해없음,보행자,여,55세,경상
2015031900100529,2015년 3월 19일 19시,목요일,경상남도 밀양시 삼랑진읍,중상사고,0,1,0,0,차대차 - 측면직각충돌,중앙선침범,건조,맑음,단일로 - 기타,화물,남,41세,상해없음,화물,남,54세,중상
2015031900100530,2015년 3월 19일 19시,목요일,경상남도 거창군 거창읍,사망사고,1,0,0,0,차대차 - 측면직각충돌,교차로운행방법위반,건조,맑음,교차로 - 교차로안,승용,여,48세,상해없음,이륜,남,50세,상해없음
2015031900100560,2015년 3월 19일 20시,목요일,경상남도 창원시 마산합포구 중앙동1가,중상사고,0,1,0,0,차대차 - 측면직각충돌,안전운전불이행,건조,맑음,단일로 - 기타,승용,남,63세,상해없음,원동기,남,64세,중상
2015031900100561,2015년 3월 19일 20시,목요일,경상남도 양산시 동면,중상사고,0,1,0,0,차대사람 - 기타,안전운전불이행,건조,맑음,단일로 - 기타,기타불명,기타불명,기타불명,기타불명,보행자,남,90세 이상,중상
2015031900100562,2015년 3월 19일 20시,목요일,경상남도 거제시 능포동,경상사고,0,0,1,0,차대차 - 기타,안전거리미확보,건조,맑음,단일로 - 기타,승용,여,34세,상해없음,승용,여,35세,상해없음
2015031900100563,2015년 3월 19일 20시,목요일,경상남도 김해시 장유면,중상사고,0,2,0,0,차대차 - 측면직각충돌,안전운전불이행,건조,맑음,단일로 - 기타,화물,남,72세,상해없음,승용,남,27세,중상
2015031900100599,2015년 3월 19일 21시,목요일,경상남도 진주시 상대동,경상사고,0,0,1,0,차대차 - 정면충돌,중앙선침범,건조,맑음,단일로 - 기타,이륜,남,39세,경상,승용,여,42세,상해없음
2015031900100631,2015년 3월 19일 22시,목요일,경상남도 진주시 하대동,중상사고,0,2,0,0,차대차 - 추돌 - 주정차중,안전운전불이행,건조,맑음,단일로 - 기타,승용,남,27세,상해없음,화물,남,27세,중상
2015031900100632,2015년 3월 19일 22시,목요일,경상남도 창원시 진해구 용원동,경상사고,0,0,2,0,차대차 - 추돌 - 주정차중,교차로운행방법위반,건조,맑음,교차로 - 교차로안,승용,남,27세,경상,승용,남,30세,경상
2015031900100633,2015년 3월 19일 22시,목요일,경상남도 통영시 미수동,중상사고,0,1,1,0,차대차 - 정면충돌,중앙선침범,건조,맑음,단일로 - 기타,승용,남,25세,상해없음,승용,남,57세,중상
2015031900100634,2015년 3월 19일 22시,목요일,경상남도 양산시 물금읍,경상사고,0,0,3,0,차대차 - 측면직각충돌,안전운전불이행,건조,맑음,교차로 - 교차로부근,승용,남,50세,상해없음,원동기,남,16세,경상
2015032000100009,2015년 3월 20일 00시,금요일,경상남도 김해시 진영읍,경상사고,0,0,1,0,차대사람 - 횡단중,안전운전불이행,건조,맑음,교차로 - 교차로부근,승용,남,33세,상해없음,보행자,남,58세,경상
2015032000100086,2015년 3월 20일 06시,금요일,경상남도 김해시 동상동,중상사고,0,1,0,0,차대차 - 추돌 - 주정차중,안전운전불이행,건조,맑음,교차로 - 교차로부근,승용,여,29세,상해없음,승용,남,58세,중상
2015032000100087,2015년 3월 20일 06시,금요일,경상남도 창원시 성산구 양곡동,중상사고,0,1,1,0,차대차 - 측면직각충돌,신호위반,건조,맑음,교차로 - 교차로안,승용,남,54세,상해없음,승용,남,54세,경상
2015032000100109,2015년 3월 20일 07시,금요일,경상남도 양산시 동면,중상사고,0,1,8,0,차대차 - 측면직각충돌,신호위반,건조,맑음,교차로 - 교차로안,승합,남,65세,상해없음,승합,남,68세,상해없음
2015032000100148,2015년 3월 20일 08시,금요일,경상남도 창원시 진해구 용원동,경상사고,0,0,2,0,차대차 - 측면직각충돌,교차로운행방법위반,건조,맑음,교차로 - 교차로안,승용,남,25세,경상,승용,남,33세,경상
2015032000100149,2015년 3월 20일 08시,금요일,경상남도 김해시 외동,중상사고,0,1,0,0,차대사람 - 보도통행중,보행자보호의무위반,건조,맑음,교차로 - 교차로안,화물,남,39세,상해없음,보행자,여,76세,중상
2015032000100150,2015년 3월 20일 08시,금요일,경상남도 창원시 마산회원구 봉암동,경상사고,0,0,1,0,차대사람 - 횡단중,안전운전불이행,건조,맑음,단일로 - 횡단보도부근,승용,여,29세,상해없음,보행자,여,62세,경상
2015032000100173,2015년 3월 20일 09시,금요일,경상남도 함안군 가야읍,경상사고,0,0,1,0,차대사람 - 횡단중,안전운전불이행,건조,맑음,단일로 - 기타,승용,남,52세,상해없음,보행자,남,54세,경상
2015032000100204,2015년 3월 20일 10시,금요일,경상남도 거창군 거창읍,경상사고,0,0,1,0,차대차 - 측면직각충돌,교차로운행방법위반,건조,맑음,교차로 - 교차로안,승용,남,59세,상해없음,승용,여,41세,경상
2015032000100205,2015년 3월 20일 10시,금요일,경상남도 창녕군 남지읍,중상사고,0,1,1,0,차대차 - 측면직각충돌,교차로운행방법위반,건조,맑음,교차로 - 교차로안,승용,여,53세,경상,승용,여,54세,중상
2015032000100206,2015년 3월 20일 10시,금요일,경상남도 창원시 의창구 신월동,경상사고,0,0,1,0,차대차 - 추돌 - 진행중,안전거리미확보,건조,맑음,단일로 - 기타,승용,남,31세,상해없음,승용,여,45세,경상
2015032000100233,2015년 3월 20일 11시,금요일,경상남도 밀양시 무안면,경상사고,0,0,1,0,차량단독 - 전도전복,기타,기타,맑음,단일로 - 기타,이륜,남,83세,경상,,,,
2015032000100234,2015년 3월 20일 11시,금요일,경상남도 김해시 어방동,중상사고,0,1,0,0,차대사람 - 기타,안전운전불이행,건조,맑음,교차로 - 교차로부근,승용,남,49세,상해없음,보행자,여,79세,중상
2015032000100235,2015년 3월 20일 11시,금요일,경상남도 고성군 상리면,중상사고,0,1,0,0,차대차 - 측면직각충돌,중앙선침범,건조,맑음,단일로 - 기타,화물,남,63세,상해없음,원동기,남,79세,중상
2015032000100293,2015년 3월 20일 13시,금요일,경상남도 함안군 칠서면,중상사고,0,1,0,0,차대차 - 추돌 - 진행중,안전운전불이행,건조,맑음,교차로 - 교차로부근,화물,남,57세,상해없음,승용,남,29세,중상
2015032000100323,2015년 3월 20일 14시,금요일,경상남도 창원시 진해구 장천동,경상사고,0,0,2,0,차대차 - 추돌 - 진행중,안전거리미확보,건조,맑음,단일로 - 기타,승용,남,66세,상해없음,화물,남,42세,경상
2015032000100325,2015년 3월 20일 14시,금요일,경상남도 산청군 단성면,중상사고,0,2,0,1,차대차 - 정면충돌,안전운전불이행,건조,맑음,단일로 - 기타,승용,남,52세,부상신고,승용,남,65세,중상
2015032000100353,2015년 3월 20일 15시,금요일,경상남도 사천시 벌리동,경상사고,0,0,1,0,차대사람 - 차도통행중,안전운전불이행,건조,맑음,단일로 - 기타,승용,여,62세,상해없음,보행자,여,69세,경상
2015032000100354,2015년 3월 20일 15시,금요일,경상남도 밀양시 부북면,중상사고,0,1,0,0,차대차 - 추돌 - 진행중,안전거리미확보,건조,맑음,단일로 - 기타,승용,남,57세,상해없음,승용,남,65세,중상
2015032000100355,2015년 3월 20일 15시,금요일,경상남도 김해시 삼방동,경상사고,0,0,1,0,차대사람 - 기타,안전운전불이행,건조,맑음,단일로 - 기타,승합,남,54세,상해없음,보행자,여,51세,경상
2015032000100356,2015년 3월 20일 15시,금요일,경상남도 김해시 삼방동,경상사고,0,0,2,0,차대차 - 측면직각충돌,안전운전불이행,건조,맑음,교차로 - 교차로안,승용,여,52세,경상,화물,남,53세,경상
2015032000100397,2015년 3월 20일 16시,금요일,경상남도 진주시 이현동,경상사고,0,0,1,0,차대차 - 정면충돌,중앙선침범,건조,맑음,단일로 - 기타,승용,남,22세,상해없음,승용,남,51세,경상
2015032000100398,2015년 3월 20일 16시,금요일,경상남도 통영시 용남면,중상사고,0,1,3,0,차대차 - 추돌 - 진행중,안전거리미확보,건조,맑음,단일로 - 기타,승합,남,63세,상해없음,승용,남,41세,경상
2015032000100399,2015년 3월 20일 16시,금요일,경상남도 사천시 벌리동,중상사고,0,1,0,0,차대차 - 측면직각충돌,직진우회전진행방해,건조,맑음,교차로 - 교차로안,원동기,남,35세,상해없음,자전거,남,14세,중상
2015032000100400,2015년 3월 20일 16시,금요일,경상남도 사천시 사남면,경상사고,0,0,1,0,차대차 - 측면직각충돌,안전운전불이행,건조,맑음,교차로 - 교차로부근,화물,남,50세,상해없음,승합,남,39세,경상
2015032000100401,2015년 3월 20일 16시,금요일,경상남도 함양군 함양읍,부상신고사고,0,0,0,1,차대사람 - 횡단중,안전운전불이행,건조,맑음,교차로 - 교차로안,승용,남,59세,상해없음,보행자,여,7세,부상신고
2015032000100445,2015년 3월 20일 17시,금요일,경상남도 김해시 대동면,중상사고,0,2,6,0,차대차 - 측면직각충돌,신호위반,건조,맑음,교차로 - 교차로안,승용,여,47세,경상,승합,남,59세,중상
2015032000100446,2015년 3월 20일 17시,금요일,경상남도 합천군 묘산면,중상사고,0,1,0,0,차대사람 - 횡단중,안전운전불이행,건조,맑음,단일로 - 기타,화물,남,51세,상해없음,보행자,여,63세,중상
2015032000100472,2015년 3월 20일 18시,금요일,경상남도 양산시 물금읍,중상사고,0,1,0,2,차대차 - 측면직각충돌,직진우회전진행방해,건조,맑음,교차로 - 교차로안,승용,여,35세,중상,승용,남,35세,부상신고
2015032000100473,2015년 3월 20일 18시,금요일,경상남도 창원시 의창구 팔용동,중상사고,0,1,0,0,차량단독 - 기타,안전운전불이행,건조,맑음,교차로 - 교차로부근,승합,남,60세,상해없음,,,,
2015032000100520,2015년 3월 20일 19시,금요일,경상남도 진주시 상대동,부상신고사고,0,0,0,2,차대차 - 측면직각충돌,기타,건조,맑음,교차로 - 교차로안,원동기,남,16세,부상신고,승용,여,44세,상해없음
2015032000100521,2015년 3월 20일 19시,금요일,경상남도 김해시 장유면,중상사고,0,1,0,0,차대차 - 추돌 - 진행중,안전운전불이행,건조,맑음,단일로 - 기타,화물,남,68세,중상,화물,남,60세,상해없음
2015032000100522,2015년 3월 20일 19시,금요일,경상남도 김해시 장유면,중상사고,0,1,0,0,차대차 - 추돌 - 주정차중,안전운전불이행,건조,맑음,단일로 - 기타,화물,남,49세,상해없음,승용,여,36세,중상
2015032000100558,2015년 3월 20일 20시,금요일,경상남도 창원시 마산합포구 월포동,경상사고,0,0,1,0,차대차 - 기타,안전운전불이행,건조,맑음,교차로 - 교차로부근,자전거,남,73세,경상,승합,남,33세,상해없음
2015032000100559,2015년 3월 20일 20시,금요일,경상남도 사천시 송포동,경상사고,0,0,1,0,차대사람 - 길가장자리구역통행중,안전운전불이행,건조,맑음,단일로 - 기타,기타불명,기타불명,기타불명,기타불명,보행자,여,66세,경상
2015032000100560,2015년 3월 20일 20시,금요일,경상남도 고성군 고성읍,중상사고,0,1,1,0,차대사람 - 보도통행중,보행자보호의무위반,건조,맑음,교차로 - 교차로부근,승용,남,56세,상해없음,보행자,여,42세,중상
2015032000100598,2015년 3월 20일 21시,금요일,경상남도 창원시 마산합포구 현동,경상사고,0,0,1,0,차대차 - 기타,안전운전불이행,건조,맑음,단일로 - 기타,화물,남,51세,경상,승용,남,45세,상해없음
2015032000100599,2015년 3월 20일 21시,금요일,경상남도 창원시 마산합포구 상남동,중상사고,0,1,0,0,차량단독 - 기타,안전운전불이행,건조,맑음,교차로 - 교차로부근,승용,남,64세,상해없음,,,,
2015032000100600,2015년 3월 20일 21시,금요일,경상남도 김해시 어방동,중상사고,0,1,0,0,차량단독 - 공작물충돌,안전운전불이행,건조,맑음,단일로 - 기타,승용,남,22세,중상,,,,
2015032000100601,2015년 3월 20일 21시,금요일,경상남도 창원시 의창구 대산면,중상사고,0,1,0,0,차대사람 - 기타,안전운전불이행,건조,맑음,교차로 - 교차로부근,승용,남,57세,상해없음,보행자,남,71세,중상
2015032000100602,2015년 3월 20일 21시,금요일,경상남도 창원시 의창구 팔용동,경상사고,0,0,1,0,차대차 - 기타,교차로운행방법위반,건조,맑음,교차로 - 교차로안,승용,남,52세,상해없음,원동기,남,35세,경상
2015032000100635,2015년 3월 20일 22시,금요일,경상남도 합천군 야로면,중상사고,0,1,0,0,차대차 - 측면직각충돌,교차로운행방법위반,건조,맑음,교차로 - 교차로안,승용,여,51세,상해없음,화물,남,44세,중상
2015032000100636,2015년 3월 20일 22시,금요일,경상남도 거제시 옥포동,부상신고사고,0,0,0,1,차대차 - 기타,안전운전불이행,건조,맑음,교차로 - 교차로안,이륜,남,45세,상해없음,이륜,남,16세,부상신고
2015032000100637,2015년 3월 20일 22시,금요일,경상남도 창원시 마산합포구 산호동,중상사고,0,1,0,0,차대사람 - 횡단중,안전운전불이행,건조,맑음,단일로 - 기타,승용,남,22세,상해없음,보행자,남,48세,중상
2015032000100666,2015년 3월 20일 23시,금요일,경상남도 김해시 장유면,경상사고,0,0,1,0,차대차 - 추돌 - 주정차중,안전운전불이행,건조,맑음,단일로 - 기타,승용,남,57세,상해없음,승용,남,40세,경상
2015032100100035,2015년 3월 21일 01시,토요일,경상남도 거제시 고현동,경상사고,0,0,1,0,차대차 - 추돌 - 주정차중,안전운전불이행,건조,맑음,단일로 - 기타,승용,남,46세,상해없음,승용,남,52세,경상
2015032100100051,2015년 3월 21일 02시,토요일,경상남도 진주시 평거동,중상사고,0,1,0,0,차대사람 - 차도통행중,안전운전불이행,건조,맑음,단일로 - 기타,승용,남,34세,상해없음,보행자,남,31세,중상
2015032100100052,2015년 3월 21일 02시,토요일,경상남도 사천시 사남면,경상사고,0,0,1,0,차대차 - 추돌 - 주정차중,안전운전불이행,건조,맑음,단일로 - 기타,승용,남,35세,경상,화물,기타불명,기타불명,기타불명
2015032100100053,2015년 3월 21일 02시,토요일,경상남도 거제시 고현동,경상사고,0,0,1,0,차대차 - 추돌 - 주정차중,안전운전불이행,건조,맑음,단일로 - 기타,승용,남,38세,상해없음,승용,남,29세,경상
2015032100100120,2015년 3월 21일 08시,토요일,경상남도 김해시 장유면,경상사고,0,0,3,0,차대차 - 기타,안전운전불이행,건조,맑음,단일로 - 기타,승용,여,57세,기타불명,화물,남,41세,상해없음
2015032100100132,2015년 3월 21일 08시,토요일,경상남도 밀양시 내이동,경상사고,0,0,1,0,차대차 - 측면직각충돌,안전운전불이행,건조,맑음,단일로 - 기타,승용,남,72세,상해없음,승용,여,34세,경상
2015032100100148,2015년 3월 21일 09시,토요일,경상남도 진주시 신안동,중상사고,0,1,0,0,차대차 - 기타,안전운전불이행,건조,맑음,교차로 - 교차로부근,승용,남,42세,상해없음,승용,여,39세,중상
2015032100100149,2015년 3월 21일 09시,토요일,경상남도 밀양시 하남읍,중상사고,0,1,0,0,차대차 - 측면직각충돌,신호위반,건조,맑음,교차로 - 교차로안,화물,남,53세,상해없음,화물,여,48세,중상