사고번호,사고일시,요일,시군구,사고내용,사망자수,중상자수,경상자수,부상신고자수,사고유형,법규위반,노면상태,기상상태,도로형태,가해운전자 차종,가해운전자 성별,가해운전자 연령,가해운전자 상해정도,피해운전자 차종,피해운전자 성별,피해운전자 연령,피해운전자 상해정도
2015032100100150,2015년 3월 21일 09시,토요일,경상남도 김해시 동상동,중상사고,0,1,0,0,차대차 - 측면직각충돌,직진우회전진행방해,건조,맑음,교차로 - 교차로안,승용,남,72세,상해없음,승용,여,53세,중상
2015032100100151,2015년 3월 21일 09시,토요일,경상남도 양산시 물금읍,중상사고,0,2,3,0,차대차 - 기타,직진우회전진행방해,건조,맑음,교차로 - 교차로안,승용,남,63세,경상,승용,남,51세,경상
2015032100100152,2015년 3월 21일 09시,토요일,경상남도 고성군 고성읍,경상사고,0,0,1,0,차대차 - 측면직각충돌,신호위반,건조,맑음,교차로 - 교차로안,승용,남,39세,상해없음,승용,여,47세,경상
2015032100100176,2015년 3월 21일 10시,토요일,경상남도 양산시 산막동,경상사고,0,0,3,0,차대차 - 추돌 - 진행중,교차로운행방법위반,건조,맑음,교차로 - 교차로안,화물,남,59세,경상,승용,남,67세,경상
2015032100100177,2015년 3월 21일 10시,토요일,경상남도 의령군 의령읍,경상사고,0,0,2,0,차대차 - 추돌 - 진행중,안전거리미확보,건조,맑음,단일로 - 기타,건설기계,남,47세,상해없음,승용,남,35세,경상
2015032100100178,2015년 3월 21일 10시,토요일,경상남도 의령군 의령읍,경상사고,0,0,1,0,차대차 - 측면직각충돌,교차로운행방법위반,건조,맑음,교차로 - 교차로안,승용,남,42세,상해없음,승용,여,45세,경상
2015032100100203,2015년 3월 21일 11시,토요일,경상남도 창원시 마산합포구 월포동,경상사고,0,0,1,0,차대차 - 기타,안전운전불이행,건조,맑음,단일로 - 기타,승용,남,54세,상해없음,이륜,남,47세,경상
2015032100100204,2015년 3월 21일 11시,토요일,경상남도 함양군 함양읍,부상신고사고,0,0,0,1,차대사람 - 횡단중,안전운전불이행,건조,맑음,기타 - 기타,승용,남,53세,상해없음,보행자,여,76세,부상신고
2015032100100205,2015년 3월 21일 11시,토요일,경상남도 창원시 성산구 사파동,경상사고,0,0,1,0,차대차 - 측면직각충돌,안전운전불이행,건조,맑음,교차로 - 교차로부근,승용,남,57세,상해없음,이륜,남,65세,경상
2015032100100206,2015년 3월 21일 11시,토요일,경상남도 창원시 의창구 소답동,경상사고,0,0,1,0,차대사람 - 횡단중,보행자보호의무위반,건조,맑음,단일로 - 횡단보도상,화물,남,38세,상해없음,보행자,남,12세,경상
2015032100100235,2015년 3월 21일 12시,토요일,경상남도 통영시 광도면,부상신고사고,0,0,0,1,차대차 - 측면직각충돌,안전운전불이행,건조,맑음,단일로 - 기타,원동기,남,33세,부상신고,승용,남,52세,상해없음
2015032100100236,2015년 3월 21일 12시,토요일,경상남도 통영시 중앙동,경상사고,0,0,1,0,차대차 - 기타,안전운전불이행,건조,맑음,단일로 - 기타,기타불명,기타불명,기타불명,기타불명,자전거,남,50세,경상
2015032100100237,2015년 3월 21일 12시,토요일,경상남도 고성군 거류면,경상사고,0,0,1,0,차대차 - 추돌 - 주정차중,안전거리미확보,건조,맑음,단일로 - 기타,승용,남,57세,상해없음,승용,남,57세,경상
2015032100100238,2015년 3월 21일 12시,토요일,경상남도 김해시 진영읍,경상사고,0,0,1,0,차대차 - 기타,안전운전불이행,건조,맑음,단일로 - 기타,승용,여,45세,상해없음,이륜,남,28세,경상
2015032100100257,2015년 3월 21일 13시,토요일,경상남도 밀양시 내일동,경상사고,0,0,1,0,차대사람 - 기타,안전운전불이행,건조,맑음,단일로 - 기타,승용,여,22세,상해없음,보행자,여,48세,경상
2015032100100258,2015년 3월 21일 13시,토요일,경상남도 창녕군 창녕읍,중상사고,0,1,0,0,차량단독 - 도로외이탈 - 기타,안전운전불이행,건조,맑음,단일로 - 기타,원동기,남,86세,중상,,,,
2015032100100301,2015년 3월 21일 14시,토요일,경상남도 사천시 사남면,경상사고,0,0,5,2,차대차 - 추돌 - 진행중,안전운전불이행,건조,맑음,단일로 - 기타,승용,남,47세,상해없음,승용,남,34세,부상신고
2015032100100302,2015년 3월 21일 14시,토요일,경상남도 양산시 하북면,경상사고,0,0,1,1,차대차 - 추돌 - 진행중,차로위반,건조,맑음,단일로 - 기타,화물,남,46세,상해없음,승용,남,26세,부상신고
2015032100100303,2015년 3월 21일 14시,토요일,경상남도 함안군 군북면,부상신고사고,0,0,0,1,차대차 - 측면직각충돌,안전운전불이행,건조,맑음,단일로 - 기타,건설기계,남,45세,상해없음,승용,남,44세,부상신고
2015032100100344,2015년 3월 21일 15시,토요일,경상남도 통영시 도산면,중상사고,0,1,1,0,차대차 - 측면직각충돌,신호위반,건조,맑음,교차로 - 교차로안,승용,남,33세,상해없음,승용,남,54세,경상
2015032100100346,2015년 3월 21일 15시,토요일,경상남도 양산시 상북면,경상사고,0,0,1,0,차대차 - 측면직각충돌,안전운전불이행,건조,맑음,단일로 - 기타,승용,남,35세,상해없음,화물,남,66세,경상
2015032100100347,2015년 3월 21일 15시,토요일,경상남도 거제시 남부면,중상사고,0,1,0,0,차대사람 - 기타,안전운전불이행,기타,맑음,기타 - 기타,승합,남,51세,상해없음,보행자,남,68세,중상
2015032100100376,2015년 3월 21일 16시,토요일,경상남도 거제시 고현동,경상사고,0,0,1,0,차대사람 - 횡단중,안전운전불이행,건조,맑음,단일로 - 기타,승용,남,47세,상해없음,보행자,여,44세,경상
2015032100100377,2015년 3월 21일 16시,토요일,경상남도 거제시 수월동,중상사고,0,2,0,0,차대차 - 기타,직진우회전진행방해,건조,맑음,교차로 - 교차로안,승용,여,51세,상해없음,원동기,남,18세,중상
2015032100100378,2015년 3월 21일 16시,토요일,경상남도 남해군 상주면,경상사고,0,0,3,0,차대차 - 추돌 - 주정차중,중앙선침범,건조,맑음,단일로 - 기타,승용,남,54세,상해없음,화물,여,51세,상해없음
2015032100100418,2015년 3월 21일 17시,토요일,경상남도 사천시 정동면,경상사고,0,0,1,1,차대차 - 측면직각충돌,교차로운행방법위반,건조,맑음,교차로 - 교차로안,승용,여,57세,상해없음,승합,남,45세,경상
2015032100100419,2015년 3월 21일 17시,토요일,경상남도 합천군 대병면,중상사고,0,1,0,0,차대차 - 측면직각충돌,안전운전불이행,건조,맑음,교차로 - 교차로부근,화물,남,41세,상해없음,화물,남,27세,중상
2015032100100420,2015년 3월 21일 17시,토요일,경상남도 거제시 상동동,경상사고,0,0,2,0,차대차 - 추돌 - 주정차중,안전운전불이행,건조,맑음,단일로 - 기타,승용,남,42세,기타불명,승용,남,28세,경상
2015032100100421,2015년 3월 21일 17시,토요일,경상남도 거제시 아주동,경상사고,0,0,1,0,차대차 - 추돌 - 진행중,안전거리미확보,건조,맑음,교차로 - 교차로부근,승용,남,20세,상해없음,승용,남,28세,경상
2015032100100422,2015년 3월 21일 17시,토요일,경상남도 창원시 마산회원구 봉암동,중상사고,0,1,4,0,차대차 - 추돌 - 주정차중,안전운전불이행,건조,맑음,단일로 - 기타,승용,여,40세,상해없음,승용,여,47세,중상
2015032100100461,2015년 3월 21일 18시,토요일,경상남도 진주시 초전동,경상사고,0,0,1,0,차대차 - 기타,안전운전불이행,건조,맑음,교차로 - 교차로안,승용,남,36세,상해없음,자전거,남,67세,경상
2015032100100462,2015년 3월 21일 18시,토요일,경상남도 김해시 삼방동,경상사고,0,0,1,0,차대차 - 측면직각충돌,안전운전불이행,건조,맑음,교차로 - 교차로안,승용,남,34세,상해없음,원동기,남,18세,경상
2015032100100463,2015년 3월 21일 18시,토요일,경상남도 거창군 거창읍,경상사고,0,0,1,0,차대사람 - 횡단중,안전운전불이행,건조,맑음,교차로 - 교차로안,승용,여,46세,상해없음,보행자,여,12세,경상
2015032100100535,2015년 3월 21일 20시,토요일,경상남도 통영시 도남동,경상사고,0,0,1,0,차대차 - 측면직각충돌,직진우회전진행방해,건조,맑음,교차로 - 교차로안,승용,남,34세,상해없음,이륜,남,38세,경상
2015032100100559,2015년 3월 21일 21시,토요일,경상남도 창원시 성산구 성주동,중상사고,0,1,0,0,차대차 - 측면직각충돌,신호위반,건조,맑음,교차로 - 교차로안,승용,남,56세,상해없음,승용,남,35세,중상
2015032100100560,2015년 3월 21일 21시,토요일,경상남도 창원시 의창구 동읍,중상사고,0,1,0,0,차대차 - 기타,중앙선침범,건조,맑음,단일로 - 기타,승용,여,51세,상해없음,승용,남,31세,중상
2015032100100616,2015년 3월 21일 23시,토요일,경상남도 창원시 진해구 석동,경상사고,0,0,1,0,차대차 - 측면직각충돌,안전운전불이행,건조,맑음,교차로 - 교차로안,승용,남,36세,상해없음,승용,남,56세,경상
2015032100100617,2015년 3월 21일 23시,토요일,경상남도 김해시 내동,중상사고,0,1,0,0,차대차 - 측면직각충돌,신호위반,건조,맑음,교차로 - 교차로안,승용,여,51세,상해없음,승용,남,21세,중상
2015032200100048,2015년 3월 22일 01시,일요일,경상남도 창원시 마산회원구 봉암동,경상사고,0,0,1,0,차대차 - 측면직각충돌,신호위반,건조,맑음,교차로 - 교차로안,승용,남,50세,상해없음,승용,남,59세,상해없음
2015032200100060,2015년 3월 22일 02시,일요일,경상남도 밀양시 하남읍,중상사고,0,1,1,0,차대차 - 정면충돌,중앙선침범,건조,맑음,단일로 - 기타,승용,남,54세,상해없음,승용,남,50세,중상
2015032200100061,2015년 3월 22일 02시,일요일,경상남도 양산시 덕계동,경상사고,0,0,1,0,차대차 - 기타,직진우회전진행방해,건조,맑음,교차로 - 교차로안,승용,남,58세,상해없음,승용,남,45세,상해없음
2015032200100073,2015년 3월 22일 03시,일요일,경상남도 창원시 진해구 태백동,중상사고,0,2,2,0,차대차 - 추돌 - 주정차중,안전운전불이행,건조,맑음,단일로 - 기타,승용,남,29세,상해없음,승용,남,24세,경상
2015032200100074,2015년 3월 22일 03시,일요일,경상남도 고성군 고성읍,사망사고,1,0,0,0,차량단독 - 공작물충돌,안전운전불이행,건조,맑음,단일로 - 기타,승용,남,52세,사망,,,,
2015032200100085,2015년 3월 22일 04시,일요일,경상남도 합천군 합천읍,중상사고,0,1,0,0,차량단독 - 공작물충돌,안전운전불이행,건조,맑음,교차로 - 교차로부근,승용,남,47세,중상,,,,
2015032200100099,2015년 3월 22일 05시,일요일,경상남도 진주시 초전동,경상사고,0,0,2,0,차대차 - 기타,교차로운행방법위반,건조,맑음,교차로 - 교차로안,승용,남,55세,상해없음,승용,여,18세,경상
2015032200100100,2015년 3월 22일 05시,일요일,경상남도 창원시 진해구 이동,경상사고,0,0,1,0,차대사람 - 차도통행중,안전운전불이행,건조,맑음,단일로 - 기타,승용,여,59세,상해없음,보행자,남,18세,경상
2015032200100113,2015년 3월 22일 06시,일요일,경상남도 김해시 내동,중상사고,0,1,0,0,차대차 - 추돌 - 진행중,안전운전불이행,건조,맑음,단일로 - 기타,화물,남,46세,상해없음,화물,남,58세,중상
2015032200100155,2015년 3월 22일 09시,일요일,경상남도 진주시 대안동,중상사고,0,1,0,0,차대사람 - 차도통행중,안전운전불이행,건조,맑음,기타 - 기타,승용,남,47세,상해없음,보행자,여,52세,중상
2015032200100180,2015년 3월 22일 10시,일요일,경상남도 통영시 항남동,경상사고,0,0,1,0,차대차 - 측면직각충돌,교차로운행방법위반,건조,맑음,교차로 - 교차로안,승용,남,40세,상해없음,승용,남,32세,경상
2015032200100181,2015년 3월 22일 10시,일요일,경상남도 양산시 상북면,경상사고,0,0,1,0,차량단독 - 기타,안전운전불이행,건조,맑음,기타 - 기타,원동기,남,41세,경상,,,,
2015032200100196,2015년 3월 22일 11시,일요일,경상남도 김해시 외동,경상사고,0,0,1,0,차대차 - 추돌 - 진행중,안전운전불이행,건조,맑음,단일로 - 기타,승용,남,56세,상해없음,원동기,남,23세,경상
2015032200100197,2015년 3월 22일 11시,일요일,경상남도 창원시 마산회원구 봉암동,경상사고,0,0,1,0,차대차 - 측면직각충돌,신호위반,건조,맑음,교차로 - 교차로안,승용,남,60세,상해없음,승용,남,40세,상해없음
2015032200100214,2015년 3월 22일 12시,일요일,경상남도 창원시 마산합포구 교방동,경상사고,0,0,1,0,차대사람 - 기타,안전운전불이행,건조,맑음,단일로 - 기타,승용,남,61세,상해없음,보행자,여,46세,경상
2015032200100215,2015년 3월 22일 12시,일요일,경상남도 창원시 진해구 용원동,중상사고,0,1,0,0,차대차 - 측면직각충돌,안전운전불이행,건조,맑음,교차로 - 교차로부근,이륜,남,43세,중상,승용,남,43세,상해없음
2015032200100243,2015년 3월 22일 13시,일요일,경상남도 통영시 미수동,경상사고,0,0,3,0,차대차 - 추돌 - 진행중,안전운전불이행,건조,맑음,단일로 - 교량,승용,남,63세,상해없음,승용,여,28세,경상
2015032200100244,2015년 3월 22일 13시,일요일,경상남도 양산시 동면,중상사고,0,1,0,0,차대사람 - 기타,안전운전불이행,건조,맑음,기타 - 기타,화물,남,56세,상해없음,보행자,남,55세,중상
2015032200100245,2015년 3월 22일 13시,일요일,경상남도 하동군 금남면,경상사고,0,0,2,0,차대차 - 측면직각충돌,중앙선침범,건조,맑음,단일로 - 기타,승용,남,55세,상해없음,승용,남,48세,경상
2015032200100279,2015년 3월 22일 14시,일요일,경상남도 통영시 한산면,경상사고,0,0,1,0,차량단독 - 도로외이탈 - 기타,안전운전불이행,건조,맑음,단일로 - 기타,승용,남,67세,상해없음,,,,
2015032200100280,2015년 3월 22일 14시,일요일,경상남도 김해시 부원동,경상사고,0,0,6,0,차대차 - 측면직각충돌,신호위반,건조,맑음,교차로 - 교차로안,승용,남,29세,상해없음,승용,남,31세,경상
2015032200100281,2015년 3월 22일 14시,일요일,경상남도 거제시 일운면,중상사고,0,2,0,0,차대차 - 측면직각충돌,중앙선침범,건조,맑음,단일로 - 기타,승용,남,49세,상해없음,원동기,남,68세,중상
2015032200100282,2015년 3월 22일 14시,일요일,경상남도 창원시 의창구 팔용동,경상사고,0,0,2,0,차대차 - 추돌 - 주정차중,안전운전불이행,건조,맑음,단일로 - 기타,승용,남,60세,상해없음,승용,남,30세,경상
2015032200100325,2015년 3월 22일 15시,일요일,경상남도 거창군 거창읍,중상사고,0,1,0,0,차대차 - 정면충돌,중앙선침범,건조,맑음,단일로 - 기타,이륜,남,69세,중상,승용,남,30세,상해없음
2015032200100326,2015년 3월 22일 15시,일요일,경상남도 합천군 야로면,부상신고사고,0,0,0,1,차대차 - 측면직각충돌,교차로운행방법위반,건조,맑음,교차로 - 교차로안,승용,남,57세,부상신고,승용,남,56세,상해없음
2015032200100327,2015년 3월 22일 15시,일요일,경상남도 거제시 장평동,경상사고,0,0,1,0,차대차 - 측면직각충돌,교차로운행방법위반,건조,맑음,교차로 - 교차로안,승용,남,47세,상해없음,자전거,남,22세,경상
2015032200100328,2015년 3월 22일 15시,일요일,경상남도 창원시 의창구 팔용동,경상사고,0,0,2,0,차대차 - 추돌 - 진행중,안전운전불이행,건조,맑음,단일로 - 기타,승용,남,48세,상해없음,승용,남,42세,상해없음
2015032200100366,2015년 3월 22일 16시,일요일,경상남도 함양군 안의면,경상사고,0,0,2,0,차대차 - 측면직각충돌,신호위반,건조,맑음,교차로 - 교차로안,화물,남,56세,상해없음,승용,남,22세,경상
2015032200100367,2015년 3월 22일 16시,일요일,경상남도 창원시 마산회원구 내서읍,중상사고,0,1,0,0,차대차 - 측면직각충돌,신호위반,건조,맑음,교차로 - 교차로안,이륜,남,20세,기타불명,자전거,남,11세,중상
2015032200100408,2015년 3월 22일 17시,일요일,경상남도 밀양시 단장면,중상사고,0,2,0,0,차대차 - 측면직각충돌,중앙선침범,건조,맑음,단일로 - 기타,화물,남,54세,상해없음,이륜,남,42세,중상
2015032200100409,2015년 3월 22일 17시,일요일,경상남도 거제시 고현동,경상사고,0,0,2,0,차대차 - 추돌 - 주정차중,안전운전불이행,건조,맑음,교차로 - 교차로부근,승용,기타불명,기타불명,기타불명,승용,여,43세,경상
2015032200100410,2015년 3월 22일 17시,일요일,경상남도 거제시 고현동,경상사고,0,0,1,0,차대차 - 측면직각충돌,안전운전불이행,건조,맑음,교차로 - 교차로부근,승용,여,18세,상해없음,승용,여,55세,상해없음
2015032200100437,2015년 3월 22일 18시,일요일,경상남도 진주시 하대동,경상사고,0,0,1,0,차대차 - 측면직각충돌,직진우회전진행방해,건조,맑음,교차로 - 교차로안,승용,남,59세,상해없음,승용,남,64세,상해없음
2015032200100438,2015년 3월 22일 18시,일요일,경상남도 김해시 장유면,중상사고,0,1,0,0,차대차 - 측면직각충돌,안전운전불이행,건조,맑음,단일로 - 기타,승용,여,37세,상해없음,이륜,남,19세,중상
2015032200100470,2015년 3월 22일 19시,일요일,경상남도 창원시 의창구 동읍,경상사고,0,0,1,0,차대차 - 측면직각충돌,신호위반,건조,맑음,교차로 - 교차로안,승용,남,67세,상해없음,승용,남,33세,경상
2015032200100471,2015년 3월 22일 19시,일요일,경상남도 하동군 고전면,경상사고,0,0,4,0,차대차 - 기타,안전운전불이행,건조,맑음,단일로 - 기타,승합,남,40세,상해없음,승용,여,39세,경상
2015032200100503,2015년 3월 22일 20시,일요일,경상남도 함안군 가야읍,사망사고,1,0,0,0,차대사람 - 차도통행중,안전운전불이행,건조,맑음,단일로 - 기타,승용,남,61세,상해없음,보행자,여,82세,사망
2015032200100521,2015년 3월 22일 21시,일요일,경상남도 사천시 사천읍,경상사고,0,0,1,0,차대차 - 측면직각충돌,신호위반,건조,맑음,교차로 - 교차로안,승용,남,18세,상해없음,이륜,남,17세,경상
2015032200100522,2015년 3월 22일 21시,일요일,경상남도 거제시 연초면,부상신고사고,0,0,0,1,차량단독 - 기타,안전운전불이행,건조,맑음,단일로 - 기타,승합,남,58세,상해없음,,,,
2015032200100540,2015년 3월 22일 22시,일요일,경상남도 양산시 북정동,경상사고,0,0,1,0,차대차 - 측면직각충돌,안전운전불이행,건조,맑음,단일로 - 기타,승용,남,19세,상해없음,승용,남,49세,경상
2015032300100013,2015년 3월 23일 01시,월요일,경상남도 창원시 성산구 상남동,경상사고,0,0,1,0,차대차 - 추돌 - 주정차중,안전운전불이행,건조,맑음,단일로 - 기타,승용,남,21세,상해없음,승용,남,49세,경상
2015032300100051,2015년 3월 23일 06시,월요일,경상남도 창원시 성산구 신촌동,중상사고,0,1,0,0,차량단독 - 공작물충돌,안전운전불이행,건조,맑음,단일로 - 기타,원동기,남,32세,중상,,,,
2015032300100155,2015년 3월 23일 09시,월요일,경상남도 진주시 옥봉동,경상사고,0,0,1,0,차대차 - 정면충돌,안전운전불이행,건조,맑음,교차로 - 교차로부근,원동기,여,60세,경상,승용,남,52세,상해없음
2015032300100156,2015년 3월 23일 09시,월요일,경상남도 창원시 진해구 두동,중상사고,0,5,0,0,차대차 - 추돌 - 주정차중,안전거리미확보,건조,맑음,단일로 - 기타,화물,남,35세,상해없음,승용,남,36세,중상
2015032300100182,2015년 3월 23일 10시,월요일,경상남도 밀양시 내이동,중상사고,0,1,0,0,차대사람 - 횡단중,보행자보호의무위반,건조,맑음,교차로 - 교차로부근,화물,남,38세,상해없음,보행자,여,80세,중상
2015032300100183,2015년 3월 23일 10시,월요일,경상남도 합천군 삼가면,경상사고,0,0,1,0,차대차 - 측면직각충돌,신호위반,건조,맑음,교차로 - 교차로부근,원동기,남,80세,경상,특수,남,48세,상해없음
2015032300100184,2015년 3월 23일 10시,월요일,경상남도 거제시 고현동,경상사고,0,0,1,0,차대차 - 기타,교차로운행방법위반,건조,맑음,교차로 - 교차로안,승용,남,40세,상해없음,승용,여,43세,경상
2015032300100246,2015년 3월 23일 12시,월요일,경상남도 밀양시 무안면,경상사고,0,0,1,0,차대차 - 측면직각충돌,안전운전불이행,건조,맑음,교차로 - 교차로안,화물,남,51세,상해없음,이륜,여,49세,경상
2015032300100247,2015년 3월 23일 12시,월요일,경상남도 거제시 연초면,중상사고,0,1,0,0,차대차 - 기타,중앙선침범,건조,맑음,교차로 - 교차로안,승용,남,55세,상해없음,이륜,남,46세,중상
2015032300100248,2015년 3월 23일 12시,월요일,경상남도 의령군 의령읍,경상사고,0,0,1,0,차대차 - 측면직각충돌,교차로운행방법위반,건조,맑음,교차로 - 교차로안,화물,남,62세,상해없음,화물,남,55세,상해없음
2015032300100272,2015년 3월 23일 13시,월요일,경상남도 거제시 고현동,경상사고,0,0,2,0,차대차 - 측면직각충돌,중앙선침범,건조,맑음,교차로 - 교차로안,승용,여,37세,상해없음,승용,남,45세,경상
2015032300100304,2015년 3월 23일 14시,월요일,경상남도 진주시 평안동,중상사고,0,1,0,0,차대차 - 기타,안전운전불이행,건조,맑음,교차로 - 교차로안,승용,남,65세,기타불명,승합,남,52세,상해없음
2015032300100305,2015년 3월 23일 14시,월요일,경상남도 김해시 외동,중상사고,0,1,0,0,차대차 - 측면직각충돌,교차로운행방법위반,건조,맑음,교차로 - 교차로안,승용,남,21세,상해없음,이륜,여,50세,중상
2015032300100333,2015년 3월 23일 15시,월요일,경상남도 진주시 신안동,부상신고사고,0,0,0,1,차대차 - 측면직각충돌,안전운전불이행,건조,맑음,단일로 - 기타,원동기,남,19세,부상신고,승용,남,58세,상해없음
2015032300100334,2015년 3월 23일 15시,월요일,경상남도 거제시 장평동,경상사고,0,0,2,0,차대차 - 측면직각충돌,교차로운행방법위반,건조,맑음,단일로 - 기타,화물,남,56세,상해없음,승용,남,33세,경상
2015032300100335,2015년 3월 23일 15시,월요일,경상남도 창원시 성산구 중앙동,중상사고,0,4,2,0,차대차 - 측면직각충돌,신호위반,건조,맑음,교차로 - 교차로안,승용,여,53세,상해없음,승용,남,66세,경상
2015032300100373,2015년 3월 23일 16시,월요일,경상남도 창원시 마산합포구 신포동2가,경상사고,0,0,1,0,차대차 - 추돌 - 진행중,안전거리미확보,건조,맑음,교차로 - 교차로부근,승합,남,60세,상해없음,승용,여,54세,경상
2015032300100374,2015년 3월 23일 16시,월요일,경상남도 통영시 미수동,중상사고,0,1,0,0,차대사람 - 길가장자리구역통행중,안전운전불이행,건조,맑음,단일로 - 기타,승용,남,67세,상해없음,보행자,여,62세,중상
2015032300100375,2015년 3월 23일 16시,월요일,경상남도 창녕군 창녕읍,중상사고,0,1,0,0,차대차 - 기타,안전운전불이행,건조,맑음,단일로 - 기타,화물,남,70세,상해없음,원동기,여,75세,중상
2015032300100376,2015년 3월 23일 16시,월요일,경상남도 거제시 두모동,경상사고,0,0,1,0,차대차 - 기타,교차로운행방법위반,건조,맑음,교차로 - 교차로안,승용,여,50세,상해없음,이륜,남,28세,경상
2015032300100377,2015년 3월 23일 16시,월요일,경상남도 창원시 마산회원구 구암동,중상사고,0,1,0,0,차대사람 - 길가장자리구역통행중,안전운전불이행,건조,맑음,단일로 - 기타,승용,여,72세,상해없음,보행자,여,61세,중상
2015032300100378,2015년 3월 23일 16시,월요일,경상남도 창원시 의창구 팔용동,중상사고,0,1,0,0,차대차 - 측면직각충돌,교차로운행방법위반,건조,맑음,교차로 - 교차로안,화물,남,49세,상해없음,승용,여,41세,중상
2015032300100379,2015년 3월 23일 16시,월요일,경상남도 창원시 마산회원구 회성동,중상사고,0,1,0,0,차량단독 - 공작물충돌,안전운전불이행,건조,맑음,단일로 - 기타,승용,남,37세,중상,,,,
2015032300100414,2015년 3월 23일 17시,월요일,경상남도 창원시 마산합포구 월영동,경상사고,0,0,1,0,차대차 - 측면직각충돌,안전운전불이행,건조,맑음,단일로 - 기타,승용,여,54세,상해없음,화물,남,66세,경상
2015032300100415,2015년 3월 23일 17시,월요일,경상남도 김해시 내동,경상사고,0,0,1,0,차대차 - 측면직각충돌,직진우회전진행방해,건조,맑음,교차로 - 교차로안,승용,여,36세,상해없음,이륜,남,65세,경상
2015032300100443,2015년 3월 23일 18시,월요일,경상남도 진주시 신안동,중상사고,0,1,0,0,차대사람 - 횡단중,안전운전불이행,건조,맑음,교차로 - 교차로부근,승용,남,36세,상해없음,보행자,남,16세,중상
2015032300100444,2015년 3월 23일 18시,월요일,경상남도 김해시 삼정동,중상사고,0,1,4,0,차대차 - 측면직각충돌,직진우회전진행방해,건조,맑음,교차로 - 교차로안,화물,남,50세,경상,승용,남,65세,경상
2015032300100445,2015년 3월 23일 18시,월요일,경상남도 김해시 삼정동,중상사고,0,1,0,0,차대차 - 측면직각충돌,안전운전불이행,건조,맑음,교차로 - 교차로안,승용,남,26세,상해없음,이륜,남,47세,중상
2015032300100446,2015년 3월 23일 18시,월요일,경상남도 산청군 단성면,중상사고,0,1,1,1,차대차 - 정면충돌,안전운전불이행,건조,맑음,단일로 - 기타,승용,남,57세,부상신고,승용,여,47세,중상
2015032300100447,2015년 3월 23일 18시,월요일,경상남도 창원시 의창구 팔용동,경상사고,0,0,3,0,차대차 - 추돌 - 진행중,안전거리미확보,건조,맑음,단일로 - 기타,승용,남,59세,상해없음,화물,남,31세,경상
2015032300100484,2015년 3월 23일 19시,월요일,경상남도 진주시 금산면,중상사고,0,1,0,0,차대사람 - 횡단중,보행자보호의무위반,건조,맑음,교차로 - 교차로부근,승용,여,45세,상해없음,보행자,남,17세,중상
2015032300100485,2015년 3월 23일 19시,월요일,경상남도 진주시 문산읍,중상사고,0,1,0,0,차대차 - 측면직각충돌,교차로운행방법위반,건조,맑음,교차로 - 교차로안,승용,남,41세,상해없음,원동기,여,59세,중상
2015032300100486,2015년 3월 23일 19시,월요일,경상남도 김해시 어방동,경상사고,0,0,1,0,차대차 - 측면직각충돌,안전운전불이행,건조,맑음,교차로 - 교차로부근,승용,남,31세,경상,화물,남,48세,상해없음
2015032300100508,2015년 3월 23일 20시,월요일,경상남도 양산시 물금읍,중상사고,0,1,0,0,차대차 - 기타,안전거리미확보,건조,맑음,교차로 - 교차로안,승용,여,32세,상해없음,승용,남,32세,중상
2015032300100509,2015년 3월 23일 20시,월요일,경상남도 창원시 성산구 반림동,경상사고,0,0,1,0,차대차 - 기타,안전운전불이행,건조,맑음,단일로 - 기타,승용,남,39세,상해없음,승용,남,53세,경상
2015032300100547,2015년 3월 23일 21시,월요일,경상남도 창원시 마산회원구 회성동,경상사고,0,0,1,0,차대차 - 측면직각충돌,안전운전불이행,건조,맑음,교차로 - 교차로부근,승용,남,58세,상해없음,승합,남,51세,상해없음
2015032300100577,2015년 3월 23일 22시,월요일,경상남도 창원시 진해구 대흥동,경상사고,0,0,3,0,차대차 - 측면직각충돌,안전운전불이행,건조,맑음,단일로 - 기타,승용,남,43세,경상,승용,여,50세,경상
2015032300100578,2015년 3월 23일 22시,월요일,경상남도 창원시 마산회원구 합성동,경상사고,0,0,1,0,차대차 - 추돌 - 진행중,안전운전불이행,건조,맑음,단일로 - 횡단보도부근,승용,남,56세,상해없음,승용,남,55세,경상
2015032300100596,2015년 3월 23일 23시,월요일,경상남도 양산시 하북면,중상사고,0,1,0,0,차대차 - 기타,안전운전불이행,건조,맑음,단일로 - 기타,화물,남,39세,중상,승용,남,53세,상해없음
2015032400100034,2015년 3월 24일 02시,화요일,경상남도 진주시 정촌면,중상사고,0,1,1,0,차대차 - 측면직각충돌,안전거리미확보,건조,맑음,단일로 - 기타,승용,남,52세,상해없음,화물,남,35세,중상
2015032400100060,2015년 3월 24일 05시,화요일,경상남도 창원시 진해구 경화동,중상사고,0,2,2,0,차대차 - 추돌 - 주정차중,중앙선침범,건조,맑음,단일로 - 기타,승용,남,19세,경상,승합,남,51세,기타불명
2015032400100076,2015년 3월 24일 06시,화요일,경상남도 양산시 물금읍,경상사고,0,0,2,0,차대차 - 기타,교차로운행방법위반,건조,맑음,교차로 - 교차로안,승용,남,54세,상해없음,승용,남,41세,경상