사고번호,사고일시,요일,시군구,사고내용,사망자수,중상자수,경상자수,부상신고자수,사고유형,법규위반,노면상태,기상상태,도로형태,가해운전자 차종,가해운전자 성별,가해운전자 연령,가해운전자 상해정도,피해운전자 차종,피해운전자 성별,피해운전자 연령,피해운전자 상해정도
2015032400100103,2015년 3월 24일 07시,화요일,경상남도 창원시 마산합포구 신포동1가,사망사고,1,0,0,0,차대차 - 추돌 - 주정차중,안전운전불이행,건조,맑음,단일로 - 기타,원동기,남,72세,사망,화물,남,43세,상해없음
2015032400100104,2015년 3월 24일 07시,화요일,경상남도 함안군 칠원읍,경상사고,0,0,1,0,차대차 - 측면직각충돌,신호위반,건조,맑음,교차로 - 교차로안,승용,여,51세,상해없음,승용,남,51세,경상
2015032400100137,2015년 3월 24일 08시,화요일,경상남도 창원시 진해구 명동,중상사고,0,1,0,0,차대차 - 측면직각충돌,교차로운행방법위반,건조,맑음,교차로 - 교차로안,승용,남,55세,상해없음,승용,여,52세,중상
2015032400100138,2015년 3월 24일 08시,화요일,경상남도 양산시 하북면,경상사고,0,0,2,0,차대차 - 측면직각충돌,교차로운행방법위반,건조,맑음,교차로 - 교차로안,승용,남,70세,상해없음,승용,남,49세,경상
2015032400100139,2015년 3월 24일 08시,화요일,경상남도 거제시 사등면,경상사고,0,0,1,0,차대차 - 기타,안전거리미확보,건조,맑음,단일로 - 기타,승합,남,30세,상해없음,건설기계,남,44세,경상
2015032400100170,2015년 3월 24일 09시,화요일,경상남도 밀양시 삼랑진읍,중상사고,0,1,0,0,차대차 - 측면직각충돌,안전운전불이행,건조,맑음,단일로 - 기타,화물,남,54세,상해없음,이륜,남,58세,중상
2015032400100189,2015년 3월 24일 10시,화요일,경상남도 창원시 마산합포구 산호동,경상사고,0,0,1,0,차대차 - 측면직각충돌,안전운전불이행,건조,맑음,단일로 - 기타,승용,여,52세,기타불명,이륜,남,36세,경상
2015032400100236,2015년 3월 24일 12시,화요일,경상남도 사천시 송포동,경상사고,0,0,1,0,차대사람 - 차도통행중,중앙선침범,건조,맑음,단일로 - 기타,화물,남,55세,상해없음,보행자,여,76세,경상
2015032400100237,2015년 3월 24일 12시,화요일,경상남도 김해시 상동면,사망사고,1,0,0,0,차대사람 - 차도통행중,안전운전불이행,건조,맑음,단일로 - 기타,화물,남,60세,상해없음,보행자,남,50세,사망
2015032400100238,2015년 3월 24일 12시,화요일,경상남도 창녕군 창녕읍,경상사고,0,0,2,0,차대차 - 측면직각충돌,중앙선침범,건조,맑음,교차로 - 교차로부근,화물,남,77세,상해없음,승용,여,55세,경상
2015032400100239,2015년 3월 24일 12시,화요일,경상남도 양산시 물금읍,경상사고,0,0,3,1,차대차 - 측면직각충돌,교차로운행방법위반,건조,맑음,교차로 - 교차로안,승용,남,35세,상해없음,승용,남,53세,부상신고
2015032400100240,2015년 3월 24일 12시,화요일,경상남도 양산시 삼호동,경상사고,0,0,1,0,차대차 - 측면직각충돌,직진우회전진행방해,건조,맑음,교차로 - 교차로안,승용,남,53세,상해없음,이륜,남,35세,경상
2015032400100242,2015년 3월 24일 12시,화요일,경상남도 김해시 진영읍,중상사고,0,1,0,0,차대차 - 추돌 - 진행중,안전거리미확보,건조,맑음,교차로 - 교차로안,승용,남,62세,상해없음,이륜,남,47세,중상
2015032400100271,2015년 3월 24일 13시,화요일,경상남도 통영시 광도면,중상사고,0,2,2,0,차대차 - 측면직각충돌,신호위반,건조,맑음,교차로 - 교차로안,화물,남,67세,상해없음,승용,남,60세,경상
2015032400100272,2015년 3월 24일 13시,화요일,경상남도 양산시 원동면,경상사고,0,0,1,0,차대사람 - 기타,안전운전불이행,건조,맑음,단일로 - 기타,승용,여,48세,상해없음,보행자,남,28세,경상
2015032400100303,2015년 3월 24일 14시,화요일,경상남도 거제시 고현동,경상사고,0,0,1,0,차대차 - 기타,안전거리미확보,건조,맑음,교차로 - 교차로부근,승용,남,33세,상해없음,승용,남,60세,경상
2015032400100328,2015년 3월 24일 15시,화요일,경상남도 양산시 동면,사망사고,1,0,0,0,차량단독 - 기타,안전운전불이행,건조,맑음,단일로 - 기타,원동기,남,60세,사망,,,,
2015032400100329,2015년 3월 24일 15시,화요일,경상남도 양산시 물금읍,중상사고,0,1,0,0,차대사람 - 길가장자리구역통행중,안전운전불이행,건조,맑음,단일로 - 기타,승용,여,36세,상해없음,보행자,여,62세,중상
2015032400100393,2015년 3월 24일 17시,화요일,경상남도 진주시 장대동,경상사고,0,0,1,0,차대사람 - 기타,안전운전불이행,건조,맑음,단일로 - 기타,승용,남,37세,상해없음,보행자,여,56세,경상
2015032400100394,2015년 3월 24일 17시,화요일,경상남도 양산시 북부동,경상사고,0,0,1,0,차대사람 - 횡단중,보행자보호의무위반,건조,맑음,단일로 - 횡단보도상,승합,남,72세,상해없음,보행자,여,22세,경상
2015032400100395,2015년 3월 24일 17시,화요일,경상남도 창원시 성산구 가음동,경상사고,0,0,1,0,차대차 - 측면직각충돌,안전운전불이행,건조,맑음,단일로 - 기타,승용,여,56세,상해없음,승용,여,34세,상해없음
2015032400100432,2015년 3월 24일 18시,화요일,경상남도 창원시 마산합포구 오동동,경상사고,0,0,1,0,차대사람 - 기타,안전운전불이행,건조,맑음,단일로 - 기타,승용,남,45세,상해없음,보행자,남,65세,경상
2015032400100433,2015년 3월 24일 18시,화요일,경상남도 사천시 곤명면,중상사고,0,1,0,0,차대사람 - 횡단중,안전운전불이행,건조,맑음,단일로 - 기타,승용,남,60세,상해없음,보행자,여,73세,중상
2015032400100434,2015년 3월 24일 18시,화요일,경상남도 김해시 부원동,중상사고,0,1,1,0,차대차 - 측면직각충돌,안전운전불이행,건조,맑음,교차로 - 교차로안,승용,남,50세,상해없음,승용,남,35세,중상
2015032400100435,2015년 3월 24일 18시,화요일,경상남도 김해시 삼계동,중상사고,0,1,0,0,차대차 - 측면직각충돌,안전운전불이행,건조,맑음,단일로 - 기타,이륜,남,19세,중상,승용,남,49세,상해없음
2015032400100436,2015년 3월 24일 18시,화요일,경상남도 산청군 신안면,중상사고,0,3,0,0,차량단독 - 공작물충돌,안전운전불이행,건조,맑음,단일로 - 기타,승용,여,65세,중상,,,,
2015032400100437,2015년 3월 24일 18시,화요일,경상남도 창원시 의창구 대산면,경상사고,0,0,1,0,차대사람 - 횡단중,안전운전불이행,건조,맑음,교차로 - 교차로안,승용,여,58세,상해없음,보행자,여,29세,경상
2015032400100485,2015년 3월 24일 19시,화요일,경상남도 김해시 삼정동,중상사고,0,1,2,0,차대사람 - 횡단중,보행자보호의무위반,건조,맑음,교차로 - 교차로안,화물,여,46세,상해없음,보행자,남,45세,경상
2015032400100486,2015년 3월 24일 19시,화요일,경상남도 김해시 어방동,중상사고,0,2,1,0,차대차 - 측면직각충돌,신호위반,건조,맑음,교차로 - 교차로안,승용,남,39세,상해없음,승용,여,29세,중상
2015032400100487,2015년 3월 24일 19시,화요일,경상남도 양산시 평산동,중상사고,0,1,0,1,차대차 - 추돌 - 주정차중,안전거리미확보,건조,맑음,단일로 - 기타,승용,남,53세,상해없음,승합,남,59세,중상
2015032400100525,2015년 3월 24일 20시,화요일,경상남도 창원시 마산합포구 완월동,경상사고,0,0,1,0,차대차 - 측면직각충돌,교차로운행방법위반,건조,맑음,교차로 - 교차로안,승용,남,63세,상해없음,승용,남,54세,경상
2015032400100598,2015년 3월 24일 22시,화요일,경상남도 창원시 마산합포구 중앙동2가,경상사고,0,0,1,0,차대차 - 측면직각충돌,안전거리미확보,건조,맑음,단일로 - 기타,승용,남,46세,상해없음,승용,남,59세,상해없음
2015032400100599,2015년 3월 24일 22시,화요일,경상남도 통영시 광도면,경상사고,0,0,1,0,차대사람 - 횡단중,안전운전불이행,건조,맑음,교차로 - 교차로안,승용,남,44세,상해없음,보행자,남,44세,경상
2015032400100600,2015년 3월 24일 22시,화요일,경상남도 창원시 의창구 동읍,경상사고,0,0,3,0,차대차 - 기타,신호위반,건조,맑음,교차로 - 교차로안,승용,남,30세,상해없음,화물,남,66세,경상
2015032500100083,2015년 3월 25일 07시,수요일,경상남도 양산시 동면,부상신고사고,0,0,0,2,차대차 - 기타,안전거리미확보,건조,맑음,단일로 - 기타,승용,남,63세,상해없음,승용,남,53세,부상신고
2015032500100084,2015년 3월 25일 07시,수요일,경상남도 남해군 설천면,중상사고,0,1,2,0,차대차 - 추돌 - 주정차중,안전운전불이행,건조,맑음,단일로 - 기타,화물,남,65세,상해없음,승용,여,54세,경상
2015032500100085,2015년 3월 25일 07시,수요일,경상남도 김해시 장유면,경상사고,0,0,1,0,차대사람 - 횡단중,안전운전불이행,건조,맑음,단일로 - 기타,승용,남,54세,상해없음,보행자,여,21세,경상
2015032500100130,2015년 3월 25일 08시,수요일,경상남도 진주시 문산읍,중상사고,0,1,2,0,차대차 - 추돌 - 주정차중,안전운전불이행,건조,맑음,단일로 - 기타,승용,남,77세,상해없음,승용,여,31세,중상
2015032500100131,2015년 3월 25일 08시,수요일,경상남도 김해시 대성동,중상사고,0,1,0,0,차대차 - 측면직각충돌,안전운전불이행,건조,맑음,교차로 - 교차로안,승용,남,52세,상해없음,이륜,여,46세,중상
2015032500100170,2015년 3월 25일 09시,수요일,경상남도 통영시 광도면,중상사고,0,1,0,0,차대차 - 측면직각충돌,신호위반,건조,맑음,교차로 - 교차로안,승용,남,72세,상해없음,승용,남,34세,중상
2015032500100207,2015년 3월 25일 10시,수요일,경상남도 창원시 마산합포구 창동,부상신고사고,0,0,0,1,차대차 - 측면직각충돌,안전운전불이행,건조,맑음,단일로 - 기타,이륜,남,21세,부상신고,승용,남,37세,상해없음
2015032500100236,2015년 3월 25일 11시,수요일,경상남도 김해시 내동,중상사고,0,1,2,0,차대차 - 측면직각충돌,안전운전불이행,건조,맑음,단일로 - 기타,화물,남,58세,상해없음,승용,여,31세,중상
2015032500100274,2015년 3월 25일 12시,수요일,경상남도 진주시 상봉동,중상사고,0,1,0,0,차대차 - 측면직각충돌,교차로운행방법위반,건조,맑음,교차로 - 교차로안,승용,여,45세,상해없음,자전거,남,79세,중상
2015032500100275,2015년 3월 25일 12시,수요일,경상남도 양산시 하북면,경상사고,0,0,1,0,차대차 - 추돌 - 진행중,안전거리미확보,건조,맑음,단일로 - 기타,승용,남,81세,상해없음,승용,여,42세,경상
2015032500100276,2015년 3월 25일 12시,수요일,경상남도 거제시 옥포동,경상사고,0,0,1,0,차대차 - 추돌 - 주정차중,중앙선침범,건조,맑음,단일로 - 기타,승용,남,53세,상해없음,승용,남,42세,기타불명
2015032500100308,2015년 3월 25일 13시,수요일,경상남도 창원시 마산합포구 가포동,중상사고,0,1,0,0,차량단독 - 기타,안전운전불이행,건조,맑음,단일로 - 기타,자전거,남,64세,중상,,,,
2015032500100338,2015년 3월 25일 14시,수요일,경상남도 밀양시 삼문동,경상사고,0,0,2,0,차대차 - 측면직각충돌,안전운전불이행,건조,맑음,교차로 - 교차로안,승용,남,68세,상해없음,승합,여,46세,경상
2015032500100340,2015년 3월 25일 14시,수요일,경상남도 남해군 창선면,경상사고,0,0,1,0,차대차 - 추돌 - 진행중,안전운전불이행,건조,맑음,단일로 - 기타,승용,남,65세,상해없음,화물,남,49세,경상
2015032500100341,2015년 3월 25일 14시,수요일,경상남도 창원시 성산구 중앙동,중상사고,0,1,0,0,차대차 - 측면직각충돌,직진우회전진행방해,건조,맑음,교차로 - 교차로안,화물,남,40세,상해없음,승용,여,60세,중상
2015032500100375,2015년 3월 25일 15시,수요일,경상남도 통영시 북신동,경상사고,0,0,1,0,차대차 - 추돌 - 진행중,안전운전불이행,건조,맑음,교차로 - 교차로안,승용,여,54세,상해없음,승용,여,41세,경상
2015032500100376,2015년 3월 25일 15시,수요일,경상남도 양산시 중부동,경상사고,0,0,1,0,차대사람 - 횡단중,안전운전불이행,건조,맑음,단일로 - 기타,승용,남,46세,상해없음,보행자,남,35세,경상
2015032500100377,2015년 3월 25일 15시,수요일,경상남도 창원시 의창구 명서동,중상사고,0,1,0,0,차대차 - 추돌 - 진행중,안전운전불이행,건조,맑음,단일로 - 기타,이륜,남,50세,상해없음,승용,여,59세,중상
2015032500100440,2015년 3월 25일 17시,수요일,경상남도 거창군 거창읍,중상사고,0,1,0,0,차대차 - 추돌 - 진행중,안전운전불이행,건조,맑음,단일로 - 기타,승용,여,54세,상해없음,자전거,남,58세,중상
2015032500100441,2015년 3월 25일 17시,수요일,경상남도 창원시 성산구 귀곡동,중상사고,0,1,0,0,차대차 - 추돌 - 진행중,안전운전불이행,건조,맑음,단일로 - 기타,승용,남,62세,상해없음,승용,남,53세,중상
2015032500100485,2015년 3월 25일 18시,수요일,경상남도 통영시 미수동,중상사고,0,1,0,0,차대사람 - 차도통행중,안전운전불이행,건조,맑음,교차로 - 교차로안,승용,여,41세,상해없음,보행자,남,84세,중상
2015032500100486,2015년 3월 25일 18시,수요일,경상남도 김해시 구산동,경상사고,0,0,1,0,차대차 - 측면직각충돌,안전운전불이행,건조,맑음,단일로 - 기타,화물,남,26세,상해없음,이륜,남,19세,경상
2015032500100487,2015년 3월 25일 18시,수요일,경상남도 창원시 성산구 중앙동,중상사고,0,1,0,0,차대차 - 측면직각충돌,신호위반,건조,맑음,교차로 - 교차로안,화물,남,54세,상해없음,이륜,남,52세,중상
2015032500100534,2015년 3월 25일 19시,수요일,경상남도 김해시 봉황동,경상사고,0,0,1,0,차대차 - 측면직각충돌,안전운전불이행,건조,맑음,교차로 - 교차로안,이륜,남,49세,경상,승용,남,37세,상해없음
2015032500100535,2015년 3월 25일 19시,수요일,경상남도 양산시 소주동,중상사고,0,1,2,0,차대차 - 기타,안전운전불이행,건조,맑음,교차로 - 교차로안,승용,남,54세,경상,승용,남,40세,상해없음
2015032500100568,2015년 3월 25일 20시,수요일,경상남도 창원시 진해구 이동,중상사고,0,1,0,0,차대사람 - 횡단중,보행자보호의무위반,건조,맑음,기타 - 기타,승용,여,32세,상해없음,보행자,남,72세,중상
2015032500100569,2015년 3월 25일 20시,수요일,경상남도 양산시 삼호동,경상사고,0,0,1,0,차대사람 - 횡단중,안전운전불이행,건조,맑음,단일로 - 기타,승용,남,27세,상해없음,보행자,남,33세,경상
2015032500100597,2015년 3월 25일 21시,수요일,경상남도 김해시 장유면,경상사고,0,0,1,0,차대차 - 기타,안전운전불이행,건조,맑음,단일로 - 기타,승용,남,57세,상해없음,이륜,남,30세,경상
2015032500100630,2015년 3월 25일 22시,수요일,경상남도 김해시 어방동,중상사고,0,1,0,0,차대차 - 측면직각충돌,중앙선침범,건조,맑음,단일로 - 기타,이륜,남,34세,상해없음,이륜,남,17세,중상
2015032500100631,2015년 3월 25일 22시,수요일,경상남도 창원시 마산합포구 산호동,중상사고,0,1,0,0,차대사람 - 횡단중,안전운전불이행,건조,맑음,단일로 - 기타,승용,남,55세,상해없음,보행자,남,51세,중상
2015032600100011,2015년 3월 26일 00시,목요일,경상남도 진주시 하대동,중상사고,0,1,0,0,차대사람 - 길가장자리구역통행중,안전운전불이행,건조,맑음,교차로 - 교차로부근,승용,여,39세,상해없음,보행자,남,44세,중상
2015032600100012,2015년 3월 26일 00시,목요일,경상남도 진주시 초전동,중상사고,0,2,0,0,차대사람 - 길가장자리구역통행중,안전운전불이행,건조,맑음,교차로 - 교차로부근,승용,남,23세,상해없음,보행자,여,23세,중상
2015032600100036,2015년 3월 26일 01시,목요일,경상남도 김해시 외동,중상사고,0,3,1,1,차대차 - 측면직각충돌,신호위반,건조,맑음,교차로 - 교차로안,승용,여,20세,중상,승용,남,50세,중상
2015032600100056,2015년 3월 26일 04시,목요일,경상남도 거창군 남하면,부상신고사고,0,0,0,1,차량단독 - 공작물충돌,안전운전불이행,건조,맑음,단일로 - 기타,승용,남,34세,부상신고,,,,
2015032600100084,2015년 3월 26일 06시,목요일,경상남도 김해시 장유면,중상사고,0,1,0,0,차대차 - 기타,안전운전불이행,건조,맑음,단일로 - 기타,건설기계,남,42세,상해없음,승용,남,60세,중상
2015032600100113,2015년 3월 26일 07시,목요일,경상남도 창원시 의창구 팔용동,경상사고,0,0,1,0,차대차 - 측면직각충돌,신호위반,건조,맑음,교차로 - 교차로안,원동기,남,46세,상해없음,자전거,남,41세,경상
2015032600100114,2015년 3월 26일 07시,목요일,경상남도 김해시 장유면,중상사고,0,1,1,0,차대차 - 기타,신호위반,건조,맑음,교차로 - 교차로안,승용,남,42세,중상,승용,여,48세,경상
2015032600100155,2015년 3월 26일 08시,목요일,경상남도 거제시 사등면,경상사고,0,0,1,0,차대차 - 측면직각충돌,안전운전불이행,건조,맑음,단일로 - 기타,승합,남,53세,상해없음,승용,여,28세,경상
2015032600100198,2015년 3월 26일 09시,목요일,경상남도 통영시 미수동,중상사고,0,1,0,0,차대차 - 측면직각충돌,차로위반,건조,맑음,교차로 - 교차로부근,승용,남,52세,상해없음,이륜,남,53세,중상
2015032600100199,2015년 3월 26일 09시,목요일,경상남도 김해시 생림면,경상사고,0,0,1,0,차대차 - 추돌 - 주정차중,안전운전불이행,건조,맑음,단일로 - 기타,화물,남,50세,상해없음,승용,남,28세,경상
2015032600100229,2015년 3월 26일 10시,목요일,경상남도 진주시 상대동,중상사고,0,1,0,0,차대차 - 측면직각충돌,중앙선침범,건조,맑음,단일로 - 기타,이륜,여,66세,중상,승용,여,42세,상해없음
2015032600100230,2015년 3월 26일 10시,목요일,경상남도 김해시 내동,중상사고,0,1,0,0,차대차 - 측면직각충돌,신호위반,건조,맑음,교차로 - 교차로안,승용,여,59세,상해없음,승용,여,52세,중상
2015032600100231,2015년 3월 26일 10시,목요일,경상남도 남해군 남해읍,경상사고,0,0,1,0,차대사람 - 횡단중,안전운전불이행,건조,맑음,교차로 - 교차로안,승용,남,74세,상해없음,보행자,여,57세,경상
2015032600100256,2015년 3월 26일 11시,목요일,경상남도 창원시 의창구 동읍,중상사고,0,2,1,0,차대차 - 기타,안전운전불이행,건조,맑음,단일로 - 기타,승용,남,25세,상해없음,승용,남,28세,상해없음
2015032600100285,2015년 3월 26일 12시,목요일,경상남도 통영시 산양읍,경상사고,0,0,1,0,차대차 - 측면직각충돌,교차로운행방법위반,건조,맑음,교차로 - 교차로안,승용,남,57세,상해없음,승용,남,42세,상해없음
2015032600100319,2015년 3월 26일 13시,목요일,경상남도 사천시 용강동,경상사고,0,0,1,0,차대차 - 추돌 - 진행중,안전거리미확보,건조,맑음,교차로 - 교차로안,건설기계,남,44세,상해없음,승용,남,60세,경상
2015032600100320,2015년 3월 26일 13시,목요일,경상남도 김해시 부원동,경상사고,0,0,1,0,차대차 - 추돌 - 주정차중,안전운전불이행,건조,맑음,단일로 - 기타,승용,여,55세,상해없음,승용,여,34세,경상
2015032600100321,2015년 3월 26일 13시,목요일,경상남도 양산시 평산동,경상사고,0,0,1,0,차대차 - 기타,안전거리미확보,건조,맑음,기타 - 기타,승용,남,50세,상해없음,승용,여,36세,경상
2015032600100349,2015년 3월 26일 14시,목요일,경상남도 합천군 초계면,중상사고,0,1,0,0,차대차 - 측면직각충돌,교차로운행방법위반,건조,맑음,교차로 - 교차로안,화물,남,42세,상해없음,이륜,남,74세,중상
2015032600100350,2015년 3월 26일 14시,목요일,경상남도 김해시 장유면,경상사고,0,0,1,0,차대차 - 측면직각충돌,안전운전불이행,건조,맑음,교차로 - 교차로안,자전거,여,18세,경상,승용,여,46세,상해없음
2015032600100351,2015년 3월 26일 14시,목요일,경상남도 김해시 장유면,중상사고,0,1,0,0,차대차 - 측면직각충돌,안전운전불이행,건조,맑음,단일로 - 기타,이륜,남,18세,중상,화물,남,55세,상해없음
2015032600100384,2015년 3월 26일 15시,목요일,경상남도 창원시 마산합포구 해운동,부상신고사고,0,0,0,1,차대차 - 측면직각충돌,신호위반,건조,맑음,교차로 - 교차로안,원동기,남,21세,부상신고,승용,남,55세,상해없음
2015032600100385,2015년 3월 26일 15시,목요일,경상남도 진주시 상대동,경상사고,0,0,1,0,차대차 - 측면직각충돌,신호위반,건조,맑음,교차로 - 교차로안,화물,남,55세,상해없음,승용,남,47세,경상
2015032600100386,2015년 3월 26일 15시,목요일,경상남도 창원시 진해구 자은동,경상사고,0,0,2,0,차대차 - 측면직각충돌,교차로운행방법위반,건조,맑음,교차로 - 교차로안,승용,여,36세,경상,승용,여,50세,경상
2015032600100387,2015년 3월 26일 15시,목요일,경상남도 사천시 향촌동,경상사고,0,0,2,0,차대차 - 측면직각충돌,직진우회전진행방해,건조,맑음,교차로 - 교차로안,승용,여,53세,상해없음,승용,여,40세,경상
2015032600100388,2015년 3월 26일 15시,목요일,경상남도 창녕군 영산면,중상사고,0,1,0,0,차량단독 - 도로외이탈 - 기타,안전운전불이행,건조,맑음,단일로 - 기타,원동기,남,49세,중상,,,,
2015032600100389,2015년 3월 26일 15시,목요일,경상남도 거제시 사등면,중상사고,0,2,0,1,차대차 - 추돌 - 진행중,안전거리미확보,건조,맑음,단일로 - 기타,승용,여,50세,상해없음,승용,남,56세,중상
2015032600100390,2015년 3월 26일 15시,목요일,경상남도 산청군 오부면,중상사고,0,1,1,0,차대차 - 정면충돌,신호위반,건조,맑음,교차로 - 교차로안,승용,여,31세,경상,승용,여,57세,중상
2015032600100391,2015년 3월 26일 15시,목요일,경상남도 함안군 가야읍,중상사고,0,1,0,0,차량단독 - 전도전복,안전운전불이행,건조,맑음,단일로 - 터널,원동기,남,67세,중상,,,,
2015032600100455,2015년 3월 26일 17시,목요일,경상남도 양산시 덕계동,경상사고,0,0,1,0,차대사람 - 기타,안전운전불이행,건조,맑음,기타 - 기타,승합,남,52세,상해없음,보행자,여,64세,경상
2015032600100494,2015년 3월 26일 18시,목요일,경상남도 진주시 명석면,중상사고,0,1,0,0,차대사람 - 차도통행중,안전운전불이행,건조,맑음,단일로 - 기타,승용,여,54세,상해없음,보행자,남,4세,중상
2015032600100495,2015년 3월 26일 18시,목요일,경상남도 창원시 마산회원구 양덕동,중상사고,0,1,0,0,차대사람 - 보도통행중,보행자보호의무위반,건조,맑음,단일로 - 기타,승용,여,31세,상해없음,보행자,여,7세,중상
2015032600100539,2015년 3월 26일 19시,목요일,경상남도 통영시 항남동,중상사고,0,1,0,0,차대사람 - 횡단중,보행자보호의무위반,건조,맑음,단일로 - 횡단보도상,승용,남,46세,상해없음,보행자,남,13세,중상
2015032600100540,2015년 3월 26일 19시,목요일,경상남도 밀양시 가곡동,중상사고,0,1,0,0,차대사람 - 보도통행중,안전운전불이행,건조,맑음,단일로 - 기타,원동기,남,31세,상해없음,보행자,여,70세,중상
2015032600100541,2015년 3월 26일 19시,목요일,경상남도 김해시 부원동,경상사고,0,0,1,0,차대사람 - 기타,안전운전불이행,건조,맑음,교차로 - 교차로부근,승용,여,52세,상해없음,보행자,여,44세,경상
2015032600100584,2015년 3월 26일 20시,목요일,경상남도 양산시 덕계동,경상사고,0,0,1,2,차대차 - 기타,직진우회전진행방해,건조,맑음,교차로 - 교차로안,승용,여,53세,상해없음,승용,남,45세,경상
2015032600100585,2015년 3월 26일 20시,목요일,경상남도 거제시 장승포동,경상사고,0,0,4,0,차대차 - 추돌 - 진행중,안전운전불이행,건조,맑음,교차로 - 교차로부근,승용,남,58세,상해없음,승용,남,49세,경상
2015032600100616,2015년 3월 26일 21시,목요일,경상남도 밀양시 하남읍,중상사고,0,1,0,0,차대차 - 측면직각충돌,안전운전불이행,건조,맑음,단일로 - 기타,승용,남,55세,상해없음,화물,남,51세,중상
2015032600100617,2015년 3월 26일 21시,목요일,경상남도 창원시 의창구 대산면,중상사고,0,1,0,0,차대사람 - 차도통행중,안전운전불이행,건조,맑음,단일로 - 기타,승용,남,26세,상해없음,보행자,여,55세,중상
2015032600100618,2015년 3월 26일 21시,목요일,경상남도 사천시 축동면,중상사고,0,1,0,0,차대차 - 측면직각충돌,안전운전불이행,건조,맑음,단일로 - 기타,승용,남,39세,기타불명,화물,남,47세,상해없음
2015032600100648,2015년 3월 26일 22시,목요일,경상남도 통영시 미수동,경상사고,0,0,1,0,차대차 - 추돌 - 진행중,중앙선침범,건조,맑음,단일로 - 기타,승용,남,35세,상해없음,승용,남,49세,경상
2015032700100015,2015년 3월 27일 00시,금요일,경상남도 양산시 중부동,경상사고,0,0,1,0,차대사람 - 횡단중,안전운전불이행,건조,맑음,교차로 - 교차로안,승용,남,27세,상해없음,보행자,남,54세,경상
2015032700100026,2015년 3월 27일 01시,금요일,경상남도 진주시 봉곡동,경상사고,0,0,1,0,차대차 - 정면충돌,중앙선침범,건조,맑음,교차로 - 교차로안,승용,남,31세,상해없음,승용,남,54세,경상
2015032700100027,2015년 3월 27일 01시,금요일,경상남도 고성군 고성읍,사망사고,1,0,0,0,차대사람 - 차도통행중,안전운전불이행,건조,맑음,단일로 - 기타,승용,여,50세,상해없음,보행자,남,45세,사망
2015032700100041,2015년 3월 27일 02시,금요일,경상남도 창원시 마산합포구 해운동,중상사고,0,1,0,0,차대차 - 기타,교차로운행방법위반,건조,맑음,교차로 - 교차로안,승용,남,61세,상해없음,승용,여,46세,중상
2015032700100043,2015년 3월 27일 03시,금요일,경상남도 합천군 용주면,경상사고,0,0,1,0,차량단독 - 전도전복,안전운전불이행,건조,맑음,단일로 - 기타,원동기,남,69세,경상,,,,
2015032700100054,2015년 3월 27일 05시,금요일,경상남도 김해시 대동면,부상신고사고,0,0,0,1,차대차 - 기타,안전운전불이행,건조,맑음,단일로 - 기타,승용,남,25세,상해없음,화물,남,42세,부상신고
2015032700100099,2015년 3월 27일 07시,금요일,경상남도 진주시 인사동,중상사고,0,1,0,0,차대차 - 측면직각충돌,신호위반,건조,맑음,교차로 - 교차로부근,자전거,남,77세,중상,승용,남,59세,상해없음
2015032700100100,2015년 3월 27일 07시,금요일,경상남도 통영시 산양읍,경상사고,0,0,1,0,차대사람 - 차도통행중,안전운전불이행,건조,맑음,단일로 - 기타,승용,여,47세,상해없음,보행자,남,38세,경상
2015032700100135,2015년 3월 27일 08시,금요일,경상남도 통영시 무전동,중상사고,0,1,0,0,차대차 - 추돌 - 주정차중,안전운전불이행,건조,맑음,교차로 - 교차로부근,승용,여,38세,상해없음,승용,남,29세,중상
2015032700100136,2015년 3월 27일 08시,금요일,경상남도 밀양시 삼문동,경상사고,0,0,2,0,차대차 - 측면직각충돌,신호위반,건조,맑음,교차로 - 교차로안,승용,남,56세,경상,승용,남,39세,경상
2015032700100137,2015년 3월 27일 08시,금요일,경상남도 양산시 동면,중상사고,0,1,0,0,차대차 - 기타,직진우회전진행방해,건조,맑음,교차로 - 교차로안,승용,여,41세,상해없음,자전거,남,21세,중상
2015032700100162,2015년 3월 27일 09시,금요일,경상남도 밀양시 부북면,중상사고,0,1,1,0,차대차 - 추돌 - 진행중,안전운전불이행,건조,맑음,단일로 - 기타,승용,여,47세,상해없음,화물,남,49세,경상
2015032700100163,2015년 3월 27일 09시,금요일,경상남도 양산시 물금읍,경상사고,0,0,1,0,차대차 - 추돌 - 진행중,안전거리미확보,건조,맑음,단일로 - 기타,승용,남,65세,상해없음,승용,남,38세,경상
2015032700100164,2015년 3월 27일 09시,금요일,경상남도 함안군 법수면,중상사고,0,1,0,0,차대차 - 측면직각충돌,중앙선침범,건조,맑음,교차로 - 교차로부근,승용,남,70세,상해없음,승용,남,39세,중상
2015032700100165,2015년 3월 27일 09시,금요일,경상남도 김해시 이동,경상사고,0,0,1,0,차대차 - 측면직각충돌,안전운전불이행,건조,맑음,교차로 - 교차로안,건설기계,남,56세,상해없음,승용,남,47세,경상
2015032700100188,2015년 3월 27일 10시,금요일,경상남도 양산시 덕계동,경상사고,0,0,1,0,차대차 - 측면직각충돌,신호위반,건조,맑음,교차로 - 교차로안,승용,여,49세,상해없음,승용,여,35세,경상