사고번호,사고일시,요일,시군구,사고내용,사망자수,중상자수,경상자수,부상신고자수,사고유형,법규위반,노면상태,기상상태,도로형태,가해운전자 차종,가해운전자 성별,가해운전자 연령,가해운전자 상해정도,피해운전자 차종,피해운전자 성별,피해운전자 연령,피해운전자 상해정도
2015040200100487,2015년 4월 2일 19시,목요일,경상남도 김해시 내동,경상사고,0,0,2,0,차대차 - 측면직각충돌,신호위반,습기,비,교차로 - 교차로안,승용,여,20세,상해없음,승용,남,41세,경상
2015040200100488,2015년 4월 2일 19시,목요일,경상남도 거제시 아양동,중상사고,0,2,0,0,차대차 - 추돌 - 진행중,안전운전불이행,습기,비,단일로 - 기타,승용,남,32세,상해없음,승용,남,57세,상해없음
2015040200100489,2015년 4월 2일 19시,목요일,경상남도 거제시 고현동,중상사고,0,1,0,0,차대사람 - 횡단중,안전운전불이행,습기,비,단일로 - 기타,화물,남,48세,상해없음,보행자,여,36세,중상
2015040200100541,2015년 4월 2일 20시,목요일,경상남도 김해시 구산동,중상사고,0,1,0,0,차대사람 - 차도통행중,안전운전불이행,습기,비,교차로 - 교차로안,승용,여,47세,상해없음,보행자,남,54세,중상
2015040200100542,2015년 4월 2일 20시,목요일,경상남도 거제시 옥포동,경상사고,0,0,1,0,차대차 - 추돌 - 진행중,안전운전불이행,건조,맑음,교차로 - 교차로부근,승용,여,59세,상해없음,자전거,남,28세,경상
2015040200100594,2015년 4월 2일 21시,목요일,경상남도 진주시 평거동,중상사고,0,1,0,0,차대사람 - 기타,안전운전불이행,습기,비,단일로 - 기타,승용,남,36세,상해없음,보행자,남,51세,중상
2015040200100595,2015년 4월 2일 21시,목요일,경상남도 김해시 장유면,중상사고,0,1,1,0,차대차 - 측면직각충돌,안전운전불이행,습기,비,교차로 - 교차로부근,승용,남,32세,상해없음,승용,남,39세,중상
2015040200100647,2015년 4월 2일 22시,목요일,경상남도 창원시 마산합포구 가포동,부상신고사고,0,0,0,1,차대차 - 추돌 - 주정차중,안전운전불이행,습기,비,단일로 - 기타,화물,남,57세,부상신고,승용,남,25세,기타불명
2015040200100648,2015년 4월 2일 22시,목요일,경상남도 진주시 평거동,중상사고,0,1,0,0,차대사람 - 횡단중,보행자보호의무위반,습기,비,교차로 - 교차로부근,승용,여,44세,상해없음,보행자,여,45세,중상
2015040200100649,2015년 4월 2일 22시,목요일,경상남도 밀양시 삼문동,경상사고,0,0,1,0,차대사람 - 횡단중,안전운전불이행,습기,비,단일로 - 횡단보도상,승용,여,60세,상해없음,보행자,여,16세,경상
2015040200100650,2015년 4월 2일 22시,목요일,경상남도 거제시 사등면,경상사고,0,0,1,0,차대차 - 추돌 - 진행중,안전운전불이행,습기,비,단일로 - 기타,승용,남,30세,상해없음,승용,여,36세,경상
2015040200100651,2015년 4월 2일 22시,목요일,경상남도 창원시 의창구 도계동,경상사고,0,0,2,0,차대차 - 기타,안전운전불이행,습기,비,교차로 - 교차로안,승용,남,43세,상해없음,승용,남,51세,경상
2015040200100700,2015년 4월 2일 23시,목요일,경상남도 김해시 어방동,경상사고,0,0,1,0,차대사람 - 기타,안전운전불이행,습기,비,단일로 - 기타,승용,남,35세,상해없음,보행자,남,27세,경상
2015040200100701,2015년 4월 2일 23시,목요일,경상남도 창원시 의창구 소답동,중상사고,0,1,0,0,차대차 - 기타,교차로운행방법위반,습기,비,교차로 - 교차로안,승용,여,37세,상해없음,승용,여,51세,중상
2015040300100060,2015년 4월 3일 01시,금요일,경상남도 창원시 마산합포구 창동,경상사고,0,0,1,0,차대사람 - 차도통행중,안전운전불이행,습기,비,단일로 - 기타,승용,기타불명,기타불명,기타불명,보행자,남,19세,경상
2015040300100061,2015년 4월 3일 01시,금요일,경상남도 양산시 북부동,중상사고,0,1,0,0,차대차 - 추돌 - 진행중,안전운전불이행,건조,맑음,단일로 - 기타,승용,남,21세,상해없음,승용,남,29세,중상
2015040300100112,2015년 4월 3일 05시,금요일,경상남도 사천시 사천읍,경상사고,0,0,1,0,차대차 - 정면충돌,신호위반,건조,맑음,교차로 - 교차로안,승용,남,54세,상해없음,승용,여,53세,경상
2015040300100126,2015년 4월 3일 06시,금요일,경상남도 김해시 삼계동,중상사고,0,2,1,0,차대차 - 측면직각충돌,안전운전불이행,건조,맑음,교차로 - 교차로안,승용,여,48세,중상,특수,남,38세,경상
2015040300100148,2015년 4월 3일 07시,금요일,경상남도 창원시 성산구 가음정동,부상신고사고,0,0,0,1,차량단독 - 전도전복,안전운전불이행,습기,비,단일로 - 기타,이륜,남,30세,부상신고,,,,
2015040300100186,2015년 4월 3일 08시,금요일,경상남도 김해시 어방동,중상사고,0,1,0,0,차대차 - 측면직각충돌,교차로운행방법위반,습기,흐림,교차로 - 교차로안,승용,여,39세,상해없음,원동기,남,43세,중상
2015040300100187,2015년 4월 3일 08시,금요일,경상남도 양산시 신기동,경상사고,0,0,1,0,차대차 - 정면충돌,중앙선침범,습기,비,단일로 - 기타,승합,남,59세,상해없음,승용,남,72세,상해없음
2015040300100227,2015년 4월 3일 10시,금요일,경상남도 창원시 마산회원구 내서읍,중상사고,0,1,1,0,차대차 - 추돌 - 진행중,안전운전불이행,건조,맑음,교차로 - 교차로부근,승용,남,41세,상해없음,승용,남,31세,중상
2015040300100258,2015년 4월 3일 11시,금요일,경상남도 창원시 진해구 여좌동,중상사고,0,1,0,0,차대사람 - 차도통행중,안전운전불이행,건조,맑음,단일로 - 기타,승용,남,48세,상해없음,보행자,남,74세,중상
2015040300100259,2015년 4월 3일 11시,금요일,경상남도 사천시 죽림동,경상사고,0,0,1,0,차대차 - 측면직각충돌,교차로운행방법위반,건조,맑음,교차로 - 교차로안,승합,남,46세,상해없음,자전거,여,7세,경상
2015040300100260,2015년 4월 3일 11시,금요일,경상남도 김해시 삼정동,경상사고,0,0,1,0,차대차 - 측면직각충돌,직진우회전진행방해,건조,맑음,교차로 - 교차로안,이륜,남,38세,경상,승용,남,55세,상해없음
2015040300100261,2015년 4월 3일 11시,금요일,경상남도 양산시 소주동,경상사고,0,0,1,0,차대차 - 측면직각충돌,직진우회전진행방해,건조,맑음,기타 - 기타,승용,남,42세,상해없음,승용,남,55세,경상
2015040300100262,2015년 4월 3일 11시,금요일,경상남도 창원시 성산구 남양동,경상사고,0,0,1,0,차대차 - 측면직각충돌,신호위반,건조,맑음,교차로 - 교차로부근,승용,여,34세,상해없음,자전거,남,69세,경상
2015040300100263,2015년 4월 3일 11시,금요일,경상남도 창원시 마산회원구 회성동,중상사고,0,1,0,0,차대차 - 측면직각충돌,안전운전불이행,건조,맑음,단일로 - 기타,건설기계,남,41세,상해없음,승용,남,39세,중상
2015040300100296,2015년 4월 3일 12시,금요일,경상남도 창원시 진해구 이동,중상사고,0,1,0,0,차대차 - 측면직각충돌,안전운전불이행,건조,맑음,교차로 - 교차로부근,승용,남,54세,상해없음,자전거,남,63세,중상
2015040300100297,2015년 4월 3일 12시,금요일,경상남도 창원시 성산구 중앙동,경상사고,0,0,1,0,차대사람 - 차도통행중,안전운전불이행,건조,맑음,단일로 - 기타,승용,남,54세,상해없음,보행자,남,22세,경상
2015040300100298,2015년 4월 3일 12시,금요일,경상남도 창원시 마산합포구 산호동,중상사고,0,1,0,0,차대차 - 측면직각충돌,신호위반,건조,맑음,교차로 - 교차로안,화물,남,52세,상해없음,원동기,남,27세,중상
2015040300100323,2015년 4월 3일 13시,금요일,경상남도 거창군 남하면,경상사고,0,0,1,0,차대차 - 정면충돌,안전운전불이행,건조,맑음,단일로 - 기타,화물,남,51세,상해없음,원동기,여,26세,경상
2015040300100324,2015년 4월 3일 13시,금요일,경상남도 창원시 마산회원구 회원동,경상사고,0,0,1,0,차대차 - 측면직각충돌,안전운전불이행,건조,맑음,단일로 - 기타,승용,여,30세,상해없음,자전거,여,7세,경상
2015040300100352,2015년 4월 3일 14시,금요일,경상남도 김해시 삼계동,중상사고,0,1,0,0,차대사람 - 기타,안전운전불이행,건조,맑음,교차로 - 교차로안,승용,남,60세,상해없음,보행자,여,63세,중상
2015040300100353,2015년 4월 3일 14시,금요일,경상남도 거제시 하청면,중상사고,0,1,0,0,차대차 - 측면직각충돌,교차로운행방법위반,건조,맑음,교차로 - 교차로안,승용,여,27세,상해없음,건설기계,남,55세,중상
2015040300100354,2015년 4월 3일 14시,금요일,경상남도 남해군 남해읍,중상사고,0,1,0,0,차량단독 - 공작물충돌,안전운전불이행,건조,맑음,단일로 - 기타,승용,남,46세,상해없음,,,,
2015040300100355,2015년 4월 3일 14시,금요일,경상남도 김해시 흥동,중상사고,0,1,0,0,차대차 - 측면직각충돌,중앙선침범,건조,맑음,단일로 - 기타,승용,남,72세,상해없음,승용,남,59세,중상
2015040300100466,2015년 4월 3일 17시,금요일,경상남도 진주시 평거동,중상사고,0,2,0,0,차대차 - 추돌 - 주정차중,안전운전불이행,건조,맑음,단일로 - 기타,승용,남,60세,상해없음,승용,남,60세,상해없음
2015040300100552,2015년 4월 3일 19시,금요일,경상남도 창원시 진해구 도천동,중상사고,0,2,0,0,차대차 - 측면직각충돌,교차로운행방법위반,건조,맑음,단일로 - 기타,승용,남,56세,기타불명,승용,남,34세,중상
2015040300100553,2015년 4월 3일 19시,금요일,경상남도 통영시 무전동,중상사고,0,1,0,0,차대차 - 측면직각충돌,신호위반,건조,맑음,교차로 - 교차로안,승용,여,56세,상해없음,승용,남,61세,중상
2015040300100554,2015년 4월 3일 19시,금요일,경상남도 창원시 성산구 남양동,경상사고,0,0,1,0,차대차 - 추돌 - 진행중,안전운전불이행,건조,맑음,교차로 - 교차로부근,승용,남,50세,상해없음,승용,남,23세,경상
2015040300100588,2015년 4월 3일 20시,금요일,경상남도 통영시 광도면,경상사고,0,0,2,0,차대차 - 추돌 - 주정차중,안전운전불이행,건조,맑음,교차로 - 교차로부근,승용,남,49세,상해없음,승용,여,45세,경상
2015040300100589,2015년 4월 3일 20시,금요일,경상남도 창원시 성산구 상남동,경상사고,0,0,1,0,차대차 - 추돌 - 진행중,안전운전불이행,건조,맑음,교차로 - 교차로부근,승합,남,49세,상해없음,승용,남,40세,경상
2015040300100590,2015년 4월 3일 20시,금요일,경상남도 창원시 의창구 팔용동,경상사고,0,0,1,0,차대차 - 기타,중앙선침범,건조,맑음,기타 - 기타,이륜,여,37세,상해없음,자전거,남,56세,경상
2015040300100628,2015년 4월 3일 21시,금요일,경상남도 진주시 상대동,중상사고,0,1,0,0,차대사람 - 기타,기타,건조,맑음,단일로 - 기타,승합,남,60세,상해없음,보행자,남,56세,중상
2015040300100629,2015년 4월 3일 21시,금요일,경상남도 거제시 옥포동,중상사고,0,1,0,0,차대차 - 추돌 - 진행중,안전운전불이행,건조,맑음,단일로 - 기타,화물,남,54세,상해없음,승용,남,32세,중상
2015040300100668,2015년 4월 3일 22시,금요일,경상남도 창원시 진해구 충무동,경상사고,0,0,1,0,차대사람 - 보도통행중,보행자보호의무위반,건조,흐림,단일로 - 횡단보도상,승용,남,59세,상해없음,보행자,여,21세,경상
2015040300100669,2015년 4월 3일 22시,금요일,경상남도 통영시 도천동,경상사고,0,0,2,0,차대차 - 측면직각충돌,기타,건조,맑음,교차로 - 교차로안,이륜,남,19세,상해없음,승용,여,40세,경상
2015040300100670,2015년 4월 3일 22시,금요일,경상남도 양산시 용당동,중상사고,0,1,1,0,차대차 - 측면직각충돌,안전운전불이행,건조,맑음,기타 - 기타,승용,남,34세,중상,승용,남,50세,경상
2015040300100706,2015년 4월 3일 23시,금요일,경상남도 창원시 의창구 용호동,경상사고,0,0,4,0,차대차 - 추돌 - 진행중,신호위반,건조,맑음,교차로 - 교차로안,승용,남,59세,상해없음,승용,남,41세,경상
2015040400100020,2015년 4월 4일 00시,토요일,경상남도 창원시 마산합포구 상남동,중상사고,0,1,3,0,차대차 - 측면직각충돌,신호위반,건조,맑음,교차로 - 교차로안,승용,남,61세,상해없음,승합,남,54세,중상
2015040400100021,2015년 4월 4일 00시,토요일,경상남도 진주시 신안동,경상사고,0,0,2,0,차대차 - 측면직각충돌,신호위반,건조,맑음,교차로 - 교차로안,승용,남,25세,상해없음,승용,남,57세,경상
2015040400100022,2015년 4월 4일 00시,토요일,경상남도 양산시 덕계동,경상사고,0,0,1,0,차대차 - 기타,신호위반,건조,맑음,교차로 - 교차로안,기타불명,기타불명,기타불명,기타불명,승용,남,52세,상해없음
2015040400100023,2015년 4월 4일 00시,토요일,경상남도 양산시 중부동,부상신고사고,0,0,0,1,차대차 - 기타,직진우회전진행방해,건조,맑음,교차로 - 교차로안,원동기,남,30세,상해없음,승용,남,54세,부상신고
2015040400100044,2015년 4월 4일 01시,토요일,경상남도 사천시 용강동,경상사고,0,0,1,0,차대차 - 측면직각충돌,교차로운행방법위반,건조,맑음,교차로 - 교차로안,기타불명,기타불명,기타불명,기타불명,승용,여,48세,경상
2015040400100063,2015년 4월 4일 02시,토요일,경상남도 창원시 성산구 양곡동,중상사고,0,1,1,0,차대차 - 추돌 - 주정차중,안전운전불이행,건조,맑음,교차로 - 교차로부근,승용,남,53세,상해없음,승용,남,30세,경상
2015040400100109,2015년 4월 4일 05시,토요일,경상남도 통영시 광도면,중상사고,0,1,0,0,차대차 - 측면직각충돌,신호위반,건조,맑음,교차로 - 교차로안,승용,여,53세,상해없음,승용,남,15세,중상
2015040400100110,2015년 4월 4일 05시,토요일,경상남도 김해시 외동,경상사고,0,0,1,0,차대차 - 추돌 - 진행중,안전거리미확보,건조,맑음,단일로 - 기타,승용,남,53세,상해없음,이륜,남,17세,경상
2015040400100179,2015년 4월 4일 09시,토요일,경상남도 창원시 진해구 안골동,중상사고,0,2,0,0,차대차 - 측면직각충돌,교차로운행방법위반,건조,맑음,교차로 - 교차로안,승용,남,54세,상해없음,원동기,남,64세,중상
2015040400100180,2015년 4월 4일 09시,토요일,경상남도 밀양시 산외면,경상사고,0,0,1,0,차대사람 - 길가장자리구역통행중,안전운전불이행,건조,맑음,단일로 - 기타,승용,남,76세,상해없음,보행자,남,53세,경상
2015040400100215,2015년 4월 4일 10시,토요일,경상남도 창원시 마산합포구 해운동,부상신고사고,0,0,0,1,차대차 - 기타,신호위반,건조,맑음,교차로 - 교차로안,이륜,남,26세,부상신고,승용,남,44세,상해없음
2015040400100216,2015년 4월 4일 10시,토요일,경상남도 창원시 마산합포구 상남동,중상사고,0,1,0,0,차대차 - 측면직각충돌,안전운전불이행,건조,맑음,단일로 - 기타,승용,남,67세,상해없음,자전거,남,75세,중상
2015040400100217,2015년 4월 4일 10시,토요일,경상남도 창원시 진해구 남양동,경상사고,0,0,2,0,차대차 - 추돌 - 진행중,안전거리미확보,건조,맑음,단일로 - 기타,승용,남,55세,상해없음,승용,남,54세,경상
2015040400100218,2015년 4월 4일 10시,토요일,경상남도 합천군 야로면,경상사고,0,0,4,0,차대차 - 측면직각충돌,중앙선침범,건조,맑음,단일로 - 기타,화물,남,68세,경상,승용,여,45세,경상
2015040400100219,2015년 4월 4일 10시,토요일,경상남도 함양군 수동면,중상사고,0,1,0,0,차대차 - 측면직각충돌,교차로운행방법위반,건조,맑음,교차로 - 교차로안,승용,남,66세,중상,건설기계,남,47세,상해없음
2015040400100220,2015년 4월 4일 10시,토요일,경상남도 거제시 수월동,중상사고,0,1,0,0,차대차 - 기타,안전운전불이행,건조,맑음,단일로 - 기타,승합,남,57세,상해없음,자전거,남,13세,중상
2015040400100251,2015년 4월 4일 11시,토요일,경상남도 창원시 마산합포구 진동면,중상사고,0,2,3,0,차대차 - 측면직각충돌,안전운전불이행,건조,맑음,단일로 - 기타,승용,남,37세,상해없음,승용,여,35세,중상
2015040400100252,2015년 4월 4일 11시,토요일,경상남도 창원시 진해구 석동,경상사고,0,0,1,0,차대차 - 측면직각충돌,안전운전불이행,건조,맑음,교차로 - 교차로부근,승용,여,47세,상해없음,승용,남,59세,경상
2015040400100287,2015년 4월 4일 12시,토요일,경상남도 양산시 동면,중상사고,0,1,1,0,차대차 - 측면직각충돌,교차로운행방법위반,건조,맑음,교차로 - 교차로안,승용,여,48세,상해없음,승용,남,37세,중상
2015040400100319,2015년 4월 4일 13시,토요일,경상남도 진주시 칠암동,경상사고,0,0,1,0,차대차 - 측면직각충돌,중앙선침범,건조,맑음,단일로 - 기타,자전거,남,4세,경상,승용,남,28세,상해없음
2015040400100352,2015년 4월 4일 14시,토요일,경상남도 창원시 진해구 풍호동,경상사고,0,0,2,0,차대차 - 추돌 - 진행중,안전운전불이행,건조,맑음,단일로 - 기타,승용,남,41세,상해없음,승용,남,34세,경상
2015040400100353,2015년 4월 4일 14시,토요일,경상남도 창원시 진해구 풍호동,경상사고,0,0,1,0,차대사람 - 보도통행중,안전운전불이행,건조,맑음,단일로 - 기타,승용,남,46세,상해없음,보행자,남,2세,경상
2015040400100354,2015년 4월 4일 14시,토요일,경상남도 김해시 부원동,중상사고,0,1,0,0,차대사람 - 횡단중,안전운전불이행,건조,맑음,교차로 - 교차로안,화물,남,46세,상해없음,보행자,여,33세,중상
2015040400100355,2015년 4월 4일 14시,토요일,경상남도 창녕군 남지읍,중상사고,0,1,0,0,차대차 - 기타,안전운전불이행,건조,맑음,교차로 - 교차로안,원동기,남,75세,중상,승용,여,36세,상해없음
2015040400100356,2015년 4월 4일 14시,토요일,경상남도 양산시 교동,경상사고,0,0,2,0,차대차 - 측면직각충돌,교차로운행방법위반,건조,맑음,교차로 - 교차로부근,건설기계,남,59세,상해없음,승용,남,32세,경상
2015040400100357,2015년 4월 4일 14시,토요일,경상남도 하동군 화개면,중상사고,0,1,0,0,차대사람 - 횡단중,보행자보호의무위반,건조,맑음,단일로 - 기타,승용,여,47세,상해없음,보행자,여,74세,중상
2015040400100389,2015년 4월 4일 15시,토요일,경상남도 남해군 삼동면,경상사고,0,0,4,0,차대차 - 추돌 - 진행중,안전운전불이행,습기,비,단일로 - 기타,화물,남,66세,상해없음,승용,남,29세,경상
2015040400100425,2015년 4월 4일 16시,토요일,경상남도 창원시 마산합포구 부림동,중상사고,0,1,0,0,차대차 - 측면직각충돌,직진우회전진행방해,습기,비,교차로 - 교차로안,화물,남,48세,상해없음,자전거,여,67세,중상
2015040400100426,2015년 4월 4일 16시,토요일,경상남도 양산시 물금읍,경상사고,0,0,1,0,차대차 - 측면직각충돌,직진우회전진행방해,습기,비,교차로 - 교차로안,승용,남,75세,상해없음,건설기계,남,46세,상해없음
2015040400100427,2015년 4월 4일 16시,토요일,경상남도 거제시 아주동,경상사고,0,0,7,11,차대차 - 기타,안전거리미확보,건조,맑음,단일로 - 기타,승용,남,62세,상해없음,승용,여,57세,상해없음
2015040400100428,2015년 4월 4일 16시,토요일,경상남도 의령군 가례면,중상사고,0,1,1,0,차량단독 - 공작물충돌,안전운전불이행,습기,비,단일로 - 기타,승합,남,61세,경상,,,,
2015040400100466,2015년 4월 4일 17시,토요일,경상남도 고성군 마암면,중상사고,0,1,2,0,차대차 - 추돌 - 주정차중,안전운전불이행,건조,맑음,단일로 - 기타,승용,여,45세,상해없음,승용,남,24세,중상
2015040400100467,2015년 4월 4일 17시,토요일,경상남도 거제시 두모동,경상사고,0,0,1,0,차대사람 - 차도통행중,안전운전불이행,건조,맑음,단일로 - 기타,승용,여,31세,상해없음,보행자,남,18세,경상
2015040400100507,2015년 4월 4일 18시,토요일,경상남도 양산시 동면,경상사고,0,0,1,0,차대차 - 기타,불법유턴,습기,비,단일로 - 기타,승용,여,50세,상해없음,승용,여,40세,경상
2015040400100508,2015년 4월 4일 18시,토요일,경상남도 거제시 두모동,경상사고,0,0,1,0,차대차 - 기타,신호위반,건조,맑음,교차로 - 교차로안,승용,남,55세,상해없음,승용,남,30세,상해없음
2015040400100509,2015년 4월 4일 18시,토요일,경상남도 진주시 가좌동,중상사고,0,1,4,0,차대차 - 기타,안전운전불이행,습기,비,단일로 - 기타,승용,기타불명,기타불명,기타불명,승용,여,47세,경상
2015040400100551,2015년 4월 4일 19시,토요일,경상남도 양산시 주남동,경상사고,0,0,1,0,차대사람 - 기타,안전운전불이행,습기,비,단일로 - 기타,승용,남,40세,상해없음,보행자,남,56세,경상
2015040400100552,2015년 4월 4일 19시,토요일,경상남도 양산시 남부동,사망사고,1,0,0,0,차대사람 - 횡단중,보행자보호의무위반,습기,비,교차로 - 교차로부근,승용,남,55세,상해없음,보행자,남,31세,사망
2015040400100553,2015년 4월 4일 19시,토요일,경상남도 양산시 북부동,부상신고사고,0,0,0,2,차대차 - 측면직각충돌,교차로운행방법위반,습기,비,교차로 - 교차로안,승용,남,53세,상해없음,승용,여,43세,부상신고
2015040400100554,2015년 4월 4일 19시,토요일,경상남도 거제시 고현동,중상사고,0,2,0,0,차대차 - 기타,교차로운행방법위반,건조,맑음,단일로 - 기타,승용,남,69세,상해없음,화물,남,45세,중상
2015040400100555,2015년 4월 4일 19시,토요일,경상남도 창원시 의창구 대산면,중상사고,0,1,0,0,차대사람 - 길가장자리구역통행중,안전운전불이행,습기,비,단일로 - 기타,승합,남,64세,상해없음,보행자,남,56세,중상
2015040400100606,2015년 4월 4일 20시,토요일,경상남도 통영시 정량동,중상사고,0,1,1,0,차대사람 - 차도통행중,안전운전불이행,습기,비,단일로 - 기타,승용,여,41세,상해없음,보행자,여,54세,중상
2015040400100607,2015년 4월 4일 20시,토요일,경상남도 밀양시 부북면,중상사고,0,1,0,0,차대사람 - 횡단중,안전운전불이행,습기,비,단일로 - 기타,승용,여,51세,상해없음,보행자,남,54세,중상
2015040400100608,2015년 4월 4일 20시,토요일,경상남도 김해시 삼방동,경상사고,0,0,1,0,차대차 - 측면직각충돌,안전운전불이행,습기,비,교차로 - 교차로안,승용,남,69세,상해없음,이륜,남,18세,경상
2015040400100651,2015년 4월 4일 21시,토요일,경상남도 창원시 마산합포구 상남동,경상사고,0,0,1,0,차대차 - 추돌 - 주정차중,안전거리미확보,습기,비,교차로 - 교차로부근,승용,남,27세,기타불명,승용,남,38세,경상
2015040400100652,2015년 4월 4일 21시,토요일,경상남도 진주시 봉곡동,경상사고,0,0,1,0,차량단독 - 기타,안전운전불이행,습기,비,단일로 - 기타,승용,남,63세,상해없음,,,,
2015040400100653,2015년 4월 4일 21시,토요일,경상남도 김해시 삼방동,경상사고,0,0,1,0,차대사람 - 횡단중,안전운전불이행,건조,맑음,단일로 - 기타,승용,남,20세,상해없음,보행자,남,54세,경상
2015040400100654,2015년 4월 4일 21시,토요일,경상남도 거창군 거창읍,사망사고,1,0,0,0,차대차 - 추돌 - 주정차중,안전운전불이행,습기,비,단일로 - 기타,원동기,남,19세,사망,화물,남,53세,기타불명
2015040400100655,2015년 4월 4일 21시,토요일,경상남도 양산시 북부동,부상신고사고,0,0,0,1,차대차 - 측면직각충돌,교차로운행방법위반,습기,비,교차로 - 교차로안,승용,남,45세,상해없음,이륜,남,46세,부상신고
2015040400100656,2015년 4월 4일 21시,토요일,경상남도 고성군 고성읍,중상사고,0,1,0,0,차대사람 - 횡단중,안전운전불이행,건조,맑음,단일로 - 기타,화물,남,42세,상해없음,보행자,남,50세,중상
2015040400100692,2015년 4월 4일 22시,토요일,경상남도 진주시 평거동,경상사고,0,0,2,0,차대차 - 측면직각충돌,직진우회전진행방해,건조,맑음,교차로 - 교차로안,승용,남,24세,기타불명,승용,남,51세,경상
2015040400100693,2015년 4월 4일 22시,토요일,경상남도 통영시 광도면,중상사고,0,1,1,0,차대차 - 측면직각충돌,직진우회전진행방해,습기,비,교차로 - 교차로안,승용,남,43세,상해없음,승용,남,44세,중상
2015040400100694,2015년 4월 4일 22시,토요일,경상남도 김해시 진영읍,중상사고,0,1,0,0,차대사람 - 길가장자리구역통행중,안전운전불이행,습기,비,단일로 - 기타,원동기,남,23세,상해없음,보행자,남,53세,중상
2015040400100722,2015년 4월 4일 23시,토요일,경상남도 밀양시 무안면,중상사고,0,1,0,0,차대사람 - 차도통행중,안전운전불이행,습기,비,단일로 - 기타,화물,남,48세,상해없음,보행자,남,52세,중상
2015040400100723,2015년 4월 4일 23시,토요일,경상남도 양산시 물금읍,중상사고,0,2,1,0,차대차 - 측면직각충돌,신호위반,습기,비,교차로 - 교차로안,승합,남,59세,상해없음,승용,여,35세,중상
2015040500100021,2015년 4월 5일 00시,일요일,경상남도 창원시 마산합포구 대외동,경상사고,0,0,2,0,차대차 - 기타,직진우회전진행방해,습기,비,교차로 - 교차로안,승용,남,26세,상해없음,승용,남,54세,상해없음
2015040500100022,2015년 4월 5일 00시,일요일,경상남도 통영시 북신동,경상사고,0,0,1,0,차대차 - 추돌 - 주정차중,안전운전불이행,습기,비,교차로 - 교차로부근,승용,남,30세,상해없음,원동기,남,57세,기타불명
2015040500100023,2015년 4월 5일 00시,일요일,경상남도 양산시 소주동,경상사고,0,0,1,0,차대사람 - 횡단중,보행자보호의무위반,습기,비,교차로 - 교차로부근,승용,남,52세,상해없음,보행자,여,28세,경상
2015040500100080,2015년 4월 5일 03시,일요일,경상남도 창원시 의창구 북면,경상사고,0,0,1,0,차량단독 - 공작물충돌,안전운전불이행,습기,비,단일로 - 기타,승용,남,26세,경상,,,,
2015040500100110,2015년 4월 5일 05시,일요일,경상남도 진주시 망경동,중상사고,0,1,0,0,차대차 - 정면충돌,중앙선침범,건조,맑음,교차로 - 교차로부근,승용,남,51세,상해없음,승용,여,45세,중상
2015040500100126,2015년 4월 5일 06시,일요일,경상남도 의령군 대의면,중상사고,0,2,2,0,차대차 - 추돌 - 진행중,안전운전불이행,습기,비,단일로 - 기타,승용,남,67세,경상,승용,남,73세,중상
2015040500100154,2015년 4월 5일 08시,일요일,경상남도 진주시 인사동,중상사고,0,1,0,0,차대차 - 추돌 - 진행중,차로위반,건조,맑음,단일로 - 기타,승용,여,52세,상해없음,승용,남,61세,중상
2015040500100155,2015년 4월 5일 08시,일요일,경상남도 양산시 유산동,경상사고,0,0,1,0,차대차 - 기타,불법유턴,건조,맑음,교차로 - 교차로안,승용,남,33세,상해없음,승용,남,52세,경상
2015040500100164,2015년 4월 5일 09시,일요일,경상남도 창원시 의창구 봉곡동,경상사고,0,0,1,0,차대사람 - 보도통행중,안전운전불이행,건조,흐림,단일로 - 기타,원동기,기타불명,기타불명,기타불명,보행자,여,11세,경상
2015040500100188,2015년 4월 5일 10시,일요일,경상남도 창원시 성산구 성주동,중상사고,0,1,0,0,차대차 - 측면직각충돌,안전운전불이행,건조,맑음,교차로 - 교차로부근,승용,남,52세,상해없음,이륜,남,35세,중상
2015040500100213,2015년 4월 5일 12시,일요일,경상남도 거제시 옥포동,중상사고,0,2,2,0,차대차 - 정면충돌,중앙선침범,건조,맑음,단일로 - 기타,승용,남,36세,상해없음,승용,여,31세,중상
2015040500100235,2015년 4월 5일 13시,일요일,경상남도 양산시 교동,중상사고,0,1,0,0,차대차 - 측면직각충돌,신호위반,건조,맑음,교차로 - 교차로안,승용,남,60세,상해없음,승용,남,53세,중상
2015040500100268,2015년 4월 5일 14시,일요일,경상남도 거제시 장승포동,부상신고사고,0,0,0,1,차량단독 - 전도전복,안전운전불이행,건조,맑음,단일로 - 기타,이륜,남,19세,상해없음,,,,
2015040500100296,2015년 4월 5일 15시,일요일,경상남도 진주시 금산면,부상신고사고,0,0,0,1,차대차 - 측면직각충돌,기타,건조,맑음,교차로 - 교차로부근,승용,남,35세,부상신고,승용,여,29세,상해없음
2015040500100331,2015년 4월 5일 16시,일요일,경상남도 창원시 의창구 용호동,경상사고,0,0,1,0,차대차 - 측면직각충돌,안전운전불이행,건조,맑음,교차로 - 교차로안,승용,여,55세,상해없음,승용,남,55세,경상
2015040500100358,2015년 4월 5일 17시,일요일,경상남도 창원시 진해구 원포동,경상사고,0,0,1,0,차대차 - 기타,안전운전불이행,습기,비,단일로 - 기타,자전거,남,42세,경상,승용,여,42세,기타불명
2015040500100359,2015년 4월 5일 17시,일요일,경상남도 김해시 삼방동,중상사고,0,1,3,0,차대차 - 추돌 - 주정차중,안전운전불이행,건조,흐림,단일로 - 기타,화물,남,41세,상해없음,승용,남,31세,경상