사고번호,사고일시,요일,시군구,사고내용,사망자수,중상자수,경상자수,부상신고자수,사고유형,법규위반,노면상태,기상상태,도로형태,가해운전자 차종,가해운전자 성별,가해운전자 연령,가해운전자 상해정도,피해운전자 차종,피해운전자 성별,피해운전자 연령,피해운전자 상해정도
2015040500100389,2015년 4월 5일 18시,일요일,경상남도 창원시 성산구 신촌동,중상사고,0,1,2,0,차대차 - 추돌 - 진행중,안전운전불이행,습기,흐림,교차로 - 교차로부근,승용,남,25세,상해없음,승용,남,29세,중상
2015040500100423,2015년 4월 5일 19시,일요일,경상남도 진주시 강남동,중상사고,0,1,0,0,차대차 - 측면직각충돌,직진우회전진행방해,습기,흐림,교차로 - 교차로안,승용,남,49세,상해없음,자전거,여,62세,중상
2015040500100424,2015년 4월 5일 19시,일요일,경상남도 창원시 마산회원구 구암동,경상사고,0,0,1,0,차대차 - 정면충돌,신호위반,건조,맑음,교차로 - 교차로안,승용,여,48세,상해없음,승용,남,37세,경상
2015040500100465,2015년 4월 5일 20시,일요일,경상남도 창녕군 성산면,경상사고,0,0,1,0,차량단독 - 공작물충돌,안전운전불이행,건조,맑음,단일로 - 기타,승용,남,24세,경상,,,,
2015040500100466,2015년 4월 5일 20시,일요일,경상남도 김해시 장유면,중상사고,0,2,0,0,차대차 - 측면직각충돌,신호위반,건조,맑음,교차로 - 교차로안,화물,남,46세,상해없음,승용,여,53세,중상
2015040500100501,2015년 4월 5일 21시,일요일,경상남도 진주시 내동면,사망사고,1,0,0,0,차대사람 - 차도통행중,안전운전불이행,습기,비,단일로 - 기타,승용,남,67세,상해없음,보행자,남,55세,사망
2015040500100502,2015년 4월 5일 21시,일요일,경상남도 김해시 내동,중상사고,0,1,2,0,차대차 - 추돌 - 진행중,안전운전불이행,건조,맑음,교차로 - 교차로안,승용,여,29세,상해없음,승용,여,39세,경상
2015040500100503,2015년 4월 5일 21시,일요일,경상남도 창원시 성산구 남양동,중상사고,0,1,0,0,차대차 - 추돌 - 진행중,안전운전불이행,습기,비,단일로 - 기타,기타불명,기타불명,기타불명,기타불명,승용,남,56세,중상
2015040500100545,2015년 4월 5일 23시,일요일,경상남도 사천시 사천읍,경상사고,0,0,1,0,차대차 - 측면직각충돌,교차로운행방법위반,습기,비,교차로 - 교차로안,승용,남,63세,상해없음,승용,남,36세,상해없음
2015040600100031,2015년 4월 6일 02시,월요일,경상남도 김해시 진영읍,경상사고,0,0,1,0,차대차 - 추돌 - 진행중,안전운전불이행,습기,비,단일로 - 기타,승용,남,57세,경상,승용,남,32세,상해없음
2015040600100049,2015년 4월 6일 04시,월요일,경상남도 창원시 진해구 석동,경상사고,0,0,1,0,차대차 - 측면직각충돌,교차로운행방법위반,습기,비,교차로 - 교차로안,승용,남,34세,경상,화물,남,51세,상해없음
2015040600100077,2015년 4월 6일 06시,월요일,경상남도 김해시 생림면,중상사고,0,1,0,0,차대차 - 측면직각충돌,중앙선침범,습기,비,단일로 - 기타,승용,남,21세,상해없음,화물,남,59세,중상
2015040600100078,2015년 4월 6일 06시,월요일,경상남도 거제시 장평동,중상사고,0,1,0,0,차대차 - 기타,안전운전불이행,건조,맑음,교차로 - 교차로부근,승용,남,53세,상해없음,자전거,남,56세,중상
2015040600100079,2015년 4월 6일 06시,월요일,경상남도 창원시 성산구 내동,중상사고,0,1,0,0,차대차 - 추돌 - 진행중,신호위반,습기,비,단일로 - 횡단보도상,자전거,남,75세,중상,화물,남,35세,상해없음
2015040600100137,2015년 4월 6일 08시,월요일,경상남도 진주시 금산면,중상사고,0,1,1,0,차대사람 - 횡단중,보행자보호의무위반,건조,맑음,교차로 - 교차로부근,화물,남,48세,상해없음,보행자,여,22세,중상
2015040600100138,2015년 4월 6일 08시,월요일,경상남도 통영시 산양읍,경상사고,0,0,3,0,차대차 - 추돌 - 주정차중,안전운전불이행,습기,비,단일로 - 기타,승용,남,35세,상해없음,승합,남,47세,경상
2015040600100139,2015년 4월 6일 08시,월요일,경상남도 김해시 대동면,경상사고,0,0,1,0,차대차 - 측면직각충돌,안전운전불이행,건조,흐림,단일로 - 기타,승용,남,44세,상해없음,승용,여,55세,경상
2015040600100140,2015년 4월 6일 08시,월요일,경상남도 창원시 의창구 팔용동,중상사고,0,3,0,0,차대차 - 기타,신호위반,건조,맑음,교차로 - 교차로안,승합,남,54세,상해없음,이륜,남,72세,상해없음
2015040600100141,2015년 4월 6일 08시,월요일,경상남도 김해시 한림면,경상사고,0,0,1,0,차대차 - 추돌 - 진행중,안전거리미확보,습기,비,교차로 - 교차로안,화물,남,35세,상해없음,화물,남,39세,경상
2015040600100177,2015년 4월 6일 09시,월요일,경상남도 창원시 진해구 풍호동,경상사고,0,0,1,0,차대차 - 측면직각충돌,안전운전불이행,습기,비,교차로 - 교차로안,승용,여,29세,기타불명,승용,여,39세,경상
2015040600100178,2015년 4월 6일 09시,월요일,경상남도 양산시 물금읍,경상사고,0,0,1,0,차대차 - 추돌 - 진행중,중앙선침범,습기,비,교차로 - 교차로부근,승용,여,38세,상해없음,승용,남,53세,경상
2015040600100208,2015년 4월 6일 10시,월요일,경상남도 통영시 용남면,사망사고,1,0,0,0,차대차 - 기타,신호위반,습기,비,단일로 - 기타,승용,남,53세,상해없음,이륜,남,68세,사망
2015040600100209,2015년 4월 6일 10시,월요일,경상남도 거제시 고현동,경상사고,0,0,1,0,차대차 - 추돌 - 진행중,안전거리미확보,건조,맑음,교차로 - 교차로부근,건설기계,남,55세,상해없음,승용,남,51세,상해없음
2015040600100210,2015년 4월 6일 10시,월요일,경상남도 거제시 거제면,중상사고,0,1,1,0,차대차 - 측면직각충돌,직진우회전진행방해,건조,맑음,교차로 - 교차로안,승용,여,45세,경상,승용,여,67세,중상
2015040600100211,2015년 4월 6일 10시,월요일,경상남도 산청군 단성면,경상사고,0,0,1,0,차대차 - 측면직각충돌,안전운전불이행,습기,비,교차로 - 교차로안,승용,남,72세,상해없음,화물,남,47세,경상
2015040600100245,2015년 4월 6일 11시,월요일,경상남도 김해시 외동,중상사고,0,2,0,0,차대차 - 측면직각충돌,안전거리미확보,습기,비,교차로 - 교차로부근,승용,여,48세,상해없음,승용,남,69세,중상
2015040600100273,2015년 4월 6일 12시,월요일,경상남도 진주시 본성동,경상사고,0,0,1,0,차대사람 - 기타,안전운전불이행,건조,맑음,단일로 - 기타,승용,기타불명,기타불명,기타불명,보행자,여,79세,경상
2015040600100274,2015년 4월 6일 12시,월요일,경상남도 창원시 마산회원구 합성동,경상사고,0,0,2,0,차대차 - 측면직각충돌,안전운전불이행,습기,비,단일로 - 기타,승용,남,53세,상해없음,승합,남,33세,상해없음
2015040600100308,2015년 4월 6일 13시,월요일,경상남도 창원시 마산합포구 진북면,중상사고,0,1,0,0,차대차 - 기타,중앙선침범,건조,맑음,단일로 - 기타,화물,남,52세,상해없음,화물,남,76세,중상
2015040600100309,2015년 4월 6일 13시,월요일,경상남도 통영시 서호동,경상사고,0,0,3,0,차대차 - 측면직각충돌,직진우회전진행방해,습기,흐림,교차로 - 교차로안,승용,남,54세,상해없음,승용,남,32세,경상
2015040600100341,2015년 4월 6일 14시,월요일,경상남도 창원시 진해구 이동,경상사고,0,0,2,0,차대차 - 추돌 - 진행중,안전운전불이행,습기,비,교차로 - 교차로부근,원동기,남,37세,경상,승용,남,45세,경상
2015040600100342,2015년 4월 6일 14시,월요일,경상남도 밀양시 내이동,경상사고,0,0,1,0,차대차 - 정면충돌,교차로운행방법위반,습기,비,교차로 - 교차로안,승용,여,44세,상해없음,승합,남,44세,경상
2015040600100343,2015년 4월 6일 14시,월요일,경상남도 김해시 삼방동,중상사고,0,3,1,0,차대차 - 측면직각충돌,직진우회전진행방해,습기,비,교차로 - 교차로안,이륜,남,47세,경상,승용,여,42세,중상
2015040600100344,2015년 4월 6일 14시,월요일,경상남도 하동군 악양면,중상사고,0,1,0,0,차대차 - 기타,교차로운행방법위반,습기,비,교차로 - 교차로안,화물,남,49세,상해없음,원동기,남,74세,중상
2015040600100345,2015년 4월 6일 14시,월요일,경상남도 거제시 수월동,중상사고,0,1,2,0,차대차 - 추돌 - 주정차중,안전운전불이행,기타,비,교차로 - 교차로부근,승용,남,34세,상해없음,승용,여,33세,중상
2015040600100388,2015년 4월 6일 15시,월요일,경상남도 양산시 중부동,경상사고,0,0,1,0,차대사람 - 횡단중,안전운전불이행,건조,맑음,단일로 - 횡단보도부근,승용,여,46세,상해없음,보행자,남,31세,경상
2015040600100424,2015년 4월 6일 16시,월요일,경상남도 양산시 하북면,경상사고,0,0,1,0,차대차 - 측면직각충돌,중앙선침범,습기,비,교차로 - 교차로안,화물,남,69세,상해없음,화물,남,53세,경상
2015040600100425,2015년 4월 6일 16시,월요일,경상남도 창원시 성산구 대방동,중상사고,0,1,0,0,차대차 - 추돌 - 주정차중,안전운전불이행,건조,맑음,단일로 - 기타,승용,남,55세,상해없음,승용,여,49세,중상
2015040600100463,2015년 4월 6일 17시,월요일,경상남도 김해시 주촌면,중상사고,0,1,0,0,차대차 - 정면충돌,중앙선침범,습기,비,단일로 - 기타,승합,여,59세,상해없음,승용,남,46세,중상
2015040600100525,2015년 4월 6일 19시,월요일,경상남도 통영시 광도면,중상사고,0,2,0,0,차대차 - 추돌 - 진행중,안전운전불이행,습기,비,단일로 - 기타,승용,남,56세,상해없음,승용,남,38세,중상
2015040600100526,2015년 4월 6일 19시,월요일,경상남도 통영시 무전동,부상신고사고,0,0,0,1,차대사람 - 길가장자리구역통행중,안전운전불이행,습기,비,교차로 - 교차로안,승합,남,47세,상해없음,보행자,남,55세,부상신고
2015040600100527,2015년 4월 6일 19시,월요일,경상남도 밀양시 무안면,부상신고사고,0,0,0,1,차대차 - 측면직각충돌,중앙선침범,건조,흐림,단일로 - 기타,승용,남,48세,상해없음,승용,남,63세,상해없음
2015040600100566,2015년 4월 6일 20시,월요일,경상남도 창녕군 대합면,중상사고,0,2,3,0,차대차 - 추돌 - 주정차중,안전운전불이행,건조,흐림,교차로 - 교차로부근,승용,남,62세,상해없음,승용,남,32세,중상
2015040600100600,2015년 4월 6일 21시,월요일,경상남도 통영시 광도면,중상사고,0,2,3,0,차대차 - 추돌 - 진행중,안전운전불이행,습기,비,단일로 - 기타,화물,남,63세,상해없음,승용,남,38세,중상
2015040600100601,2015년 4월 6일 21시,월요일,경상남도 통영시 광도면,중상사고,0,1,0,0,차대차 - 추돌 - 진행중,안전거리미확보,습기,비,단일로 - 기타,화물,남,68세,상해없음,승용,남,33세,중상
2015040600100602,2015년 4월 6일 21시,월요일,경상남도 함안군 칠원읍,중상사고,0,1,0,0,차대차 - 추돌 - 주정차중,안전운전불이행,습기,비,단일로 - 기타,승용,남,50세,기타불명,승용,남,63세,상해없음
2015040600100603,2015년 4월 6일 21시,월요일,경상남도 창원시 성산구 중앙동,중상사고,0,1,0,0,차대사람 - 기타,중앙선침범,건조,맑음,단일로 - 기타,이륜,남,17세,상해없음,보행자,남,49세,중상
2015040600100604,2015년 4월 6일 21시,월요일,경상남도 창원시 의창구 도계동,중상사고,0,1,0,0,차대차 - 기타,안전거리미확보,건조,맑음,단일로 - 기타,승용,남,64세,상해없음,이륜,남,25세,중상
2015040600100605,2015년 4월 6일 21시,월요일,경상남도 사천시 축동면,경상사고,0,0,5,0,차대차 - 측면직각충돌,안전운전불이행,건조,맑음,단일로 - 기타,기타불명,기타불명,기타불명,기타불명,승용,여,47세,경상
2015040600100640,2015년 4월 6일 22시,월요일,경상남도 진주시 신안동,경상사고,0,0,1,0,차대차 - 추돌 - 주정차중,안전운전불이행,건조,맑음,교차로 - 교차로부근,승용,여,35세,상해없음,승용,남,66세,경상
2015040600100641,2015년 4월 6일 22시,월요일,경상남도 창원시 마산회원구 봉암동,중상사고,0,1,0,0,차대사람 - 길가장자리구역통행중,안전운전불이행,습기,비,단일로 - 기타,승용,남,54세,상해없음,보행자,남,50세,중상
2015040600100655,2015년 4월 6일 23시,월요일,경상남도 거제시 고현동,중상사고,0,1,0,0,차대차 - 기타,안전운전불이행,기타,비,단일로 - 기타,승용,남,28세,상해없음,원동기,남,33세,중상
2015040700100077,2015년 4월 7일 06시,화요일,경상남도 사천시 선구동,경상사고,0,0,1,0,차대차 - 추돌 - 진행중,안전운전불이행,습기,흐림,교차로 - 교차로안,승합,남,60세,상해없음,승용,남,54세,경상
2015040700100095,2015년 4월 7일 07시,화요일,경상남도 창원시 성산구 대방동,중상사고,0,2,0,0,차대차 - 추돌 - 진행중,안전운전불이행,건조,맑음,교차로 - 교차로부근,승용,남,21세,상해없음,승용,남,53세,중상
2015040700100096,2015년 4월 7일 07시,화요일,경상남도 창원시 성산구 중앙동,경상사고,0,0,4,0,차대차 - 측면직각충돌,안전운전불이행,건조,맑음,교차로 - 교차로부근,승용,남,58세,상해없음,승용,남,45세,경상
2015040700100138,2015년 4월 7일 08시,화요일,경상남도 밀양시 삼문동,중상사고,0,1,0,0,차대차 - 측면직각충돌,교차로운행방법위반,건조,맑음,교차로 - 교차로안,승합,남,57세,상해없음,승용,남,31세,중상
2015040700100139,2015년 4월 7일 08시,화요일,경상남도 김해시 진영읍,경상사고,0,0,1,0,차대차 - 기타,안전운전불이행,건조,흐림,교차로 - 교차로안,승용,남,36세,상해없음,원동기,남,61세,상해없음
2015040700100174,2015년 4월 7일 09시,화요일,경상남도 창원시 의창구 동읍,부상신고사고,0,0,0,1,차대사람 - 횡단중,안전운전불이행,건조,맑음,교차로 - 교차로안,승용,남,44세,상해없음,보행자,여,67세,부상신고
2015040700100175,2015년 4월 7일 09시,화요일,경상남도 김해시 장유면,중상사고,0,1,0,0,차대사람 - 차도통행중,안전운전불이행,건조,맑음,교차로 - 교차로안,승용,여,39세,상해없음,보행자,남,36세,중상
2015040700100208,2015년 4월 7일 10시,화요일,경상남도 밀양시 내이동,중상사고,0,1,0,0,차대사람 - 횡단중,보행자보호의무위반,건조,맑음,교차로 - 교차로부근,승용,여,52세,상해없음,보행자,남,69세,중상
2015040700100209,2015년 4월 7일 10시,화요일,경상남도 창원시 마산회원구 회원동,중상사고,0,1,0,0,차대차 - 측면직각충돌,안전운전불이행,건조,흐림,교차로 - 교차로부근,승용,남,64세,상해없음,이륜,여,54세,중상
2015040700100228,2015년 4월 7일 11시,화요일,경상남도 창원시 마산합포구 남성동,중상사고,0,1,0,0,차량단독 - 기타,안전운전불이행,건조,맑음,단일로 - 기타,승합,남,61세,상해없음,,,,
2015040700100229,2015년 4월 7일 11시,화요일,경상남도 밀양시 내일동,경상사고,0,0,1,0,차대차 - 측면직각충돌,안전운전불이행,건조,흐림,단일로 - 기타,승용,여,42세,상해없음,승용,여,38세,경상
2015040700100230,2015년 4월 7일 11시,화요일,경상남도 양산시 동면,중상사고,0,2,1,0,차대차 - 측면직각충돌,안전거리미확보,건조,맑음,기타 - 기타,승용,여,32세,중상,승용,남,29세,경상
2015040700100231,2015년 4월 7일 11시,화요일,경상남도 하동군 화개면,경상사고,0,0,1,0,차대차 - 측면직각충돌,안전운전불이행,건조,맑음,단일로 - 기타,화물,남,59세,상해없음,이륜,남,64세,경상
2015040700100232,2015년 4월 7일 11시,화요일,경상남도 창원시 의창구 소답동,중상사고,0,5,8,5,차대차 - 추돌 - 주정차중,안전운전불이행,건조,맑음,단일로 - 횡단보도부근,승합,남,57세,상해없음,화물,남,59세,중상
2015040700100233,2015년 4월 7일 11시,화요일,경상남도 김해시 장유면,경상사고,0,0,1,1,차대차 - 추돌 - 진행중,안전운전불이행,건조,맑음,교차로 - 교차로안,승용,여,47세,부상신고,승용,여,30세,경상
2015040700100257,2015년 4월 7일 12시,화요일,경상남도 사천시 동금동,경상사고,0,0,2,0,차대차 - 측면직각충돌,중앙선침범,건조,맑음,단일로 - 기타,화물,남,58세,상해없음,화물,남,66세,경상
2015040700100285,2015년 4월 7일 13시,화요일,경상남도 창원시 진해구 용원동,경상사고,0,0,1,0,차대차 - 측면직각충돌,교차로운행방법위반,건조,맑음,교차로 - 교차로안,승용,남,26세,상해없음,승용,남,56세,경상
2015040700100286,2015년 4월 7일 13시,화요일,경상남도 양산시 물금읍,경상사고,0,0,1,0,차대사람 - 횡단중,신호위반,건조,맑음,단일로 - 횡단보도상,승용,여,30세,상해없음,보행자,남,7세,경상
2015040700100342,2015년 4월 7일 15시,화요일,경상남도 통영시 정량동,중상사고,0,1,0,0,차대사람 - 차도통행중,안전운전불이행,건조,맑음,단일로 - 기타,승용,남,25세,상해없음,보행자,여,30세,중상
2015040700100343,2015년 4월 7일 15시,화요일,경상남도 김해시 동상동,경상사고,0,0,1,0,차대차 - 측면직각충돌,교차로운행방법위반,건조,맑음,교차로 - 교차로안,승용,여,47세,경상,승용,남,51세,상해없음
2015040700100344,2015년 4월 7일 15시,화요일,경상남도 양산시 물금읍,중상사고,0,3,1,0,차대차 - 측면직각충돌,신호위반,건조,맑음,교차로 - 교차로안,승용,여,55세,중상,승합,여,36세,중상
2015040700100345,2015년 4월 7일 15시,화요일,경상남도 창원시 성산구 남산동,중상사고,0,1,0,0,차대차 - 측면직각충돌,안전운전불이행,건조,맑음,단일로 - 기타,승용,여,38세,상해없음,자전거,남,34세,중상
2015040700100400,2015년 4월 7일 17시,화요일,경상남도 김해시 내동,중상사고,0,1,0,0,차대차 - 측면직각충돌,안전운전불이행,건조,맑음,교차로 - 교차로안,승용,여,52세,상해없음,원동기,남,56세,중상
2015040700100439,2015년 4월 7일 18시,화요일,경상남도 밀양시 부북면,경상사고,0,0,1,0,차대차 - 추돌 - 진행중,안전운전불이행,건조,맑음,교차로 - 교차로부근,승용,여,34세,상해없음,승용,여,34세,경상
2015040700100468,2015년 4월 7일 19시,화요일,경상남도 진주시 가좌동,경상사고,0,0,1,0,차대차 - 측면직각충돌,신호위반,건조,맑음,교차로 - 교차로안,승용,남,40세,상해없음,이륜,남,26세,경상
2015040700100469,2015년 4월 7일 19시,화요일,경상남도 창원시 진해구 경화동,경상사고,0,0,1,0,차대차 - 측면직각충돌,안전운전불이행,건조,맑음,기타 - 기타,승용,남,58세,상해없음,이륜,남,17세,경상
2015040700100470,2015년 4월 7일 19시,화요일,경상남도 양산시 하북면,경상사고,0,0,1,0,차대차 - 측면직각충돌,직진우회전진행방해,건조,맑음,교차로 - 교차로안,승용,남,56세,상해없음,승용,남,49세,경상
2015040700100534,2015년 4월 7일 21시,화요일,경상남도 진주시 가좌동,경상사고,0,0,1,0,차대사람 - 횡단중,안전운전불이행,건조,맑음,교차로 - 교차로부근,승용,남,56세,상해없음,보행자,남,66세,경상
2015040700100535,2015년 4월 7일 21시,화요일,경상남도 사천시 사천읍,중상사고,0,1,0,0,차대사람 - 횡단중,안전운전불이행,건조,맑음,단일로 - 기타,승용,여,49세,상해없음,보행자,여,33세,중상
2015040700100536,2015년 4월 7일 21시,화요일,경상남도 거제시 장평동,중상사고,0,1,0,0,차대차 - 측면직각충돌,신호위반,건조,맑음,단일로 - 기타,원동기,남,35세,상해없음,승용,남,33세,중상
2015040700100537,2015년 4월 7일 21시,화요일,경상남도 거제시 두모동,경상사고,0,0,1,0,차대차 - 추돌 - 진행중,신호위반,건조,맑음,교차로 - 교차로안,승용,남,32세,상해없음,원동기,남,33세,경상
2015040700100538,2015년 4월 7일 21시,화요일,경상남도 산청군 단성면,중상사고,0,1,0,0,차대사람 - 길가장자리구역통행중,안전운전불이행,습기,비,단일로 - 기타,화물,남,65세,상해없음,보행자,남,37세,중상
2015040700100539,2015년 4월 7일 21시,화요일,경상남도 창원시 의창구 사림동,경상사고,0,0,2,0,차대차 - 추돌 - 주정차중,안전운전불이행,건조,맑음,교차로 - 교차로부근,화물,남,51세,상해없음,승용,여,50세,경상
2015040700100540,2015년 4월 7일 21시,화요일,경상남도 창원시 의창구 봉곡동,경상사고,0,0,1,0,차대차 - 추돌 - 진행중,안전운전불이행,건조,맑음,교차로 - 교차로안,승용,남,64세,상해없음,승용,남,50세,경상
2015040800100018,2015년 4월 8일 00시,수요일,경상남도 양산시 동면,경상사고,0,0,1,0,차대차 - 측면직각충돌,안전운전불이행,건조,맑음,단일로 - 기타,승용,남,26세,상해없음,승용,남,43세,경상
2015040800100019,2015년 4월 8일 00시,수요일,경상남도 창원시 마산회원구 구암동,중상사고,0,1,2,0,차대차 - 측면직각충돌,신호위반,건조,맑음,교차로 - 교차로안,승용,여,42세,상해없음,승용,남,69세,경상
2015040800100028,2015년 4월 8일 01시,수요일,경상남도 양산시 물금읍,경상사고,0,0,2,0,차대사람 - 길가장자리구역통행중,안전운전불이행,건조,맑음,교차로 - 교차로부근,승용,남,25세,상해없음,보행자,남,19세,경상
2015040800100050,2015년 4월 8일 03시,수요일,경상남도 거제시 고현동,중상사고,0,1,0,0,차대사람 - 길가장자리구역통행중,교차로운행방법위반,건조,맑음,교차로 - 교차로부근,승용,남,39세,상해없음,보행자,남,46세,중상
2015040800100051,2015년 4월 8일 03시,수요일,경상남도 창원시 성산구 상남동,중상사고,0,1,0,0,차대차 - 정면충돌,중앙선침범,건조,맑음,교차로 - 교차로부근,승용,남,44세,상해없음,승용,남,67세,중상
2015040800100069,2015년 4월 8일 06시,수요일,경상남도 김해시 삼계동,중상사고,0,1,0,0,차대차 - 측면직각충돌,안전운전불이행,건조,맑음,단일로 - 기타,승합,남,64세,상해없음,승용,남,48세,중상
2015040800100085,2015년 4월 8일 07시,수요일,경상남도 창원시 성산구 상남동,중상사고,0,1,0,0,차대사람 - 길가장자리구역통행중,안전운전불이행,건조,맑음,단일로 - 기타,승용,남,34세,상해없음,보행자,남,26세,중상
2015040800100086,2015년 4월 8일 07시,수요일,경상남도 김해시 주촌면,중상사고,0,1,0,0,차대차 - 측면직각충돌,안전운전불이행,건조,맑음,교차로 - 교차로부근,승용,남,53세,상해없음,이륜,여,38세,중상
2015040800100126,2015년 4월 8일 08시,수요일,경상남도 통영시 항남동,중상사고,0,1,0,0,차대차 - 측면직각충돌,중앙선침범,건조,맑음,단일로 - 기타,승용,남,32세,상해없음,원동기,남,59세,중상
2015040800100127,2015년 4월 8일 08시,수요일,경상남도 김해시 내동,중상사고,0,1,0,0,차대사람 - 기타,안전운전불이행,건조,맑음,단일로 - 기타,승용,여,21세,상해없음,보행자,여,29세,중상
2015040800100128,2015년 4월 8일 08시,수요일,경상남도 함안군 대산면,경상사고,0,0,1,0,차대차 - 추돌 - 주정차중,안전운전불이행,건조,맑음,단일로 - 기타,원동기,여,64세,경상,승용,여,27세,상해없음
2015040800100159,2015년 4월 8일 09시,수요일,경상남도 양산시 동면,중상사고,0,1,0,0,차대차 - 측면직각충돌,안전운전불이행,건조,맑음,교차로 - 교차로안,승용,남,61세,상해없음,승용,여,54세,중상
2015040800100180,2015년 4월 8일 10시,수요일,경상남도 창원시 성산구 대방동,경상사고,0,0,1,0,차대차 - 기타,신호위반,건조,맑음,교차로 - 교차로안,승용,여,39세,상해없음,승용,여,61세,경상
2015040800100209,2015년 4월 8일 11시,수요일,경상남도 진주시 주약동,중상사고,0,1,0,0,차대사람 - 횡단중,안전운전불이행,건조,맑음,교차로 - 교차로부근,승용,남,65세,상해없음,보행자,여,51세,중상
2015040800100210,2015년 4월 8일 11시,수요일,경상남도 합천군 용주면,중상사고,0,1,0,0,차대차 - 측면직각충돌,안전운전불이행,건조,맑음,교차로 - 교차로안,건설기계,남,59세,상해없음,이륜,남,76세,중상
2015040800100263,2015년 4월 8일 13시,수요일,경상남도 창원시 진해구 용원동,경상사고,0,0,1,0,차대차 - 추돌 - 진행중,안전운전불이행,건조,맑음,기타 - 기타,승용,여,59세,상해없음,승용,여,45세,경상
2015040800100264,2015년 4월 8일 13시,수요일,경상남도 통영시 용남면,경상사고,0,0,2,0,차대차 - 추돌 - 진행중,안전거리미확보,건조,맑음,교차로 - 교차로부근,승용,남,56세,상해없음,승용,여,46세,경상
2015040800100265,2015년 4월 8일 13시,수요일,경상남도 밀양시 삼랑진읍,중상사고,0,2,3,0,차대차 - 측면직각충돌,안전운전불이행,건조,맑음,교차로 - 교차로안,승용,여,52세,중상,승용,남,79세,경상
2015040800100266,2015년 4월 8일 13시,수요일,경상남도 김해시 내동,중상사고,0,1,0,0,차대차 - 측면직각충돌,안전운전불이행,건조,맑음,교차로 - 교차로부근,승용,남,43세,상해없음,이륜,남,55세,중상
2015040800100267,2015년 4월 8일 13시,수요일,경상남도 거제시 아주동,경상사고,0,0,1,0,차대차 - 측면직각충돌,교차로운행방법위반,건조,맑음,교차로 - 교차로안,승용,여,42세,상해없음,승용,여,34세,경상
2015040800100304,2015년 4월 8일 14시,수요일,경상남도 진주시 망경동,사망사고,1,1,0,0,차대사람 - 기타,불법유턴,건조,맑음,교차로 - 교차로부근,화물,남,46세,상해없음,보행자,여,68세,사망
2015040800100305,2015년 4월 8일 14시,수요일,경상남도 진주시 평거동,경상사고,0,0,1,0,차대차 - 측면직각충돌,신호위반,건조,맑음,교차로 - 교차로안,이륜,남,82세,경상,승용,남,60세,상해없음
2015040800100306,2015년 4월 8일 14시,수요일,경상남도 하동군 악양면,중상사고,0,5,0,0,차대차 - 정면충돌,중앙선침범,건조,맑음,단일로 - 기타,승용,남,60세,상해없음,승용,남,70세,중상
2015040800100334,2015년 4월 8일 15시,수요일,경상남도 창원시 진해구 석동,부상신고사고,0,0,0,1,차대차 - 측면직각충돌,신호위반,건조,맑음,교차로 - 교차로안,자전거,남,13세,부상신고,승용,남,69세,상해없음
2015040800100335,2015년 4월 8일 15시,수요일,경상남도 통영시 동호동,경상사고,0,0,2,0,차대차 - 측면직각충돌,안전운전불이행,건조,맑음,교차로 - 교차로부근,승용,남,41세,경상,화물,남,49세,경상
2015040800100336,2015년 4월 8일 15시,수요일,경상남도 합천군 적중면,경상사고,0,0,1,0,차대차 - 측면직각충돌,교차로운행방법위반,건조,맑음,교차로 - 교차로안,원동기,여,57세,경상,승용,남,76세,상해없음
2015040800100337,2015년 4월 8일 15시,수요일,경상남도 함양군 함양읍,부상신고사고,0,0,0,1,차량단독 - 공작물충돌,안전운전불이행,건조,맑음,단일로 - 기타,화물,남,61세,상해없음,,,,
2015040800100338,2015년 4월 8일 15시,수요일,경상남도 창원시 마산회원구 내서읍,중상사고,0,1,1,0,차대차 - 측면직각충돌,안전운전불이행,건조,맑음,교차로 - 교차로부근,화물,남,58세,상해없음,이륜,남,19세,중상
2015040800100339,2015년 4월 8일 15시,수요일,경상남도 김해시 진례면,경상사고,0,0,1,0,차대차 - 측면직각충돌,안전운전불이행,건조,맑음,교차로 - 교차로안,승용,남,44세,상해없음,승용,남,48세,경상
2015040800100365,2015년 4월 8일 16시,수요일,경상남도 창원시 성산구 중앙동,경상사고,0,0,1,0,차대사람 - 횡단중,보행자보호의무위반,건조,맑음,교차로 - 교차로안,승용,여,44세,상해없음,보행자,여,42세,경상
2015040800100366,2015년 4월 8일 16시,수요일,경상남도 창원시 의창구 용호동,경상사고,0,0,1,0,차대사람 - 기타,안전운전불이행,건조,맑음,교차로 - 교차로안,승용,남,20세,상해없음,보행자,여,87세,경상
2015040800100392,2015년 4월 8일 17시,수요일,경상남도 밀양시 삼문동,중상사고,0,1,0,0,차대사람 - 보도통행중,안전운전불이행,건조,맑음,기타 - 기타,승용,남,65세,상해없음,보행자,여,74세,중상
2015040800100393,2015년 4월 8일 17시,수요일,경상남도 함양군 함양읍,부상신고사고,0,0,0,1,차대차 - 측면직각충돌,교차로운행방법위반,건조,맑음,교차로 - 교차로부근,자전거,남,10세,부상신고,승용,남,33세,상해없음
2015040800100394,2015년 4월 8일 17시,수요일,경상남도 거제시 능포동,경상사고,0,0,1,0,차대차 - 기타,안전운전불이행,건조,맑음,단일로 - 기타,승용,여,47세,상해없음,이륜,남,31세,경상
2015040800100419,2015년 4월 8일 18시,수요일,경상남도 창원시 성산구 상남동,중상사고,0,1,1,0,차대차 - 기타,안전운전불이행,건조,맑음,교차로 - 교차로안,승용,여,43세,상해없음,승용,남,59세,중상