사고번호,사고일시,요일,시군구,사고내용,사망자수,중상자수,경상자수,부상신고자수,사고유형,법규위반,노면상태,기상상태,도로형태,가해운전자 차종,가해운전자 성별,가해운전자 연령,가해운전자 상해정도,피해운전자 차종,피해운전자 성별,피해운전자 연령,피해운전자 상해정도
2015040800100451,2015년 4월 8일 19시,수요일,경상남도 진주시 상대동,중상사고,0,1,0,0,차대차 - 측면직각충돌,중앙선침범,건조,맑음,단일로 - 기타,승용,남,56세,상해없음,이륜,남,21세,중상
2015040800100452,2015년 4월 8일 19시,수요일,경상남도 통영시 무전동,경상사고,0,0,1,0,차대차 - 정면충돌,직진우회전진행방해,건조,흐림,교차로 - 교차로안,승용,남,32세,상해없음,원동기,남,19세,경상
2015040800100453,2015년 4월 8일 19시,수요일,경상남도 고성군 고성읍,중상사고,0,1,0,0,차대사람 - 기타,안전운전불이행,건조,맑음,단일로 - 기타,승용,남,61세,상해없음,보행자,남,55세,중상
2015040800100454,2015년 4월 8일 19시,수요일,경상남도 김해시 장유면,경상사고,0,0,1,0,차대차 - 측면직각충돌,안전운전불이행,건조,맑음,교차로 - 교차로부근,화물,남,49세,상해없음,자전거,남,33세,경상
2015040800100490,2015년 4월 8일 20시,수요일,경상남도 창원시 마산합포구 신포동2가,경상사고,0,0,1,0,차대차 - 추돌 - 주정차중,안전운전불이행,기타,기타,단일로 - 기타,승용,남,44세,상해없음,승용,남,59세,경상
2015040800100491,2015년 4월 8일 20시,수요일,경상남도 의령군 유곡면,중상사고,0,1,0,0,차대차 - 정면충돌,중앙선침범,습기,맑음,단일로 - 기타,승용,남,44세,상해없음,원동기,남,82세,중상
2015040800100533,2015년 4월 8일 21시,수요일,경상남도 양산시 남부동,경상사고,0,0,1,0,차대차 - 기타,신호위반,건조,맑음,교차로 - 교차로안,자전거,남,19세,경상,승용,남,67세,상해없음
2015040800100555,2015년 4월 8일 22시,수요일,경상남도 거제시 연초면,경상사고,0,0,1,0,차대사람 - 횡단중,안전운전불이행,건조,맑음,단일로 - 기타,이륜,남,54세,상해없음,보행자,남,26세,경상
2015040800100556,2015년 4월 8일 22시,수요일,경상남도 창원시 성산구 불모산동,경상사고,0,0,1,0,차대차 - 기타,안전운전불이행,건조,맑음,단일로 - 기타,승용,남,42세,상해없음,승용,남,34세,경상
2015040900100079,2015년 4월 9일 06시,목요일,경상남도 하동군 옥종면,부상신고사고,0,0,0,1,차대차 - 기타,안전운전불이행,건조,맑음,교차로 - 교차로안,화물,남,78세,상해없음,화물,여,60세,상해없음
2015040900100080,2015년 4월 9일 06시,목요일,경상남도 거제시 연초면,경상사고,0,0,2,0,차대차 - 추돌 - 주정차중,안전거리미확보,건조,맑음,단일로 - 기타,승용,남,37세,상해없음,승용,남,47세,경상
2015040900100081,2015년 4월 9일 06시,목요일,경상남도 창원시 성산구 사파동,경상사고,0,0,1,0,차대사람 - 기타,안전운전불이행,건조,맑음,단일로 - 기타,승합,남,42세,상해없음,보행자,여,43세,경상
2015040900100082,2015년 4월 9일 06시,목요일,경상남도 창원시 의창구 대산면,중상사고,0,1,0,0,차대차 - 추돌 - 진행중,안전운전불이행,건조,맑음,교차로 - 교차로부근,화물,남,41세,상해없음,승용,남,47세,중상
2015040900100103,2015년 4월 9일 07시,목요일,경상남도 창원시 마산회원구 양덕동,중상사고,0,1,0,0,차대차 - 추돌 - 진행중,안전운전불이행,건조,맑음,교차로 - 교차로부근,이륜,남,35세,중상,승용,남,31세,상해없음
2015040900100104,2015년 4월 9일 07시,목요일,경상남도 창원시 마산회원구 내서읍,중상사고,0,1,0,0,차대차 - 측면직각충돌,신호위반,건조,맑음,교차로 - 교차로안,승용,여,50세,상해없음,승용,남,61세,중상
2015040900100150,2015년 4월 9일 08시,목요일,경상남도 함양군 지곡면,중상사고,0,1,1,0,차대차 - 정면충돌,안전운전불이행,습기,안개,단일로 - 기타,승용,남,45세,상해없음,농기계,남,56세,경상
2015040900100195,2015년 4월 9일 10시,목요일,경상남도 통영시 용남면,중상사고,0,1,0,0,차량단독 - 기타,안전운전불이행,건조,맑음,교차로 - 교차로부근,승합,남,44세,상해없음,,,,
2015040900100228,2015년 4월 9일 11시,목요일,경상남도 창원시 마산합포구 중앙동2가,중상사고,0,1,0,0,차대차 - 측면직각충돌,교차로운행방법위반,건조,맑음,교차로 - 교차로안,원동기,여,44세,중상,승용,남,64세,상해없음
2015040900100254,2015년 4월 9일 12시,목요일,경상남도 산청군 산청읍,중상사고,0,1,0,0,차대차 - 측면직각충돌,신호위반,건조,맑음,교차로 - 교차로안,화물,남,31세,상해없음,원동기,남,68세,중상
2015040900100279,2015년 4월 9일 13시,목요일,경상남도 함양군 안의면,중상사고,0,1,0,0,차대차 - 측면직각충돌,교차로운행방법위반,건조,맑음,교차로 - 교차로안,승용,남,35세,상해없음,이륜,여,48세,중상
2015040900100280,2015년 4월 9일 13시,목요일,경상남도 거제시 사등면,중상사고,0,1,0,0,차대사람 - 기타,안전운전불이행,건조,맑음,단일로 - 기타,기타불명,기타불명,기타불명,기타불명,보행자,남,28세,중상
2015040900100304,2015년 4월 9일 14시,목요일,경상남도 산청군 시천면,중상사고,0,4,0,0,차대차 - 측면직각충돌,교차로운행방법위반,건조,맑음,교차로 - 교차로안,승용,여,44세,중상,화물,남,74세,상해없음
2015040900100336,2015년 4월 9일 15시,목요일,경상남도 함양군 함양읍,부상신고사고,0,0,0,1,차대차 - 추돌 - 주정차중,안전운전불이행,건조,맑음,단일로 - 기타,승용,여,38세,부상신고,승용,여,36세,상해없음
2015040900100337,2015년 4월 9일 15시,목요일,경상남도 창원시 성산구 사파동,중상사고,0,1,0,0,차대차 - 측면직각충돌,신호위반,건조,맑음,교차로 - 교차로부근,승합,남,51세,상해없음,자전거,남,8세,중상
2015040900100370,2015년 4월 9일 16시,목요일,경상남도 창원시 진해구 이동,중상사고,0,1,0,0,차대차 - 측면직각충돌,안전거리미확보,건조,맑음,교차로 - 교차로부근,승용,남,23세,상해없음,승용,여,58세,중상
2015040900100371,2015년 4월 9일 16시,목요일,경상남도 김해시 동상동,경상사고,0,0,1,0,차대사람 - 횡단중,보행자보호의무위반,건조,맑음,단일로 - 기타,승용,여,38세,상해없음,보행자,여,77세,경상
2015040900100372,2015년 4월 9일 16시,목요일,경상남도 합천군 청덕면,중상사고,0,1,0,0,차대사람 - 차도통행중,안전운전불이행,건조,맑음,단일로 - 기타,승용,남,54세,상해없음,보행자,남,40세,중상
2015040900100373,2015년 4월 9일 16시,목요일,경상남도 양산시 명곡동,경상사고,0,0,1,1,차대차 - 측면직각충돌,안전거리미확보,건조,맑음,단일로 - 기타,화물,남,23세,상해없음,건설기계,남,43세,부상신고
2015040900100374,2015년 4월 9일 16시,목요일,경상남도 양산시 북부동,경상사고,0,0,1,0,차대사람 - 횡단중,안전운전불이행,건조,맑음,단일로 - 기타,화물,남,48세,상해없음,보행자,여,12세,경상
2015040900100375,2015년 4월 9일 16시,목요일,경상남도 하동군 악양면,중상사고,0,1,1,0,차대차 - 기타,안전운전불이행,건조,맑음,교차로 - 교차로안,화물,남,66세,상해없음,승용,여,29세,중상
2015040900100376,2015년 4월 9일 16시,목요일,경상남도 거제시 능포동,경상사고,0,0,1,0,차대사람 - 기타,보행자보호의무위반,건조,맑음,교차로 - 교차로부근,승용,남,57세,상해없음,보행자,남,12세,경상
2015040900100377,2015년 4월 9일 16시,목요일,경상남도 거제시 고현동,경상사고,0,0,1,0,차대차 - 기타,안전거리미확보,건조,맑음,교차로 - 교차로부근,화물,남,35세,상해없음,승용,남,44세,경상
2015040900100397,2015년 4월 9일 17시,목요일,경상남도 양산시 상북면,중상사고,0,1,0,0,차대사람 - 기타,보행자보호의무위반,건조,맑음,교차로 - 교차로안,특수,남,45세,상해없음,보행자,여,63세,중상
2015040900100398,2015년 4월 9일 17시,목요일,경상남도 의령군 화정면,경상사고,0,0,1,0,차대차 - 추돌 - 진행중,안전운전불이행,건조,맑음,단일로 - 기타,화물,남,52세,상해없음,승용,여,54세,경상
2015040900100464,2015년 4월 9일 19시,목요일,경상남도 진주시 내동면,중상사고,0,1,0,0,차대차 - 측면직각충돌,신호위반,건조,맑음,교차로 - 교차로안,승용,여,46세,상해없음,승용,여,34세,중상
2015040900100465,2015년 4월 9일 19시,목요일,경상남도 하동군 횡천면,부상신고사고,0,0,0,1,차대차 - 기타,안전운전불이행,건조,맑음,교차로 - 교차로안,특수,남,30세,상해없음,승용,남,27세,부상신고
2015040900100497,2015년 4월 9일 20시,목요일,경상남도 창원시 진해구 덕산동,경상사고,0,0,1,0,차대차 - 추돌 - 진행중,중앙선침범,건조,맑음,교차로 - 교차로안,자전거,남,14세,경상,승용,남,40세,상해없음
2015040900100498,2015년 4월 9일 20시,목요일,경상남도 하동군 하동읍,경상사고,0,0,2,0,차대차 - 측면직각충돌,교차로운행방법위반,건조,맑음,교차로 - 교차로안,승용,남,60세,상해없음,승용,남,39세,경상
2015040900100499,2015년 4월 9일 20시,목요일,경상남도 거제시 고현동,중상사고,0,1,0,0,차대차 - 기타,신호위반,건조,맑음,교차로 - 교차로부근,승용,남,50세,상해없음,이륜,남,29세,중상
2015040900100521,2015년 4월 9일 21시,목요일,경상남도 김해시 내동,중상사고,0,1,1,0,차대차 - 측면직각충돌,신호위반,건조,맑음,교차로 - 교차로안,특수,남,45세,상해없음,승용,남,55세,중상
2015040900100522,2015년 4월 9일 21시,목요일,경상남도 창원시 성산구 성주동,중상사고,0,1,0,0,차대차 - 측면직각충돌,안전운전불이행,건조,맑음,단일로 - 기타,승용,남,20세,상해없음,승용,남,19세,상해없음
2015040900100548,2015년 4월 9일 22시,목요일,경상남도 창원시 마산합포구 문화동,경상사고,0,0,1,0,차대차 - 측면직각충돌,신호위반,건조,맑음,교차로 - 교차로안,승용,남,27세,상해없음,승용,남,58세,경상
2015041000100018,2015년 4월 10일 00시,금요일,경상남도 창원시 마산합포구 중성동,중상사고,0,1,0,0,차량단독 - 기타,안전운전불이행,건조,맑음,단일로 - 기타,원동기,남,55세,중상,,,,
2015041000100037,2015년 4월 10일 01시,금요일,경상남도 진주시 집현면,경상사고,0,0,1,0,차대차 - 추돌 - 진행중,안전운전불이행,건조,맑음,단일로 - 기타,화물,남,34세,상해없음,화물,남,42세,경상
2015041000100038,2015년 4월 10일 01시,금요일,경상남도 거제시 거제면,중상사고,0,2,0,0,차대차 - 기타,중앙선침범,건조,맑음,단일로 - 기타,승용,남,25세,상해없음,승용,남,46세,중상
2015041000100067,2015년 4월 10일 04시,금요일,경상남도 거제시 사등면,중상사고,0,1,0,0,차량단독 - 전도전복,안전운전불이행,건조,맑음,단일로 - 기타,승용,남,27세,상해없음,,,,
2015041000100103,2015년 4월 10일 07시,금요일,경상남도 거제시 고현동,경상사고,0,0,1,0,차대차 - 기타,신호위반,건조,맑음,교차로 - 교차로부근,승용,남,34세,상해없음,승용,남,49세,경상
2015041000100144,2015년 4월 10일 08시,금요일,경상남도 사천시 정동면,중상사고,0,1,3,0,차대차 - 측면직각충돌,신호위반,건조,맑음,교차로 - 교차로안,승용,여,39세,경상,승용,남,66세,중상
2015041000100145,2015년 4월 10일 08시,금요일,경상남도 양산시 교동,중상사고,0,1,0,0,차대사람 - 횡단중,안전운전불이행,건조,맑음,기타 - 기타,승용,여,48세,상해없음,보행자,여,16세,중상
2015041000100176,2015년 4월 10일 09시,금요일,경상남도 창원시 진해구 경화동,중상사고,0,1,0,0,차대차 - 측면직각충돌,직진우회전진행방해,건조,맑음,교차로 - 교차로안,원동기,남,73세,상해없음,화물,남,62세,상해없음
2015041000100245,2015년 4월 10일 12시,금요일,경상남도 김해시 삼계동,중상사고,0,1,0,0,차대차 - 측면직각충돌,안전운전불이행,건조,맑음,단일로 - 기타,화물,남,60세,상해없음,원동기,남,44세,중상
2015041000100246,2015년 4월 10일 12시,금요일,경상남도 합천군 삼가면,경상사고,0,0,1,0,차량단독 - 전도전복,안전운전불이행,건조,맑음,단일로 - 기타,특수,남,37세,경상,,,,
2015041000100247,2015년 4월 10일 12시,금요일,경상남도 거제시 옥포동,경상사고,0,0,1,0,차대차 - 측면직각충돌,신호위반,건조,맑음,단일로 - 기타,이륜,남,57세,상해없음,승용,여,33세,경상
2015041000100277,2015년 4월 10일 13시,금요일,경상남도 양산시 소주동,중상사고,0,1,0,0,차대사람 - 횡단중,안전운전불이행,건조,맑음,단일로 - 기타,승용,남,24세,상해없음,보행자,여,73세,중상
2015041000100278,2015년 4월 10일 13시,금요일,경상남도 진주시 사봉면,중상사고,0,1,0,0,차대차 - 기타,안전운전불이행,건조,맑음,단일로 - 기타,승용,여,28세,기타불명,화물,남,51세,상해없음
2015041000100314,2015년 4월 10일 14시,금요일,경상남도 진주시 호탄동,경상사고,0,0,1,0,차대차 - 기타,안전운전불이행,건조,맑음,교차로 - 교차로안,승용,남,64세,상해없음,승용,남,34세,경상
2015041000100315,2015년 4월 10일 14시,금요일,경상남도 밀양시 삼랑진읍,사망사고,1,0,0,0,차대차 - 정면충돌,교차로운행방법위반,건조,맑음,교차로 - 교차로안,건설기계,남,57세,상해없음,이륜,남,78세,사망
2015041000100316,2015년 4월 10일 14시,금요일,경상남도 남해군 남해읍,중상사고,0,1,0,0,차대차 - 추돌 - 진행중,안전운전불이행,건조,맑음,교차로 - 교차로부근,화물,남,36세,상해없음,원동기,남,83세,중상
2015041000100317,2015년 4월 10일 14시,금요일,경상남도 김해시 장유면,경상사고,0,0,1,0,차대차 - 측면직각충돌,신호위반,건조,맑음,단일로 - 기타,승용,남,25세,상해없음,화물,남,45세,경상
2015041000100356,2015년 4월 10일 15시,금요일,경상남도 진주시 진성면,중상사고,0,1,0,0,차대차 - 기타,안전운전불이행,건조,맑음,단일로 - 기타,화물,남,52세,상해없음,자전거,남,18세,중상
2015041000100398,2015년 4월 10일 16시,금요일,경상남도 밀양시 하남읍,중상사고,0,1,0,0,차대차 - 측면직각충돌,교차로운행방법위반,건조,맑음,교차로 - 교차로안,화물,남,44세,상해없음,원동기,여,61세,중상
2015041000100441,2015년 4월 10일 17시,금요일,경상남도 김해시 부원동,중상사고,0,1,0,0,차대사람 - 기타,안전운전불이행,건조,맑음,단일로 - 기타,승용,남,28세,상해없음,보행자,남,51세,중상
2015041000100442,2015년 4월 10일 17시,금요일,경상남도 김해시 장유면,중상사고,0,2,0,0,차대차 - 측면직각충돌,안전운전불이행,건조,맑음,단일로 - 기타,승용,여,35세,상해없음,승용,여,58세,중상
2015041000100477,2015년 4월 10일 18시,금요일,경상남도 창원시 마산합포구 화영동,중상사고,0,1,0,0,차대사람 - 횡단중,보행자보호의무위반,건조,맑음,교차로 - 교차로부근,화물,남,45세,상해없음,보행자,남,20세,중상
2015041000100478,2015년 4월 10일 18시,금요일,경상남도 김해시 외동,경상사고,0,0,1,0,차대차 - 추돌 - 진행중,안전운전불이행,건조,맑음,단일로 - 기타,승용,여,48세,상해없음,자전거,남,70세,경상
2015041000100479,2015년 4월 10일 18시,금요일,경상남도 거제시 능포동,경상사고,0,0,1,0,차대차 - 측면직각충돌,안전운전불이행,건조,맑음,단일로 - 기타,이륜,남,40세,상해없음,이륜,남,50세,경상
2015041000100480,2015년 4월 10일 18시,금요일,경상남도 거제시 하청면,경상사고,0,0,1,0,차대차 - 정면충돌,중앙선침범,건조,맑음,단일로 - 기타,화물,남,60세,상해없음,승용,여,42세,경상
2015041000100527,2015년 4월 10일 19시,금요일,경상남도 창원시 마산회원구 봉암동,경상사고,0,0,4,0,차대차 - 추돌 - 진행중,안전운전불이행,건조,맑음,단일로 - 기타,승용,남,29세,상해없음,승용,여,44세,경상
2015041000100571,2015년 4월 10일 20시,금요일,경상남도 창원시 의창구 대원동,중상사고,0,1,0,0,차량단독 - 기타,안전운전불이행,건조,맑음,단일로 - 기타,승합,남,46세,상해없음,,,,
2015041000100572,2015년 4월 10일 20시,금요일,경상남도 김해시 장유면,중상사고,0,1,0,0,차대사람 - 횡단중,보행자보호의무위반,건조,맑음,단일로 - 횡단보도상,승용,남,38세,상해없음,보행자,남,9세,중상
2015041000100616,2015년 4월 10일 21시,금요일,경상남도 통영시 북신동,경상사고,0,0,1,0,차대차 - 측면직각충돌,안전거리미확보,건조,맑음,단일로 - 횡단보도부근,승용,남,55세,상해없음,승용,남,26세,경상
2015041000100654,2015년 4월 10일 22시,금요일,경상남도 창원시 마산합포구 중앙동3가,경상사고,0,0,1,0,차대사람 - 기타,안전운전불이행,건조,맑음,교차로 - 교차로부근,승용,여,50세,상해없음,보행자,여,49세,경상
2015041000100655,2015년 4월 10일 22시,금요일,경상남도 양산시 물금읍,경상사고,0,0,1,0,차대차 - 추돌 - 진행중,신호위반,건조,맑음,단일로 - 기타,승용,여,58세,상해없음,자전거,남,12세,경상
2015041000100672,2015년 4월 10일 23시,금요일,경상남도 통영시 도천동,중상사고,0,1,0,0,차대차 - 측면직각충돌,안전운전불이행,건조,맑음,교차로 - 교차로안,자전거,남,15세,중상,승용,남,54세,상해없음
2015041000100673,2015년 4월 10일 23시,금요일,경상남도 창원시 마산회원구 석전동,중상사고,0,1,1,0,차대차 - 추돌 - 진행중,안전운전불이행,건조,맑음,단일로 - 기타,승용,남,28세,상해없음,승용,남,34세,중상
2015041000100674,2015년 4월 10일 23시,금요일,경상남도 김해시 장유면,경상사고,0,0,1,0,차대차 - 추돌 - 진행중,안전운전불이행,건조,맑음,단일로 - 기타,승용,남,63세,상해없음,승용,남,48세,상해없음
2015041100100022,2015년 4월 11일 00시,토요일,경상남도 김해시 어방동,경상사고,0,0,3,0,차대차 - 추돌 - 주정차중,안전운전불이행,건조,맑음,교차로 - 교차로안,승용,남,51세,상해없음,승용,여,32세,경상
2015041100100023,2015년 4월 11일 00시,토요일,경상남도 김해시 삼방동,중상사고,0,1,0,0,차대사람 - 보도통행중,안전운전불이행,건조,맑음,단일로 - 기타,화물,여,50세,상해없음,보행자,남,21세,중상
2015041100100024,2015년 4월 11일 00시,토요일,경상남도 함안군 군북면,경상사고,0,0,2,0,차량단독 - 공작물충돌,안전운전불이행,건조,맑음,단일로 - 기타,승용,남,52세,기타불명,,,,
2015041100100047,2015년 4월 11일 01시,토요일,경상남도 창원시 의창구 팔용동,경상사고,0,0,1,0,차대차 - 측면직각충돌,신호위반,건조,맑음,교차로 - 교차로안,승용,남,61세,상해없음,승용,남,54세,상해없음
2015041100100075,2015년 4월 11일 03시,토요일,경상남도 창원시 의창구 도계동,경상사고,0,0,3,0,차대차 - 추돌 - 주정차중,안전운전불이행,건조,맑음,교차로 - 교차로부근,승용,남,44세,상해없음,승용,남,54세,경상
2015041100100097,2015년 4월 11일 04시,토요일,경상남도 김해시 삼계동,경상사고,0,0,2,0,차대차 - 측면직각충돌,안전운전불이행,건조,맑음,교차로 - 교차로부근,승용,남,51세,상해없음,승용,남,61세,경상
2015041100100112,2015년 4월 11일 05시,토요일,경상남도 김해시 불암동,경상사고,0,0,3,0,차대차 - 추돌 - 진행중,안전운전불이행,건조,맑음,단일로 - 기타,화물,남,31세,상해없음,승용,남,56세,경상
2015041100100154,2015년 4월 11일 07시,토요일,경상남도 사천시 사남면,경상사고,0,0,1,0,차대차 - 측면직각충돌,신호위반,건조,맑음,교차로 - 교차로안,화물,남,69세,상해없음,승용,남,47세,경상
2015041100100173,2015년 4월 11일 08시,토요일,경상남도 양산시 신기동,경상사고,0,0,3,0,차대차 - 추돌 - 진행중,안전거리미확보,건조,맑음,단일로 - 교량,승용,남,37세,상해없음,승용,여,49세,경상
2015041100100174,2015년 4월 11일 08시,토요일,경상남도 양산시 교동,중상사고,0,1,0,0,차대차 - 정면충돌,안전거리미확보,건조,맑음,단일로 - 기타,건설기계,남,62세,상해없음,승용,여,45세,중상
2015041100100196,2015년 4월 11일 09시,토요일,경상남도 밀양시 삼문동,경상사고,0,0,1,0,차대차 - 측면직각충돌,안전운전불이행,건조,맑음,교차로 - 교차로안,승용,남,46세,상해없음,승용,여,42세,상해없음
2015041100100224,2015년 4월 11일 10시,토요일,경상남도 밀양시 삼랑진읍,중상사고,0,1,0,0,차대사람 - 길가장자리구역통행중,안전운전불이행,건조,맑음,교차로 - 교차로안,화물,남,41세,상해없음,보행자,여,61세,중상
2015041100100225,2015년 4월 11일 10시,토요일,경상남도 김해시 동상동,중상사고,0,1,0,0,차대차 - 정면충돌,안전운전불이행,건조,맑음,교차로 - 교차로부근,승용,남,42세,상해없음,자전거,남,19세,중상
2015041100100226,2015년 4월 11일 10시,토요일,경상남도 김해시 삼계동,경상사고,0,0,2,0,차대차 - 측면직각충돌,안전거리미확보,건조,맑음,단일로 - 기타,화물,남,52세,상해없음,승용,여,50세,경상
2015041100100227,2015년 4월 11일 10시,토요일,경상남도 김해시 흥동,경상사고,0,0,1,0,차대사람 - 길가장자리구역통행중,안전운전불이행,건조,맑음,단일로 - 기타,승용,남,49세,상해없음,보행자,남,56세,경상
2015041100100265,2015년 4월 11일 11시,토요일,경상남도 김해시 삼정동,중상사고,0,1,0,0,차대차 - 측면직각충돌,직진우회전진행방해,건조,맑음,교차로 - 교차로안,승용,여,51세,상해없음,자전거,남,17세,중상
2015041100100266,2015년 4월 11일 11시,토요일,경상남도 고성군 동해면,경상사고,0,0,3,0,차대차 - 측면직각충돌,중앙선침범,건조,맑음,단일로 - 기타,승용,여,41세,상해없음,승용,남,55세,경상
2015041100100306,2015년 4월 11일 12시,토요일,경상남도 창원시 진해구 석동,중상사고,0,1,0,0,차대차 - 측면직각충돌,신호위반,건조,맑음,교차로 - 교차로안,승용,남,54세,상해없음,원동기,남,34세,중상
2015041100100331,2015년 4월 11일 13시,토요일,경상남도 진주시 평거동,경상사고,0,0,1,0,차대차 - 측면직각충돌,신호위반,건조,맑음,교차로 - 교차로안,자전거,여,70세,경상,승용,남,31세,상해없음
2015041100100332,2015년 4월 11일 13시,토요일,경상남도 거창군 거창읍,경상사고,0,0,1,0,차대차 - 기타,안전운전불이행,건조,맑음,단일로 - 기타,승용,여,47세,상해없음,승용,남,42세,상해없음
2015041100100369,2015년 4월 11일 14시,토요일,경상남도 창원시 마산합포구 신포동1가,경상사고,0,0,1,0,차대차 - 기타,안전운전불이행,건조,맑음,교차로 - 교차로부근,승용,남,62세,상해없음,자전거,남,66세,경상
2015041100100370,2015년 4월 11일 14시,토요일,경상남도 밀양시 하남읍,중상사고,0,1,0,0,차대사람 - 횡단중,안전운전불이행,건조,맑음,단일로 - 기타,승용,여,24세,상해없음,보행자,남,71세,중상
2015041100100371,2015년 4월 11일 14시,토요일,경상남도 산청군 신안면,경상사고,0,0,3,0,차대차 - 측면직각충돌,안전운전불이행,건조,맑음,교차로 - 교차로안,화물,남,45세,경상,승용,남,48세,경상
2015041100100411,2015년 4월 11일 15시,토요일,경상남도 창원시 마산합포구 해운동,중상사고,0,1,0,0,차대사람 - 기타,안전운전불이행,건조,맑음,단일로 - 기타,화물,남,43세,상해없음,보행자,남,76세,중상
2015041100100412,2015년 4월 11일 15시,토요일,경상남도 통영시 광도면,경상사고,0,0,1,0,차대차 - 추돌 - 진행중,안전운전불이행,건조,맑음,교차로 - 교차로부근,건설기계,남,60세,상해없음,승용,여,38세,경상
2015041100100457,2015년 4월 11일 16시,토요일,경상남도 창원시 마산합포구 해운동,중상사고,0,1,0,0,차대차 - 기타,교차로운행방법위반,건조,맑음,교차로 - 교차로안,승용,남,35세,상해없음,원동기,남,51세,중상
2015041100100500,2015년 4월 11일 17시,토요일,경상남도 사천시 용강동,부상신고사고,0,0,0,8,차대차 - 측면직각충돌,직진우회전진행방해,건조,맑음,교차로 - 교차로안,승용,남,37세,부상신고,승용,남,37세,부상신고
2015041100100501,2015년 4월 11일 17시,토요일,경상남도 남해군 상주면,경상사고,0,0,3,0,차대차 - 추돌 - 진행중,안전운전불이행,건조,맑음,단일로 - 기타,승용,남,40세,상해없음,승용,남,43세,경상
2015041100100538,2015년 4월 11일 18시,토요일,경상남도 창원시 마산합포구 산호동,중상사고,0,1,0,0,차대차 - 측면직각충돌,안전운전불이행,건조,맑음,단일로 - 기타,승용,남,64세,상해없음,자전거,남,47세,중상
2015041100100653,2015년 4월 11일 21시,토요일,경상남도 창원시 마산합포구 월영동,부상신고사고,0,0,0,1,차대차 - 기타,안전운전불이행,건조,맑음,교차로 - 교차로부근,원동기,남,22세,상해없음,원동기,남,34세,부상신고
2015041100100654,2015년 4월 11일 21시,토요일,경상남도 통영시 무전동,중상사고,0,1,0,0,차대차 - 측면직각충돌,안전운전불이행,건조,맑음,교차로 - 교차로부근,승용,남,46세,상해없음,승용,남,41세,상해없음
2015041100100655,2015년 4월 11일 21시,토요일,경상남도 김해시 어방동,경상사고,0,0,1,0,차대차 - 추돌 - 진행중,안전운전불이행,건조,맑음,단일로 - 기타,기타불명,기타불명,기타불명,기타불명,원동기,남,19세,경상
2015041100100677,2015년 4월 11일 22시,토요일,경상남도 김해시 삼방동,중상사고,0,1,0,0,차대차 - 추돌 - 진행중,안전운전불이행,건조,맑음,단일로 - 기타,승용,여,37세,상해없음,승용,여,28세,중상
2015041100100678,2015년 4월 11일 22시,토요일,경상남도 거제시 옥포동,중상사고,0,1,4,0,차대차 - 기타,안전운전불이행,건조,맑음,교차로 - 교차로안,승용,남,34세,상해없음,승용,남,60세,중상
2015041100100679,2015년 4월 11일 22시,토요일,경상남도 창원시 성산구 상남동,중상사고,0,1,0,0,차대차 - 추돌 - 진행중,신호위반,건조,맑음,교차로 - 교차로부근,승용,남,55세,상해없음,자전거,남,21세,중상
2015041100100680,2015년 4월 11일 22시,토요일,경상남도 창원시 의창구 대산면,사망사고,1,0,0,0,차량단독 - 도로외이탈 - 추락,안전운전불이행,건조,맑음,기타 - 기타,승용,남,56세,사망,,,,
2015041100100710,2015년 4월 11일 23시,토요일,경상남도 진주시 봉곡동,중상사고,0,2,0,0,차대차 - 추돌 - 주정차중,안전운전불이행,건조,맑음,단일로 - 기타,승용,남,35세,상해없음,승용,남,25세,중상
2015041100100711,2015년 4월 11일 23시,토요일,경상남도 창원시 마산회원구 회원동,경상사고,0,0,1,0,차대차 - 추돌 - 주정차중,안전운전불이행,건조,맑음,단일로 - 기타,원동기,남,44세,경상,승용,남,44세,기타불명
2015041200100035,2015년 4월 12일 01시,일요일,경상남도 창원시 진해구 이동,중상사고,0,1,5,0,차대차 - 측면직각충돌,신호위반,건조,맑음,교차로 - 교차로안,이륜,남,16세,경상,승용,남,51세,경상
2015041200100052,2015년 4월 12일 02시,일요일,경상남도 창원시 마산합포구 서성동,중상사고,0,2,0,0,차대차 - 정면충돌,신호위반,건조,맑음,교차로 - 교차로안,승용,남,23세,상해없음,승용,남,54세,중상
2015041200100053,2015년 4월 12일 02시,일요일,경상남도 창원시 성산구 사파동,중상사고,0,1,1,0,차대차 - 추돌 - 주정차중,안전운전불이행,건조,맑음,교차로 - 교차로부근,승용,남,27세,기타불명,승용,남,62세,중상
2015041200100085,2015년 4월 12일 05시,일요일,경상남도 남해군 고현면,중상사고,0,1,0,0,차대차 - 측면직각충돌,중앙선침범,건조,맑음,단일로 - 기타,승용,남,45세,상해없음,승용,남,73세,중상
2015041200100095,2015년 4월 12일 06시,일요일,경상남도 진주시 수정동,경상사고,0,0,1,0,차대사람 - 차도통행중,안전운전불이행,건조,맑음,교차로 - 교차로안,승용,남,32세,상해없음,보행자,여,60세,경상
2015041200100155,2015년 4월 12일 10시,일요일,경상남도 거제시 사등면,경상사고,0,0,1,0,차대차 - 기타,차로위반,건조,맑음,단일로 - 기타,승용,남,40세,상해없음,이륜,남,48세,경상