사고번호,사고일시,요일,시군구,사고내용,사망자수,중상자수,경상자수,부상신고자수,사고유형,법규위반,노면상태,기상상태,도로형태,가해운전자 차종,가해운전자 성별,가해운전자 연령,가해운전자 상해정도,피해운전자 차종,피해운전자 성별,피해운전자 연령,피해운전자 상해정도
2015042400100570,2015년 4월 24일 19시,금요일,경상남도 창원시 마산합포구 산호동,경상사고,0,0,2,0,차대차 - 추돌 - 진행중,신호위반,건조,맑음,교차로 - 교차로안,승용,남,60세,상해없음,승용,남,31세,경상
2015042400100611,2015년 4월 24일 20시,금요일,경상남도 거제시 연초면,경상사고,0,0,1,0,차대차 - 기타,안전거리미확보,건조,맑음,단일로 - 기타,승용,남,55세,상해없음,승용,남,57세,상해없음
2015042400100612,2015년 4월 24일 20시,금요일,경상남도 창원시 마산회원구 석전동,경상사고,0,0,3,0,차대차 - 추돌 - 진행중,안전운전불이행,건조,맑음,교차로 - 교차로안,승합,남,65세,상해없음,승용,남,34세,경상
2015042400100613,2015년 4월 24일 20시,금요일,경상남도 김해시 장유면,중상사고,0,1,0,0,차대사람 - 횡단중,안전운전불이행,건조,맑음,교차로 - 교차로안,화물,남,34세,상해없음,보행자,여,6세,중상
2015042400100655,2015년 4월 24일 21시,금요일,경상남도 통영시 명정동,부상신고사고,0,0,0,1,차대차 - 측면직각충돌,기타,건조,맑음,교차로 - 교차로안,이륜,남,46세,부상신고,승용,여,49세,상해없음
2015042400100656,2015년 4월 24일 21시,금요일,경상남도 고성군 고성읍,경상사고,0,0,1,0,차대차 - 정면충돌,안전운전불이행,건조,맑음,단일로 - 기타,승용,남,55세,상해없음,이륜,남,54세,경상
2015042400100657,2015년 4월 24일 21시,금요일,경상남도 김해시 장유면,중상사고,0,2,0,0,차대차 - 추돌 - 진행중,안전운전불이행,건조,맑음,단일로 - 기타,승용,남,37세,상해없음,승용,남,23세,중상
2015042400100696,2015년 4월 24일 22시,금요일,경상남도 김해시 동상동,경상사고,0,0,1,0,차대차 - 측면직각충돌,안전운전불이행,건조,맑음,단일로 - 기타,승용,여,42세,상해없음,이륜,남,17세,경상
2015042400100733,2015년 4월 24일 23시,금요일,경상남도 거제시 옥포동,경상사고,0,0,1,0,차대차 - 기타,안전운전불이행,건조,맑음,단일로 - 기타,승용,남,26세,상해없음,승용,남,27세,경상
2015042500100024,2015년 4월 25일 00시,토요일,경상남도 양산시 남부동,경상사고,0,0,1,0,차대사람 - 기타,신호위반,건조,맑음,교차로 - 교차로부근,승용,남,43세,상해없음,보행자,남,58세,경상
2015042500100025,2015년 4월 25일 00시,토요일,경상남도 창원시 성산구 남산동,중상사고,0,1,0,0,차대차 - 측면직각충돌,신호위반,건조,맑음,교차로 - 교차로안,화물,남,42세,상해없음,승용,남,38세,중상
2015042500100155,2015년 4월 25일 08시,토요일,경상남도 김해시 외동,중상사고,0,1,0,0,차대차 - 추돌 - 진행중,안전운전불이행,건조,맑음,단일로 - 기타,승용,남,22세,상해없음,이륜,남,19세,중상
2015042500100156,2015년 4월 25일 08시,토요일,경상남도 창원시 의창구 소계동,경상사고,0,0,1,0,차대차 - 추돌 - 진행중,안전운전불이행,건조,맑음,단일로 - 기타,승합,남,62세,상해없음,승용,남,48세,경상
2015042500100157,2015년 4월 25일 08시,토요일,경상남도 창원시 의창구 북면,중상사고,0,2,1,0,차대차 - 정면충돌,안전운전불이행,건조,맑음,단일로 - 기타,화물,남,56세,상해없음,승용,남,54세,경상
2015042500100192,2015년 4월 25일 09시,토요일,경상남도 창원시 성산구 양곡동,경상사고,0,0,1,0,차대차 - 측면직각충돌,안전거리미확보,건조,맑음,교차로 - 교차로부근,이륜,남,85세,경상,승용,여,49세,상해없음
2015042500100193,2015년 4월 25일 09시,토요일,경상남도 사천시 봉남동,경상사고,0,0,1,0,차대차 - 측면직각충돌,직진우회전진행방해,건조,맑음,교차로 - 교차로안,승용,남,73세,상해없음,승용,남,63세,경상
2015042500100194,2015년 4월 25일 09시,토요일,경상남도 김해시 부원동,중상사고,0,1,1,0,차대차 - 추돌 - 주정차중,안전운전불이행,건조,맑음,단일로 - 기타,승용,남,51세,상해없음,화물,남,39세,중상
2015042500100195,2015년 4월 25일 09시,토요일,경상남도 거제시 장평동,경상사고,0,0,1,0,차대차 - 기타,안전운전불이행,건조,맑음,교차로 - 교차로부근,승용,남,25세,상해없음,이륜,남,43세,경상
2015042500100196,2015년 4월 25일 09시,토요일,경상남도 거제시 고현동,경상사고,0,0,4,0,차대차 - 측면직각충돌,안전운전불이행,건조,맑음,교차로 - 교차로안,승용,남,64세,상해없음,승용,남,50세,상해없음
2015042500100236,2015년 4월 25일 10시,토요일,경상남도 김해시 한림면,중상사고,0,3,0,0,차대차 - 추돌 - 주정차중,안전거리미확보,건조,맑음,단일로 - 기타,승용,남,74세,상해없음,승용,남,28세,중상
2015042500100277,2015년 4월 25일 11시,토요일,경상남도 사천시 송포동,경상사고,0,0,2,1,차대차 - 추돌 - 주정차중,안전운전불이행,건조,맑음,단일로 - 기타,승용,남,71세,상해없음,승용,여,50세,경상
2015042500100278,2015년 4월 25일 11시,토요일,경상남도 양산시 삼호동,중상사고,0,1,0,0,차대사람 - 횡단중,보행자보호의무위반,건조,맑음,단일로 - 횡단보도상,승용,여,20세,상해없음,보행자,여,34세,중상
2015042500100279,2015년 4월 25일 11시,토요일,경상남도 함안군 가야읍,경상사고,0,0,2,0,차대차 - 측면직각충돌,안전운전불이행,건조,맑음,교차로 - 교차로안,승용,여,50세,상해없음,승용,여,45세,경상
2015042500100318,2015년 4월 25일 12시,토요일,경상남도 거제시 고현동,경상사고,0,0,1,0,차대차 - 기타,안전운전불이행,건조,맑음,교차로 - 교차로부근,원동기,남,17세,상해없음,자전거,남,40세,경상
2015042500100319,2015년 4월 25일 12시,토요일,경상남도 창원시 의창구 팔용동,중상사고,0,1,0,0,차대차 - 측면직각충돌,직진우회전진행방해,건조,맑음,교차로 - 교차로안,승용,남,55세,상해없음,승용,여,22세,중상
2015042500100320,2015년 4월 25일 12시,토요일,경상남도 창원시 의창구 도계동,경상사고,0,0,1,0,차대차 - 기타,신호위반,건조,맑음,교차로 - 교차로부근,승용,남,59세,상해없음,자전거,여,17세,경상
2015042500100356,2015년 4월 25일 13시,토요일,경상남도 창원시 마산합포구 월남동3가,경상사고,0,0,1,0,차량단독 - 기타,안전운전불이행,건조,맑음,단일로 - 기타,승용,남,38세,상해없음,,,,
2015042500100400,2015년 4월 25일 14시,토요일,경상남도 창원시 진해구 석동,경상사고,0,0,3,0,차대차 - 추돌 - 주정차중,안전거리미확보,건조,맑음,단일로 - 터널,승용,여,26세,상해없음,승용,남,57세,경상
2015042500100401,2015년 4월 25일 14시,토요일,경상남도 창원시 의창구 도계동,경상사고,0,0,1,0,차대사람 - 기타,보행자보호의무위반,건조,맑음,단일로 - 횡단보도상,승용,남,50세,상해없음,보행자,여,5세,경상
2015042500100402,2015년 4월 25일 14시,토요일,경상남도 창원시 의창구 명서동,경상사고,0,0,2,0,차대차 - 추돌 - 진행중,신호위반,건조,맑음,단일로 - 기타,승용,남,64세,상해없음,승용,남,58세,상해없음
2015042500100441,2015년 4월 25일 15시,토요일,경상남도 밀양시 삼랑진읍,중상사고,0,1,0,0,차대차 - 측면직각충돌,안전운전불이행,건조,맑음,교차로 - 교차로안,이륜,남,31세,중상,화물,남,55세,상해없음
2015042500100442,2015년 4월 25일 15시,토요일,경상남도 김해시 봉황동,중상사고,0,1,0,0,차대사람 - 횡단중,보행자보호의무위반,건조,맑음,단일로 - 기타,승용,남,33세,상해없음,보행자,남,6세,중상
2015042500100477,2015년 4월 25일 16시,토요일,경상남도 합천군 초계면,중상사고,0,1,0,0,차대사람 - 횡단중,안전운전불이행,건조,맑음,단일로 - 기타,화물,남,57세,상해없음,보행자,여,82세,중상
2015042500100478,2015년 4월 25일 16시,토요일,경상남도 함안군 가야읍,중상사고,0,1,0,0,차대차 - 추돌 - 진행중,안전운전불이행,건조,맑음,단일로 - 기타,이륜,남,39세,상해없음,이륜,남,81세,중상
2015042500100532,2015년 4월 25일 17시,토요일,경상남도 창원시 마산합포구 진동면,중상사고,0,1,2,0,차대차 - 추돌 - 주정차중,안전거리미확보,건조,맑음,단일로 - 터널,승용,남,75세,상해없음,승용,여,51세,중상
2015042500100533,2015년 4월 25일 17시,토요일,경상남도 진주시 금산면,중상사고,0,1,0,0,차대사람 - 기타,안전운전불이행,건조,맑음,교차로 - 교차로안,승용,남,22세,상해없음,보행자,남,75세,중상
2015042500100534,2015년 4월 25일 17시,토요일,경상남도 양산시 명곡동,중상사고,0,2,5,2,차대차 - 추돌 - 진행중,중앙선침범,건조,맑음,단일로 - 기타,건설기계,남,60세,상해없음,승용,남,27세,중상
2015042500100535,2015년 4월 25일 17시,토요일,경상남도 양산시 남부동,경상사고,0,0,1,0,차대차 - 측면직각충돌,직진우회전진행방해,건조,맑음,교차로 - 교차로안,승용,여,43세,상해없음,승용,남,71세,경상
2015042500100536,2015년 4월 25일 17시,토요일,경상남도 고성군 고성읍,경상사고,0,0,2,0,차대차 - 추돌 - 진행중,안전거리미확보,건조,맑음,단일로 - 기타,승용,남,56세,상해없음,화물,남,61세,경상
2015042500100537,2015년 4월 25일 17시,토요일,경상남도 고성군 고성읍,중상사고,0,1,0,0,차대차 - 측면직각충돌,교차로운행방법위반,건조,맑음,교차로 - 교차로안,승용,여,46세,상해없음,원동기,남,74세,중상
2015042500100629,2015년 4월 25일 19시,토요일,경상남도 진주시 하대동,중상사고,0,2,0,0,차대차 - 측면직각충돌,직진우회전진행방해,건조,맑음,교차로 - 교차로안,이륜,남,21세,중상,이륜,남,42세,중상
2015042500100630,2015년 4월 25일 19시,토요일,경상남도 창녕군 대합면,중상사고,0,1,1,0,차대사람 - 길가장자리구역통행중,안전운전불이행,건조,맑음,단일로 - 기타,원동기,남,62세,중상,보행자,여,16세,경상
2015042500100632,2015년 4월 25일 19시,토요일,경상남도 함안군 가야읍,경상사고,0,0,1,0,차대사람 - 횡단중,안전운전불이행,건조,맑음,단일로 - 기타,이륜,기타불명,기타불명,기타불명,보행자,남,7세,경상
2015042500100671,2015년 4월 25일 20시,토요일,경상남도 진주시 신안동,중상사고,0,1,3,0,차대차 - 추돌 - 진행중,안전운전불이행,건조,맑음,단일로 - 기타,승용,여,52세,상해없음,이륜,남,36세,중상
2015042500100672,2015년 4월 25일 20시,토요일,경상남도 진주시 초전동,중상사고,0,1,1,0,차대차 - 추돌 - 진행중,안전거리미확보,건조,맑음,교차로 - 교차로부근,승용,남,44세,상해없음,승용,여,42세,중상
2015042500100673,2015년 4월 25일 20시,토요일,경상남도 통영시 항남동,경상사고,0,0,1,0,차대차 - 측면직각충돌,안전운전불이행,건조,맑음,교차로 - 교차로안,승용,남,19세,상해없음,승용,남,66세,경상
2015042500100674,2015년 4월 25일 20시,토요일,경상남도 창원시 의창구 신월동,중상사고,0,1,0,0,차대사람 - 길가장자리구역통행중,안전운전불이행,건조,맑음,단일로 - 기타,승용,남,44세,상해없음,보행자,남,64세,중상
2015042500100689,2015년 4월 25일 21시,토요일,경상남도 양산시 물금읍,중상사고,0,1,0,0,차대차 - 추돌 - 진행중,안전운전불이행,건조,맑음,단일로 - 기타,화물,남,51세,상해없음,승용,여,46세,중상
2015042500100709,2015년 4월 25일 21시,토요일,경상남도 창원시 마산합포구 진동면,경상사고,0,0,1,0,차량단독 - 기타,안전운전불이행,건조,맑음,단일로 - 기타,화물,남,40세,경상,,,,
2015042500100710,2015년 4월 25일 21시,토요일,경상남도 창원시 의창구 동읍,경상사고,0,0,3,0,차대차 - 기타,안전운전불이행,건조,맑음,단일로 - 기타,승용,남,18세,상해없음,승용,여,39세,경상
2015042500100749,2015년 4월 25일 22시,토요일,경상남도 김해시 구산동,경상사고,0,0,1,0,차대차 - 추돌 - 진행중,안전운전불이행,건조,맑음,단일로 - 기타,화물,남,45세,상해없음,승용,남,60세,상해없음
2015042500100750,2015년 4월 25일 22시,토요일,경상남도 김해시 장유면,경상사고,0,0,2,0,차대차 - 추돌 - 주정차중,불법유턴,건조,맑음,단일로 - 기타,승용,여,48세,상해없음,승용,남,35세,경상
2015042600100050,2015년 4월 26일 02시,일요일,경상남도 김해시 삼계동,중상사고,0,1,0,0,차대사람 - 기타,안전운전불이행,건조,맑음,단일로 - 기타,승용,남,62세,상해없음,보행자,남,58세,중상
2015042600100083,2015년 4월 26일 05시,일요일,경상남도 양산시 동면,경상사고,0,0,1,0,차량단독 - 기타,안전운전불이행,건조,맑음,단일로 - 기타,승용,남,44세,경상,,,,
2015042600100104,2015년 4월 26일 06시,일요일,경상남도 양산시 신기동,부상신고사고,0,0,0,1,차대차 - 측면직각충돌,안전거리미확보,건조,맑음,기타 - 기타,이륜,남,16세,부상신고,화물,남,60세,상해없음
2015042600100105,2015년 4월 26일 06시,일요일,경상남도 창원시 성산구 상남동,중상사고,0,1,0,0,차대사람 - 보도통행중,보행자보호의무위반,건조,맑음,단일로 - 횡단보도상,화물,남,60세,상해없음,보행자,남,41세,중상
2015042600100106,2015년 4월 26일 06시,일요일,경상남도 창원시 의창구 팔용동,중상사고,0,1,1,0,차대차 - 기타,안전운전불이행,건조,맑음,단일로 - 기타,승합,남,56세,상해없음,승합,남,57세,중상
2015042600100129,2015년 4월 26일 08시,일요일,경상남도 거제시 동부면,경상사고,0,0,5,0,차대차 - 기타,기타,건조,맑음,교차로 - 교차로안,건설기계,남,48세,상해없음,승합,남,60세,상해없음
2015042600100147,2015년 4월 26일 09시,일요일,경상남도 통영시 도천동,중상사고,0,1,2,0,차량단독 - 도로외이탈 - 추락,안전운전불이행,건조,맑음,단일로 - 기타,승용,여,36세,상해없음,,,,
2015042600100166,2015년 4월 26일 10시,일요일,경상남도 창원시 진해구 석동,경상사고,0,0,2,0,차대차 - 추돌 - 진행중,안전운전불이행,건조,맑음,단일로 - 터널,승용,남,34세,상해없음,화물,남,60세,상해없음
2015042600100167,2015년 4월 26일 10시,일요일,경상남도 거창군 거창읍,중상사고,0,1,0,0,차대차 - 정면충돌,중앙선침범,건조,맑음,단일로 - 기타,화물,남,71세,상해없음,승용,남,55세,중상
2015042600100168,2015년 4월 26일 10시,일요일,경상남도 양산시 남부동,경상사고,0,0,1,0,차대차 - 기타,안전운전불이행,건조,맑음,교차로 - 교차로안,승용,남,61세,상해없음,원동기,남,17세,경상
2015042600100169,2015년 4월 26일 10시,일요일,경상남도 창원시 성산구 상남동,경상사고,0,0,1,0,차대차 - 측면직각충돌,교차로운행방법위반,건조,맑음,교차로 - 교차로안,승용,여,44세,상해없음,승용,남,42세,경상
2015042600100188,2015년 4월 26일 11시,일요일,경상남도 사천시 용현면,중상사고,0,2,10,0,차대차 - 측면직각충돌,신호위반,건조,맑음,교차로 - 교차로안,승용,남,26세,경상,승합,남,62세,상해없음
2015042600100189,2015년 4월 26일 11시,일요일,경상남도 의령군 의령읍,경상사고,0,0,3,0,차대차 - 측면직각충돌,교차로운행방법위반,건조,맑음,교차로 - 교차로안,승용,남,45세,상해없음,승용,남,66세,상해없음
2015042600100190,2015년 4월 26일 11시,일요일,경상남도 의령군 지정면,중상사고,0,1,0,0,차대차 - 측면직각충돌,중앙선침범,건조,맑음,교차로 - 교차로부근,승용,여,59세,상해없음,이륜,남,42세,중상
2015042600100191,2015년 4월 26일 11시,일요일,경상남도 창원시 의창구 북면,중상사고,0,1,0,0,차대사람 - 횡단중,신호위반,건조,맑음,교차로 - 교차로안,승용,남,29세,상해없음,보행자,여,21세,중상
2015042600100220,2015년 4월 26일 12시,일요일,경상남도 거제시 덕포동,경상사고,0,0,2,0,차대차 - 추돌 - 주정차중,안전운전불이행,건조,맑음,단일로 - 기타,승용,여,52세,상해없음,승용,남,28세,경상
2015042600100248,2015년 4월 26일 13시,일요일,경상남도 창원시 진해구 두동,중상사고,0,1,0,0,차대사람 - 횡단중,안전운전불이행,건조,맑음,교차로 - 교차로안,승용,남,55세,상해없음,보행자,남,76세,중상
2015042600100249,2015년 4월 26일 13시,일요일,경상남도 사천시 동금동,경상사고,0,0,1,1,차대차 - 추돌 - 진행중,불법유턴,건조,맑음,교차로 - 교차로안,승용,남,60세,상해없음,승용,여,43세,부상신고
2015042600100270,2015년 4월 26일 14시,일요일,경상남도 양산시 하북면,경상사고,0,0,2,0,차대차 - 기타,직진우회전진행방해,건조,맑음,교차로 - 교차로안,승용,남,47세,상해없음,승용,남,56세,경상
2015042600100271,2015년 4월 26일 14시,일요일,경상남도 창원시 의창구 도계동,중상사고,0,1,0,0,차대사람 - 기타,안전운전불이행,건조,맑음,단일로 - 기타,승용,남,37세,상해없음,보행자,여,7세,중상
2015042600100314,2015년 4월 26일 15시,일요일,경상남도 사천시 용현면,경상사고,0,0,2,0,차대차 - 추돌 - 주정차중,안전운전불이행,건조,맑음,단일로 - 기타,화물,여,65세,상해없음,승용,남,46세,경상
2015042600100366,2015년 4월 26일 16시,일요일,경상남도 통영시 광도면,중상사고,0,1,1,0,차대차 - 추돌 - 주정차중,안전운전불이행,건조,맑음,단일로 - 기타,화물,남,57세,상해없음,이륜,남,36세,경상
2015042600100367,2015년 4월 26일 16시,일요일,경상남도 사천시 용현면,경상사고,0,0,2,0,차대차 - 추돌 - 주정차중,안전운전불이행,건조,맑음,단일로 - 기타,승용,남,45세,상해없음,승용,남,29세,경상
2015042600100398,2015년 4월 26일 17시,일요일,경상남도 창원시 마산합포구 중앙동1가,경상사고,0,0,1,0,차량단독 - 기타,안전운전불이행,건조,맑음,단일로 - 기타,승합,남,52세,상해없음,,,,
2015042600100399,2015년 4월 26일 17시,일요일,경상남도 김해시 생림면,중상사고,0,1,1,0,차량단독 - 도로외이탈 - 기타,안전운전불이행,건조,맑음,단일로 - 기타,승용,남,64세,상해없음,,,,
2015042600100400,2015년 4월 26일 17시,일요일,경상남도 거창군 주상면,경상사고,0,0,2,0,차대차 - 측면직각충돌,교차로운행방법위반,건조,맑음,교차로 - 교차로안,화물,남,54세,상해없음,승용,남,50세,경상
2015042600100401,2015년 4월 26일 17시,일요일,경상남도 거창군 가조면,경상사고,0,0,1,0,차대차 - 측면직각충돌,안전운전불이행,건조,맑음,단일로 - 기타,승용,여,66세,상해없음,원동기,남,76세,경상
2015042600100402,2015년 4월 26일 17시,일요일,경상남도 함안군 칠서면,경상사고,0,0,2,0,차대차 - 기타,안전운전불이행,건조,맑음,단일로 - 기타,승용,남,22세,상해없음,승용,남,55세,경상
2015042600100438,2015년 4월 26일 18시,일요일,경상남도 밀양시 초동면,경상사고,0,0,2,0,차대차 - 측면직각충돌,안전운전불이행,건조,맑음,교차로 - 교차로안,승용,남,45세,상해없음,화물,남,43세,경상
2015042600100464,2015년 4월 26일 19시,일요일,경상남도 통영시 도남동,중상사고,0,1,0,0,차대차 - 정면충돌,직진우회전진행방해,건조,맑음,교차로 - 교차로안,승용,남,29세,상해없음,이륜,남,25세,중상
2015042600100465,2015년 4월 26일 19시,일요일,경상남도 거제시 고현동,중상사고,0,1,1,0,차대차 - 추돌 - 진행중,안전운전불이행,습기,비,교차로 - 교차로안,승용,여,36세,상해없음,승용,남,43세,중상
2015042600100466,2015년 4월 26일 19시,일요일,경상남도 창원시 의창구 동읍,중상사고,0,1,0,0,차대차 - 측면직각충돌,중앙선침범,건조,맑음,단일로 - 기타,승용,남,38세,상해없음,원동기,남,17세,중상
2015042600100542,2015년 4월 26일 21시,일요일,경상남도 의령군 의령읍,경상사고,0,0,2,0,차대차 - 추돌 - 주정차중,안전운전불이행,건조,맑음,단일로 - 기타,승용,여,45세,상해없음,승용,남,47세,상해없음
2015042600100568,2015년 4월 26일 22시,일요일,경상남도 창원시 의창구 봉곡동,경상사고,0,0,1,0,차대사람 - 횡단중,신호위반,건조,맑음,교차로 - 교차로부근,원동기,남,30세,상해없음,보행자,여,65세,경상
2015042600100593,2015년 4월 26일 23시,일요일,경상남도 창원시 진해구 경화동,부상신고사고,0,0,0,1,차대사람 - 차도통행중,안전운전불이행,건조,맑음,교차로 - 교차로부근,승용,기타불명,기타불명,기타불명,보행자,남,51세,부상신고
2015042700100015,2015년 4월 27일 00시,월요일,경상남도 김해시 안동,중상사고,0,1,0,0,차량단독 - 공작물충돌,안전운전불이행,건조,맑음,단일로 - 기타,원동기,남,38세,중상,,,,
2015042700100016,2015년 4월 27일 00시,월요일,경상남도 양산시 다방동,부상신고사고,0,0,0,1,차대차 - 기타,신호위반,건조,맑음,교차로 - 교차로안,승용,남,34세,상해없음,화물,남,47세,부상신고
2015042700100039,2015년 4월 27일 04시,월요일,경상남도 창원시 마산합포구 월포동,중상사고,0,1,0,0,차량단독 - 기타,안전운전불이행,건조,맑음,단일로 - 기타,이륜,남,20세,상해없음,,,,
2015042700100081,2015년 4월 27일 07시,월요일,경상남도 거제시 사등면,경상사고,0,0,1,0,차대차 - 추돌 - 진행중,안전운전불이행,건조,맑음,교차로 - 교차로부근,승용,남,47세,상해없음,승용,남,29세,경상
2015042700100082,2015년 4월 27일 07시,월요일,경상남도 거제시 아주동,경상사고,0,0,1,0,차대사람 - 기타,안전운전불이행,건조,맑음,단일로 - 기타,자전거,남,25세,상해없음,보행자,남,44세,경상
2015042700100083,2015년 4월 27일 07시,월요일,경상남도 거제시 아주동,중상사고,0,1,0,0,차대차 - 측면직각충돌,안전운전불이행,건조,맑음,교차로 - 교차로부근,자전거,남,33세,중상,화물,여,54세,상해없음
2015042700100122,2015년 4월 27일 08시,월요일,경상남도 창녕군 대지면,중상사고,0,1,0,0,차대차 - 측면직각충돌,직진우회전진행방해,건조,맑음,교차로 - 교차로안,승용,여,42세,상해없음,원동기,남,63세,중상
2015042700100123,2015년 4월 27일 08시,월요일,경상남도 양산시 교동,중상사고,0,1,0,0,차대사람 - 횡단중,보행자보호의무위반,건조,맑음,교차로 - 교차로안,승합,남,55세,상해없음,보행자,여,50세,중상
2015042700100124,2015년 4월 27일 08시,월요일,경상남도 거제시 고현동,경상사고,0,0,2,0,차대차 - 측면직각충돌,안전운전불이행,건조,맑음,교차로 - 교차로안,승용,여,42세,경상,승용,여,42세,경상
2015042700100125,2015년 4월 27일 08시,월요일,경상남도 거제시 고현동,중상사고,0,1,0,0,차대차 - 추돌 - 진행중,안전운전불이행,건조,맑음,교차로 - 교차로안,승용,남,60세,상해없음,이륜,남,30세,중상
2015042700100126,2015년 4월 27일 08시,월요일,경상남도 남해군 남해읍,경상사고,0,0,1,0,차대차 - 측면직각충돌,안전운전불이행,건조,맑음,교차로 - 교차로안,승용,남,18세,상해없음,원동기,남,68세,경상
2015042700100192,2015년 4월 27일 10시,월요일,경상남도 산청군 산청읍,경상사고,0,0,1,0,차대차 - 측면직각충돌,신호위반,건조,맑음,교차로 - 교차로안,승용,남,49세,상해없음,승용,남,37세,경상
2015042700100193,2015년 4월 27일 10시,월요일,경상남도 창원시 성산구 성산동,경상사고,0,0,2,0,차대차 - 추돌 - 진행중,안전운전불이행,건조,맑음,단일로 - 기타,화물,남,34세,상해없음,화물,남,35세,경상
2015042700100220,2015년 4월 27일 11시,월요일,경상남도 창원시 진해구 석동,경상사고,0,0,2,0,차대차 - 추돌 - 진행중,안전운전불이행,건조,맑음,단일로 - 터널,화물,남,46세,상해없음,화물,남,29세,경상
2015042700100221,2015년 4월 27일 11시,월요일,경상남도 사천시 대방동,중상사고,0,2,0,0,차량단독 - 공작물충돌,안전운전불이행,건조,맑음,단일로 - 기타,원동기,남,59세,중상,,,,
2015042700100222,2015년 4월 27일 11시,월요일,경상남도 김해시 부원동,중상사고,0,1,0,0,차대차 - 측면직각충돌,안전운전불이행,건조,맑음,교차로 - 교차로부근,승용,여,20세,상해없음,승용,남,53세,상해없음
2015042700100223,2015년 4월 27일 11시,월요일,경상남도 거제시 연초면,사망사고,1,0,0,0,차대사람 - 차도통행중,중앙선침범,건조,맑음,교차로 - 교차로부근,화물,남,54세,상해없음,보행자,남,66세,사망
2015042700100256,2015년 4월 27일 12시,월요일,경상남도 김해시 부원동,중상사고,0,1,0,0,차대사람 - 차도통행중,안전운전불이행,건조,맑음,교차로 - 교차로안,화물,남,55세,상해없음,보행자,여,48세,중상
2015042700100257,2015년 4월 27일 12시,월요일,경상남도 양산시 북정동,경상사고,0,0,1,0,차대사람 - 횡단중,신호위반,건조,맑음,교차로 - 교차로부근,건설기계,남,57세,상해없음,보행자,남,32세,경상
2015042700100289,2015년 4월 27일 13시,월요일,경상남도 사천시 용현면,중상사고,0,1,0,0,차대차 - 측면직각충돌,안전운전불이행,건조,맑음,교차로 - 교차로안,승용,남,37세,상해없음,승용,남,37세,중상
2015042700100290,2015년 4월 27일 13시,월요일,경상남도 김해시 생림면,부상신고사고,0,0,0,1,차대차 - 측면직각충돌,안전운전불이행,건조,맑음,교차로 - 교차로안,농기계,남,72세,상해없음,원동기,남,66세,부상신고
2015042700100291,2015년 4월 27일 13시,월요일,경상남도 양산시 동면,경상사고,0,0,1,0,차대차 - 추돌 - 주정차중,안전운전불이행,건조,맑음,교차로 - 교차로부근,화물,남,48세,경상,승용,남,54세,상해없음
2015042700100292,2015년 4월 27일 13시,월요일,경상남도 거제시 일운면,중상사고,0,1,1,0,차대차 - 추돌 - 주정차중,안전운전불이행,건조,맑음,교차로 - 교차로부근,승용,남,31세,상해없음,승용,남,26세,중상
2015042700100293,2015년 4월 27일 13시,월요일,경상남도 의령군 의령읍,경상사고,0,0,1,0,차대차 - 기타,안전운전불이행,건조,맑음,단일로 - 기타,이륜,남,81세,경상,승합,남,33세,상해없음
2015042700100334,2015년 4월 27일 14시,월요일,경상남도 함양군 유림면,경상사고,0,0,1,1,차대차 - 측면직각충돌,교차로운행방법위반,건조,맑음,교차로 - 교차로안,농기계,남,44세,부상신고,승용,여,54세,경상
2015042700100367,2015년 4월 27일 15시,월요일,경상남도 창원시 마산합포구 부림동,경상사고,0,0,2,0,차대차 - 측면직각충돌,안전운전불이행,건조,맑음,단일로 - 기타,승용,여,56세,상해없음,승용,여,42세,경상
2015042700100368,2015년 4월 27일 15시,월요일,경상남도 사천시 동금동,중상사고,0,1,0,0,차대사람 - 길가장자리구역통행중,안전운전불이행,건조,맑음,단일로 - 기타,승용,여,55세,상해없음,보행자,남,59세,중상
2015042700100369,2015년 4월 27일 15시,월요일,경상남도 김해시 대동면,중상사고,0,1,0,0,차대차 - 측면직각충돌,중앙선침범,건조,맑음,단일로 - 기타,승용,남,73세,상해없음,원동기,남,60세,중상
2015042700100370,2015년 4월 27일 15시,월요일,경상남도 거제시 장목면,부상신고사고,0,0,0,1,차대사람 - 차도통행중,안전운전불이행,건조,맑음,단일로 - 기타,화물,남,40세,상해없음,보행자,남,42세,부상신고
2015042700100371,2015년 4월 27일 15시,월요일,경상남도 함안군 가야읍,중상사고,0,1,0,0,차대차 - 추돌 - 진행중,안전운전불이행,건조,맑음,단일로 - 기타,화물,남,61세,기타불명,화물,남,61세,중상
2015042700100422,2015년 4월 27일 16시,월요일,경상남도 거제시 상동동,중상사고,0,1,0,0,차대사람 - 차도통행중,교차로운행방법위반,건조,맑음,교차로 - 교차로부근,화물,여,38세,상해없음,보행자,여,31세,중상
2015042700100458,2015년 4월 27일 17시,월요일,경상남도 진주시 망경동,중상사고,0,1,3,0,차대차 - 추돌 - 주정차중,안전운전불이행,건조,맑음,교차로 - 교차로부근,화물,남,66세,경상,승용,남,44세,중상
2015042700100459,2015년 4월 27일 17시,월요일,경상남도 거제시 문동동,경상사고,0,0,1,0,차대차 - 기타,중앙선침범,건조,맑음,단일로 - 기타,승용,여,54세,상해없음,이륜,남,35세,경상