사고번호,사고일시,요일,시군구,사고내용,사망자수,중상자수,경상자수,부상신고자수,사고유형,법규위반,노면상태,기상상태,도로형태,가해운전자 차종,가해운전자 성별,가해운전자 연령,가해운전자 상해정도,피해운전자 차종,피해운전자 성별,피해운전자 연령,피해운전자 상해정도
2015042700100460,2015년 4월 27일 17시,월요일,경상남도 거제시 상동동,경상사고,0,0,1,0,차대차 - 측면직각충돌,안전운전불이행,건조,맑음,교차로 - 교차로안,승용,남,50세,상해없음,승용,여,23세,경상
2015042700100461,2015년 4월 27일 17시,월요일,경상남도 김해시 진영읍,경상사고,0,0,2,0,차대차 - 측면직각충돌,교차로운행방법위반,건조,맑음,교차로 - 교차로안,승합,남,47세,상해없음,화물,남,58세,경상
2015042700100506,2015년 4월 27일 18시,월요일,경상남도 양산시 동면,중상사고,0,3,0,0,차대차 - 기타,안전거리미확보,건조,맑음,단일로 - 기타,승용,남,57세,상해없음,승용,남,34세,중상
2015042700100507,2015년 4월 27일 18시,월요일,경상남도 함안군 칠서면,중상사고,0,1,0,0,차대차 - 측면직각충돌,안전운전불이행,건조,맑음,교차로 - 교차로안,승용,남,69세,상해없음,승용,남,33세,중상
2015042700100544,2015년 4월 27일 19시,월요일,경상남도 창원시 마산합포구 해운동,경상사고,0,0,1,0,차대사람 - 기타,안전운전불이행,건조,맑음,교차로 - 교차로부근,승용,여,57세,상해없음,보행자,남,23세,경상
2015042700100545,2015년 4월 27일 19시,월요일,경상남도 진주시 수정동,경상사고,0,0,1,0,차대차 - 측면직각충돌,교차로운행방법위반,건조,맑음,교차로 - 교차로안,승용,남,65세,상해없음,이륜,남,19세,경상
2015042700100546,2015년 4월 27일 19시,월요일,경상남도 진주시 평거동,중상사고,0,1,0,0,차대사람 - 횡단중,보행자보호의무위반,건조,맑음,단일로 - 횡단보도상,승용,남,29세,상해없음,보행자,여,58세,중상
2015042700100547,2015년 4월 27일 19시,월요일,경상남도 양산시 소주동,경상사고,0,0,1,0,차대차 - 측면직각충돌,안전운전불이행,건조,맑음,교차로 - 교차로안,승용,남,48세,상해없음,승용,남,32세,경상
2015042700100548,2015년 4월 27일 19시,월요일,경상남도 거제시 고현동,경상사고,0,0,1,0,차대사람 - 차도통행중,안전운전불이행,건조,맑음,기타 - 기타,승용,남,23세,상해없음,보행자,여,43세,경상
2015042700100627,2015년 4월 27일 21시,월요일,경상남도 거제시 아주동,중상사고,0,1,0,0,차대차 - 추돌 - 주정차중,안전운전불이행,건조,맑음,단일로 - 기타,이륜,남,33세,상해없음,이륜,남,17세,중상
2015042700100628,2015년 4월 27일 21시,월요일,경상남도 창원시 성산구 중앙동,부상신고사고,0,0,0,1,차대사람 - 보도통행중,안전운전불이행,건조,맑음,단일로 - 기타,자전거,남,22세,상해없음,보행자,남,54세,부상신고
2015042700100651,2015년 4월 27일 22시,월요일,경상남도 진주시 문산읍,경상사고,0,0,1,0,차량단독 - 전도전복,기타,건조,맑음,교차로 - 교차로부근,승용,여,54세,경상,,,,
2015042700100652,2015년 4월 27일 22시,월요일,경상남도 창원시 진해구 여좌동,경상사고,0,0,1,0,차대사람 - 횡단중,안전운전불이행,건조,맑음,단일로 - 기타,승용,남,58세,상해없음,보행자,남,52세,경상
2015042700100653,2015년 4월 27일 22시,월요일,경상남도 창원시 의창구 사림동,중상사고,0,1,0,0,차대차 - 측면직각충돌,안전운전불이행,건조,맑음,교차로 - 교차로부근,승용,남,44세,상해없음,자전거,여,25세,중상
2015042700100654,2015년 4월 27일 22시,월요일,경상남도 김해시 장유면,중상사고,0,1,0,0,차대차 - 측면직각충돌,신호위반,건조,맑음,교차로 - 교차로안,이륜,남,49세,중상,승용,남,40세,상해없음
2015042700100678,2015년 4월 27일 23시,월요일,경상남도 김해시 외동,중상사고,0,1,0,0,차량단독 - 공작물충돌,안전운전불이행,건조,맑음,단일로 - 기타,원동기,남,56세,중상,,,,
2015042800100013,2015년 4월 28일 00시,화요일,경상남도 진주시 하대동,경상사고,0,0,2,0,차대차 - 측면직각충돌,신호위반,건조,맑음,교차로 - 교차로안,화물,남,27세,상해없음,승용,남,44세,경상
2015042800100119,2015년 4월 28일 07시,화요일,경상남도 진주시 명석면,중상사고,0,2,1,0,차대차 - 추돌 - 진행중,안전거리미확보,건조,맑음,단일로 - 기타,승용,남,79세,경상,건설기계,남,61세,상해없음
2015042800100120,2015년 4월 28일 07시,화요일,경상남도 양산시 하북면,중상사고,0,1,0,0,차대사람 - 횡단중,보행자보호의무위반,건조,맑음,교차로 - 교차로안,승용,남,32세,상해없음,보행자,여,70세,중상
2015042800100171,2015년 4월 28일 08시,화요일,경상남도 창원시 진해구 여좌동,중상사고,0,1,0,0,차대차 - 정면충돌,안전거리미확보,건조,맑음,단일로 - 기타,화물,남,50세,상해없음,승용,여,56세,중상
2015042800100172,2015년 4월 28일 08시,화요일,경상남도 남해군 이동면,중상사고,0,1,0,0,차량단독 - 공작물충돌,안전운전불이행,건조,맑음,단일로 - 기타,원동기,남,79세,중상,,,,
2015042800100210,2015년 4월 28일 09시,화요일,경상남도 거창군 북상면,사망사고,1,0,0,0,차대차 - 정면충돌,중앙선침범,건조,맑음,단일로 - 기타,이륜,여,56세,사망,화물,남,56세,상해없음
2015042800100211,2015년 4월 28일 09시,화요일,경상남도 거제시 고현동,중상사고,0,1,0,0,차대사람 - 횡단중,신호위반,건조,맑음,교차로 - 교차로안,승용,여,37세,상해없음,보행자,남,6세,중상
2015042800100212,2015년 4월 28일 09시,화요일,경상남도 김해시 한림면,중상사고,0,1,0,0,차대차 - 추돌 - 주정차중,안전운전불이행,건조,맑음,교차로 - 교차로부근,화물,남,55세,상해없음,화물,남,55세,중상
2015042800100234,2015년 4월 28일 10시,화요일,경상남도 통영시 무전동,중상사고,0,1,0,0,차대차 - 측면직각충돌,직진우회전진행방해,건조,맑음,교차로 - 교차로안,승용,남,49세,상해없음,승용,여,55세,중상
2015042800100235,2015년 4월 28일 10시,화요일,경상남도 양산시 평산동,경상사고,0,0,2,0,차대차 - 측면직각충돌,안전운전불이행,건조,맑음,교차로 - 교차로부근,승용,여,50세,상해없음,승용,여,40세,경상
2015042800100236,2015년 4월 28일 10시,화요일,경상남도 거제시 장목면,경상사고,0,0,1,0,차대차 - 기타,안전운전불이행,건조,맑음,단일로 - 기타,화물,남,55세,상해없음,승용,남,64세,상해없음
2015042800100237,2015년 4월 28일 10시,화요일,경상남도 거제시 연초면,중상사고,0,1,0,0,차량단독 - 기타,안전운전불이행,건조,맑음,단일로 - 기타,승합,남,63세,상해없음,,,,
2015042800100287,2015년 4월 28일 12시,화요일,경상남도 김해시 부원동,경상사고,0,0,3,0,차대차 - 기타,불법유턴,건조,맑음,교차로 - 교차로안,승용,여,26세,경상,승용,남,60세,경상
2015042800100288,2015년 4월 28일 12시,화요일,경상남도 창원시 마산회원구 내서읍,경상사고,0,0,1,0,차대차 - 측면직각충돌,안전운전불이행,건조,맑음,단일로 - 횡단보도상,승용,여,37세,상해없음,자전거,남,19세,경상
2015042800100289,2015년 4월 28일 12시,화요일,경상남도 거창군 남상면,중상사고,0,1,3,0,차대차 - 추돌 - 진행중,안전운전불이행,건조,맑음,단일로 - 기타,화물,남,62세,기타불명,승용,남,23세,경상
2015042800100329,2015년 4월 28일 13시,화요일,경상남도 김해시 풍유동,중상사고,0,2,2,0,차대차 - 추돌 - 주정차중,안전운전불이행,건조,맑음,교차로 - 교차로부근,화물,남,44세,상해없음,승용,여,53세,경상
2015042800100367,2015년 4월 28일 14시,화요일,경상남도 함양군 안의면,중상사고,0,1,0,0,차대차 - 측면직각충돌,안전운전불이행,습기,비,단일로 - 기타,화물,여,61세,상해없음,이륜,여,52세,중상
2015042800100368,2015년 4월 28일 14시,화요일,경상남도 하동군 북천면,중상사고,0,1,1,0,차대사람 - 길가장자리구역통행중,중앙선침범,습기,비,교차로 - 교차로부근,승용,남,69세,상해없음,보행자,남,32세,중상
2015042800100406,2015년 4월 28일 15시,화요일,경상남도 김해시 장유면,경상사고,0,0,2,0,차대차 - 측면직각충돌,안전거리미확보,건조,맑음,교차로 - 교차로부근,화물,남,49세,상해없음,승용,남,72세,경상
2015042800100446,2015년 4월 28일 16시,화요일,경상남도 양산시 삼호동,경상사고,0,0,2,0,차대차 - 기타,안전거리미확보,건조,맑음,단일로 - 기타,건설기계,남,38세,상해없음,승용,여,58세,경상
2015042800100447,2015년 4월 28일 16시,화요일,경상남도 양산시 평산동,부상신고사고,0,0,0,1,차대차 - 기타,안전운전불이행,건조,맑음,교차로 - 교차로부근,자전거,남,11세,부상신고,승용,남,44세,상해없음
2015042800100448,2015년 4월 28일 16시,화요일,경상남도 창원시 마산회원구 내서읍,경상사고,0,0,2,0,차대차 - 추돌 - 주정차중,안전운전불이행,건조,맑음,교차로 - 교차로부근,화물,남,65세,상해없음,승용,여,40세,경상
2015042800100449,2015년 4월 28일 16시,화요일,경상남도 김해시 장유면,중상사고,0,1,0,0,차대사람 - 횡단중,안전운전불이행,건조,맑음,교차로 - 교차로부근,승용,여,58세,상해없음,보행자,여,7세,중상
2015042800100491,2015년 4월 28일 17시,화요일,경상남도 진주시 상평동,중상사고,0,1,0,0,차대사람 - 횡단중,보행자보호의무위반,습기,비,교차로 - 교차로안,화물,남,53세,상해없음,보행자,여,58세,중상
2015042800100492,2015년 4월 28일 17시,화요일,경상남도 밀양시 상남면,경상사고,0,0,1,0,차대차 - 측면직각충돌,교차로운행방법위반,건조,맑음,교차로 - 교차로부근,승용,남,65세,상해없음,승용,여,35세,경상
2015042800100493,2015년 4월 28일 17시,화요일,경상남도 거제시 일운면,부상신고사고,0,0,0,3,차대차 - 기타,안전운전불이행,건조,맑음,단일로 - 기타,승용,남,22세,기타불명,승용,여,46세,부상신고
2015042800100522,2015년 4월 28일 18시,화요일,경상남도 합천군 가야면,중상사고,0,4,1,0,차대차 - 정면충돌,교차로운행방법위반,건조,흐림,교차로 - 교차로안,승용,여,51세,경상,승용,여,33세,중상
2015042800100523,2015년 4월 28일 18시,화요일,경상남도 거제시 고현동,중상사고,0,1,3,0,차대차 - 기타,차로위반,건조,맑음,단일로 - 기타,화물,남,51세,상해없음,건설기계,남,45세,상해없음
2015042800100524,2015년 4월 28일 18시,화요일,경상남도 통영시 용남면,중상사고,0,3,1,0,차량단독 - 공작물충돌,안전운전불이행,습기,비,단일로 - 기타,승용,남,57세,상해없음,,,,
2015042800100563,2015년 4월 28일 19시,화요일,경상남도 김해시 대성동,중상사고,0,2,0,0,차대사람 - 횡단중,보행자보호의무위반,습기,비,단일로 - 횡단보도상,화물,남,42세,상해없음,보행자,남,52세,중상
2015042800100587,2015년 4월 28일 20시,화요일,경상남도 양산시 하북면,경상사고,0,0,1,0,차대사람 - 기타,안전운전불이행,습기,비,교차로 - 교차로안,화물,남,55세,상해없음,보행자,남,26세,경상
2015042800100588,2015년 4월 28일 20시,화요일,경상남도 거제시 거제면,경상사고,0,0,1,0,차대차 - 기타,안전운전불이행,건조,맑음,단일로 - 기타,승용,남,38세,상해없음,승용,남,19세,경상
2015042800100589,2015년 4월 28일 20시,화요일,경상남도 창원시 의창구 팔용동,경상사고,0,0,1,0,차대사람 - 기타,안전운전불이행,습기,비,단일로 - 기타,기타불명,기타불명,기타불명,기타불명,보행자,여,47세,경상
2015042800100590,2015년 4월 28일 20시,화요일,경상남도 창원시 의창구 봉곡동,중상사고,0,1,0,0,차대사람 - 기타,안전운전불이행,건조,맑음,단일로 - 기타,자전거,남,12세,상해없음,보행자,여,51세,중상
2015042800100591,2015년 4월 28일 20시,화요일,경상남도 김해시 풍유동,경상사고,0,0,1,0,차대차 - 측면직각충돌,중앙선침범,습기,비,단일로 - 기타,승용,남,40세,상해없음,원동기,남,41세,경상
2015042800100659,2015년 4월 28일 22시,화요일,경상남도 사천시 축동면,중상사고,0,1,0,0,차대차 - 추돌 - 주정차중,안전운전불이행,습기,비,단일로 - 기타,화물,남,49세,상해없음,승용,남,48세,중상
2015042800100688,2015년 4월 28일 23시,화요일,경상남도 통영시 무전동,중상사고,0,1,0,0,차대사람 - 횡단중,안전운전불이행,건조,맑음,교차로 - 교차로안,승용,남,57세,상해없음,보행자,남,41세,중상
2015042800100689,2015년 4월 28일 23시,화요일,경상남도 양산시 동면,중상사고,0,1,0,0,차대사람 - 길가장자리구역통행중,중앙선침범,습기,비,단일로 - 기타,승용,남,48세,상해없음,보행자,여,47세,중상
2015042800100690,2015년 4월 28일 23시,화요일,경상남도 거제시 고현동,경상사고,0,0,2,0,차대차 - 기타,교차로운행방법위반,건조,맑음,교차로 - 교차로안,승용,남,39세,상해없음,승용,남,48세,경상
2015042900100014,2015년 4월 29일 00시,수요일,경상남도 거제시 장승포동,경상사고,0,0,1,0,차대차 - 기타,중앙선침범,건조,맑음,단일로 - 기타,이륜,남,23세,상해없음,자전거,남,50세,경상
2015042900100070,2015년 4월 29일 05시,수요일,경상남도 사천시 벌리동,중상사고,0,1,0,0,차대사람 - 횡단중,안전운전불이행,습기,비,단일로 - 횡단보도상,승용,남,68세,상해없음,보행자,남,61세,중상
2015042900100084,2015년 4월 29일 06시,수요일,경상남도 하동군 하동읍,중상사고,0,1,0,0,차량단독 - 기타,안전운전불이행,습기,비,단일로 - 기타,화물,남,40세,상해없음,,,,
2015042900100186,2015년 4월 29일 09시,수요일,경상남도 사천시 사남면,경상사고,0,0,1,2,차대차 - 추돌 - 진행중,안전운전불이행,습기,비,단일로 - 기타,승용,남,38세,부상신고,화물,남,49세,경상
2015042900100187,2015년 4월 29일 09시,수요일,경상남도 거창군 거창읍,경상사고,0,0,2,0,차대차 - 추돌 - 주정차중,안전운전불이행,습기,비,단일로 - 기타,화물,남,75세,경상,화물,남,44세,기타불명
2015042900100188,2015년 4월 29일 09시,수요일,경상남도 합천군 삼가면,중상사고,0,1,0,0,차대차 - 추돌 - 주정차중,안전운전불이행,습기,비,교차로 - 교차로부근,화물,남,44세,상해없음,승용,여,59세,중상
2015042900100189,2015년 4월 29일 09시,수요일,경상남도 고성군 회화면,중상사고,0,1,0,0,차대차 - 추돌 - 주정차중,안전거리미확보,습기,비,교차로 - 교차로부근,화물,남,26세,상해없음,승용,남,45세,중상
2015042900100190,2015년 4월 29일 09시,수요일,경상남도 하동군 하동읍,경상사고,0,0,1,0,차대차 - 측면직각충돌,교차로운행방법위반,습기,비,교차로 - 교차로안,승용,남,51세,상해없음,화물,남,69세,경상
2015042900100191,2015년 4월 29일 09시,수요일,경상남도 남해군 삼동면,중상사고,0,1,2,0,차대차 - 정면충돌,중앙선침범,습기,비,교차로 - 교차로안,승용,남,72세,경상,승용,남,25세,경상
2015042900100192,2015년 4월 29일 09시,수요일,경상남도 산청군 신안면,경상사고,0,0,1,0,차량단독 - 공작물충돌,안전운전불이행,습기,비,단일로 - 기타,화물,남,45세,상해없음,,,,
2015042900100220,2015년 4월 29일 10시,수요일,경상남도 창원시 의창구 대산면,경상사고,0,0,1,0,차대차 - 추돌 - 진행중,안전거리미확보,습기,비,단일로 - 기타,화물,남,53세,상해없음,화물,남,65세,경상
2015042900100221,2015년 4월 29일 10시,수요일,경상남도 김해시 주촌면,경상사고,0,0,1,0,차대차 - 측면직각충돌,안전운전불이행,습기,비,교차로 - 교차로안,화물,남,28세,상해없음,화물,남,48세,경상
2015042900100259,2015년 4월 29일 11시,수요일,경상남도 양산시 명동,경상사고,0,0,1,0,차대사람 - 보도통행중,기타,건조,맑음,기타 - 기타,승용,남,53세,상해없음,보행자,여,70세,경상
2015042900100296,2015년 4월 29일 12시,수요일,경상남도 진주시 사봉면,중상사고,0,1,0,1,차대차 - 측면직각충돌,신호위반,습기,비,교차로 - 교차로안,화물,남,57세,부상신고,승합,남,55세,상해없음
2015042900100297,2015년 4월 29일 12시,수요일,경상남도 창원시 진해구 이동,경상사고,0,0,1,0,차대차 - 측면직각충돌,교차로운행방법위반,습기,비,교차로 - 교차로안,승용,남,49세,상해없음,원동기,남,33세,경상
2015042900100298,2015년 4월 29일 12시,수요일,경상남도 밀양시 삼문동,중상사고,0,1,0,0,차량단독 - 기타,안전운전불이행,건조,맑음,단일로 - 기타,승용,기타불명,기타불명,기타불명,,,,
2015042900100299,2015년 4월 29일 12시,수요일,경상남도 거제시 일운면,중상사고,0,1,4,0,차대차 - 추돌 - 주정차중,안전운전불이행,건조,흐림,단일로 - 기타,화물,남,41세,상해없음,승용,여,63세,중상
2015042900100300,2015년 4월 29일 12시,수요일,경상남도 의령군 부림면,중상사고,0,1,0,0,차대차 - 측면직각충돌,신호위반,습기,비,교차로 - 교차로안,이륜,여,65세,중상,화물,남,40세,상해없음
2015042900100334,2015년 4월 29일 13시,수요일,경상남도 통영시 당동,중상사고,0,1,0,0,차대차 - 정면충돌,중앙선침범,습기,비,단일로 - 기타,승용,여,33세,상해없음,승합,남,48세,상해없음
2015042900100335,2015년 4월 29일 13시,수요일,경상남도 사천시 동금동,중상사고,0,1,0,0,차대차 - 추돌 - 진행중,안전운전불이행,습기,비,교차로 - 교차로부근,승용,남,33세,상해없음,원동기,남,47세,중상
2015042900100336,2015년 4월 29일 13시,수요일,경상남도 사천시 송포동,경상사고,0,0,1,1,차대차 - 측면직각충돌,직진우회전진행방해,건조,맑음,교차로 - 교차로안,화물,남,60세,경상,승용,남,56세,부상신고
2015042900100337,2015년 4월 29일 13시,수요일,경상남도 함양군 함양읍,경상사고,0,0,1,0,차대차 - 추돌 - 주정차중,안전운전불이행,습기,비,교차로 - 교차로부근,승용,남,54세,상해없음,화물,여,66세,경상
2015042900100338,2015년 4월 29일 13시,수요일,경상남도 고성군 고성읍,경상사고,0,0,1,0,차대차 - 측면직각충돌,중앙선침범,습기,비,단일로 - 기타,승용,여,31세,상해없음,원동기,남,63세,경상
2015042900100339,2015년 4월 29일 13시,수요일,경상남도 김해시 흥동,중상사고,0,1,0,0,차대차 - 측면직각충돌,안전운전불이행,습기,비,교차로 - 교차로부근,승용,남,33세,상해없음,이륜,남,31세,중상
2015042900100373,2015년 4월 29일 14시,수요일,경상남도 통영시 정량동,경상사고,0,0,1,0,차대차 - 추돌 - 주정차중,안전운전불이행,습기,비,단일로 - 기타,승용,남,18세,상해없음,승용,여,37세,경상
2015042900100374,2015년 4월 29일 14시,수요일,경상남도 김해시 삼계동,중상사고,0,1,1,0,차대차 - 추돌 - 주정차중,안전운전불이행,습기,비,단일로 - 기타,승용,남,49세,경상,승용,남,53세,중상
2015042900100437,2015년 4월 29일 16시,수요일,경상남도 양산시 명곡동,부상신고사고,0,0,0,1,차량단독 - 공작물충돌,안전운전불이행,습기,비,단일로 - 기타,승합,남,18세,상해없음,,,,
2015042900100477,2015년 4월 29일 17시,수요일,경상남도 김해시 대동면,경상사고,0,0,1,0,차대차 - 측면직각충돌,안전운전불이행,건조,맑음,교차로 - 교차로안,승용,남,42세,상해없음,승용,남,51세,경상
2015042900100478,2015년 4월 29일 17시,수요일,경상남도 거제시 장승포동,중상사고,0,1,1,0,차대차 - 기타,안전운전불이행,습기,비,단일로 - 기타,승용,남,41세,상해없음,승용,남,51세,중상
2015042900100519,2015년 4월 29일 18시,수요일,경상남도 진주시 상대동,중상사고,0,1,0,0,차대사람 - 횡단중,보행자보호의무위반,습기,비,교차로 - 교차로부근,승용,남,62세,상해없음,보행자,여,73세,중상
2015042900100520,2015년 4월 29일 18시,수요일,경상남도 김해시 한림면,사망사고,1,0,0,0,차대차 - 측면직각충돌,안전운전불이행,건조,맑음,교차로 - 교차로안,화물,남,43세,상해없음,이륜,남,75세,사망
2015042900100553,2015년 4월 29일 19시,수요일,경상남도 창원시 진해구 풍호동,경상사고,0,0,1,0,차대차 - 측면직각충돌,신호위반,습기,비,단일로 - 기타,승용,여,26세,상해없음,승용,여,40세,경상
2015042900100621,2015년 4월 29일 21시,수요일,경상남도 창원시 마산합포구 현동,중상사고,0,1,0,0,차량단독 - 공작물충돌,안전운전불이행,습기,비,단일로 - 기타,승합,남,42세,중상,,,,
2015042900100622,2015년 4월 29일 21시,수요일,경상남도 창원시 진해구 용원동,경상사고,0,0,1,0,차대차 - 측면직각충돌,교차로운행방법위반,습기,비,교차로 - 교차로안,승용,남,29세,상해없음,승용,남,61세,경상
2015042900100623,2015년 4월 29일 21시,수요일,경상남도 창원시 마산회원구 구암동,중상사고,0,1,0,0,차대사람 - 횡단중,안전운전불이행,습기,비,단일로 - 기타,원동기,남,38세,상해없음,보행자,남,63세,중상
2015042900100649,2015년 4월 29일 22시,수요일,경상남도 김해시 부원동,경상사고,0,0,1,0,차대사람 - 기타,안전운전불이행,습기,비,단일로 - 기타,승용,남,44세,상해없음,보행자,남,65세,경상
2015042900100675,2015년 4월 29일 23시,수요일,경상남도 통영시 용남면,사망사고,1,0,0,0,차대사람 - 차도통행중,안전운전불이행,결빙,흐림,단일로 - 기타,승용,남,54세,상해없음,보행자,남,46세,사망
2015043000100017,2015년 4월 30일 00시,목요일,경상남도 창원시 마산합포구 교방동,경상사고,0,0,1,0,차대차 - 기타,중앙선침범,습기,비,교차로 - 교차로부근,승용,남,33세,상해없음,승용,남,43세,경상
2015043000100043,2015년 4월 30일 01시,목요일,경상남도 양산시 물금읍,경상사고,0,0,1,1,차대차 - 추돌 - 주정차중,안전운전불이행,습기,비,교차로 - 교차로부근,화물,남,20세,상해없음,승용,남,53세,경상
2015043000100096,2015년 4월 30일 06시,목요일,경상남도 창원시 진해구 안골동,경상사고,0,0,2,0,차대차 - 측면직각충돌,교차로운행방법위반,건조,맑음,교차로 - 교차로안,승용,남,24세,경상,화물,남,52세,경상
2015043000100114,2015년 4월 30일 07시,목요일,경상남도 김해시 부원동,중상사고,0,1,0,0,차대차 - 측면직각충돌,안전운전불이행,건조,맑음,교차로 - 교차로안,승용,남,58세,중상,승용,여,31세,상해없음
2015043000100115,2015년 4월 30일 07시,목요일,경상남도 창원시 성산구 사파동,경상사고,0,0,1,0,차대차 - 추돌 - 진행중,안전운전불이행,건조,맑음,단일로 - 교량,승용,여,26세,기타불명,승용,남,47세,경상
2015043000100116,2015년 4월 30일 07시,목요일,경상남도 창원시 마산회원구 내서읍,경상사고,0,0,1,0,차대차 - 측면직각충돌,안전운전불이행,건조,맑음,단일로 - 기타,승용,남,27세,상해없음,승용,남,57세,경상
2015043000100213,2015년 4월 30일 10시,목요일,경상남도 사천시 사천읍,경상사고,0,0,1,2,차대차 - 추돌 - 주정차중,안전운전불이행,건조,흐림,단일로 - 기타,화물,남,60세,상해없음,승용,남,29세,부상신고
2015043000100271,2015년 4월 30일 12시,목요일,경상남도 함안군 가야읍,부상신고사고,0,0,0,1,차량단독 - 전도전복,안전운전불이행,건조,맑음,기타 - 기타,이륜,남,71세,부상신고,,,,
2015043000100306,2015년 4월 30일 13시,목요일,경상남도 창원시 진해구 태백동,중상사고,0,1,0,0,차대사람 - 횡단중,안전운전불이행,건조,맑음,교차로 - 교차로부근,화물,남,54세,상해없음,보행자,여,83세,중상
2015043000100307,2015년 4월 30일 13시,목요일,경상남도 김해시 외동,중상사고,0,6,3,0,차대차 - 측면직각충돌,중앙선침범,건조,맑음,단일로 - 기타,승용,여,54세,경상,승합,남,56세,경상
2015043000100308,2015년 4월 30일 13시,목요일,경상남도 의령군 가례면,부상신고사고,0,0,0,2,차량단독 - 전도전복,안전운전불이행,건조,맑음,단일로 - 기타,이륜,남,73세,부상신고,,,,
2015043000100346,2015년 4월 30일 14시,목요일,경상남도 창원시 진해구 청안동,중상사고,0,1,0,0,차대차 - 측면직각충돌,보행자보호의무위반,건조,맑음,교차로 - 교차로안,승합,남,38세,상해없음,자전거,남,8세,중상
2015043000100347,2015년 4월 30일 14시,목요일,경상남도 통영시 봉평동,경상사고,0,0,1,0,차대사람 - 기타,안전운전불이행,건조,맑음,단일로 - 기타,승용,여,52세,상해없음,보행자,남,57세,경상
2015043000100348,2015년 4월 30일 14시,목요일,경상남도 양산시 명동,부상신고사고,0,0,0,3,차대차 - 기타,안전거리미확보,건조,맑음,단일로 - 기타,승용,남,52세,상해없음,승용,남,58세,부상신고
2015043000100349,2015년 4월 30일 14시,목요일,경상남도 창원시 마산회원구 양덕동,사망사고,1,0,0,0,차대사람 - 횡단중,안전운전불이행,건조,맑음,단일로 - 기타,특수,남,61세,상해없음,보행자,남,78세,사망
2015043000100401,2015년 4월 30일 15시,목요일,경상남도 통영시 사량면,경상사고,0,0,1,0,차대사람 - 기타,안전운전불이행,건조,맑음,단일로 - 기타,화물,남,57세,상해없음,보행자,남,68세,경상
2015043000100444,2015년 4월 30일 16시,목요일,경상남도 통영시 광도면,중상사고,0,1,0,0,차대사람 - 기타,안전운전불이행,건조,맑음,단일로 - 기타,승용,여,36세,상해없음,보행자,여,70세,중상
2015043000100445,2015년 4월 30일 16시,목요일,경상남도 김해시 부원동,경상사고,0,0,1,0,차대차 - 측면직각충돌,안전운전불이행,건조,맑음,교차로 - 교차로부근,승용,남,48세,상해없음,승합,남,57세,상해없음
2015043000100446,2015년 4월 30일 16시,목요일,경상남도 양산시 북정동,중상사고,0,1,0,0,차대차 - 기타,안전운전불이행,건조,맑음,단일로 - 횡단보도상,화물,남,71세,상해없음,자전거,남,26세,중상
2015043000100488,2015년 4월 30일 17시,목요일,경상남도 창원시 진해구 이동,경상사고,0,0,2,0,차대차 - 측면직각충돌,안전운전불이행,건조,맑음,교차로 - 교차로부근,승용,여,64세,경상,원동기,남,22세,경상
2015043000100489,2015년 4월 30일 17시,목요일,경상남도 통영시 광도면,경상사고,0,0,1,0,차대차 - 기타,안전운전불이행,건조,맑음,단일로 - 기타,승용,여,54세,상해없음,자전거,남,34세,경상
2015043000100490,2015년 4월 30일 17시,목요일,경상남도 사천시 동금동,경상사고,0,0,3,0,차대차 - 측면직각충돌,직진우회전진행방해,건조,맑음,교차로 - 교차로안,승용,남,54세,상해없음,승용,남,41세,경상
2015043000100491,2015년 4월 30일 17시,목요일,경상남도 양산시 물금읍,부상신고사고,0,0,0,1,차대사람 - 기타,안전운전불이행,건조,맑음,기타 - 기타,원동기,남,75세,상해없음,보행자,여,4세,부상신고
2015043000100568,2015년 4월 30일 19시,목요일,경상남도 통영시 북신동,부상신고사고,0,0,0,1,차대차 - 기타,안전운전불이행,건조,맑음,단일로 - 기타,승용,여,31세,상해없음,승용,여,44세,부상신고
2015043000100569,2015년 4월 30일 19시,목요일,경상남도 사천시 벌리동,경상사고,0,0,1,0,차대차 - 추돌 - 진행중,안전거리미확보,건조,맑음,단일로 - 기타,승용,남,50세,상해없음,원동기,남,32세,경상
2015043000100603,2015년 4월 30일 20시,목요일,경상남도 창원시 진해구 서중동,중상사고,0,2,1,0,차대차 - 추돌 - 진행중,안전운전불이행,건조,맑음,단일로 - 기타,승용,남,45세,기타불명,승용,남,39세,중상
2015043000100604,2015년 4월 30일 20시,목요일,경상남도 합천군 합천읍,중상사고,0,1,0,0,차대차 - 정면충돌,안전운전불이행,건조,맑음,교차로 - 교차로부근,승합,남,54세,상해없음,자전거,남,44세,중상
2015043000100605,2015년 4월 30일 20시,목요일,경상남도 의령군 의령읍,중상사고,0,1,0,0,차대차 - 측면직각충돌,교차로운행방법위반,건조,맑음,교차로 - 교차로안,이륜,남,52세,상해없음,승용,여,42세,상해없음
2015043000100650,2015년 4월 30일 21시,목요일,경상남도 통영시 용남면,중상사고,0,1,0,0,차대사람 - 기타,안전운전불이행,건조,맑음,단일로 - 기타,승용,여,33세,상해없음,보행자,남,48세,중상
2015043000100692,2015년 4월 30일 22시,목요일,경상남도 양산시 물금읍,경상사고,0,0,1,0,차대차 - 기타,중앙선침범,건조,맑음,기타 - 기타,자전거,남,17세,경상,화물,남,44세,상해없음