사고번호,사고일시,요일,시군구,사고내용,사망자수,중상자수,경상자수,부상신고자수,사고유형,법규위반,노면상태,기상상태,도로형태,가해운전자 차종,가해운전자 성별,가해운전자 연령,가해운전자 상해정도,피해운전자 차종,피해운전자 성별,피해운전자 연령,피해운전자 상해정도
2015043000100693,2015년 4월 30일 22시,목요일,경상남도 고성군 거류면,경상사고,0,0,2,0,차대차 - 추돌 - 진행중,안전운전불이행,건조,흐림,단일로 - 기타,승용,남,41세,상해없음,승용,남,48세,경상
2015043000100694,2015년 4월 30일 22시,목요일,경상남도 거제시 고현동,경상사고,0,0,2,0,차대차 - 추돌 - 진행중,안전운전불이행,건조,맑음,교차로 - 교차로부근,승용,남,40세,상해없음,승용,남,47세,경상
2015043000100695,2015년 4월 30일 22시,목요일,경상남도 창원시 의창구 도계동,중상사고,0,2,0,0,차대차 - 기타,교차로운행방법위반,건조,맑음,교차로 - 교차로안,승용,남,25세,중상,이륜,남,23세,중상
2015043000100723,2015년 4월 30일 23시,목요일,경상남도 통영시 용남면,중상사고,0,1,0,0,차대차 - 기타,차로위반,건조,맑음,단일로 - 기타,승용,여,43세,상해없음,화물,여,52세,중상
2015050100100051,2015년 5월 1일 01시,금요일,경상남도 창원시 마산합포구 월남동1가,중상사고,0,1,3,0,차대차 - 기타,신호위반,건조,맑음,교차로 - 교차로안,승용,남,22세,상해없음,승용,남,44세,중상
2015050100100065,2015년 5월 1일 02시,금요일,경상남도 사천시 동금동,경상사고,0,0,1,0,차대차 - 측면직각충돌,신호위반,건조,맑음,교차로 - 교차로안,승용,남,77세,상해없음,승용,남,41세,경상
2015050100100066,2015년 5월 1일 02시,금요일,경상남도 양산시 북부동,경상사고,0,0,2,0,차대차 - 측면직각충돌,중앙선침범,건조,맑음,교차로 - 교차로부근,승용,남,35세,상해없음,승용,남,33세,경상
2015050100100083,2015년 5월 1일 03시,금요일,경상남도 창원시 진해구 자은동,경상사고,0,0,1,0,차대사람 - 보도통행중,안전운전불이행,건조,맑음,단일로 - 기타,승용,남,65세,상해없음,보행자,남,55세,경상
2015050100100099,2015년 5월 1일 05시,금요일,경상남도 양산시 용당동,경상사고,0,0,2,0,차대차 - 정면충돌,신호위반,건조,맑음,교차로 - 교차로안,승용,남,43세,상해없음,승용,남,46세,경상
2015050100100100,2015년 5월 1일 05시,금요일,경상남도 양산시 어곡동,중상사고,0,1,0,0,차대차 - 기타,안전운전불이행,건조,맑음,기타 - 기타,화물,남,31세,중상,화물,남,52세,상해없음
2015050100100101,2015년 5월 1일 05시,금요일,경상남도 고성군 하일면,경상사고,0,0,3,0,차대차 - 정면충돌,중앙선침범,건조,맑음,단일로 - 기타,화물,남,57세,상해없음,승용,남,43세,경상
2015050100100112,2015년 5월 1일 06시,금요일,경상남도 창원시 성산구 신촌동,경상사고,0,0,2,0,차대차 - 기타,안전운전불이행,건조,맑음,교차로 - 교차로안,승용,남,51세,경상,승용,남,63세,경상
2015050100100133,2015년 5월 1일 07시,금요일,경상남도 창원시 마산회원구 회원동,중상사고,0,1,0,0,차량단독 - 공작물충돌,안전운전불이행,건조,맑음,단일로 - 기타,승합,남,40세,상해없음,,,,
2015050100100134,2015년 5월 1일 07시,금요일,경상남도 김해시 장유면,중상사고,0,1,0,0,차대사람 - 기타,안전운전불이행,건조,맑음,단일로 - 기타,승용,남,37세,상해없음,보행자,여,40세,중상
2015050100100162,2015년 5월 1일 08시,금요일,경상남도 사천시 서동,경상사고,0,0,1,0,차대사람 - 길가장자리구역통행중,안전운전불이행,건조,맑음,교차로 - 교차로안,화물,남,61세,기타불명,보행자,여,74세,경상
2015050100100163,2015년 5월 1일 08시,금요일,경상남도 의령군 궁류면,사망사고,1,1,0,0,차량단독 - 공작물충돌,안전운전불이행,건조,맑음,교차로 - 교차로안,승용,남,82세,중상,,,,
2015050100100196,2015년 5월 1일 09시,금요일,경상남도 통영시 광도면,중상사고,0,1,0,0,차대차 - 추돌 - 진행중,안전운전불이행,건조,맑음,단일로 - 기타,승용,남,46세,상해없음,승용,남,60세,중상
2015050100100197,2015년 5월 1일 09시,금요일,경상남도 김해시 장유면,중상사고,0,1,0,0,차대차 - 기타,안전운전불이행,건조,맑음,교차로 - 교차로안,승용,남,36세,상해없음,자전거,남,64세,중상
2015050100100232,2015년 5월 1일 10시,금요일,경상남도 진주시 옥봉동,경상사고,0,0,3,0,차대차 - 추돌 - 주정차중,안전운전불이행,건조,맑음,단일로 - 기타,화물,남,45세,상해없음,승용,여,37세,경상
2015050100100233,2015년 5월 1일 10시,금요일,경상남도 통영시 도천동,경상사고,0,0,1,0,차량단독 - 공작물충돌,안전운전불이행,건조,맑음,교차로 - 교차로부근,승용,남,62세,상해없음,,,,
2015050100100267,2015년 5월 1일 11시,금요일,경상남도 창원시 마산합포구 구산면,경상사고,0,0,1,0,차대차 - 측면직각충돌,중앙선침범,건조,맑음,단일로 - 기타,승용,남,21세,상해없음,승용,남,66세,경상
2015050100100316,2015년 5월 1일 12시,금요일,경상남도 김해시 생림면,중상사고,0,2,1,0,차대차 - 정면충돌,중앙선침범,건조,맑음,단일로 - 기타,승용,여,53세,경상,승용,남,27세,중상
2015050100100317,2015년 5월 1일 12시,금요일,경상남도 양산시 주남동,경상사고,0,0,1,0,차대차 - 측면직각충돌,안전운전불이행,건조,맑음,단일로 - 기타,승용,남,38세,상해없음,이륜,남,40세,경상
2015050100100353,2015년 5월 1일 13시,금요일,경상남도 창원시 마산합포구 대외동,경상사고,0,0,1,0,차대차 - 측면직각충돌,안전운전불이행,건조,맑음,교차로 - 교차로안,승용,여,66세,상해없음,승용,남,65세,경상
2015050100100355,2015년 5월 1일 13시,금요일,경상남도 김해시 안동,경상사고,0,0,1,0,차대차 - 측면직각충돌,신호위반,건조,맑음,교차로 - 교차로안,화물,남,56세,상해없음,승용,남,38세,경상
2015050100100356,2015년 5월 1일 13시,금요일,경상남도 의령군 대의면,중상사고,0,1,1,0,차량단독 - 공작물충돌,안전운전불이행,건조,맑음,단일로 - 기타,승용,남,33세,경상,,,,
2015050100100393,2015년 5월 1일 14시,금요일,경상남도 진주시 강남동,중상사고,0,1,0,0,차대사람 - 보도통행중,보행자보호의무위반,건조,맑음,단일로 - 횡단보도상,화물,남,45세,상해없음,보행자,여,75세,중상
2015050100100394,2015년 5월 1일 14시,금요일,경상남도 김해시 대동면,중상사고,0,1,0,0,차량단독 - 공작물충돌,안전운전불이행,건조,맑음,단일로 - 기타,화물,남,58세,중상,,,,
2015050100100395,2015년 5월 1일 14시,금요일,경상남도 거제시 거제면,중상사고,0,1,0,0,차대차 - 측면직각충돌,교차로운행방법위반,건조,맑음,교차로 - 교차로안,화물,남,67세,상해없음,원동기,남,34세,중상
2015050100100396,2015년 5월 1일 14시,금요일,경상남도 거제시 동부면,중상사고,0,1,0,0,차대사람 - 횡단중,안전운전불이행,건조,맑음,단일로 - 기타,승용,여,22세,상해없음,보행자,남,8세,중상
2015050100100437,2015년 5월 1일 15시,금요일,경상남도 통영시 북신동,중상사고,0,1,4,0,차대차 - 추돌 - 주정차중,안전운전불이행,건조,맑음,단일로 - 기타,승용,남,23세,상해없음,승용,남,35세,경상
2015050100100438,2015년 5월 1일 15시,금요일,경상남도 남해군 창선면,중상사고,0,1,1,0,차대차 - 측면직각충돌,교차로운행방법위반,건조,맑음,교차로 - 교차로안,승용,남,25세,상해없음,승용,남,59세,경상
2015050100100439,2015년 5월 1일 15시,금요일,경상남도 김해시 전하동,경상사고,0,0,1,0,차대차 - 기타,안전운전불이행,건조,맑음,교차로 - 교차로안,자전거,남,14세,경상,승용,여,47세,상해없음
2015050100100440,2015년 5월 1일 15시,금요일,경상남도 김해시 장유면,경상사고,0,0,1,0,차대사람 - 횡단중,안전운전불이행,건조,맑음,단일로 - 기타,승용,여,27세,상해없음,보행자,여,3세,경상
2015050100100464,2015년 5월 1일 16시,금요일,경상남도 진주시 하대동,중상사고,0,1,0,0,차대사람 - 차도통행중,보행자보호의무위반,건조,맑음,단일로 - 기타,승용,남,37세,상해없음,보행자,남,6세,중상
2015050100100465,2015년 5월 1일 16시,금요일,경상남도 거제시 사등면,부상신고사고,0,0,0,1,차대차 - 추돌 - 진행중,안전운전불이행,건조,맑음,단일로 - 기타,기타불명,기타불명,기타불명,기타불명,자전거,남,42세,부상신고
2015050100100466,2015년 5월 1일 16시,금요일,경상남도 김해시 외동,중상사고,0,1,0,0,차대차 - 측면직각충돌,중앙선침범,건조,맑음,단일로 - 기타,승용,여,63세,상해없음,승용,여,45세,중상
2015050100100523,2015년 5월 1일 17시,금요일,경상남도 밀양시 부북면,중상사고,0,1,0,0,차대차 - 측면직각충돌,안전운전불이행,건조,맑음,교차로 - 교차로부근,승용,여,51세,상해없음,이륜,남,72세,중상
2015050100100524,2015년 5월 1일 17시,금요일,경상남도 거제시 옥포동,부상신고사고,0,0,0,1,차대차 - 측면직각충돌,교차로운행방법위반,건조,맑음,교차로 - 교차로안,승합,남,59세,상해없음,승합,남,36세,상해없음
2015050100100525,2015년 5월 1일 17시,금요일,경상남도 남해군 이동면,경상사고,0,0,1,0,차량단독 - 공작물충돌,안전운전불이행,건조,맑음,단일로 - 기타,승용,남,23세,상해없음,,,,
2015050100100526,2015년 5월 1일 17시,금요일,경상남도 함안군 가야읍,경상사고,0,0,1,0,차대차 - 기타,안전운전불이행,건조,맑음,교차로 - 교차로안,승용,남,50세,상해없음,이륜,남,68세,경상
2015050100100570,2015년 5월 1일 18시,금요일,경상남도 밀양시 무안면,경상사고,0,0,2,0,차대차 - 정면충돌,안전운전불이행,건조,맑음,단일로 - 기타,화물,남,57세,상해없음,승용,여,44세,경상
2015050100100611,2015년 5월 1일 19시,금요일,경상남도 거창군 거창읍,중상사고,0,1,0,0,차대차 - 측면직각충돌,직진우회전진행방해,건조,맑음,교차로 - 교차로안,승용,남,47세,상해없음,원동기,여,42세,중상
2015050100100612,2015년 5월 1일 19시,금요일,경상남도 거제시 장승포동,경상사고,0,0,1,0,차대사람 - 횡단중,안전운전불이행,건조,맑음,단일로 - 기타,승용,여,47세,상해없음,보행자,남,50세,경상
2015050100100613,2015년 5월 1일 19시,금요일,경상남도 의령군 정곡면,경상사고,0,0,1,0,차대차 - 추돌 - 진행중,안전운전불이행,건조,맑음,단일로 - 기타,화물,남,74세,상해없음,농기계,남,65세,경상
2015050100100642,2015년 5월 1일 20시,금요일,경상남도 통영시 북신동,경상사고,0,0,1,0,차대차 - 정면충돌,중앙선침범,건조,맑음,단일로 - 기타,승용,남,32세,상해없음,원동기,남,49세,경상
2015050100100643,2015년 5월 1일 20시,금요일,경상남도 김해시 주촌면,중상사고,0,1,0,0,차대차 - 측면직각충돌,차로위반,건조,맑음,단일로 - 기타,승합,남,53세,상해없음,승용,남,37세,중상
2015050100100665,2015년 5월 1일 21시,금요일,경상남도 창원시 마산합포구 완월동,중상사고,0,1,0,0,차대차 - 측면직각충돌,안전운전불이행,건조,맑음,교차로 - 교차로안,승용,여,60세,상해없음,이륜,남,50세,중상
2015050100100666,2015년 5월 1일 21시,금요일,경상남도 김해시 부원동,경상사고,0,0,1,0,차대차 - 추돌 - 진행중,안전운전불이행,건조,맑음,단일로 - 기타,승용,남,32세,상해없음,승용,남,57세,경상
2015050100100700,2015년 5월 1일 22시,금요일,경상남도 창원시 진해구 석동,중상사고,0,2,0,0,차대차 - 추돌 - 진행중,안전운전불이행,건조,맑음,단일로 - 터널,승용,남,28세,상해없음,승용,남,53세,중상
2015050100100701,2015년 5월 1일 22시,금요일,경상남도 거제시 옥포동,경상사고,0,0,2,0,차대차 - 추돌 - 진행중,안전거리미확보,건조,맑음,교차로 - 교차로부근,승용,남,52세,상해없음,승용,남,39세,경상
2015050100100702,2015년 5월 1일 22시,금요일,경상남도 창원시 마산회원구 합성동,중상사고,0,3,0,0,차대차 - 추돌 - 진행중,안전운전불이행,건조,맑음,단일로 - 기타,승용,남,24세,상해없음,승용,남,49세,중상
2015050200100013,2015년 5월 2일 00시,토요일,경상남도 거제시 능포동,부상신고사고,0,0,0,1,차대차 - 추돌 - 주정차중,안전운전불이행,건조,맑음,단일로 - 기타,원동기,남,16세,상해없음,승용,남,36세,기타불명
2015050200100014,2015년 5월 2일 00시,토요일,경상남도 김해시 장유면,중상사고,0,2,0,0,차대차 - 측면직각충돌,신호위반,건조,맑음,교차로 - 교차로안,승용,남,53세,상해없음,승용,여,45세,중상
2015050200100032,2015년 5월 2일 01시,토요일,경상남도 창원시 성산구 상남동,경상사고,0,0,1,0,차대차 - 측면직각충돌,안전운전불이행,건조,맑음,교차로 - 교차로안,승용,남,57세,상해없음,승용,남,61세,상해없음
2015050200100044,2015년 5월 2일 02시,토요일,경상남도 진주시 가좌동,중상사고,0,1,0,0,차대차 - 측면직각충돌,안전운전불이행,건조,맑음,단일로 - 기타,자전거,남,25세,중상,화물,남,68세,상해없음
2015050200100045,2015년 5월 2일 02시,토요일,경상남도 창원시 진해구 용원동,중상사고,0,1,0,0,차량단독 - 공작물충돌,안전운전불이행,건조,맑음,단일로 - 기타,승용,남,33세,중상,,,,
2015050200100104,2015년 5월 2일 07시,토요일,경상남도 사천시 동림동,중상사고,0,1,0,0,차대사람 - 횡단중,안전운전불이행,건조,맑음,단일로 - 기타,화물,남,57세,상해없음,보행자,여,73세,중상
2015050200100105,2015년 5월 2일 07시,토요일,경상남도 사천시 대방동,경상사고,0,0,1,0,차대차 - 측면직각충돌,신호위반,건조,맑음,교차로 - 교차로안,승용,남,60세,상해없음,승용,여,22세,경상
2015050200100106,2015년 5월 2일 07시,토요일,경상남도 김해시 동상동,경상사고,0,0,1,0,차대차 - 추돌 - 진행중,안전운전불이행,건조,맑음,단일로 - 기타,승용,남,38세,상해없음,승합,남,47세,경상
2015050200100107,2015년 5월 2일 07시,토요일,경상남도 창원시 성산구 웅남동,중상사고,0,1,0,0,차대차 - 측면직각충돌,교차로운행방법위반,건조,맑음,교차로 - 교차로안,승용,남,31세,상해없음,자전거,남,45세,중상
2015050200100125,2015년 5월 2일 08시,토요일,경상남도 창원시 마산합포구 월영동,경상사고,0,0,1,0,차대차 - 측면직각충돌,안전운전불이행,건조,맑음,교차로 - 교차로안,승용,남,39세,상해없음,승용,남,33세,경상
2015050200100153,2015년 5월 2일 09시,토요일,경상남도 창원시 마산합포구 진전면,경상사고,0,0,1,0,차대차 - 측면직각충돌,안전거리미확보,건조,맑음,단일로 - 기타,승용,남,58세,상해없음,승용,여,49세,경상
2015050200100192,2015년 5월 2일 10시,토요일,경상남도 합천군 가회면,중상사고,0,1,1,0,차대차 - 측면직각충돌,중앙선침범,건조,맑음,단일로 - 기타,농기계,남,66세,상해없음,승합,남,55세,상해없음
2015050200100193,2015년 5월 2일 10시,토요일,경상남도 하동군 악양면,중상사고,0,2,1,0,차대차 - 정면충돌,중앙선침범,건조,맑음,단일로 - 기타,승용,남,75세,상해없음,승용,남,51세,경상
2015050200100194,2015년 5월 2일 10시,토요일,경상남도 창원시 성산구 귀산동,경상사고,0,0,1,0,차대차 - 측면직각충돌,안전운전불이행,건조,맑음,단일로 - 기타,화물,남,71세,상해없음,이륜,남,32세,경상
2015050200100226,2015년 5월 2일 11시,토요일,경상남도 통영시 무전동,경상사고,0,0,1,0,차대사람 - 횡단중,보행자보호의무위반,건조,맑음,단일로 - 횡단보도상,승용,여,48세,상해없음,보행자,여,6세,경상
2015050200100263,2015년 5월 2일 12시,토요일,경상남도 통영시 도남동,경상사고,0,0,1,0,차대차 - 측면직각충돌,안전운전불이행,건조,맑음,교차로 - 교차로안,승용,남,32세,상해없음,자전거,남,8세,경상
2015050200100264,2015년 5월 2일 12시,토요일,경상남도 거창군 신원면,중상사고,0,1,0,0,차대사람 - 길가장자리구역통행중,안전운전불이행,건조,맑음,단일로 - 기타,이륜,남,76세,상해없음,보행자,남,46세,중상
2015050200100303,2015년 5월 2일 13시,토요일,경상남도 사천시 대방동,사망사고,1,0,1,0,차대차 - 정면충돌,중앙선침범,건조,맑음,단일로 - 기타,화물,남,67세,상해없음,원동기,남,72세,사망
2015050200100304,2015년 5월 2일 13시,토요일,경상남도 진주시 지수면,경상사고,0,0,1,0,차대차 - 기타,안전거리미확보,건조,맑음,단일로 - 기타,기타불명,기타불명,기타불명,기타불명,승용,여,32세,경상
2015050200100347,2015년 5월 2일 14시,토요일,경상남도 사천시 축동면,경상사고,0,0,1,0,차대차 - 정면충돌,교차로운행방법위반,건조,맑음,교차로 - 교차로안,승용,남,46세,경상,건설기계,남,42세,상해없음
2015050200100348,2015년 5월 2일 14시,토요일,경상남도 김해시 진영읍,중상사고,0,1,1,0,차대차 - 측면직각충돌,신호위반,건조,맑음,교차로 - 교차로안,승용,남,61세,상해없음,승합,남,58세,중상
2015050200100383,2015년 5월 2일 15시,토요일,경상남도 진주시 초전동,중상사고,0,1,0,0,차대차 - 추돌 - 주정차중,안전운전불이행,건조,맑음,교차로 - 교차로부근,승용,남,57세,상해없음,승용,남,38세,상해없음
2015050200100384,2015년 5월 2일 15시,토요일,경상남도 통영시 용남면,중상사고,0,1,0,0,차대차 - 정면충돌,중앙선침범,건조,맑음,단일로 - 기타,건설기계,남,60세,상해없음,화물,남,39세,중상
2015050200100385,2015년 5월 2일 15시,토요일,경상남도 사천시 곤명면,사망사고,1,0,0,0,차량단독 - 전도전복,안전운전불이행,건조,맑음,단일로 - 기타,승용,남,74세,사망,,,,
2015050200100386,2015년 5월 2일 15시,토요일,경상남도 김해시 내동,경상사고,0,0,1,0,차대차 - 측면직각충돌,안전운전불이행,건조,맑음,단일로 - 기타,원동기,남,38세,경상,화물,남,43세,상해없음
2015050200100387,2015년 5월 2일 15시,토요일,경상남도 양산시 동면,경상사고,0,0,2,0,차대차 - 측면직각충돌,안전거리미확보,건조,맑음,단일로 - 기타,승용,남,45세,상해없음,승용,남,43세,경상
2015050200100388,2015년 5월 2일 15시,토요일,경상남도 김해시 진영읍,경상사고,0,0,2,0,차대차 - 추돌 - 주정차중,안전운전불이행,건조,맑음,교차로 - 교차로부근,승용,여,60세,상해없음,승용,여,31세,상해없음
2015050200100389,2015년 5월 2일 15시,토요일,경상남도 창원시 마산회원구 두척동,중상사고,0,2,0,0,차대차 - 추돌 - 진행중,안전운전불이행,건조,맑음,단일로 - 기타,승합,남,73세,상해없음,승용,남,49세,중상
2015050200100429,2015년 5월 2일 16시,토요일,경상남도 진주시 일반성면,중상사고,0,1,0,0,차대차 - 측면직각충돌,교차로운행방법위반,건조,맑음,교차로 - 교차로안,승용,남,62세,상해없음,승용,여,25세,중상
2015050200100430,2015년 5월 2일 16시,토요일,경상남도 양산시 주진동,경상사고,0,0,1,0,차대차 - 기타,안전운전불이행,건조,맑음,기타 - 기타,화물,남,71세,상해없음,자전거,남,13세,경상
2015050200100431,2015년 5월 2일 16시,토요일,경상남도 고성군 회화면,경상사고,0,0,1,0,차대사람 - 기타,안전운전불이행,건조,맑음,단일로 - 기타,승용,남,37세,상해없음,보행자,남,45세,경상
2015050200100432,2015년 5월 2일 16시,토요일,경상남도 거제시 아주동,경상사고,0,0,1,0,차대사람 - 횡단중,보행자보호의무위반,건조,맑음,단일로 - 기타,기타불명,기타불명,기타불명,기타불명,보행자,여,14세,경상
2015050200100476,2015년 5월 2일 17시,토요일,경상남도 창원시 진해구 두동,경상사고,0,0,1,0,차대차 - 측면직각충돌,교차로운행방법위반,건조,맑음,교차로 - 교차로안,승용,여,21세,경상,승용,여,49세,상해없음
2015050200100477,2015년 5월 2일 17시,토요일,경상남도 김해시 외동,경상사고,0,0,1,0,차대차 - 측면직각충돌,안전운전불이행,건조,맑음,교차로 - 교차로안,승용,여,25세,상해없음,승용,여,43세,경상
2015050200100478,2015년 5월 2일 17시,토요일,경상남도 창원시 마산회원구 구암동,중상사고,0,1,0,0,차대차 - 측면직각충돌,안전운전불이행,건조,맑음,교차로 - 교차로안,승용,남,44세,상해없음,자전거,남,76세,중상
2015050200100506,2015년 5월 2일 18시,토요일,경상남도 창원시 마산합포구 월영동,경상사고,0,0,1,0,차대사람 - 차도통행중,안전운전불이행,건조,맑음,교차로 - 교차로부근,승용,남,50세,상해없음,보행자,남,41세,경상
2015050200100507,2015년 5월 2일 18시,토요일,경상남도 사천시 동림동,경상사고,0,0,2,0,차대차 - 추돌 - 주정차중,안전운전불이행,건조,맑음,단일로 - 기타,승용,남,24세,상해없음,승용,남,39세,경상
2015050200100549,2015년 5월 2일 19시,토요일,경상남도 양산시 물금읍,경상사고,0,0,1,0,차대차 - 기타,안전운전불이행,건조,맑음,교차로 - 교차로부근,승용,여,49세,상해없음,승용,남,53세,경상
2015050200100668,2015년 5월 2일 22시,토요일,경상남도 양산시 북부동,경상사고,0,0,5,0,차대차 - 추돌 - 주정차중,안전운전불이행,건조,맑음,교차로 - 교차로부근,승용,남,56세,상해없음,승용,여,49세,경상
2015050300100048,2015년 5월 3일 01시,일요일,경상남도 김해시 지내동,중상사고,0,1,0,0,차대사람 - 길가장자리구역통행중,안전운전불이행,건조,흐림,단일로 - 기타,승용,남,33세,상해없음,보행자,남,66세,중상
2015050300100096,2015년 5월 3일 03시,일요일,경상남도 창원시 마산회원구 양덕동,중상사고,0,2,1,0,차대차 - 측면직각충돌,안전운전불이행,습기,비,교차로 - 교차로부근,승용,여,58세,상해없음,승용,남,60세,경상
2015050300100150,2015년 5월 3일 08시,일요일,경상남도 김해시 장유면,사망사고,1,4,9,0,차대차 - 기타,안전운전불이행,습기,비,단일로 - 기타,화물,남,39세,중상,승합,남,55세,경상
2015050300100151,2015년 5월 3일 08시,일요일,경상남도 김해시 진례면,중상사고,0,1,0,0,차대차 - 기타,안전운전불이행,습기,비,단일로 - 기타,승용,여,49세,중상,승용,남,68세,상해없음
2015050300100199,2015년 5월 3일 10시,일요일,경상남도 진주시 평거동,중상사고,0,1,3,0,차대차 - 기타,안전운전불이행,습기,비,단일로 - 기타,특수,남,59세,상해없음,승용,남,45세,경상
2015050300100200,2015년 5월 3일 10시,일요일,경상남도 밀양시 하남읍,중상사고,0,1,0,0,차량단독 - 공작물충돌,안전운전불이행,습기,비,단일로 - 기타,승합,남,69세,상해없음,,,,
2015050300100218,2015년 5월 3일 11시,일요일,경상남도 양산시 동면,경상사고,0,0,1,1,차대차 - 측면직각충돌,안전운전불이행,습기,비,교차로 - 교차로부근,승용,남,48세,부상신고,승용,남,58세,경상
2015050300100241,2015년 5월 3일 12시,일요일,경상남도 거제시 연초면,중상사고,0,1,1,0,차대차 - 기타,안전거리미확보,건조,맑음,단일로 - 기타,승용,남,46세,상해없음,승용,남,50세,중상
2015050300100299,2015년 5월 3일 15시,일요일,경상남도 고성군 상리면,경상사고,0,0,2,0,차대차 - 추돌 - 진행중,안전거리미확보,습기,비,단일로 - 기타,승용,남,61세,상해없음,승용,남,60세,경상
2015050300100300,2015년 5월 3일 15시,일요일,경상남도 창원시 의창구 동읍,경상사고,0,0,3,0,차대차 - 추돌 - 진행중,신호위반,습기,비,교차로 - 교차로안,승용,남,28세,상해없음,화물,남,68세,경상
2015050300100342,2015년 5월 3일 16시,일요일,경상남도 김해시 풍유동,경상사고,0,0,2,0,차대차 - 추돌 - 진행중,안전운전불이행,습기,비,단일로 - 기타,승용,남,29세,상해없음,승용,남,45세,경상
2015050300100376,2015년 5월 3일 17시,일요일,경상남도 밀양시 내이동,중상사고,0,1,0,0,차대차 - 추돌 - 진행중,안전운전불이행,습기,비,교차로 - 교차로안,승합,남,50세,상해없음,승용,남,31세,중상
2015050300100377,2015년 5월 3일 17시,일요일,경상남도 양산시 동면,경상사고,0,0,1,0,차대차 - 측면직각충돌,안전운전불이행,습기,비,단일로 - 기타,승용,남,23세,상해없음,화물,남,34세,상해없음
2015050300100378,2015년 5월 3일 17시,일요일,경상남도 창원시 의창구 대산면,경상사고,0,0,5,0,차대차 - 기타,안전운전불이행,습기,비,교차로 - 교차로부근,화물,남,55세,상해없음,승용,여,34세,경상
2015050300100433,2015년 5월 3일 19시,일요일,경상남도 통영시 미수동,경상사고,0,0,1,0,차대사람 - 차도통행중,안전운전불이행,습기,흐림,단일로 - 기타,승용,여,49세,상해없음,보행자,여,49세,경상
2015050300100434,2015년 5월 3일 19시,일요일,경상남도 밀양시 부북면,경상사고,0,0,1,0,차대차 - 추돌 - 주정차중,안전운전불이행,습기,맑음,단일로 - 기타,승용,남,59세,상해없음,승용,남,42세,상해없음
2015050300100475,2015년 5월 3일 20시,일요일,경상남도 거제시 수월동,중상사고,0,1,0,0,차대차 - 정면충돌,중앙선침범,습기,흐림,단일로 - 기타,화물,남,38세,상해없음,승용,남,42세,중상
2015050300100506,2015년 5월 3일 21시,일요일,경상남도 양산시 신기동,경상사고,0,0,1,0,차대차 - 추돌 - 주정차중,안전거리미확보,습기,비,교차로 - 교차로안,승용,남,28세,상해없음,승용,남,49세,경상
2015050300100529,2015년 5월 3일 22시,일요일,경상남도 창원시 마산합포구 오동동,중상사고,0,1,1,0,차대차 - 측면직각충돌,신호위반,습기,비,교차로 - 교차로안,승용,남,47세,상해없음,승용,남,41세,상해없음
2015050300100530,2015년 5월 3일 22시,일요일,경상남도 창원시 진해구 용원동,경상사고,0,0,2,0,차대사람 - 횡단중,보행자보호의무위반,습기,비,교차로 - 교차로안,승용,남,42세,상해없음,보행자,남,22세,경상
2015050300100541,2015년 5월 3일 23시,일요일,경상남도 창원시 마산합포구 서성동,중상사고,0,1,1,0,차대차 - 추돌 - 주정차중,안전운전불이행,습기,흐림,교차로 - 교차로부근,승용,남,38세,상해없음,승용,남,48세,경상
2015050300100542,2015년 5월 3일 23시,일요일,경상남도 거제시 고현동,경상사고,0,0,1,0,차대사람 - 기타,안전운전불이행,습기,비,교차로 - 교차로부근,승용,여,45세,상해없음,보행자,남,30세,경상
2015050300100543,2015년 5월 3일 23시,일요일,경상남도 남해군 서면,경상사고,0,0,4,0,차대차 - 기타,중앙선침범,건조,맑음,단일로 - 기타,승용,여,60세,상해없음,승용,남,62세,경상
2015050400100038,2015년 5월 4일 05시,월요일,경상남도 창원시 의창구 대산면,중상사고,0,1,0,0,차대차 - 추돌 - 진행중,신호위반,건조,맑음,교차로 - 교차로안,화물,남,34세,상해없음,승합,남,56세,중상
2015050400100047,2015년 5월 4일 06시,월요일,경상남도 통영시 도남동,경상사고,0,0,2,0,차대차 - 측면직각충돌,직진우회전진행방해,건조,맑음,교차로 - 교차로안,승용,남,25세,경상,화물,남,77세,경상
2015050400100074,2015년 5월 4일 07시,월요일,경상남도 양산시 소주동,부상신고사고,0,0,0,1,차대차 - 기타,직진우회전진행방해,건조,맑음,교차로 - 교차로안,화물,남,53세,상해없음,승용,남,22세,부상신고
2015050400100075,2015년 5월 4일 07시,월요일,경상남도 함안군 칠원읍,경상사고,0,0,2,0,차대차 - 추돌 - 진행중,안전거리미확보,건조,맑음,단일로 - 기타,승용,남,74세,상해없음,승용,남,49세,경상
2015050400100108,2015년 5월 4일 08시,월요일,경상남도 창원시 의창구 봉곡동,중상사고,0,1,0,0,차대사람 - 기타,안전운전불이행,건조,맑음,단일로 - 기타,승용,남,45세,상해없음,보행자,여,72세,중상
2015050400100168,2015년 5월 4일 10시,월요일,경상남도 김해시 삼방동,경상사고,0,0,1,0,차대차 - 측면직각충돌,신호위반,건조,맑음,교차로 - 교차로안,원동기,남,70세,경상,승용,여,27세,상해없음
2015050400100169,2015년 5월 4일 10시,월요일,경상남도 양산시 명곡동,중상사고,0,1,0,0,차대차 - 기타,중앙선침범,건조,맑음,단일로 - 기타,승용,남,45세,상해없음,승용,남,75세,중상
2015050400100170,2015년 5월 4일 10시,월요일,경상남도 창원시 의창구 신월동,경상사고,0,0,3,0,차대차 - 측면직각충돌,신호위반,건조,맑음,교차로 - 교차로안,승용,여,54세,상해없음,승용,남,48세,경상