사고번호,사고일시,요일,시군구,사고내용,사망자수,중상자수,경상자수,부상신고자수,사고유형,법규위반,노면상태,기상상태,도로형태,가해운전자 차종,가해운전자 성별,가해운전자 연령,가해운전자 상해정도,피해운전자 차종,피해운전자 성별,피해운전자 연령,피해운전자 상해정도
2015050400100217,2015년 5월 4일 11시,월요일,경상남도 밀양시 상남면,중상사고,0,1,0,0,차대차 - 추돌 - 진행중,안전운전불이행,건조,맑음,단일로 - 기타,화물,남,29세,상해없음,승용,남,48세,중상
2015050400100264,2015년 5월 4일 12시,월요일,경상남도 창원시 진해구 근화동,경상사고,0,0,1,0,차대차 - 측면직각충돌,직진우회전진행방해,건조,맑음,교차로 - 교차로안,승용,남,36세,상해없음,승용,남,62세,경상
2015050400100265,2015년 5월 4일 12시,월요일,경상남도 사천시 동금동,경상사고,0,0,1,1,차대차 - 측면직각충돌,직진우회전진행방해,건조,맑음,교차로 - 교차로안,화물,남,64세,부상신고,화물,남,73세,경상
2015050400100266,2015년 5월 4일 12시,월요일,경상남도 밀양시 삼랑진읍,중상사고,0,1,0,0,차대사람 - 기타,안전운전불이행,건조,맑음,단일로 - 기타,승용,여,61세,상해없음,보행자,남,57세,중상
2015050400100357,2015년 5월 4일 14시,월요일,경상남도 창원시 진해구 근화동,중상사고,0,1,0,0,차대사람 - 횡단중,안전운전불이행,건조,맑음,기타 - 기타,화물,남,43세,상해없음,보행자,남,85세,중상
2015050400100358,2015년 5월 4일 14시,월요일,경상남도 밀양시 초동면,중상사고,0,1,1,0,차대차 - 정면충돌,교차로운행방법위반,건조,맑음,교차로 - 교차로안,승용,남,62세,경상,승용,여,63세,중상
2015050400100359,2015년 5월 4일 14시,월요일,경상남도 김해시 장유면,중상사고,0,1,1,0,차대차 - 측면직각충돌,직진우회전진행방해,건조,맑음,교차로 - 교차로안,승용,여,38세,상해없음,승용,남,57세,경상
2015050400100404,2015년 5월 4일 15시,월요일,경상남도 김해시 내동,경상사고,0,0,2,0,차대차 - 측면직각충돌,신호위반,건조,맑음,교차로 - 교차로안,승용,여,28세,상해없음,승용,남,65세,경상
2015050400100405,2015년 5월 4일 15시,월요일,경상남도 양산시 상북면,중상사고,0,1,0,0,차대차 - 기타,신호위반,건조,맑음,교차로 - 교차로안,화물,남,53세,상해없음,원동기,남,75세,중상
2015050400100406,2015년 5월 4일 15시,월요일,경상남도 김해시 장유면,중상사고,0,1,0,0,차대사람 - 보도통행중,신호위반,건조,맑음,단일로 - 기타,특수,남,71세,상해없음,보행자,여,82세,중상
2015050400100443,2015년 5월 4일 16시,월요일,경상남도 남해군 이동면,경상사고,0,0,3,0,차대차 - 추돌 - 진행중,안전운전불이행,건조,맑음,단일로 - 기타,승용,여,30세,상해없음,승용,여,32세,경상
2015050400100481,2015년 5월 4일 17시,월요일,경상남도 진주시 상봉동,중상사고,0,1,0,0,차대차 - 측면직각충돌,신호위반,건조,맑음,교차로 - 교차로안,승용,남,64세,상해없음,승용,여,60세,중상
2015050400100482,2015년 5월 4일 17시,월요일,경상남도 합천군 대양면,중상사고,0,1,0,0,차대차 - 정면충돌,중앙선침범,건조,맑음,단일로 - 기타,건설기계,남,43세,상해없음,원동기,남,82세,중상
2015050400100483,2015년 5월 4일 17시,월요일,경상남도 창원시 의창구 도계동,중상사고,0,1,2,0,차대차 - 추돌 - 주정차중,안전운전불이행,건조,맑음,단일로 - 기타,승용,남,22세,상해없음,승용,남,47세,경상
2015050400100530,2015년 5월 4일 18시,월요일,경상남도 김해시 봉황동,중상사고,0,1,1,0,차대사람 - 기타,안전운전불이행,건조,맑음,단일로 - 기타,화물,남,44세,상해없음,보행자,남,57세,중상
2015050400100531,2015년 5월 4일 18시,월요일,경상남도 창원시 성산구 상남동,경상사고,0,0,1,0,차대차 - 측면직각충돌,안전운전불이행,건조,맑음,교차로 - 교차로안,승합,여,47세,상해없음,승용,남,26세,경상
2015050400100580,2015년 5월 4일 19시,월요일,경상남도 김해시 외동,경상사고,0,0,1,0,차대차 - 기타,기타,건조,맑음,단일로 - 기타,승용,남,59세,상해없음,이륜,남,18세,경상
2015050400100581,2015년 5월 4일 19시,월요일,경상남도 고성군 고성읍,경상사고,0,0,1,0,차대차 - 측면직각충돌,기타,건조,맑음,단일로 - 기타,승용,남,61세,상해없음,이륜,남,27세,경상
2015050400100671,2015년 5월 4일 22시,월요일,경상남도 통영시 광도면,경상사고,0,0,1,0,차대사람 - 길가장자리구역통행중,안전운전불이행,건조,맑음,단일로 - 기타,승용,남,52세,상해없음,보행자,남,40세,경상
2015050400100672,2015년 5월 4일 22시,월요일,경상남도 거제시 아주동,중상사고,0,1,0,0,차대사람 - 기타,안전운전불이행,건조,맑음,단일로 - 기타,이륜,남,29세,상해없음,보행자,남,45세,중상
2015050400100698,2015년 5월 4일 23시,월요일,경상남도 창녕군 창녕읍,경상사고,0,0,1,0,차대차 - 추돌 - 주정차중,안전운전불이행,습기,맑음,단일로 - 기타,화물,남,36세,상해없음,승용,여,49세,경상
2015050400100699,2015년 5월 4일 23시,월요일,경상남도 고성군 회화면,경상사고,0,0,1,0,차대차 - 추돌 - 진행중,안전거리미확보,건조,맑음,단일로 - 기타,승용,여,38세,상해없음,승용,남,31세,경상
2015050400100700,2015년 5월 4일 23시,월요일,경상남도 남해군 설천면,중상사고,0,1,0,0,차대차 - 측면직각충돌,안전운전불이행,건조,흐림,단일로 - 기타,화물,남,43세,중상,승용,남,61세,상해없음
2015050400100701,2015년 5월 4일 23시,월요일,경상남도 창원시 성산구 대방동,중상사고,0,1,0,0,차대차 - 측면직각충돌,안전거리미확보,건조,맑음,단일로 - 기타,원동기,남,21세,상해없음,승용,남,45세,상해없음
2015050400100702,2015년 5월 4일 23시,월요일,경상남도 산청군 산청읍,사망사고,1,0,0,0,차대차 - 측면직각충돌,안전운전불이행,건조,맑음,단일로 - 기타,승용,남,53세,사망,화물,남,51세,상해없음
2015050500100016,2015년 5월 5일 00시,화요일,경상남도 진주시 하대동,중상사고,0,1,2,0,차대차 - 정면충돌,신호위반,건조,맑음,교차로 - 교차로안,화물,여,51세,경상,승용,남,56세,중상
2015050500100017,2015년 5월 5일 00시,화요일,경상남도 김해시 삼정동,경상사고,0,0,1,0,차대차 - 측면직각충돌,안전운전불이행,건조,맑음,단일로 - 기타,이륜,남,19세,경상,승용,남,52세,상해없음
2015050500100018,2015년 5월 5일 00시,화요일,경상남도 김해시 내동,중상사고,0,1,0,0,차대사람 - 기타,안전운전불이행,건조,맑음,단일로 - 기타,승용,남,33세,상해없음,보행자,여,53세,중상
2015050500100053,2015년 5월 5일 02시,화요일,경상남도 양산시 물금읍,경상사고,0,0,1,0,차대사람 - 기타,안전운전불이행,건조,맑음,단일로 - 기타,승용,기타불명,기타불명,기타불명,보행자,남,34세,경상
2015050500100096,2015년 5월 5일 06시,화요일,경상남도 거제시 능포동,경상사고,0,0,1,0,차대차 - 추돌 - 진행중,안전운전불이행,건조,맑음,기타 - 기타,승용,남,54세,상해없음,승용,남,37세,경상
2015050500100097,2015년 5월 5일 06시,화요일,경상남도 김해시 풍유동,경상사고,0,0,1,0,차대차 - 측면직각충돌,신호위반,건조,맑음,교차로 - 교차로안,화물,남,24세,상해없음,승용,남,49세,경상
2015050500100112,2015년 5월 5일 07시,화요일,경상남도 김해시 주촌면,중상사고,0,1,1,0,차대차 - 기타,안전운전불이행,건조,맑음,단일로 - 기타,승용,남,52세,상해없음,승용,남,77세,중상
2015050500100113,2015년 5월 5일 07시,화요일,경상남도 김해시 진례면,중상사고,0,1,0,0,차대차 - 기타,중앙선침범,건조,맑음,단일로 - 기타,승용,남,25세,상해없음,승용,남,46세,중상
2015050500100132,2015년 5월 5일 08시,화요일,경상남도 거제시 아주동,경상사고,0,0,2,0,차대차 - 측면직각충돌,안전운전불이행,건조,맑음,교차로 - 교차로부근,승용,남,50세,상해없음,승용,남,57세,경상
2015050500100133,2015년 5월 5일 08시,화요일,경상남도 의령군 의령읍,부상신고사고,0,0,0,1,차대사람 - 차도통행중,안전운전불이행,건조,맑음,단일로 - 기타,승용,남,45세,기타불명,보행자,여,68세,부상신고
2015050500100162,2015년 5월 5일 10시,화요일,경상남도 창원시 마산합포구 남성동,경상사고,0,0,1,0,차대사람 - 기타,안전운전불이행,건조,맑음,교차로 - 교차로부근,화물,남,42세,상해없음,보행자,여,69세,경상
2015050500100163,2015년 5월 5일 10시,화요일,경상남도 합천군 적중면,사망사고,1,2,0,0,차량단독 - 도로외이탈 - 추락,안전운전불이행,건조,맑음,단일로 - 기타,화물,남,67세,사망,,,,
2015050500100197,2015년 5월 5일 11시,화요일,경상남도 밀양시 상남면,중상사고,0,1,0,0,차대차 - 측면직각충돌,교차로운행방법위반,건조,맑음,교차로 - 교차로안,승용,여,45세,상해없음,승용,남,55세,중상
2015050500100198,2015년 5월 5일 11시,화요일,경상남도 양산시 하북면,중상사고,0,1,0,0,차대사람 - 기타,교차로운행방법위반,건조,맑음,교차로 - 교차로안,승용,남,54세,상해없음,보행자,여,66세,중상
2015050500100199,2015년 5월 5일 11시,화요일,경상남도 김해시 장유면,중상사고,0,1,1,0,차대차 - 측면직각충돌,안전운전불이행,건조,맑음,단일로 - 기타,승용,남,79세,중상,화물,남,48세,경상
2015050500100231,2015년 5월 5일 12시,화요일,경상남도 남해군 삼동면,중상사고,0,1,0,0,차량단독 - 전도전복,안전운전불이행,건조,맑음,단일로 - 기타,자전거,남,17세,중상,,,,
2015050500100232,2015년 5월 5일 12시,화요일,경상남도 김해시 한림면,중상사고,0,1,0,0,차대차 - 기타,안전운전불이행,건조,맑음,교차로 - 교차로안,승용,남,43세,상해없음,이륜,남,16세,중상
2015050500100270,2015년 5월 5일 13시,화요일,경상남도 사천시 용현면,중상사고,0,1,3,0,차대차 - 추돌 - 주정차중,안전운전불이행,건조,맑음,단일로 - 기타,승용,여,62세,상해없음,승용,남,48세,중상
2015050500100271,2015년 5월 5일 13시,화요일,경상남도 양산시 동면,경상사고,0,0,2,0,차대차 - 측면직각충돌,신호위반,건조,맑음,교차로 - 교차로안,승용,남,31세,상해없음,승용,여,53세,경상
2015050500100301,2015년 5월 5일 14시,화요일,경상남도 김해시 봉황동,경상사고,0,0,1,0,차대차 - 측면직각충돌,안전운전불이행,건조,맑음,교차로 - 교차로안,화물,여,48세,상해없음,자전거,남,11세,상해없음
2015050500100302,2015년 5월 5일 14시,화요일,경상남도 합천군 쌍백면,중상사고,0,1,0,0,차대차 - 측면직각충돌,안전운전불이행,건조,맑음,단일로 - 기타,화물,남,42세,상해없음,이륜,남,59세,중상
2015050500100303,2015년 5월 5일 14시,화요일,경상남도 거제시 장평동,경상사고,0,0,1,0,차대차 - 추돌 - 진행중,차로위반,건조,맑음,교차로 - 교차로부근,승용,남,30세,상해없음,승용,남,44세,경상
2015050500100338,2015년 5월 5일 15시,화요일,경상남도 양산시 하북면,경상사고,0,0,2,0,차대차 - 측면직각충돌,신호위반,건조,맑음,교차로 - 교차로안,승용,남,55세,상해없음,승합,남,54세,경상
2015050500100339,2015년 5월 5일 15시,화요일,경상남도 양산시 남부동,부상신고사고,0,0,0,1,차대차 - 기타,교차로운행방법위반,건조,맑음,교차로 - 교차로안,승용,남,60세,상해없음,승용,남,59세,부상신고
2015050500100340,2015년 5월 5일 15시,화요일,경상남도 거제시 일운면,중상사고,0,1,0,0,차대차 - 추돌 - 진행중,차로위반,건조,맑음,단일로 - 기타,승용,남,22세,상해없음,승용,남,43세,상해없음
2015050500100378,2015년 5월 5일 16시,화요일,경상남도 통영시 미수동,중상사고,0,1,0,0,차대사람 - 길가장자리구역통행중,안전운전불이행,건조,맑음,단일로 - 기타,화물,남,57세,상해없음,보행자,남,64세,중상
2015050500100418,2015년 5월 5일 17시,화요일,경상남도 거제시 고현동,경상사고,0,0,1,0,차대차 - 추돌 - 진행중,교차로운행방법위반,건조,맑음,교차로 - 교차로안,이륜,남,28세,상해없음,승용,남,60세,상해없음
2015050500100419,2015년 5월 5일 17시,화요일,경상남도 김해시 장유면,사망사고,1,0,0,0,차대차 - 기타,안전운전불이행,건조,맑음,단일로 - 교량,승용,여,58세,상해없음,자전거,남,77세,사망
2015050500100451,2015년 5월 5일 18시,화요일,경상남도 양산시 북정동,중상사고,0,1,0,0,차대차 - 측면직각충돌,교차로운행방법위반,건조,맑음,교차로 - 교차로안,화물,남,62세,상해없음,원동기,남,17세,중상
2015050500100480,2015년 5월 5일 19시,화요일,경상남도 진주시 초전동,중상사고,0,1,0,0,차대차 - 측면직각충돌,신호위반,건조,맑음,교차로 - 교차로안,이륜,남,18세,중상,승용,여,48세,상해없음
2015050500100481,2015년 5월 5일 19시,화요일,경상남도 거제시 고현동,경상사고,0,0,1,0,차대차 - 추돌 - 진행중,안전운전불이행,건조,맑음,단일로 - 기타,승용,여,27세,상해없음,승용,여,32세,경상
2015050500100482,2015년 5월 5일 19시,화요일,경상남도 창원시 의창구 동읍,중상사고,0,1,4,0,차대차 - 추돌 - 진행중,안전운전불이행,건조,맑음,단일로 - 기타,화물,남,48세,상해없음,승용,남,67세,중상
2015050500100510,2015년 5월 5일 20시,화요일,경상남도 진주시 인사동,중상사고,0,1,0,0,차대사람 - 횡단중,안전운전불이행,건조,맑음,단일로 - 기타,승용,남,31세,상해없음,보행자,여,83세,중상
2015050500100511,2015년 5월 5일 20시,화요일,경상남도 진주시 상대동,중상사고,0,1,0,0,차대차 - 측면직각충돌,신호위반,건조,맑음,교차로 - 교차로안,이륜,여,52세,중상,승용,남,48세,상해없음
2015050500100512,2015년 5월 5일 20시,화요일,경상남도 창원시 진해구 용원동,경상사고,0,0,1,0,차대차 - 측면직각충돌,안전거리미확보,건조,맑음,교차로 - 교차로부근,승용,남,32세,상해없음,원동기,남,16세,경상
2015050500100513,2015년 5월 5일 20시,화요일,경상남도 창원시 성산구 성주동,경상사고,0,0,1,0,차대차 - 추돌 - 진행중,신호위반,건조,맑음,교차로 - 교차로안,원동기,남,20세,상해없음,승용,남,55세,경상
2015050500100514,2015년 5월 5일 20시,화요일,경상남도 창원시 마산회원구 석전동,경상사고,0,0,2,0,차대차 - 측면직각충돌,안전운전불이행,건조,맑음,단일로 - 기타,승용,남,48세,상해없음,승용,남,35세,경상
2015050500100542,2015년 5월 5일 21시,화요일,경상남도 창원시 진해구 화천동,중상사고,0,1,0,0,차대사람 - 횡단중,중앙선침범,건조,맑음,단일로 - 횡단보도부근,승용,여,33세,상해없음,보행자,남,60세,중상
2015050500100543,2015년 5월 5일 21시,화요일,경상남도 통영시 산양읍,중상사고,0,2,0,0,차대차 - 정면충돌,중앙선침범,건조,맑음,단일로 - 기타,승용,남,35세,상해없음,승합,남,44세,중상
2015050500100544,2015년 5월 5일 21시,화요일,경상남도 합천군 초계면,중상사고,0,1,0,0,차량단독 - 공작물충돌,기타,건조,맑음,단일로 - 기타,이륜,남,71세,중상,,,,
2015050500100545,2015년 5월 5일 21시,화요일,경상남도 산청군 단성면,중상사고,0,5,1,0,차대차 - 정면충돌,중앙선침범,건조,맑음,단일로 - 기타,승용,남,44세,상해없음,승용,남,30세,중상
2015050500100546,2015년 5월 5일 21시,화요일,경상남도 창원시 의창구 동읍,중상사고,0,1,0,0,차대차 - 측면직각충돌,안전운전불이행,건조,맑음,단일로 - 기타,화물,남,57세,상해없음,이륜,남,16세,중상
2015050500100566,2015년 5월 5일 22시,화요일,경상남도 거제시 아주동,경상사고,0,0,1,0,차대사람 - 횡단중,안전운전불이행,건조,맑음,단일로 - 기타,승용,남,72세,상해없음,보행자,남,22세,경상
2015050500100581,2015년 5월 5일 23시,화요일,경상남도 양산시 물금읍,부상신고사고,0,0,0,1,차대차 - 추돌 - 진행중,안전거리미확보,건조,맑음,단일로 - 기타,승용,남,24세,상해없음,승용,여,54세,부상신고
2015050600100013,2015년 5월 6일 00시,수요일,경상남도 김해시 진영읍,중상사고,0,1,0,0,차대차 - 측면직각충돌,신호위반,건조,맑음,교차로 - 교차로안,화물,남,59세,상해없음,승용,남,58세,중상
2015050600100085,2015년 5월 6일 07시,수요일,경상남도 창원시 의창구 대산면,중상사고,0,1,0,0,차대차 - 추돌 - 진행중,안전운전불이행,건조,맑음,단일로 - 기타,승용,남,24세,상해없음,이륜,남,71세,중상
2015050600100131,2015년 5월 6일 08시,수요일,경상남도 창원시 마산회원구 구암동,중상사고,0,1,0,0,차대차 - 측면직각충돌,신호위반,건조,맑음,교차로 - 교차로안,화물,남,44세,상해없음,승용,남,58세,중상
2015050600100194,2015년 5월 6일 10시,수요일,경상남도 양산시 중부동,경상사고,0,0,1,0,차대차 - 측면직각충돌,안전거리미확보,건조,맑음,단일로 - 기타,승용,남,37세,경상,화물,남,37세,상해없음
2015050600100219,2015년 5월 6일 11시,수요일,경상남도 창원시 진해구 용원동,경상사고,0,0,1,0,차대차 - 측면직각충돌,신호위반,건조,흐림,교차로 - 교차로안,화물,남,32세,상해없음,화물,남,57세,경상
2015050600100281,2015년 5월 6일 13시,수요일,경상남도 진주시 이현동,경상사고,0,0,1,0,차대차 - 기타,신호위반,건조,맑음,교차로 - 교차로안,화물,남,46세,상해없음,승용,남,32세,경상
2015050600100308,2015년 5월 6일 14시,수요일,경상남도 창원시 마산회원구 석전동,중상사고,0,1,0,0,차대사람 - 횡단중,안전운전불이행,건조,맑음,교차로 - 교차로부근,승용,남,46세,상해없음,보행자,여,10세,중상
2015050600100309,2015년 5월 6일 14시,수요일,경상남도 김해시 진영읍,중상사고,0,1,0,0,차대차 - 측면직각충돌,교차로운행방법위반,건조,맑음,교차로 - 교차로안,승합,여,44세,상해없음,자전거,여,16세,중상
2015050600100310,2015년 5월 6일 14시,수요일,경상남도 김해시 장유면,경상사고,0,0,1,0,차대차 - 추돌 - 주정차중,안전운전불이행,건조,맑음,단일로 - 기타,건설기계,남,43세,상해없음,승용,남,25세,경상
2015050600100354,2015년 5월 6일 15시,수요일,경상남도 사천시 송포동,경상사고,0,0,1,0,차대사람 - 횡단중,보행자보호의무위반,건조,맑음,단일로 - 기타,화물,남,58세,상해없음,보행자,여,11세,경상
2015050600100355,2015년 5월 6일 15시,수요일,경상남도 창녕군 남지읍,사망사고,1,0,0,0,차대사람 - 기타,안전운전불이행,건조,맑음,단일로 - 기타,화물,남,31세,상해없음,보행자,남,56세,사망
2015050600100356,2015년 5월 6일 15시,수요일,경상남도 거제시 하청면,경상사고,0,0,1,0,차대차 - 기타,중앙선침범,건조,맑음,단일로 - 기타,화물,남,40세,상해없음,승용,남,63세,경상
2015050600100389,2015년 5월 6일 16시,수요일,경상남도 거제시 연초면,경상사고,0,0,1,0,차대차 - 기타,안전거리미확보,건조,맑음,단일로 - 기타,승용,여,35세,상해없음,승용,여,43세,경상
2015050600100423,2015년 5월 6일 17시,수요일,경상남도 함양군 함양읍,중상사고,0,1,0,0,차대차 - 측면직각충돌,교차로운행방법위반,건조,맑음,교차로 - 교차로안,화물,남,44세,상해없음,자전거,여,65세,중상
2015050600100424,2015년 5월 6일 17시,수요일,경상남도 양산시 중부동,부상신고사고,0,0,0,1,차대차 - 기타,안전운전불이행,건조,맑음,교차로 - 교차로안,화물,남,65세,상해없음,원동기,남,26세,부상신고
2015050600100425,2015년 5월 6일 17시,수요일,경상남도 하동군 진교면,중상사고,0,1,1,0,차대차 - 기타,안전운전불이행,건조,맑음,교차로 - 교차로안,승용,남,59세,상해없음,이륜,남,61세,중상
2015050600100462,2015년 5월 6일 18시,수요일,경상남도 창원시 진해구 용원동,경상사고,0,0,1,0,차대차 - 정면충돌,교차로운행방법위반,건조,맑음,교차로 - 교차로안,원동기,남,38세,상해없음,승용,여,33세,경상
2015050600100502,2015년 5월 6일 19시,수요일,경상남도 창원시 마산합포구 신포동2가,중상사고,0,1,0,0,차대차 - 측면직각충돌,교차로운행방법위반,건조,맑음,교차로 - 교차로안,승용,여,43세,상해없음,화물,남,66세,상해없음
2015050600100503,2015년 5월 6일 19시,수요일,경상남도 진주시 가좌동,중상사고,0,1,0,0,차대사람 - 횡단중,안전운전불이행,건조,맑음,교차로 - 교차로안,승용,남,54세,상해없음,보행자,남,61세,중상
2015050600100573,2015년 5월 6일 21시,수요일,경상남도 진주시 호탄동,중상사고,0,1,1,2,차대차 - 측면직각충돌,직진우회전진행방해,건조,맑음,교차로 - 교차로안,승용,여,42세,경상,승용,남,56세,중상
2015050600100574,2015년 5월 6일 21시,수요일,경상남도 김해시 한림면,중상사고,0,1,0,0,차량단독 - 전도전복,안전운전불이행,건조,맑음,단일로 - 기타,이륜,남,58세,중상,,,,
2015050600100599,2015년 5월 6일 22시,수요일,경상남도 거제시 장승포동,중상사고,0,1,0,0,차대차 - 기타,중앙선침범,건조,맑음,단일로 - 기타,승용,남,50세,상해없음,자전거,남,43세,중상
2015050600100628,2015년 5월 6일 23시,수요일,경상남도 김해시 불암동,경상사고,0,0,1,0,차대사람 - 횡단중,안전운전불이행,건조,맑음,단일로 - 기타,승용,남,39세,상해없음,보행자,남,16세,경상
2015050700100017,2015년 5월 7일 00시,목요일,경상남도 진주시 초전동,중상사고,0,5,1,0,차대차 - 측면직각충돌,신호위반,건조,맑음,교차로 - 교차로안,승용,남,46세,중상,승용,남,48세,경상
2015050700100047,2015년 5월 7일 02시,목요일,경상남도 김해시 진영읍,중상사고,0,1,1,0,차량단독 - 공작물충돌,안전운전불이행,건조,맑음,단일로 - 기타,승용,남,24세,경상,,,,
2015050700100080,2015년 5월 7일 06시,목요일,경상남도 함안군 법수면,경상사고,0,0,1,0,차량단독 - 기타,안전운전불이행,건조,맑음,교차로 - 교차로부근,승용,남,54세,상해없음,,,,
2015050700100106,2015년 5월 7일 07시,목요일,경상남도 통영시 광도면,경상사고,0,0,1,0,차대차 - 정면충돌,중앙선침범,건조,맑음,단일로 - 교량,승용,남,49세,상해없음,승용,남,40세,경상
2015050700100142,2015년 5월 7일 08시,목요일,경상남도 진주시 봉래동,경상사고,0,0,1,0,차대사람 - 횡단중,안전운전불이행,건조,맑음,단일로 - 기타,자전거,남,75세,상해없음,보행자,여,71세,경상
2015050700100143,2015년 5월 7일 08시,목요일,경상남도 통영시 항남동,중상사고,0,1,0,0,차대사람 - 보도통행중,보행자보호의무위반,건조,맑음,교차로 - 교차로부근,승용,남,54세,상해없음,보행자,여,52세,중상
2015050700100144,2015년 5월 7일 08시,목요일,경상남도 양산시 명동,중상사고,0,1,0,0,차대사람 - 기타,안전운전불이행,건조,맑음,교차로 - 교차로부근,승용,여,43세,상해없음,보행자,여,13세,중상
2015050700100171,2015년 5월 7일 09시,목요일,경상남도 함양군 유림면,중상사고,0,1,0,0,차대차 - 측면직각충돌,기타,건조,맑음,단일로 - 기타,승용,여,56세,상해없음,원동기,남,63세,중상
2015050700100199,2015년 5월 7일 10시,목요일,경상남도 창원시 마산합포구 진전면,중상사고,0,2,2,0,차대차 - 기타,안전거리미확보,건조,맑음,단일로 - 기타,승용,여,48세,경상,건설기계,남,30세,상해없음
2015050700100230,2015년 5월 7일 11시,목요일,경상남도 김해시 부원동,경상사고,0,0,1,0,차대사람 - 기타,안전운전불이행,건조,맑음,단일로 - 기타,승용,남,57세,상해없음,보행자,여,60세,경상
2015050700100254,2015년 5월 7일 12시,목요일,경상남도 창원시 진해구 이동,경상사고,0,0,1,0,차대차 - 추돌 - 진행중,안전거리미확보,건조,맑음,교차로 - 교차로부근,승용,남,48세,상해없음,승용,여,39세,경상
2015050700100291,2015년 5월 7일 13시,목요일,경상남도 창원시 마산합포구 산호동,중상사고,0,1,0,0,차대차 - 측면직각충돌,신호위반,건조,맑음,교차로 - 교차로안,승용,남,61세,상해없음,승용,남,44세,중상
2015050700100320,2015년 5월 7일 14시,목요일,경상남도 김해시 안동,경상사고,0,0,1,0,차대차 - 기타,안전운전불이행,건조,맑음,단일로 - 기타,건설기계,남,33세,상해없음,자전거,남,63세,경상
2015050700100354,2015년 5월 7일 15시,목요일,경상남도 창녕군 대합면,중상사고,0,1,0,0,차대차 - 추돌 - 진행중,안전운전불이행,건조,맑음,단일로 - 기타,화물,남,55세,상해없음,농기계,남,77세,중상
2015050700100401,2015년 5월 7일 16시,목요일,경상남도 사천시 용현면,사망사고,1,0,0,0,차량단독 - 전도전복,안전운전불이행,건조,맑음,단일로 - 기타,이륜,남,80세,사망,,,,
2015050700100451,2015년 5월 7일 17시,목요일,경상남도 거제시 장승포동,경상사고,0,0,1,0,차대차 - 추돌 - 주정차중,안전운전불이행,건조,맑음,단일로 - 기타,승용,여,27세,상해없음,승용,여,33세,상해없음
2015050700100489,2015년 5월 7일 18시,목요일,경상남도 양산시 산막동,중상사고,0,1,1,0,차대차 - 측면직각충돌,직진우회전진행방해,건조,맑음,교차로 - 교차로안,승용,남,41세,중상,승용,여,28세,경상
2015050700100616,2015년 5월 7일 22시,목요일,경상남도 진주시 금산면,경상사고,0,0,1,0,차대사람 - 길가장자리구역통행중,안전운전불이행,건조,맑음,단일로 - 기타,승용,기타불명,기타불명,기타불명,보행자,남,61세,경상
2015050700100617,2015년 5월 7일 22시,목요일,경상남도 창원시 성산구 반림동,중상사고,0,1,0,0,차량단독 - 공작물충돌,기타,건조,맑음,단일로 - 기타,원동기,남,43세,중상,,,,
2015050800100027,2015년 5월 8일 01시,금요일,경상남도 김해시 부원동,중상사고,0,1,1,0,차대차 - 측면직각충돌,안전운전불이행,건조,맑음,단일로 - 기타,승용,여,23세,상해없음,승용,남,55세,경상
2015050800100045,2015년 5월 8일 03시,금요일,경상남도 김해시 대동면,중상사고,0,1,0,0,차대차 - 기타,안전운전불이행,건조,맑음,단일로 - 기타,승용,남,33세,상해없음,화물,남,31세,중상
2015050800100058,2015년 5월 8일 04시,금요일,경상남도 김해시 어방동,중상사고,0,1,0,0,차대사람 - 횡단중,안전운전불이행,건조,맑음,교차로 - 교차로안,승용,남,52세,상해없음,보행자,여,57세,중상
2015050800100085,2015년 5월 8일 06시,금요일,경상남도 거제시 아주동,중상사고,0,1,0,0,차대차 - 기타,기타,건조,맑음,단일로 - 기타,승용,남,41세,상해없음,자전거,남,35세,중상
2015050800100086,2015년 5월 8일 06시,금요일,경상남도 거제시 옥포동,경상사고,0,0,1,0,차대차 - 기타,교차로운행방법위반,건조,맑음,교차로 - 교차로안,자전거,남,25세,상해없음,이륜,남,41세,경상
2015050800100104,2015년 5월 8일 07시,금요일,경상남도 거제시 연초면,중상사고,0,1,0,0,차대차 - 정면충돌,중앙선침범,건조,맑음,단일로 - 기타,이륜,남,52세,상해없음,자전거,남,49세,중상
2015050800100142,2015년 5월 8일 08시,금요일,경상남도 진주시 사봉면,중상사고,0,1,0,0,차대차 - 기타,안전운전불이행,건조,맑음,단일로 - 기타,화물,남,49세,상해없음,이륜,남,75세,중상
2015050800100143,2015년 5월 8일 08시,금요일,경상남도 합천군 삼가면,중상사고,0,1,0,0,차대차 - 추돌 - 진행중,안전거리미확보,건조,맑음,단일로 - 기타,승용,남,49세,상해없음,원동기,여,67세,중상
2015050800100144,2015년 5월 8일 08시,금요일,경상남도 고성군 고성읍,경상사고,0,0,1,0,차대차 - 추돌 - 진행중,안전거리미확보,건조,맑음,단일로 - 기타,승용,남,32세,상해없음,승용,남,57세,상해없음
2015050800100190,2015년 5월 8일 09시,금요일,경상남도 통영시 서호동,중상사고,0,1,0,0,차대사람 - 기타,안전운전불이행,건조,맑음,단일로 - 기타,화물,남,58세,상해없음,보행자,남,72세,중상
2015050800100191,2015년 5월 8일 09시,금요일,경상남도 양산시 명동,경상사고,0,0,1,2,차대차 - 기타,안전운전불이행,건조,맑음,단일로 - 기타,건설기계,남,54세,상해없음,승용,여,34세,경상
2015050800100192,2015년 5월 8일 09시,금요일,경상남도 남해군 창선면,중상사고,0,1,0,0,차량단독 - 공작물충돌,기타,건조,맑음,단일로 - 기타,승용,여,51세,중상,,,,