사고번호,사고일시,요일,시군구,사고내용,사망자수,중상자수,경상자수,부상신고자수,사고유형,법규위반,노면상태,기상상태,도로형태,가해운전자 차종,가해운전자 성별,가해운전자 연령,가해운전자 상해정도,피해운전자 차종,피해운전자 성별,피해운전자 연령,피해운전자 상해정도
2015050800100219,2015년 5월 8일 10시,금요일,경상남도 김해시 대동면,중상사고,0,1,0,0,차대차 - 기타,중앙선침범,건조,맑음,단일로 - 기타,건설기계,남,51세,상해없음,건설기계,남,58세,중상
2015050800100228,2015년 5월 8일 11시,금요일,경상남도 양산시 동면,경상사고,0,0,1,0,차대차 - 측면직각충돌,차로위반,건조,맑음,단일로 - 기타,화물,남,54세,상해없음,승용,여,50세,경상
2015050800100245,2015년 5월 8일 11시,금요일,경상남도 창원시 진해구 여좌동,경상사고,0,0,2,0,차대차 - 추돌 - 주정차중,안전운전불이행,건조,맑음,교차로 - 교차로부근,승용,남,60세,상해없음,승용,여,33세,경상
2015050800100246,2015년 5월 8일 11시,금요일,경상남도 김해시 구산동,중상사고,0,1,1,0,차대차 - 추돌 - 진행중,안전운전불이행,건조,맑음,단일로 - 기타,승용,남,54세,상해없음,승합,남,40세,중상
2015050800100298,2015년 5월 8일 13시,금요일,경상남도 창녕군 창녕읍,중상사고,0,1,0,0,차대차 - 정면충돌,교차로운행방법위반,건조,맑음,교차로 - 교차로안,승용,여,51세,상해없음,원동기,남,69세,중상
2015050800100299,2015년 5월 8일 13시,금요일,경상남도 창원시 마산회원구 석전동,중상사고,0,1,1,0,차대차 - 측면직각충돌,신호위반,건조,맑음,교차로 - 교차로안,승용,여,57세,상해없음,승용,여,49세,중상
2015050800100300,2015년 5월 8일 13시,금요일,경상남도 김해시 진영읍,중상사고,0,1,0,0,차대차 - 기타,안전운전불이행,건조,맑음,단일로 - 기타,화물,남,28세,상해없음,이륜,여,54세,중상
2015050800100326,2015년 5월 8일 14시,금요일,경상남도 진주시 금산면,중상사고,0,1,0,0,차대차 - 측면직각충돌,안전운전불이행,건조,맑음,단일로 - 기타,승용,여,50세,상해없음,이륜,남,51세,중상
2015050800100327,2015년 5월 8일 14시,금요일,경상남도 거창군 거창읍,중상사고,0,1,0,0,차대차 - 측면직각충돌,신호위반,건조,맑음,교차로 - 교차로안,승합,남,54세,상해없음,원동기,여,69세,중상
2015050800100328,2015년 5월 8일 14시,금요일,경상남도 남해군 삼동면,중상사고,0,1,2,0,차대차 - 추돌 - 진행중,안전운전불이행,건조,맑음,단일로 - 기타,승용,남,26세,상해없음,승용,남,65세,중상
2015050800100408,2015년 5월 8일 16시,금요일,경상남도 김해시 지내동,경상사고,0,0,1,0,차대차 - 추돌 - 진행중,안전운전불이행,건조,맑음,교차로 - 교차로부근,이륜,여,50세,경상,승용,남,50세,상해없음
2015050800100409,2015년 5월 8일 16시,금요일,경상남도 고성군 대가면,사망사고,1,0,0,0,차대사람 - 기타,안전운전불이행,건조,맑음,단일로 - 기타,승용,남,65세,상해없음,보행자,여,90세 이상,사망
2015050800100410,2015년 5월 8일 16시,금요일,경상남도 거제시 고현동,경상사고,0,0,1,0,차대차 - 추돌 - 주정차중,교차로운행방법위반,건조,맑음,교차로 - 교차로부근,승합,남,55세,상해없음,승용,남,56세,경상
2015050800100411,2015년 5월 8일 16시,금요일,경상남도 창원시 마산회원구 봉암동,중상사고,0,1,3,0,차대차 - 추돌 - 주정차중,안전운전불이행,건조,맑음,기타 - 기타,승용,남,50세,상해없음,승용,여,45세,경상
2015050800100450,2015년 5월 8일 17시,금요일,경상남도 진주시 상대동,중상사고,0,2,0,0,차대차 - 추돌 - 진행중,안전운전불이행,건조,맑음,단일로 - 기타,승용,여,48세,상해없음,승용,남,32세,중상
2015050800100451,2015년 5월 8일 17시,금요일,경상남도 진주시 칠암동,중상사고,0,1,0,0,차대차 - 기타,안전운전불이행,건조,맑음,기타 - 기타,이륜,남,69세,상해없음,자전거,여,26세,중상
2015050800100452,2015년 5월 8일 17시,금요일,경상남도 양산시 원동면,경상사고,0,0,1,0,차대차 - 기타,중앙선침범,건조,맑음,단일로 - 기타,승용,남,48세,상해없음,승용,여,42세,경상
2015050800100453,2015년 5월 8일 17시,금요일,경상남도 창원시 성산구 외동,중상사고,0,1,0,0,차대차 - 기타,안전운전불이행,건조,맑음,단일로 - 기타,화물,남,65세,상해없음,건설기계,남,49세,중상
2015050800100454,2015년 5월 8일 17시,금요일,경상남도 창원시 마산회원구 석전동,중상사고,0,1,0,0,차대사람 - 횡단중,안전운전불이행,건조,맑음,단일로 - 기타,승합,남,42세,상해없음,보행자,여,65세,중상
2015050800100488,2015년 5월 8일 18시,금요일,경상남도 거제시 상동동,경상사고,0,0,1,0,차대차 - 추돌 - 진행중,안전거리미확보,건조,맑음,단일로 - 기타,승용,남,30세,상해없음,승용,남,34세,경상
2015050800100489,2015년 5월 8일 18시,금요일,경상남도 거제시 고현동,경상사고,0,0,1,0,차대차 - 측면직각충돌,교차로운행방법위반,건조,맑음,교차로 - 교차로안,승용,남,29세,상해없음,이륜,남,26세,경상
2015050800100490,2015년 5월 8일 18시,금요일,경상남도 의령군 부림면,경상사고,0,0,3,0,차대차 - 측면직각충돌,신호위반,건조,맑음,교차로 - 교차로안,승용,여,65세,경상,승용,여,23세,경상
2015050800100540,2015년 5월 8일 19시,금요일,경상남도 진주시 금산면,중상사고,0,1,2,0,차대차 - 추돌 - 주정차중,안전운전불이행,건조,맑음,단일로 - 기타,화물,남,52세,상해없음,승용,남,42세,중상
2015050800100592,2015년 5월 8일 20시,금요일,경상남도 밀양시 가곡동,중상사고,0,4,0,0,차대차 - 측면직각충돌,교차로운행방법위반,건조,맑음,교차로 - 교차로부근,승용,남,31세,상해없음,승용,남,63세,중상
2015050800100628,2015년 5월 8일 21시,금요일,경상남도 하동군 양보면,경상사고,0,0,2,0,차대차 - 정면충돌,중앙선침범,건조,맑음,단일로 - 기타,승용,남,63세,상해없음,승용,남,55세,경상
2015050800100629,2015년 5월 8일 21시,금요일,경상남도 거제시 고현동,경상사고,0,0,1,0,차대차 - 기타,기타,건조,맑음,단일로 - 기타,승용,남,37세,상해없음,승용,남,36세,경상
2015050800100649,2015년 5월 8일 22시,금요일,경상남도 사천시 향촌동,중상사고,0,1,0,0,차대차 - 정면충돌,중앙선침범,건조,맑음,교차로 - 교차로부근,승용,여,58세,상해없음,원동기,남,35세,중상
2015050800100650,2015년 5월 8일 22시,금요일,경상남도 창원시 성산구 삼정자동,중상사고,0,2,0,0,차대차 - 기타,안전거리미확보,건조,맑음,미분류 - 미분류,화물,남,65세,상해없음,승용,여,24세,중상
2015050900100017,2015년 5월 9일 00시,토요일,경상남도 창원시 성산구 가음정동,경상사고,0,0,1,0,차대차 - 기타,안전운전불이행,건조,맑음,단일로 - 기타,승용,남,50세,상해없음,자전거,남,34세,경상
2015050900100044,2015년 5월 9일 01시,토요일,경상남도 김해시 삼계동,경상사고,0,0,1,0,차대사람 - 횡단중,신호위반,건조,흐림,교차로 - 교차로부근,화물,여,43세,상해없음,보행자,남,38세,경상
2015050900100051,2015년 5월 9일 02시,토요일,경상남도 창원시 의창구 명서동,경상사고,0,0,1,0,차대사람 - 기타,안전운전불이행,습기,비,단일로 - 기타,승용,기타불명,기타불명,기타불명,보행자,여,22세,경상
2015050900100070,2015년 5월 9일 04시,토요일,경상남도 김해시 장유면,중상사고,0,1,0,0,차대차 - 기타,안전운전불이행,건조,맑음,교차로 - 교차로부근,자전거,남,46세,중상,승용,남,51세,상해없음
2015050900100080,2015년 5월 9일 05시,토요일,경상남도 창원시 마산합포구 완월동,경상사고,0,0,1,0,차대차 - 추돌 - 진행중,안전운전불이행,건조,맑음,단일로 - 기타,승용,여,65세,상해없음,승용,남,71세,경상
2015050900100095,2015년 5월 9일 06시,토요일,경상남도 통영시 광도면,중상사고,0,1,1,0,차대차 - 측면직각충돌,신호위반,건조,맑음,교차로 - 교차로안,승용,남,39세,상해없음,화물,남,55세,중상
2015050900100096,2015년 5월 9일 06시,토요일,경상남도 김해시 외동,중상사고,0,1,0,1,차대차 - 측면직각충돌,안전거리미확보,건조,맑음,교차로 - 교차로부근,승용,여,44세,부상신고,승용,남,29세,중상
2015050900100097,2015년 5월 9일 06시,토요일,경상남도 거제시 사등면,중상사고,0,2,0,0,차대차 - 기타,안전운전불이행,건조,맑음,단일로 - 기타,승용,남,23세,중상,승용,남,45세,중상
2015050900100098,2015년 5월 9일 06시,토요일,경상남도 거제시 장평동,경상사고,0,0,2,0,차대차 - 기타,직진우회전진행방해,기타,맑음,교차로 - 교차로안,이륜,여,45세,경상,승용,남,35세,경상
2015050900100139,2015년 5월 9일 08시,토요일,경상남도 진주시 이현동,경상사고,0,0,2,0,차대차 - 기타,안전운전불이행,건조,맑음,단일로 - 기타,승용,남,74세,경상,승용,남,76세,상해없음
2015050900100140,2015년 5월 9일 08시,토요일,경상남도 창원시 성산구 가음정동,중상사고,0,4,0,0,차대차 - 측면직각충돌,안전운전불이행,건조,맑음,단일로 - 기타,건설기계,남,51세,상해없음,승용,여,54세,중상
2015050900100172,2015년 5월 9일 09시,토요일,경상남도 함안군 가야읍,중상사고,0,1,0,0,차대차 - 기타,신호위반,건조,맑음,교차로 - 교차로안,승합,남,55세,상해없음,자전거,남,6세,중상
2015050900100173,2015년 5월 9일 09시,토요일,경상남도 함안군 칠원읍,경상사고,0,0,1,0,차대사람 - 기타,안전운전불이행,건조,맑음,기타 - 기타,화물,여,45세,상해없음,보행자,남,74세,경상
2015050900100200,2015년 5월 9일 10시,토요일,경상남도 산청군 생초면,중상사고,0,1,0,0,차대사람 - 차도통행중,기타,건조,맑음,단일로 - 기타,화물,여,58세,상해없음,보행자,남,72세,중상
2015050900100240,2015년 5월 9일 11시,토요일,경상남도 통영시 서호동,중상사고,0,1,0,0,차대사람 - 횡단중,보행자보호의무위반,건조,맑음,단일로 - 횡단보도상,화물,남,32세,상해없음,보행자,여,76세,중상
2015050900100241,2015년 5월 9일 11시,토요일,경상남도 창원시 의창구 동읍,중상사고,0,1,4,0,차대차 - 기타,안전운전불이행,건조,맑음,단일로 - 기타,승용,남,33세,상해없음,승용,남,55세,상해없음
2015050900100282,2015년 5월 9일 12시,토요일,경상남도 양산시 동면,중상사고,0,1,0,0,차대차 - 기타,신호위반,건조,맑음,교차로 - 교차로안,승합,여,45세,상해없음,승용,남,33세,중상
2015050900100283,2015년 5월 9일 12시,토요일,경상남도 창원시 마산회원구 봉암동,경상사고,0,0,5,0,차대차 - 추돌 - 진행중,안전운전불이행,건조,맑음,단일로 - 기타,승용,남,31세,상해없음,승용,남,25세,경상
2015050900100328,2015년 5월 9일 13시,토요일,경상남도 밀양시 내이동,경상사고,0,0,2,0,차대차 - 추돌 - 주정차중,안전거리미확보,건조,맑음,교차로 - 교차로부근,승용,여,59세,상해없음,승용,여,37세,경상
2015050900100329,2015년 5월 9일 13시,토요일,경상남도 창녕군 부곡면,사망사고,3,9,0,0,차량단독 - 공작물충돌,안전운전불이행,건조,맑음,단일로 - 기타,승합,남,73세,사망,,,,
2015050900100330,2015년 5월 9일 13시,토요일,경상남도 창녕군 이방면,중상사고,0,1,0,0,차대차 - 추돌 - 진행중,안전운전불이행,건조,맑음,단일로 - 기타,원동기,남,76세,중상,승용,남,40세,상해없음
2015050900100376,2015년 5월 9일 14시,토요일,경상남도 진주시 옥봉동,경상사고,0,0,2,0,차대차 - 추돌 - 주정차중,안전운전불이행,건조,맑음,단일로 - 기타,승용,남,70세,상해없음,승용,남,32세,경상
2015050900100377,2015년 5월 9일 14시,토요일,경상남도 거제시 고현동,중상사고,0,1,0,0,차대차 - 측면직각충돌,교차로운행방법위반,건조,맑음,교차로 - 교차로안,원동기,남,17세,기타불명,승용,남,25세,상해없음
2015050900100407,2015년 5월 9일 15시,토요일,경상남도 양산시 주남동,경상사고,0,0,2,0,차대차 - 기타,신호위반,건조,맑음,교차로 - 교차로안,화물,남,21세,상해없음,화물,남,42세,경상
2015050900100450,2015년 5월 9일 16시,토요일,경상남도 창원시 마산합포구 월남동1가,경상사고,0,0,2,0,차대차 - 측면직각충돌,안전운전불이행,건조,맑음,단일로 - 기타,승용,여,62세,상해없음,승용,남,25세,경상
2015050900100451,2015년 5월 9일 16시,토요일,경상남도 진주시 집현면,중상사고,0,2,1,0,차량단독 - 전도전복,안전운전불이행,건조,맑음,단일로 - 기타,승합,남,56세,경상,,,,
2015050900100452,2015년 5월 9일 16시,토요일,경상남도 양산시 물금읍,경상사고,0,0,1,0,차대차 - 기타,안전운전불이행,건조,맑음,단일로 - 횡단보도부근,승용,남,53세,상해없음,자전거,남,46세,경상
2015050900100453,2015년 5월 9일 16시,토요일,경상남도 하동군 하동읍,경상사고,0,0,1,0,차대차 - 측면직각충돌,안전운전불이행,건조,맑음,교차로 - 교차로안,승용,남,52세,상해없음,승용,남,47세,경상
2015050900100454,2015년 5월 9일 16시,토요일,경상남도 김해시 장유면,중상사고,0,1,0,0,차대차 - 측면직각충돌,안전운전불이행,건조,맑음,교차로 - 교차로부근,승용,여,46세,상해없음,이륜,남,46세,중상
2015050900100501,2015년 5월 9일 17시,토요일,경상남도 사천시 사천읍,경상사고,0,0,1,0,차대차 - 측면직각충돌,직진우회전진행방해,건조,맑음,교차로 - 교차로안,승용,남,53세,상해없음,원동기,남,61세,경상
2015050900100542,2015년 5월 9일 18시,토요일,경상남도 통영시 사량면,사망사고,1,0,0,0,차량단독 - 전도전복,안전운전불이행,건조,맑음,단일로 - 기타,승용,여,55세,사망,,,,
2015050900100573,2015년 5월 9일 19시,토요일,경상남도 거제시 연초면,중상사고,0,1,0,0,차대차 - 측면직각충돌,교차로운행방법위반,건조,맑음,교차로 - 교차로안,화물,남,66세,상해없음,원동기,남,32세,중상
2015050900100589,2015년 5월 9일 20시,토요일,경상남도 김해시 상동면,중상사고,0,2,0,0,차대차 - 추돌 - 진행중,안전운전불이행,건조,맑음,단일로 - 기타,승용,남,49세,상해없음,승용,여,52세,중상
2015050900100656,2015년 5월 9일 21시,토요일,경상남도 창원시 성산구 상남동,중상사고,0,1,0,0,차대차 - 측면직각충돌,신호위반,건조,맑음,교차로 - 교차로안,승용,여,59세,상해없음,자전거,여,46세,중상
2015050900100689,2015년 5월 9일 22시,토요일,경상남도 창원시 마산합포구 남성동,중상사고,0,1,0,0,차대사람 - 기타,안전운전불이행,건조,맑음,단일로 - 기타,승용,여,45세,상해없음,보행자,남,50세,중상
2015051000100017,2015년 5월 10일 00시,일요일,경상남도 창원시 마산합포구 오동동,경상사고,0,0,1,0,차대사람 - 기타,안전운전불이행,건조,맑음,단일로 - 기타,승용,남,64세,상해없음,보행자,남,46세,경상
2015051000100018,2015년 5월 10일 00시,일요일,경상남도 밀양시 삼문동,경상사고,0,0,1,0,차대차 - 측면직각충돌,안전운전불이행,건조,맑음,단일로 - 기타,승용,남,23세,상해없음,승용,여,44세,경상
2015051000100019,2015년 5월 10일 00시,일요일,경상남도 창원시 마산회원구 합성동,경상사고,0,0,2,0,차대차 - 측면직각충돌,기타,건조,맑음,교차로 - 교차로안,승용,남,46세,상해없음,승용,남,53세,경상
2015051000100054,2015년 5월 10일 02시,일요일,경상남도 거제시 문동동,경상사고,0,0,3,0,차대차 - 기타,안전운전불이행,건조,맑음,단일로 - 기타,승용,남,75세,상해없음,승용,남,40세,경상
2015051000100066,2015년 5월 10일 03시,일요일,경상남도 김해시 부원동,중상사고,0,4,0,0,차대차 - 측면직각충돌,신호위반,건조,맑음,교차로 - 교차로안,승용,기타불명,기타불명,기타불명,승용,남,56세,중상
2015051000100076,2015년 5월 10일 04시,일요일,경상남도 거제시 수월동,중상사고,0,1,0,0,차대사람 - 횡단중,안전운전불이행,건조,맑음,단일로 - 기타,승용,남,19세,상해없음,보행자,여,26세,중상
2015051000100084,2015년 5월 10일 05시,일요일,경상남도 창원시 마산합포구 상남동,부상신고사고,0,0,0,1,차대차 - 추돌 - 주정차중,안전운전불이행,건조,맑음,교차로 - 교차로부근,승용,남,55세,부상신고,승합,남,35세,기타불명
2015051000100109,2015년 5월 10일 07시,일요일,경상남도 양산시 평산동,중상사고,0,1,0,0,차대사람 - 기타,보행자보호의무위반,건조,맑음,단일로 - 기타,승합,남,56세,상해없음,보행자,남,41세,중상
2015051000100151,2015년 5월 10일 09시,일요일,경상남도 밀양시 산외면,경상사고,0,0,2,0,차대차 - 측면직각충돌,안전운전불이행,건조,맑음,단일로 - 기타,승용,남,59세,상해없음,승합,남,59세,경상
2015051000100172,2015년 5월 10일 10시,일요일,경상남도 양산시 하북면,중상사고,0,1,0,0,차대사람 - 기타,안전운전불이행,건조,맑음,단일로 - 기타,자전거,남,46세,상해없음,보행자,여,67세,중상
2015051000100173,2015년 5월 10일 10시,일요일,경상남도 양산시 덕계동,중상사고,0,1,1,2,차대차 - 기타,중앙선침범,건조,맑음,교차로 - 교차로부근,승용,남,77세,상해없음,승용,여,58세,경상
2015051000100208,2015년 5월 10일 11시,일요일,경상남도 창원시 의창구 대원동,경상사고,0,0,1,0,차대차 - 기타,안전운전불이행,건조,맑음,교차로 - 교차로안,화물,남,59세,상해없음,승용,여,41세,경상
2015051000100236,2015년 5월 10일 12시,일요일,경상남도 진주시 중안동,경상사고,0,0,3,0,차대차 - 추돌 - 주정차중,안전운전불이행,건조,맑음,단일로 - 기타,승용,남,37세,상해없음,승용,남,52세,경상
2015051000100237,2015년 5월 10일 12시,일요일,경상남도 양산시 동면,부상신고사고,0,0,0,1,차대차 - 기타,안전운전불이행,건조,맑음,단일로 - 기타,이륜,남,41세,부상신고,승용,남,27세,상해없음
2015051000100267,2015년 5월 10일 13시,일요일,경상남도 밀양시 단장면,사망사고,1,0,0,0,차대사람 - 횡단중,안전운전불이행,건조,맑음,단일로 - 기타,승용,남,26세,상해없음,보행자,여,75세,사망
2015051000100268,2015년 5월 10일 13시,일요일,경상남도 양산시 상북면,경상사고,0,0,1,0,차대차 - 측면직각충돌,안전운전불이행,건조,맑음,단일로 - 기타,승용,남,51세,상해없음,승용,남,47세,경상
2015051000100308,2015년 5월 10일 14시,일요일,경상남도 창원시 의창구 팔용동,중상사고,0,1,0,0,차대차 - 기타,차로위반,건조,맑음,단일로 - 기타,기타불명,기타불명,기타불명,기타불명,원동기,남,47세,중상
2015051000100349,2015년 5월 10일 15시,일요일,경상남도 진주시 하대동,경상사고,0,0,1,0,차대사람 - 기타,안전운전불이행,건조,맑음,단일로 - 기타,승용,여,55세,상해없음,보행자,여,45세,경상
2015051000100350,2015년 5월 10일 15시,일요일,경상남도 거제시 장평동,경상사고,0,0,1,0,차대사람 - 기타,교차로운행방법위반,건조,맑음,교차로 - 교차로부근,승용,남,48세,상해없음,보행자,남,40세,경상
2015051000100380,2015년 5월 10일 16시,일요일,경상남도 함안군 가야읍,중상사고,0,1,1,0,차대사람 - 차도통행중,안전운전불이행,건조,맑음,교차로 - 교차로안,승용,여,28세,상해없음,보행자,남,3세,중상
2015051000100426,2015년 5월 10일 17시,일요일,경상남도 창원시 마산합포구 남성동,경상사고,0,0,1,0,차대차 - 측면직각충돌,신호위반,건조,맑음,교차로 - 교차로안,승용,남,63세,상해없음,승용,남,37세,경상
2015051000100427,2015년 5월 10일 17시,일요일,경상남도 창원시 마산합포구 우산동,중상사고,0,1,0,0,차대차 - 추돌 - 주정차중,안전거리미확보,건조,맑음,단일로 - 기타,승용,남,55세,상해없음,승용,남,30세,중상
2015051000100428,2015년 5월 10일 17시,일요일,경상남도 진주시 신안동,중상사고,0,1,0,0,차대차 - 기타,중앙선침범,건조,맑음,단일로 - 기타,승용,남,44세,상해없음,원동기,남,28세,중상
2015051000100429,2015년 5월 10일 17시,일요일,경상남도 김해시 삼방동,경상사고,0,0,1,0,차대사람 - 기타,안전운전불이행,건조,맑음,단일로 - 기타,승용,남,23세,상해없음,보행자,여,14세,경상
2015051000100430,2015년 5월 10일 17시,일요일,경상남도 양산시 동면,중상사고,0,1,0,0,차대차 - 측면직각충돌,안전거리미확보,건조,맑음,단일로 - 기타,승용,남,59세,상해없음,이륜,남,66세,중상
2015051000100431,2015년 5월 10일 17시,일요일,경상남도 창원시 성산구 상남동,경상사고,0,0,1,0,차대차 - 기타,신호위반,건조,맑음,교차로 - 교차로안,승용,남,31세,상해없음,승용,여,34세,경상
2015051000100432,2015년 5월 10일 17시,일요일,경상남도 김해시 장유면,중상사고,0,1,0,0,차대차 - 측면직각충돌,안전운전불이행,건조,맑음,단일로 - 기타,승용,남,36세,상해없음,승용,남,21세,상해없음
2015051000100458,2015년 5월 10일 18시,일요일,경상남도 사천시 사천읍,중상사고,0,1,0,0,차대차 - 측면직각충돌,안전운전불이행,건조,맑음,교차로 - 교차로부근,승합,남,51세,상해없음,승용,여,46세,상해없음
2015051000100459,2015년 5월 10일 18시,일요일,경상남도 양산시 주진동,중상사고,0,1,0,0,차대차 - 기타,안전운전불이행,건조,맑음,단일로 - 기타,기타불명,기타불명,기타불명,기타불명,자전거,남,53세,중상
2015051000100498,2015년 5월 10일 19시,일요일,경상남도 산청군 단성면,경상사고,0,0,1,0,차대사람 - 길가장자리구역통행중,안전운전불이행,건조,맑음,단일로 - 기타,승용,남,60세,상해없음,보행자,남,62세,경상
2015051000100499,2015년 5월 10일 19시,일요일,경상남도 의령군 지정면,중상사고,0,1,0,0,차량단독 - 전도전복,안전운전불이행,건조,맑음,단일로 - 기타,이륜,남,75세,중상,,,,
2015051000100500,2015년 5월 10일 19시,일요일,경상남도 창원시 마산회원구 내서읍,경상사고,0,0,4,0,차대차 - 추돌 - 주정차중,안전운전불이행,건조,맑음,교차로 - 교차로부근,승용,남,55세,상해없음,승용,남,40세,경상
2015051000100501,2015년 5월 10일 19시,일요일,경상남도 김해시 장유면,중상사고,0,2,0,0,차대차 - 측면직각충돌,신호위반,건조,맑음,교차로 - 교차로안,승용,여,57세,중상,승용,남,46세,중상
2015051000100526,2015년 5월 10일 20시,일요일,경상남도 진주시 상대동,경상사고,0,0,2,0,차대차 - 기타,신호위반,건조,맑음,교차로 - 교차로안,승용,남,66세,상해없음,승용,여,44세,경상
2015051000100527,2015년 5월 10일 20시,일요일,경상남도 창원시 의창구 대원동,중상사고,0,3,0,0,차대차 - 기타,신호위반,건조,맑음,교차로 - 교차로안,화물,남,21세,상해없음,승용,남,35세,중상
2015051000100572,2015년 5월 10일 22시,일요일,경상남도 김해시 지내동,중상사고,0,5,14,0,차대차 - 추돌 - 주정차중,안전운전불이행,건조,맑음,단일로 - 기타,승합,남,54세,상해없음,화물,남,38세,기타불명
2015051000100573,2015년 5월 10일 22시,일요일,경상남도 창원시 마산회원구 내서읍,경상사고,0,0,2,0,차대차 - 추돌 - 주정차중,안전운전불이행,건조,맑음,교차로 - 교차로안,승용,여,45세,상해없음,승용,여,42세,경상
2015051100100072,2015년 5월 11일 06시,월요일,경상남도 창원시 진해구 용원동,중상사고,0,1,0,0,차대차 - 측면직각충돌,신호위반,건조,맑음,교차로 - 교차로안,승용,남,62세,중상,화물,남,46세,상해없음
2015051100100073,2015년 5월 11일 06시,월요일,경상남도 밀양시 초동면,중상사고,0,2,0,0,차대차 - 측면직각충돌,교차로운행방법위반,건조,맑음,교차로 - 교차로안,승용,남,52세,중상,승용,남,46세,중상
2015051100100074,2015년 5월 11일 06시,월요일,경상남도 고성군 동해면,경상사고,0,0,1,0,차대차 - 측면직각충돌,신호위반,건조,맑음,교차로 - 교차로안,승용,남,61세,상해없음,이륜,남,55세,경상
2015051100100075,2015년 5월 11일 06시,월요일,경상남도 거제시 아주동,경상사고,0,0,1,0,차대차 - 기타,안전운전불이행,건조,맑음,단일로 - 기타,승용,남,67세,상해없음,승용,남,36세,경상
2015051100100100,2015년 5월 11일 07시,월요일,경상남도 함안군 군북면,경상사고,0,0,1,0,차대차 - 기타,안전운전불이행,건조,맑음,단일로 - 기타,화물,남,56세,상해없음,승용,여,48세,경상
2015051100100101,2015년 5월 11일 07시,월요일,경상남도 함안군 군북면,경상사고,0,0,1,0,차대차 - 측면직각충돌,안전운전불이행,건조,맑음,교차로 - 교차로부근,이륜,남,79세,경상,승합,남,46세,상해없음
2015051100100135,2015년 5월 11일 08시,월요일,경상남도 창원시 진해구 안골동,중상사고,0,1,0,0,차량단독 - 전도전복,안전운전불이행,건조,맑음,교차로 - 교차로안,원동기,남,46세,중상,,,,
2015051100100136,2015년 5월 11일 08시,월요일,경상남도 김해시 장유면,중상사고,0,1,0,0,차대차 - 측면직각충돌,안전운전불이행,건조,맑음,교차로 - 교차로안,승용,남,50세,상해없음,승용,남,65세,중상
2015051100100175,2015년 5월 11일 09시,월요일,경상남도 밀양시 부북면,중상사고,0,1,0,0,차대차 - 측면직각충돌,교차로운행방법위반,건조,맑음,교차로 - 교차로안,화물,남,42세,상해없음,승용,여,62세,중상
2015051100100176,2015년 5월 11일 09시,월요일,경상남도 창녕군 고암면,중상사고,0,1,0,0,차대차 - 추돌 - 진행중,교차로운행방법위반,건조,맑음,교차로 - 교차로안,승합,남,57세,상해없음,화물,남,48세,중상
2015051100100215,2015년 5월 11일 10시,월요일,경상남도 진주시 중안동,중상사고,0,1,0,0,차대사람 - 차도통행중,안전운전불이행,건조,맑음,단일로 - 기타,화물,남,49세,상해없음,보행자,여,28세,중상
2015051100100216,2015년 5월 11일 10시,월요일,경상남도 김해시 어방동,경상사고,0,0,3,0,차대차 - 측면직각충돌,신호위반,건조,맑음,교차로 - 교차로안,화물,남,57세,경상,승용,남,77세,상해없음
2015051100100217,2015년 5월 11일 10시,월요일,경상남도 김해시 상동면,경상사고,0,0,2,0,차대차 - 정면충돌,안전운전불이행,건조,맑음,단일로 - 기타,화물,남,53세,경상,건설기계,남,40세,경상
2015051100100218,2015년 5월 11일 10시,월요일,경상남도 고성군 마암면,경상사고,0,0,1,0,차대차 - 측면직각충돌,교차로운행방법위반,건조,맑음,교차로 - 교차로안,화물,남,75세,상해없음,화물,남,65세,상해없음
2015051100100219,2015년 5월 11일 10시,월요일,경상남도 의령군 지정면,중상사고,0,1,0,0,차량단독 - 도로외이탈 - 기타,안전운전불이행,건조,맑음,단일로 - 기타,이륜,남,77세,중상,,,,
2015051100100249,2015년 5월 11일 11시,월요일,경상남도 창원시 마산합포구 월남동2가,경상사고,0,0,2,0,차대차 - 측면직각충돌,교차로운행방법위반,건조,맑음,교차로 - 교차로안,승용,여,56세,상해없음,승용,남,66세,경상
2015051100100250,2015년 5월 11일 11시,월요일,경상남도 창원시 진해구 안골동,중상사고,0,1,0,0,차대차 - 측면직각충돌,직진우회전진행방해,건조,맑음,교차로 - 교차로안,화물,남,73세,중상,화물,남,46세,상해없음
2015051100100251,2015년 5월 11일 11시,월요일,경상남도 김해시 외동,중상사고,0,1,0,0,차대차 - 측면직각충돌,안전운전불이행,건조,맑음,단일로 - 기타,승용,남,53세,상해없음,승합,남,55세,상해없음
2015051100100252,2015년 5월 11일 11시,월요일,경상남도 양산시 남부동,중상사고,0,1,0,0,차대사람 - 횡단중,보행자보호의무위반,건조,맑음,단일로 - 횡단보도부근,화물,남,50세,상해없음,보행자,여,77세,중상
2015051100100309,2015년 5월 11일 13시,월요일,경상남도 김해시 동상동,경상사고,0,0,1,0,차대차 - 정면충돌,안전운전불이행,건조,맑음,단일로 - 기타,승용,남,56세,상해없음,승용,남,44세,경상
2015051100100310,2015년 5월 11일 13시,월요일,경상남도 양산시 북정동,중상사고,0,1,0,0,차대차 - 측면직각충돌,교차로운행방법위반,건조,맑음,교차로 - 교차로안,승용,남,64세,상해없음,원동기,남,53세,중상
2015051100100353,2015년 5월 11일 14시,월요일,경상남도 창원시 마산합포구 월남동5가,경상사고,0,0,1,0,차대차 - 측면직각충돌,안전거리미확보,건조,맑음,단일로 - 기타,원동기,남,59세,경상,승용,여,46세,상해없음