사고번호,사고일시,요일,시군구,사고내용,사망자수,중상자수,경상자수,부상신고자수,사고유형,법규위반,노면상태,기상상태,도로형태,가해운전자 차종,가해운전자 성별,가해운전자 연령,가해운전자 상해정도,피해운전자 차종,피해운전자 성별,피해운전자 연령,피해운전자 상해정도
2015051100100354,2015년 5월 11일 14시,월요일,경상남도 진주시 가좌동,경상사고,0,0,1,0,차대차 - 추돌 - 진행중,안전거리미확보,건조,맑음,단일로 - 기타,승용,남,55세,상해없음,승용,남,22세,경상
2015051100100355,2015년 5월 11일 14시,월요일,경상남도 사천시 사천읍,중상사고,0,1,0,0,차대사람 - 횡단중,안전운전불이행,건조,맑음,단일로 - 기타,화물,남,52세,상해없음,보행자,여,61세,중상
2015051100100388,2015년 5월 11일 15시,월요일,경상남도 창원시 마산합포구 구산면,중상사고,0,2,0,0,차대차 - 추돌 - 주정차중,안전거리미확보,건조,흐림,단일로 - 기타,승용,남,46세,상해없음,승용,여,31세,중상
2015051100100389,2015년 5월 11일 15시,월요일,경상남도 김해시 삼계동,부상신고사고,0,0,0,1,차대차 - 추돌 - 진행중,중앙선침범,건조,맑음,단일로 - 기타,이륜,남,66세,부상신고,승용,여,33세,상해없음
2015051100100390,2015년 5월 11일 15시,월요일,경상남도 거창군 거창읍,부상신고사고,0,0,0,1,차대차 - 측면직각충돌,중앙선침범,습기,비,단일로 - 기타,자전거,남,10세,부상신고,승용,여,50세,상해없음
2015051100100391,2015년 5월 11일 15시,월요일,경상남도 창녕군 도천면,경상사고,0,0,2,0,차대차 - 측면직각충돌,불법유턴,건조,맑음,교차로 - 교차로안,화물,남,34세,경상,승용,남,70세,상해없음
2015051100100421,2015년 5월 11일 16시,월요일,경상남도 창원시 진해구 석동,경상사고,0,0,1,0,차대차 - 추돌 - 주정차중,안전거리미확보,습기,비,교차로 - 교차로부근,화물,남,42세,상해없음,승용,여,46세,경상
2015051100100422,2015년 5월 11일 16시,월요일,경상남도 통영시 광도면,중상사고,0,1,0,0,차대차 - 측면직각충돌,직진우회전진행방해,습기,비,교차로 - 교차로안,이륜,남,66세,중상,화물,남,54세,상해없음
2015051100100423,2015년 5월 11일 16시,월요일,경상남도 함양군 함양읍,중상사고,0,1,0,0,차대차 - 측면직각충돌,교차로운행방법위반,습기,비,교차로 - 교차로안,원동기,남,57세,중상,승용,남,36세,상해없음
2015051100100424,2015년 5월 11일 16시,월요일,경상남도 하동군 금성면,경상사고,0,0,2,0,차대차 - 측면직각충돌,안전운전불이행,습기,비,교차로 - 교차로안,승용,남,62세,상해없음,화물,남,71세,경상
2015051100100472,2015년 5월 11일 17시,월요일,경상남도 사천시 선구동,부상신고사고,0,0,0,1,차대차 - 측면직각충돌,직진우회전진행방해,습기,비,교차로 - 교차로부근,승용,남,59세,상해없음,이륜,남,47세,부상신고
2015051100100473,2015년 5월 11일 17시,월요일,경상남도 고성군 고성읍,경상사고,0,0,1,0,차대차 - 측면직각충돌,안전운전불이행,습기,비,교차로 - 교차로안,승용,남,52세,상해없음,승용,남,45세,경상
2015051100100520,2015년 5월 11일 18시,월요일,경상남도 진주시 하대동,경상사고,0,0,1,0,차대차 - 측면직각충돌,직진우회전진행방해,기타,비,교차로 - 교차로안,승용,남,66세,상해없음,승용,남,22세,경상
2015051100100521,2015년 5월 11일 18시,월요일,경상남도 창원시 진해구 용원동,중상사고,0,1,0,0,차대차 - 측면직각충돌,직진우회전진행방해,건조,맑음,교차로 - 교차로안,승용,남,58세,상해없음,화물,남,48세,중상
2015051100100522,2015년 5월 11일 18시,월요일,경상남도 양산시 평산동,경상사고,0,0,2,1,차대차 - 측면직각충돌,안전운전불이행,습기,비,단일로 - 기타,승용,여,40세,상해없음,화물,남,48세,기타불명
2015051100100523,2015년 5월 11일 18시,월요일,경상남도 창원시 마산회원구 석전동,중상사고,0,1,0,0,차대차 - 추돌 - 진행중,안전운전불이행,습기,비,단일로 - 기타,승용,여,45세,상해없음,승용,여,39세,중상
2015051100100524,2015년 5월 11일 18시,월요일,경상남도 김해시 장유면,경상사고,0,0,1,0,차대차 - 추돌 - 진행중,불법유턴,습기,비,단일로 - 횡단보도부근,승용,남,56세,상해없음,승용,여,42세,경상
2015051100100525,2015년 5월 11일 18시,월요일,경상남도 김해시 주촌면,중상사고,0,1,0,0,차대차 - 추돌 - 주정차중,안전운전불이행,건조,맑음,기타 - 기타,이륜,남,52세,상해없음,이륜,남,50세,중상
2015051100100578,2015년 5월 11일 19시,월요일,경상남도 김해시 삼계동,경상사고,0,0,1,0,차대차 - 측면직각충돌,중앙선침범,습기,비,교차로 - 교차로안,승용,남,27세,상해없음,승용,남,56세,경상
2015051100100579,2015년 5월 11일 19시,월요일,경상남도 김해시 구산동,경상사고,0,0,1,1,차대차 - 측면직각충돌,안전운전불이행,습기,비,단일로 - 기타,자전거,남,75세,경상,원동기,남,19세,부상신고
2015051100100580,2015년 5월 11일 19시,월요일,경상남도 거제시 사등면,경상사고,0,0,1,0,차대차 - 측면직각충돌,안전운전불이행,습기,비,단일로 - 기타,승용,남,58세,상해없음,승합,남,44세,경상
2015051100100645,2015년 5월 11일 20시,월요일,경상남도 거제시 장승포동,경상사고,0,0,1,0,차대사람 - 기타,안전운전불이행,습기,비,단일로 - 기타,승용,여,41세,상해없음,보행자,남,52세,경상
2015051100100768,2015년 5월 11일 22시,월요일,경상남도 고성군 고성읍,경상사고,0,0,1,0,차대차 - 측면직각충돌,교차로운행방법위반,습기,비,교차로 - 교차로안,승용,여,57세,상해없음,승용,남,64세,경상
2015051100100818,2015년 5월 11일 23시,월요일,경상남도 통영시 광도면,경상사고,0,0,2,0,차대차 - 정면충돌,직진우회전진행방해,습기,비,교차로 - 교차로안,승용,남,32세,상해없음,승용,남,36세,경상
2015051200100026,2015년 5월 12일 00시,화요일,경상남도 진주시 주약동,경상사고,0,0,2,0,차대차 - 측면직각충돌,중앙선침범,기타,비,단일로 - 기타,승용,여,48세,상해없음,승용,여,41세,경상
2015051200100027,2015년 5월 12일 00시,화요일,경상남도 거제시 고현동,중상사고,0,1,0,0,차대사람 - 횡단중,보행자보호의무위반,습기,비,단일로 - 횡단보도상,승용,여,53세,상해없음,보행자,여,65세,중상
2015051200100028,2015년 5월 12일 00시,화요일,경상남도 창원시 마산회원구 석전동,경상사고,0,0,2,0,차대사람 - 횡단중,신호위반,건조,맑음,교차로 - 교차로안,승용,남,54세,상해없음,보행자,남,18세,경상
2015051200100054,2015년 5월 12일 01시,화요일,경상남도 창원시 마산합포구 중성동,경상사고,0,0,2,0,차대차 - 측면직각충돌,안전운전불이행,습기,비,교차로 - 교차로부근,승용,남,29세,상해없음,승용,남,62세,경상
2015051200100067,2015년 5월 12일 02시,화요일,경상남도 거제시 고현동,경상사고,0,0,1,0,차대차 - 기타,안전운전불이행,습기,비,교차로 - 교차로부근,승용,남,46세,상해없음,승용,남,44세,경상
2015051200100108,2015년 5월 12일 05시,화요일,경상남도 통영시 정량동,중상사고,0,1,0,0,차대차 - 측면직각충돌,직진우회전진행방해,건조,맑음,교차로 - 교차로안,이륜,남,32세,중상,승용,남,59세,상해없음
2015051200100142,2015년 5월 12일 07시,화요일,경상남도 창원시 의창구 명서동,경상사고,0,0,1,0,차대차 - 추돌 - 진행중,신호위반,건조,맑음,교차로 - 교차로안,승용,여,53세,상해없음,승용,남,31세,경상
2015051200100175,2015년 5월 12일 08시,화요일,경상남도 진주시 하대동,경상사고,0,0,1,0,차대사람 - 보도통행중,보행자보호의무위반,건조,맑음,단일로 - 횡단보도상,승용,여,26세,상해없음,보행자,여,7세,경상
2015051200100176,2015년 5월 12일 08시,화요일,경상남도 통영시 광도면,중상사고,0,1,0,0,차대차 - 측면직각충돌,중앙선침범,건조,흐림,교차로 - 교차로부근,건설기계,남,71세,상해없음,승용,남,60세,중상
2015051200100177,2015년 5월 12일 08시,화요일,경상남도 거창군 남상면,중상사고,0,1,0,0,차대차 - 측면직각충돌,안전운전불이행,건조,맑음,단일로 - 기타,화물,여,72세,상해없음,이륜,남,74세,중상
2015051200100178,2015년 5월 12일 08시,화요일,경상남도 합천군 가야면,경상사고,0,0,1,0,차대차 - 측면직각충돌,중앙선침범,건조,맑음,단일로 - 기타,승용,남,62세,상해없음,승용,여,44세,경상
2015051200100179,2015년 5월 12일 08시,화요일,경상남도 거제시 아주동,경상사고,0,0,1,0,차대차 - 추돌 - 진행중,안전거리미확보,습기,비,교차로 - 교차로부근,승용,남,48세,상해없음,승용,여,43세,경상
2015051200100180,2015년 5월 12일 08시,화요일,경상남도 창원시 의창구 명서동,중상사고,0,1,0,0,차대차 - 측면직각충돌,안전운전불이행,건조,맑음,교차로 - 교차로안,승용,남,52세,상해없음,승용,남,67세,중상
2015051200100225,2015년 5월 12일 09시,화요일,경상남도 통영시 북신동,중상사고,0,1,0,0,차대차 - 측면직각충돌,신호위반,건조,맑음,교차로 - 교차로안,승용,여,52세,상해없음,승용,남,33세,중상
2015051200100226,2015년 5월 12일 09시,화요일,경상남도 김해시 부원동,경상사고,0,0,1,0,차대사람 - 횡단중,중앙선침범,건조,맑음,단일로 - 횡단보도상,화물,남,57세,상해없음,보행자,남,67세,경상
2015051200100227,2015년 5월 12일 09시,화요일,경상남도 산청군 신안면,중상사고,0,1,1,0,차대차 - 측면직각충돌,안전운전불이행,건조,맑음,단일로 - 기타,승용,남,56세,경상,승용,여,40세,중상
2015051200100253,2015년 5월 12일 10시,화요일,경상남도 진주시 문산읍,경상사고,0,0,1,1,차대차 - 추돌 - 주정차중,안전운전불이행,건조,맑음,미분류 - 미분류,승용,여,30세,부상신고,화물,남,33세,경상
2015051200100286,2015년 5월 12일 11시,화요일,경상남도 통영시 중앙동,중상사고,0,1,0,0,차대사람 - 차도통행중,안전운전불이행,건조,맑음,교차로 - 교차로부근,이륜,남,43세,상해없음,보행자,여,76세,중상
2015051200100287,2015년 5월 12일 11시,화요일,경상남도 창녕군 창녕읍,중상사고,0,2,0,0,차대사람 - 보도통행중,안전운전불이행,건조,맑음,단일로 - 기타,승용,남,55세,기타불명,보행자,여,59세,중상
2015051200100288,2015년 5월 12일 11시,화요일,경상남도 함안군 칠원읍,중상사고,0,2,1,0,차대차 - 추돌 - 진행중,안전운전불이행,건조,맑음,교차로 - 교차로부근,화물,남,49세,중상,특수,남,33세,경상
2015051200100289,2015년 5월 12일 11시,화요일,경상남도 창원시 의창구 팔용동,중상사고,0,1,0,0,차대차 - 측면직각충돌,안전운전불이행,건조,맑음,교차로 - 교차로안,승용,여,32세,상해없음,이륜,남,77세,중상
2015051200100320,2015년 5월 12일 12시,화요일,경상남도 진주시 내동면,경상사고,0,0,1,0,차대차 - 추돌 - 주정차중,안전운전불이행,건조,맑음,교차로 - 교차로안,승합,남,41세,상해없음,승용,남,37세,경상
2015051200100382,2015년 5월 12일 14시,화요일,경상남도 산청군 신안면,중상사고,0,3,0,0,차대차 - 기타,중앙선침범,건조,맑음,단일로 - 기타,승용,남,73세,상해없음,승용,여,22세,상해없음
2015051200100404,2015년 5월 12일 15시,화요일,경상남도 김해시 진례면,경상사고,0,0,1,0,차대차 - 측면직각충돌,안전운전불이행,건조,맑음,단일로 - 기타,승용,남,49세,상해없음,승용,남,66세,경상
2015051200100435,2015년 5월 12일 16시,화요일,경상남도 사천시 송포동,중상사고,0,1,0,0,차대사람 - 보도통행중,보행자보호의무위반,건조,맑음,단일로 - 기타,승합,남,67세,상해없음,보행자,남,10세,중상
2015051200100436,2015년 5월 12일 16시,화요일,경상남도 고성군 고성읍,경상사고,0,0,1,0,차대차 - 측면직각충돌,교차로운행방법위반,건조,맑음,교차로 - 교차로안,이륜,남,62세,상해없음,승용,남,32세,상해없음
2015051200100475,2015년 5월 12일 17시,화요일,경상남도 창원시 진해구 안골동,중상사고,0,3,0,0,차대차 - 측면직각충돌,직진우회전진행방해,건조,맑음,교차로 - 교차로안,승용,여,50세,중상,승용,남,55세,상해없음
2015051200100476,2015년 5월 12일 17시,화요일,경상남도 사천시 대방동,경상사고,0,0,1,0,차대차 - 추돌 - 주정차중,안전운전불이행,건조,맑음,단일로 - 기타,승용,남,42세,상해없음,원동기,여,30세,경상
2015051200100477,2015년 5월 12일 17시,화요일,경상남도 김해시 어방동,경상사고,0,0,4,0,차대차 - 추돌 - 진행중,안전거리미확보,건조,맑음,단일로 - 기타,승용,남,55세,상해없음,승용,여,56세,경상
2015051200100478,2015년 5월 12일 17시,화요일,경상남도 김해시 장유면,중상사고,0,2,0,0,차대차 - 추돌 - 주정차중,안전운전불이행,건조,맑음,단일로 - 기타,화물,남,45세,상해없음,승용,남,48세,중상
2015051200100479,2015년 5월 12일 17시,화요일,경상남도 김해시 전하동,중상사고,0,1,0,1,차대차 - 측면직각충돌,직진우회전진행방해,건조,맑음,교차로 - 교차로안,승용,남,33세,부상신고,이륜,남,83세,중상
2015051200100506,2015년 5월 12일 18시,화요일,경상남도 창원시 마산합포구 월영동,부상신고사고,0,0,0,1,차대사람 - 기타,안전운전불이행,건조,맑음,기타 - 기타,자전거,남,57세,상해없음,보행자,여,35세,부상신고
2015051200100507,2015년 5월 12일 18시,화요일,경상남도 함양군 함양읍,중상사고,0,1,0,0,차대사람 - 횡단중,보행자보호의무위반,건조,맑음,교차로 - 교차로부근,승용,여,43세,상해없음,보행자,남,75세,중상
2015051200100508,2015년 5월 12일 18시,화요일,경상남도 창원시 성산구 상남동,경상사고,0,0,2,0,차대차 - 측면직각충돌,안전운전불이행,건조,맑음,교차로 - 교차로부근,승용,남,52세,상해없음,승용,남,29세,경상
2015051200100545,2015년 5월 12일 19시,화요일,경상남도 창원시 진해구 경화동,중상사고,0,1,0,0,차대사람 - 횡단중,보행자보호의무위반,건조,맑음,교차로 - 교차로안,승용,남,53세,상해없음,보행자,여,55세,중상
2015051200100546,2015년 5월 12일 19시,화요일,경상남도 사천시 사남면,경상사고,0,0,1,0,차대차 - 측면직각충돌,안전운전불이행,건조,맑음,단일로 - 기타,승용,남,24세,상해없음,화물,남,60세,경상
2015051200100547,2015년 5월 12일 19시,화요일,경상남도 거제시 고현동,경상사고,0,0,1,0,차대사람 - 횡단중,안전운전불이행,건조,맑음,교차로 - 교차로안,승용,여,53세,상해없음,보행자,남,48세,경상
2015051200100585,2015년 5월 12일 20시,화요일,경상남도 진주시 인사동,중상사고,0,1,0,0,차대차 - 추돌 - 주정차중,안전운전불이행,건조,맑음,교차로 - 교차로부근,화물,남,47세,상해없음,승용,남,68세,중상
2015051200100586,2015년 5월 12일 20시,화요일,경상남도 창원시 마산회원구 양덕동,중상사고,0,1,0,0,차대사람 - 횡단중,안전운전불이행,건조,맑음,교차로 - 교차로부근,승용,남,37세,상해없음,보행자,여,45세,중상
2015051200100587,2015년 5월 12일 20시,화요일,경상남도 창원시 의창구 소답동,중상사고,0,1,1,0,차대차 - 추돌 - 주정차중,안전운전불이행,건조,맑음,교차로 - 교차로부근,이륜,남,25세,상해없음,승용,여,58세,중상
2015051200100588,2015년 5월 12일 20시,화요일,경상남도 김해시 장유면,경상사고,0,0,1,0,차대차 - 측면직각충돌,신호위반,건조,맑음,교차로 - 교차로안,이륜,남,18세,경상,승용,남,37세,상해없음
2015051200100622,2015년 5월 12일 21시,화요일,경상남도 창원시 마산합포구 중앙동1가,경상사고,0,0,2,0,차대차 - 추돌 - 주정차중,안전운전불이행,건조,맑음,교차로 - 교차로부근,승용,남,56세,상해없음,승용,남,35세,경상
2015051200100623,2015년 5월 12일 21시,화요일,경상남도 밀양시 삼문동,경상사고,0,0,1,0,차대차 - 측면직각충돌,교차로운행방법위반,건조,맑음,교차로 - 교차로안,승용,남,43세,상해없음,자전거,남,24세,경상
2015051200100624,2015년 5월 12일 21시,화요일,경상남도 거제시 연초면,부상신고사고,0,0,0,1,차대사람 - 기타,안전운전불이행,건조,맑음,단일로 - 기타,기타불명,기타불명,기타불명,기타불명,보행자,남,43세,부상신고
2015051200100651,2015년 5월 12일 22시,화요일,경상남도 진주시 상봉동,중상사고,0,1,1,0,차대사람 - 횡단중,보행자보호의무위반,습기,비,교차로 - 교차로부근,승용,여,41세,상해없음,보행자,여,18세,중상
2015051200100652,2015년 5월 12일 22시,화요일,경상남도 김해시 부원동,중상사고,0,1,1,0,차대차 - 측면직각충돌,안전운전불이행,건조,맑음,교차로 - 교차로안,원동기,남,16세,경상,승용,남,53세,상해없음
2015051300100019,2015년 5월 13일 00시,수요일,경상남도 거제시 상동동,경상사고,0,0,2,0,차대차 - 측면직각충돌,안전운전불이행,건조,맑음,교차로 - 교차로안,승용,여,44세,상해없음,승용,여,50세,경상
2015051300100032,2015년 5월 13일 01시,수요일,경상남도 함안군 가야읍,중상사고,0,2,0,0,차대차 - 추돌 - 주정차중,안전운전불이행,건조,맑음,교차로 - 교차로부근,승용,남,51세,상해없음,승용,남,57세,중상
2015051300100085,2015년 5월 13일 06시,수요일,경상남도 창원시 의창구 팔용동,중상사고,0,1,0,0,차대차 - 측면직각충돌,안전운전불이행,건조,맑음,교차로 - 교차로안,승용,여,65세,상해없음,화물,남,61세,중상
2015051300100117,2015년 5월 13일 07시,수요일,경상남도 창원시 의창구 신월동,경상사고,0,0,1,0,차대차 - 측면직각충돌,직진우회전진행방해,건조,맑음,교차로 - 교차로안,승용,여,42세,상해없음,승용,남,63세,경상
2015051300100118,2015년 5월 13일 07시,수요일,경상남도 창원시 의창구 대원동,경상사고,0,0,1,0,차대차 - 추돌 - 주정차중,안전운전불이행,건조,맑음,교차로 - 교차로안,승용,남,48세,상해없음,승용,남,31세,경상
2015051300100119,2015년 5월 13일 07시,수요일,경상남도 김해시 진영읍,경상사고,0,0,2,0,차대차 - 측면직각충돌,안전운전불이행,건조,맑음,교차로 - 교차로안,승용,남,63세,상해없음,승용,여,48세,경상
2015051300100137,2015년 5월 13일 08시,수요일,경상남도 밀양시 상동면,경상사고,0,0,1,0,차대차 - 기타,안전운전불이행,건조,맑음,단일로 - 기타,화물,남,52세,기타불명,승용,남,27세,경상
2015051300100166,2015년 5월 13일 08시,수요일,경상남도 사천시 사남면,중상사고,0,1,0,0,차대사람 - 길가장자리구역통행중,안전운전불이행,건조,맑음,단일로 - 기타,농기계,남,42세,상해없음,보행자,남,45세,중상
2015051300100167,2015년 5월 13일 08시,수요일,경상남도 양산시 삼호동,중상사고,0,1,0,0,차대사람 - 횡단중,보행자보호의무위반,건조,맑음,기타 - 기타,승용,여,45세,상해없음,보행자,남,7세,중상
2015051300100260,2015년 5월 13일 10시,수요일,경상남도 창원시 마산합포구 창동,중상사고,0,2,0,0,차대사람 - 기타,신호위반,건조,맑음,단일로 - 횡단보도상,승용,남,70세,상해없음,보행자,여,53세,중상
2015051300100261,2015년 5월 13일 10시,수요일,경상남도 창원시 마산합포구 신포동1가,경상사고,0,0,1,0,차대사람 - 횡단중,안전운전불이행,건조,맑음,단일로 - 횡단보도상,승합,남,49세,상해없음,보행자,여,73세,경상
2015051300100290,2015년 5월 13일 11시,수요일,경상남도 창녕군 대지면,중상사고,0,2,0,0,차대차 - 측면직각충돌,신호위반,건조,맑음,교차로 - 교차로안,원동기,남,74세,중상,승용,남,41세,중상
2015051300100311,2015년 5월 13일 12시,수요일,경상남도 통영시 동호동,경상사고,0,0,1,0,차대사람 - 길가장자리구역통행중,안전운전불이행,건조,맑음,단일로 - 기타,승용,남,50세,상해없음,보행자,남,52세,경상
2015051300100341,2015년 5월 13일 13시,수요일,경상남도 밀양시 내이동,중상사고,0,1,0,0,차대차 - 측면직각충돌,교차로운행방법위반,건조,맑음,교차로 - 교차로안,승용,남,55세,상해없음,원동기,남,34세,중상
2015051300100342,2015년 5월 13일 13시,수요일,경상남도 김해시 생림면,중상사고,0,1,0,0,차대차 - 측면직각충돌,신호위반,건조,맑음,교차로 - 교차로안,화물,남,37세,상해없음,승용,여,45세,중상
2015051300100343,2015년 5월 13일 13시,수요일,경상남도 김해시 구산동,중상사고,0,5,5,0,차대차 - 추돌 - 주정차중,안전운전불이행,건조,맑음,교차로 - 교차로안,승용,여,68세,경상,승합,남,31세,중상
2015051300100344,2015년 5월 13일 13시,수요일,경상남도 거제시 상동동,중상사고,0,1,0,0,차대차 - 정면충돌,중앙선침범,건조,맑음,단일로 - 기타,승용,여,30세,상해없음,승용,남,56세,중상
2015051300100345,2015년 5월 13일 13시,수요일,경상남도 김해시 한림면,중상사고,0,1,0,0,차대차 - 측면직각충돌,안전운전불이행,건조,맑음,교차로 - 교차로안,화물,남,62세,상해없음,승용,여,45세,중상
2015051300100359,2015년 5월 13일 14시,수요일,경상남도 김해시 장유면,경상사고,0,0,1,0,차대차 - 기타,안전운전불이행,건조,맑음,단일로 - 기타,화물,남,54세,상해없음,승용,여,42세,경상
2015051300100374,2015년 5월 13일 14시,수요일,경상남도 통영시 광도면,경상사고,0,0,2,0,차대차 - 측면직각충돌,중앙선침범,건조,맑음,단일로 - 기타,화물,남,59세,상해없음,승용,남,49세,경상
2015051300100375,2015년 5월 13일 14시,수요일,경상남도 통영시 용남면,경상사고,0,0,1,0,차대차 - 측면직각충돌,안전운전불이행,건조,맑음,단일로 - 기타,화물,남,42세,상해없음,승합,남,56세,상해없음
2015051300100376,2015년 5월 13일 14시,수요일,경상남도 김해시 구산동,중상사고,0,1,0,0,차대차 - 추돌 - 진행중,안전거리미확보,건조,맑음,단일로 - 기타,건설기계,남,59세,상해없음,승용,남,50세,중상
2015051300100377,2015년 5월 13일 14시,수요일,경상남도 창녕군 남지읍,중상사고,0,2,0,0,차대차 - 기타,안전운전불이행,건조,맑음,단일로 - 교량,화물,남,54세,상해없음,원동기,남,80세,중상
2015051300100378,2015년 5월 13일 14시,수요일,경상남도 창원시 성산구 반지동,경상사고,0,0,1,0,차대사람 - 횡단중,안전운전불이행,건조,맑음,단일로 - 기타,승용,남,55세,상해없음,보행자,여,52세,경상
2015051300100379,2015년 5월 13일 14시,수요일,경상남도 김해시 흥동,경상사고,0,0,1,0,차량단독 - 공작물충돌,안전운전불이행,건조,맑음,단일로 - 기타,승용,여,57세,경상,,,,
2015051300100424,2015년 5월 13일 15시,수요일,경상남도 창원시 마산합포구 상남동,중상사고,0,1,0,0,차량단독 - 기타,안전운전불이행,건조,맑음,단일로 - 기타,승합,남,48세,상해없음,,,,
2015051300100425,2015년 5월 13일 15시,수요일,경상남도 거제시 장승포동,부상신고사고,0,0,0,1,차대차 - 기타,안전운전불이행,건조,맑음,단일로 - 기타,건설기계,남,46세,상해없음,승용,여,44세,부상신고
2015051300100466,2015년 5월 13일 16시,수요일,경상남도 통영시 정량동,중상사고,0,1,0,0,차대차 - 측면직각충돌,교차로운행방법위반,건조,맑음,교차로 - 교차로안,승용,남,53세,상해없음,이륜,남,20세,중상
2015051300100467,2015년 5월 13일 16시,수요일,경상남도 김해시 불암동,경상사고,0,0,3,0,차대차 - 추돌 - 진행중,안전운전불이행,건조,맑음,단일로 - 기타,승합,남,52세,경상,승용,여,33세,경상
2015051300100468,2015년 5월 13일 16시,수요일,경상남도 창녕군 영산면,중상사고,0,1,0,0,차대차 - 측면직각충돌,안전운전불이행,건조,맑음,교차로 - 교차로안,원동기,남,77세,중상,승용,여,28세,상해없음
2015051300100469,2015년 5월 13일 16시,수요일,경상남도 양산시 물금읍,중상사고,0,1,0,0,차대사람 - 기타,안전운전불이행,건조,맑음,단일로 - 기타,승합,여,49세,상해없음,보행자,남,15세,중상
2015051300100506,2015년 5월 13일 17시,수요일,경상남도 창원시 마산합포구 상남동,중상사고,0,1,0,0,차대사람 - 기타,신호위반,건조,맑음,교차로 - 교차로안,화물,남,45세,상해없음,보행자,여,9세,중상
2015051300100507,2015년 5월 13일 17시,수요일,경상남도 함안군 칠서면,경상사고,0,0,1,0,차대차 - 추돌 - 주정차중,안전운전불이행,건조,맑음,교차로 - 교차로안,화물,남,46세,상해없음,승용,여,56세,경상
2015051300100508,2015년 5월 13일 17시,수요일,경상남도 창원시 의창구 북동,중상사고,0,1,0,0,차대차 - 기타,안전운전불이행,건조,맑음,교차로 - 교차로안,승용,여,50세,상해없음,원동기,남,60세,상해없음
2015051300100509,2015년 5월 13일 17시,수요일,경상남도 김해시 진영읍,중상사고,0,1,0,0,차대차 - 기타,신호위반,건조,맑음,단일로 - 횡단보도상,승용,남,61세,상해없음,자전거,남,11세,중상
2015051300100597,2015년 5월 13일 19시,수요일,경상남도 거창군 거창읍,중상사고,0,1,0,0,차대차 - 측면직각충돌,중앙선침범,건조,맑음,교차로 - 교차로안,자전거,남,13세,중상,승용,남,39세,상해없음
2015051300100598,2015년 5월 13일 19시,수요일,경상남도 고성군 회화면,중상사고,0,1,0,0,차대차 - 추돌 - 진행중,안전운전불이행,건조,맑음,단일로 - 기타,승용,남,57세,상해없음,승용,남,54세,중상
2015051300100599,2015년 5월 13일 19시,수요일,경상남도 창원시 마산회원구 내서읍,중상사고,0,2,2,0,차대차 - 추돌 - 주정차중,안전운전불이행,건조,맑음,단일로 - 기타,화물,남,62세,상해없음,승용,남,62세,중상
2015051300100627,2015년 5월 13일 20시,수요일,경상남도 양산시 신기동,경상사고,0,0,1,0,차대차 - 측면직각충돌,안전거리미확보,건조,맑음,교차로 - 교차로부근,승용,남,27세,상해없음,승합,남,71세,상해없음
2015051300100628,2015년 5월 13일 20시,수요일,경상남도 하동군 악양면,중상사고,0,1,0,0,차대차 - 추돌 - 진행중,안전운전불이행,건조,맑음,단일로 - 기타,승용,남,50세,상해없음,농기계,남,68세,중상
2015051300100629,2015년 5월 13일 20시,수요일,경상남도 거제시 고현동,부상신고사고,0,0,0,2,차대사람 - 보도통행중,안전운전불이행,건조,맑음,단일로 - 기타,승용,남,47세,상해없음,보행자,남,55세,부상신고
2015051300100659,2015년 5월 13일 21시,수요일,경상남도 거제시 장평동,중상사고,0,1,0,0,차대사람 - 차도통행중,안전운전불이행,건조,맑음,교차로 - 교차로부근,승용,남,24세,상해없음,보행자,남,45세,중상
2015051300100660,2015년 5월 13일 21시,수요일,경상남도 창원시 성산구 상남동,중상사고,0,2,0,0,차대차 - 추돌 - 주정차중,안전운전불이행,건조,맑음,교차로 - 교차로부근,승용,남,53세,상해없음,승용,남,56세,중상
2015051400100024,2015년 5월 14일 01시,목요일,경상남도 진주시 가좌동,중상사고,0,1,0,0,차대사람 - 기타,안전운전불이행,건조,맑음,단일로 - 기타,자전거,남,21세,상해없음,보행자,남,23세,중상
2015051400100025,2015년 5월 14일 01시,목요일,경상남도 밀양시 하남읍,경상사고,0,0,1,0,차대차 - 추돌 - 진행중,안전운전불이행,건조,맑음,단일로 - 기타,승용,남,43세,상해없음,화물,남,48세,경상
2015051400100058,2015년 5월 14일 05시,목요일,경상남도 양산시 하북면,중상사고,0,1,0,0,차대사람 - 차도통행중,안전운전불이행,건조,맑음,교차로 - 교차로안,승용,남,49세,기타불명,보행자,남,74세,중상
2015051400100094,2015년 5월 14일 07시,목요일,경상남도 창원시 마산합포구 신흥동,경상사고,0,0,1,0,차대차 - 기타,교차로운행방법위반,건조,맑음,교차로 - 교차로안,승용,여,41세,상해없음,승용,여,57세,경상
2015051400100095,2015년 5월 14일 07시,목요일,경상남도 사천시 사천읍,중상사고,0,1,0,0,차대차 - 측면직각충돌,중앙선침범,건조,맑음,단일로 - 기타,승용,남,20세,상해없음,자전거,남,35세,중상
2015051400100096,2015년 5월 14일 07시,목요일,경상남도 거제시 고현동,경상사고,0,0,1,0,차대차 - 추돌 - 진행중,교차로운행방법위반,건조,맑음,교차로 - 교차로안,승용,남,30세,상해없음,이륜,남,37세,경상
2015051400100097,2015년 5월 14일 07시,목요일,경상남도 의령군 의령읍,경상사고,0,0,2,0,차대차 - 측면직각충돌,안전운전불이행,건조,맑음,교차로 - 교차로안,승용,남,49세,상해없음,승용,남,37세,경상