사고번호,사고일시,요일,시군구,사고내용,사망자수,중상자수,경상자수,부상신고자수,사고유형,법규위반,노면상태,기상상태,도로형태,가해운전자 차종,가해운전자 성별,가해운전자 연령,가해운전자 상해정도,피해운전자 차종,피해운전자 성별,피해운전자 연령,피해운전자 상해정도
2015052000100107,2015년 5월 20일 07시,수요일,경상남도 창원시 마산합포구 대내동,경상사고,0,0,1,0,차대차 - 측면직각충돌,교차로운행방법위반,건조,맑음,교차로 - 교차로안,화물,남,61세,상해없음,승용,여,28세,경상
2015052000100108,2015년 5월 20일 07시,수요일,경상남도 창원시 의창구 팔용동,경상사고,0,0,2,0,차대차 - 측면직각충돌,안전운전불이행,건조,맑음,단일로 - 기타,승용,남,34세,상해없음,화물,남,56세,경상
2015052000100154,2015년 5월 20일 08시,수요일,경상남도 창원시 마산합포구 진동면,경상사고,0,0,1,0,차대차 - 측면직각충돌,교차로운행방법위반,건조,맑음,교차로 - 교차로안,승용,여,53세,경상,승용,남,61세,상해없음
2015052000100155,2015년 5월 20일 08시,수요일,경상남도 김해시 삼계동,경상사고,0,0,1,0,차량단독 - 기타,안전운전불이행,건조,맑음,단일로 - 기타,승용,여,68세,경상,,,,
2015052000100156,2015년 5월 20일 08시,수요일,경상남도 창원시 성산구 가음동,중상사고,0,1,0,0,차대사람 - 차도통행중,안전운전불이행,건조,맑음,단일로 - 기타,승용,여,46세,상해없음,보행자,여,70세,중상
2015052000100184,2015년 5월 20일 09시,수요일,경상남도 창원시 의창구 사림동,중상사고,0,1,0,1,차대사람 - 차도통행중,안전운전불이행,건조,맑음,단일로 - 기타,승용,남,36세,상해없음,보행자,여,21세,중상
2015052000100240,2015년 5월 20일 11시,수요일,경상남도 사천시 용현면,부상신고사고,0,0,0,1,차대차 - 측면직각충돌,중앙선침범,건조,맑음,교차로 - 교차로부근,이륜,남,83세,부상신고,승용,남,22세,상해없음
2015052000100272,2015년 5월 20일 12시,수요일,경상남도 창원시 성산구 사파동,중상사고,0,1,0,0,차대사람 - 횡단중,보행자보호의무위반,건조,맑음,교차로 - 교차로부근,승용,남,50세,상해없음,보행자,여,59세,중상
2015052000100273,2015년 5월 20일 12시,수요일,경상남도 창원시 의창구 명서동,경상사고,0,0,1,0,차대차 - 기타,안전운전불이행,건조,맑음,단일로 - 횡단보도상,승용,남,56세,상해없음,자전거,여,64세,경상
2015052000100306,2015년 5월 20일 13시,수요일,경상남도 김해시 불암동,중상사고,0,1,0,0,차대차 - 측면직각충돌,신호위반,건조,맑음,교차로 - 교차로안,화물,남,58세,상해없음,화물,남,33세,중상
2015052000100336,2015년 5월 20일 14시,수요일,경상남도 김해시 삼방동,중상사고,0,1,0,0,차대차 - 측면직각충돌,안전운전불이행,건조,맑음,교차로 - 교차로안,승용,남,21세,상해없음,승용,여,35세,중상
2015052000100337,2015년 5월 20일 14시,수요일,경상남도 김해시 삼방동,경상사고,0,0,1,0,차대차 - 측면직각충돌,안전운전불이행,건조,맑음,교차로 - 교차로안,화물,남,45세,상해없음,승용,여,51세,경상
2015052000100338,2015년 5월 20일 14시,수요일,경상남도 거제시 아주동,경상사고,0,0,1,0,차대차 - 측면직각충돌,안전운전불이행,건조,맑음,교차로 - 교차로안,승용,남,41세,상해없음,승용,여,35세,경상
2015052000100339,2015년 5월 20일 14시,수요일,경상남도 김해시 풍유동,중상사고,0,1,0,0,차대사람 - 기타,안전운전불이행,건조,맑음,단일로 - 기타,승용,여,37세,상해없음,보행자,여,62세,중상
2015052000100384,2015년 5월 20일 15시,수요일,경상남도 밀양시 무안면,중상사고,0,1,0,0,차대차 - 측면직각충돌,안전운전불이행,건조,맑음,단일로 - 기타,이륜,남,16세,상해없음,화물,남,51세,상해없음
2015052000100385,2015년 5월 20일 15시,수요일,경상남도 창원시 마산회원구 석전동,경상사고,0,0,1,0,차대사람 - 횡단중,안전운전불이행,건조,맑음,단일로 - 기타,승용,여,54세,상해없음,보행자,남,49세,경상
2015052000100426,2015년 5월 20일 16시,수요일,경상남도 창원시 마산합포구 자산동,경상사고,0,0,1,0,차대차 - 기타,안전운전불이행,건조,맑음,단일로 - 기타,승용,여,55세,상해없음,화물,남,40세,기타불명
2015052000100471,2015년 5월 20일 17시,수요일,경상남도 사천시 용강동,중상사고,0,1,1,0,차대사람 - 횡단중,보행자보호의무위반,건조,맑음,교차로 - 교차로안,화물,남,61세,상해없음,보행자,여,36세,중상
2015052000100472,2015년 5월 20일 17시,수요일,경상남도 거제시 아양동,중상사고,0,1,1,0,차대차 - 추돌 - 진행중,안전운전불이행,건조,맑음,단일로 - 터널,승용,남,61세,상해없음,승용,남,28세,경상
2015052000100521,2015년 5월 20일 18시,수요일,경상남도 거창군 마리면,중상사고,0,1,0,0,차대차 - 측면직각충돌,교차로운행방법위반,건조,맑음,교차로 - 교차로안,승용,여,49세,상해없음,농기계,남,76세,중상
2015052000100523,2015년 5월 20일 18시,수요일,경상남도 창원시 성산구 신촌동,경상사고,0,0,1,0,차대차 - 추돌 - 진행중,안전운전불이행,건조,맑음,단일로 - 기타,승용,여,44세,상해없음,이륜,남,39세,경상
2015052000100524,2015년 5월 20일 18시,수요일,경상남도 창원시 마산합포구 산호동,중상사고,0,1,0,0,차대차 - 측면직각충돌,안전운전불이행,건조,맑음,교차로 - 교차로안,승용,여,25세,상해없음,자전거,남,83세,중상
2015052000100638,2015년 5월 20일 21시,수요일,경상남도 사천시 벌리동,중상사고,0,1,0,0,차대차 - 추돌 - 진행중,안전거리미확보,건조,맑음,단일로 - 기타,승용,남,57세,상해없음,이륜,남,18세,중상
2015052000100666,2015년 5월 20일 22시,수요일,경상남도 창원시 마산합포구 진동면,부상신고사고,0,0,0,1,차대사람 - 길가장자리구역통행중,안전운전불이행,건조,맑음,교차로 - 교차로안,승용,남,43세,상해없음,보행자,남,44세,부상신고
2015052000100667,2015년 5월 20일 22시,수요일,경상남도 창원시 진해구 풍호동,부상신고사고,0,0,0,1,차대차 - 추돌 - 주정차중,안전운전불이행,건조,맑음,기타 - 기타,승용,남,46세,부상신고,승합,남,60세,기타불명
2015052000100668,2015년 5월 20일 22시,수요일,경상남도 통영시 용남면,중상사고,0,1,0,0,차대차 - 추돌 - 주정차중,중앙선침범,건조,맑음,단일로 - 기타,화물,남,38세,상해없음,승용,남,39세,중상
2015052000100691,2015년 5월 20일 23시,수요일,경상남도 창녕군 남지읍,경상사고,0,0,2,0,차대차 - 정면충돌,중앙선침범,건조,맑음,단일로 - 기타,승용,남,34세,상해없음,승용,남,26세,상해없음
2015052100100090,2015년 5월 21일 06시,목요일,경상남도 김해시 진영읍,경상사고,0,0,1,0,차대차 - 기타,안전운전불이행,건조,맑음,교차로 - 교차로안,승합,남,47세,상해없음,승용,남,61세,경상
2015052100100104,2015년 5월 21일 07시,목요일,경상남도 창원시 진해구 경화동,경상사고,0,0,1,0,차대차 - 추돌 - 진행중,안전운전불이행,건조,맑음,기타 - 기타,승용,남,61세,상해없음,승용,남,58세,상해없음
2015052100100105,2015년 5월 21일 07시,목요일,경상남도 통영시 무전동,경상사고,0,0,4,0,차대차 - 추돌 - 진행중,안전거리미확보,건조,맑음,단일로 - 기타,화물,남,54세,상해없음,승용,남,51세,경상
2015052100100106,2015년 5월 21일 07시,목요일,경상남도 창녕군 영산면,중상사고,0,1,2,0,차대차 - 측면직각충돌,안전운전불이행,건조,맑음,교차로 - 교차로부근,원동기,여,69세,중상,승용,여,52세,경상
2015052100100107,2015년 5월 21일 07시,목요일,경상남도 양산시 상북면,경상사고,0,0,1,0,차대차 - 측면직각충돌,안전거리미확보,건조,맑음,단일로 - 기타,화물,남,49세,상해없음,승용,남,42세,경상
2015052100100108,2015년 5월 21일 07시,목요일,경상남도 창원시 마산회원구 내서읍,중상사고,0,3,2,0,차대차 - 추돌 - 진행중,안전운전불이행,건조,맑음,단일로 - 기타,승용,남,42세,경상,승용,남,33세,중상
2015052100100155,2015년 5월 21일 08시,목요일,경상남도 창원시 마산합포구 교방동,경상사고,0,0,1,0,차대차 - 기타,교차로운행방법위반,건조,맑음,교차로 - 교차로안,승용,여,45세,상해없음,승용,남,24세,경상
2015052100100156,2015년 5월 21일 08시,목요일,경상남도 통영시 무전동,경상사고,0,0,5,0,차대차 - 추돌 - 주정차중,안전거리미확보,건조,맑음,단일로 - 기타,승용,남,67세,상해없음,승용,여,50세,경상
2015052100100157,2015년 5월 21일 08시,목요일,경상남도 창원시 성산구 상남동,중상사고,0,1,0,0,차대차 - 측면직각충돌,안전운전불이행,건조,맑음,교차로 - 교차로부근,승용,여,50세,상해없음,자전거,여,55세,중상
2015052100100158,2015년 5월 21일 08시,목요일,경상남도 김해시 장유면,중상사고,0,1,0,0,차대사람 - 횡단중,안전운전불이행,건조,맑음,단일로 - 기타,승용,남,32세,상해없음,보행자,여,18세,중상
2015052100100159,2015년 5월 21일 08시,목요일,경상남도 김해시 주촌면,중상사고,0,1,0,0,차대차 - 측면직각충돌,안전운전불이행,건조,맑음,기타 - 기타,건설기계,남,28세,상해없음,승용,남,41세,중상
2015052100100198,2015년 5월 21일 09시,목요일,경상남도 고성군 고성읍,경상사고,0,0,1,0,차대차 - 측면직각충돌,신호위반,건조,맑음,교차로 - 교차로안,승용,남,57세,상해없음,승용,남,60세,경상
2015052100100199,2015년 5월 21일 09시,목요일,경상남도 함안군 가야읍,경상사고,0,0,1,0,차대차 - 측면직각충돌,안전운전불이행,건조,맑음,단일로 - 기타,승용,남,25세,상해없음,이륜,남,51세,경상
2015052100100228,2015년 5월 21일 10시,목요일,경상남도 진주시 판문동,중상사고,0,1,0,0,차대사람 - 보도통행중,보행자보호의무위반,건조,맑음,단일로 - 횡단보도상,승용,여,31세,상해없음,보행자,여,19세,중상
2015052100100229,2015년 5월 21일 10시,목요일,경상남도 고성군 마암면,중상사고,0,2,0,0,차대차 - 측면직각충돌,교차로운행방법위반,건조,맑음,교차로 - 교차로안,화물,남,54세,상해없음,화물,남,82세,중상
2015052100100230,2015년 5월 21일 10시,목요일,경상남도 산청군 단성면,중상사고,0,1,0,0,차대차 - 추돌 - 진행중,안전운전불이행,건조,맑음,단일로 - 기타,화물,남,48세,상해없음,승합,남,50세,상해없음
2015052100100231,2015년 5월 21일 10시,목요일,경상남도 함안군 칠원읍,경상사고,0,0,1,0,차대차 - 추돌 - 진행중,안전운전불이행,건조,맑음,교차로 - 교차로안,화물,남,75세,상해없음,승용,남,54세,경상
2015052100100232,2015년 5월 21일 10시,목요일,경상남도 창원시 의창구 명서동,경상사고,0,0,2,0,차대차 - 기타,신호위반,건조,맑음,교차로 - 교차로안,승용,남,29세,상해없음,승용,남,51세,경상
2015052100100260,2015년 5월 21일 11시,목요일,경상남도 창원시 의창구 명서동,중상사고,0,1,6,0,차대차 - 기타,안전운전불이행,건조,맑음,교차로 - 교차로안,승용,남,53세,상해없음,승합,여,56세,경상
2015052100100291,2015년 5월 21일 12시,목요일,경상남도 양산시 중부동,부상신고사고,0,0,0,1,차대차 - 기타,안전운전불이행,건조,맑음,교차로 - 교차로부근,원동기,남,18세,부상신고,승용,남,57세,상해없음
2015052100100292,2015년 5월 21일 12시,목요일,경상남도 함안군 칠원읍,중상사고,0,1,0,0,차대차 - 측면직각충돌,안전운전불이행,건조,맑음,교차로 - 교차로안,이륜,여,73세,중상,화물,남,36세,상해없음
2015052100100329,2015년 5월 21일 13시,목요일,경상남도 창원시 마산합포구 진전면,중상사고,0,2,2,0,차대차 - 추돌 - 진행중,안전거리미확보,건조,맑음,단일로 - 기타,승합,남,46세,상해없음,승용,여,53세,경상
2015052100100330,2015년 5월 21일 13시,목요일,경상남도 창원시 마산합포구 중앙동1가,경상사고,0,0,1,0,차대사람 - 기타,안전운전불이행,건조,맑음,단일로 - 기타,승합,남,48세,상해없음,보행자,여,56세,경상
2015052100100331,2015년 5월 21일 13시,목요일,경상남도 합천군 초계면,중상사고,0,1,0,0,차대차 - 측면직각충돌,안전운전불이행,건조,맑음,단일로 - 기타,건설기계,남,57세,기타불명,이륜,남,76세,중상
2015052100100332,2015년 5월 21일 13시,목요일,경상남도 합천군 삼가면,중상사고,0,1,0,0,차대차 - 측면직각충돌,중앙선침범,건조,맑음,단일로 - 기타,승용,남,46세,상해없음,이륜,남,56세,중상
2015052100100333,2015년 5월 21일 13시,목요일,경상남도 의령군 정곡면,경상사고,0,0,1,0,차대차 - 추돌 - 진행중,안전운전불이행,건조,맑음,단일로 - 기타,화물,남,28세,기타불명,승용,여,58세,경상
2015052100100363,2015년 5월 21일 14시,목요일,경상남도 창원시 마산합포구 자산동,경상사고,0,0,1,0,차대사람 - 기타,안전운전불이행,건조,맑음,단일로 - 기타,승용,남,37세,상해없음,보행자,여,8세,경상
2015052100100365,2015년 5월 21일 14시,목요일,경상남도 하동군 적량면,중상사고,0,1,1,0,차대차 - 측면직각충돌,교차로운행방법위반,건조,맑음,교차로 - 교차로안,승용,남,65세,상해없음,화물,남,76세,경상
2015052100100401,2015년 5월 21일 15시,목요일,경상남도 창녕군 남지읍,중상사고,0,2,0,0,차대차 - 측면직각충돌,직진우회전진행방해,건조,맑음,교차로 - 교차로안,승용,남,41세,상해없음,원동기,남,66세,중상
2015052100100430,2015년 5월 21일 16시,목요일,경상남도 창원시 마산합포구 진동면,부상신고사고,0,0,0,1,차량단독 - 공작물충돌,안전운전불이행,건조,맑음,단일로 - 기타,원동기,남,36세,상해없음,,,,
2015052100100431,2015년 5월 21일 16시,목요일,경상남도 진주시 수정동,경상사고,0,0,1,0,차대차 - 측면직각충돌,차로위반,건조,맑음,단일로 - 기타,원동기,남,28세,경상,승용,남,60세,상해없음
2015052100100432,2015년 5월 21일 16시,목요일,경상남도 사천시 용현면,중상사고,0,1,0,0,차대차 - 측면직각충돌,안전운전불이행,건조,맑음,교차로 - 교차로안,승용,남,55세,상해없음,자전거,남,32세,중상
2015052100100479,2015년 5월 21일 17시,목요일,경상남도 창원시 마산회원구 석전동,중상사고,0,2,2,0,차대차 - 측면직각충돌,신호위반,건조,맑음,교차로 - 교차로부근,승용,여,68세,상해없음,승용,남,76세,중상
2015052100100518,2015년 5월 21일 18시,목요일,경상남도 통영시 중앙동,경상사고,0,0,2,0,차대차 - 측면직각충돌,차로위반,건조,맑음,단일로 - 기타,승용,남,53세,상해없음,승용,남,33세,경상
2015052100100519,2015년 5월 21일 18시,목요일,경상남도 사천시 동금동,경상사고,0,0,1,0,차대차 - 측면직각충돌,안전운전불이행,건조,맑음,교차로 - 교차로안,승용,여,61세,상해없음,승용,여,24세,경상
2015052100100520,2015년 5월 21일 18시,목요일,경상남도 김해시 부원동,경상사고,0,0,1,0,차대차 - 추돌 - 주정차중,안전거리미확보,건조,맑음,단일로 - 기타,승용,여,34세,상해없음,승용,남,53세,경상
2015052100100521,2015년 5월 21일 18시,목요일,경상남도 김해시 삼계동,경상사고,0,0,1,0,차대차 - 측면직각충돌,안전운전불이행,건조,맑음,교차로 - 교차로안,원동기,남,16세,경상,승용,여,44세,상해없음
2015052100100522,2015년 5월 21일 18시,목요일,경상남도 거제시 장승포동,중상사고,0,1,0,0,차대사람 - 차도통행중,안전운전불이행,건조,맑음,단일로 - 기타,승합,남,66세,상해없음,보행자,남,7세,중상
2015052100100559,2015년 5월 21일 19시,목요일,경상남도 진주시 문산읍,중상사고,0,1,0,0,차량단독 - 기타,기타,건조,맑음,단일로 - 기타,승합,남,45세,상해없음,,,,
2015052100100596,2015년 5월 21일 20시,목요일,경상남도 통영시 무전동,경상사고,0,0,1,0,차대사람 - 횡단중,안전운전불이행,건조,맑음,교차로 - 교차로부근,승합,남,60세,상해없음,보행자,여,49세,경상
2015052100100597,2015년 5월 21일 20시,목요일,경상남도 거제시 아주동,중상사고,0,1,3,0,차대차 - 추돌 - 진행중,안전운전불이행,건조,맑음,단일로 - 기타,승용,남,31세,상해없음,승용,여,21세,중상
2015052100100598,2015년 5월 21일 20시,목요일,경상남도 창원시 의창구 도계동,경상사고,0,0,1,0,차대차 - 기타,안전운전불이행,건조,맑음,단일로 - 기타,기타불명,기타불명,기타불명,기타불명,화물,남,63세,경상
2015052100100635,2015년 5월 21일 21시,목요일,경상남도 김해시 삼계동,경상사고,0,0,2,0,차대차 - 추돌 - 주정차중,안전운전불이행,건조,맑음,교차로 - 교차로부근,승용,남,29세,상해없음,승용,남,31세,경상
2015052100100687,2015년 5월 21일 23시,목요일,경상남도 통영시 북신동,중상사고,0,1,0,0,차대사람 - 횡단중,보행자보호의무위반,건조,맑음,단일로 - 횡단보도상,승용,남,30세,상해없음,보행자,남,57세,중상
2015052100100688,2015년 5월 21일 23시,목요일,경상남도 창원시 마산회원구 석전동,중상사고,0,1,0,0,차대차 - 추돌 - 진행중,안전운전불이행,건조,맑음,단일로 - 기타,승용,남,55세,상해없음,자전거,남,17세,중상
2015052200100015,2015년 5월 22일 00시,금요일,경상남도 창원시 마산합포구 월영동,중상사고,0,1,0,0,차대차 - 측면직각충돌,안전운전불이행,건조,맑음,단일로 - 기타,승용,남,25세,상해없음,원동기,남,18세,중상
2015052200100016,2015년 5월 22일 00시,금요일,경상남도 통영시 미수동,경상사고,0,0,3,0,차대차 - 측면직각충돌,안전운전불이행,건조,맑음,교차로 - 교차로부근,승용,여,46세,상해없음,승용,남,40세,경상
2015052200100017,2015년 5월 22일 00시,금요일,경상남도 통영시 무전동,부상신고사고,0,0,0,1,차대사람 - 횡단중,안전운전불이행,건조,맑음,교차로 - 교차로안,승용,남,18세,상해없음,보행자,남,44세,부상신고
2015052200100033,2015년 5월 22일 01시,금요일,경상남도 창원시 의창구 명서동,중상사고,0,1,0,0,차대차 - 기타,안전운전불이행,건조,맑음,교차로 - 교차로안,승용,남,30세,상해없음,자전거,남,51세,중상
2015052200100066,2015년 5월 22일 04시,금요일,경상남도 사천시 서동,부상신고사고,0,0,0,1,차대차 - 측면직각충돌,중앙선침범,건조,맑음,단일로 - 기타,승용,남,71세,상해없음,승용,남,28세,부상신고
2015052200100118,2015년 5월 22일 07시,금요일,경상남도 창원시 진해구 석동,중상사고,0,1,0,0,차대사람 - 횡단중,보행자보호의무위반,건조,맑음,교차로 - 교차로부근,승용,남,61세,상해없음,보행자,여,13세,중상
2015052200100119,2015년 5월 22일 07시,금요일,경상남도 통영시 북신동,중상사고,0,2,4,1,차대차 - 측면직각충돌,중앙선침범,건조,맑음,단일로 - 기타,승용,남,22세,상해없음,승용,남,53세,경상
2015052200100120,2015년 5월 22일 07시,금요일,경상남도 의령군 대의면,경상사고,0,0,2,0,차량단독 - 공작물충돌,안전운전불이행,건조,맑음,단일로 - 기타,승용,남,74세,경상,,,,
2015052200100170,2015년 5월 22일 08시,금요일,경상남도 거창군 가조면,사망사고,1,0,0,0,차대차 - 측면직각충돌,직진우회전진행방해,건조,맑음,교차로 - 교차로안,원동기,남,81세,사망,화물,남,44세,상해없음
2015052200100207,2015년 5월 22일 09시,금요일,경상남도 밀양시 가곡동,중상사고,0,1,0,0,차대사람 - 보도통행중,보행자보호의무위반,건조,맑음,단일로 - 횡단보도상,화물,여,53세,상해없음,보행자,여,73세,중상
2015052200100208,2015년 5월 22일 09시,금요일,경상남도 창원시 의창구 팔용동,중상사고,0,1,0,0,차대차 - 추돌 - 진행중,안전운전불이행,건조,맑음,단일로 - 횡단보도부근,승용,남,36세,상해없음,승용,남,44세,중상
2015052200100240,2015년 5월 22일 10시,금요일,경상남도 창원시 마산합포구 산호동,중상사고,0,1,0,0,차대차 - 측면직각충돌,안전운전불이행,건조,맑음,교차로 - 교차로부근,자전거,남,78세,중상,승합,남,55세,상해없음
2015052200100272,2015년 5월 22일 11시,금요일,경상남도 창원시 진해구 용원동,경상사고,0,0,1,0,차대차 - 측면직각충돌,교차로운행방법위반,건조,맑음,교차로 - 교차로안,특수,남,60세,상해없음,승용,남,61세,경상
2015052200100302,2015년 5월 22일 12시,금요일,경상남도 양산시 용당동,중상사고,0,1,0,0,차대차 - 추돌 - 주정차중,안전운전불이행,건조,맑음,기타 - 기타,화물,남,33세,중상,화물,남,51세,상해없음
2015052200100303,2015년 5월 22일 12시,금요일,경상남도 거제시 고현동,경상사고,0,0,3,0,차대차 - 기타,교차로운행방법위반,건조,맑음,교차로 - 교차로안,승용,여,49세,경상,승용,여,28세,경상
2015052200100304,2015년 5월 22일 12시,금요일,경상남도 거제시 장평동,중상사고,0,2,0,0,차대차 - 측면직각충돌,안전운전불이행,건조,맑음,단일로 - 기타,이륜,남,53세,중상,이륜,남,36세,중상
2015052200100336,2015년 5월 22일 13시,금요일,경상남도 김해시 삼방동,중상사고,0,2,0,0,차대차 - 추돌 - 주정차중,안전거리미확보,건조,맑음,단일로 - 횡단보도부근,화물,남,29세,상해없음,화물,남,50세,중상
2015052200100381,2015년 5월 22일 14시,금요일,경상남도 양산시 북부동,중상사고,0,1,0,0,차대사람 - 횡단중,안전운전불이행,건조,맑음,단일로 - 기타,승용,남,65세,상해없음,보행자,여,55세,중상
2015052200100382,2015년 5월 22일 14시,금요일,경상남도 거제시 사등면,중상사고,0,1,0,0,차대차 - 기타,안전운전불이행,건조,맑음,단일로 - 기타,승용,여,28세,상해없음,승용,남,47세,중상
2015052200100383,2015년 5월 22일 14시,금요일,경상남도 거제시 아양동,경상사고,0,0,3,0,차대차 - 기타,안전거리미확보,건조,맑음,단일로 - 터널,승용,남,57세,상해없음,승용,여,37세,경상
2015052200100384,2015년 5월 22일 14시,금요일,경상남도 거제시 장평동,부상신고사고,0,0,0,2,차대차 - 기타,안전운전불이행,건조,맑음,교차로 - 교차로부근,승용,여,44세,상해없음,승용,남,30세,부상신고
2015052200100427,2015년 5월 22일 15시,금요일,경상남도 창원시 진해구 남문동,경상사고,0,0,1,0,차대차 - 측면직각충돌,교차로운행방법위반,건조,맑음,교차로 - 교차로안,승합,남,57세,상해없음,승용,남,25세,경상
2015052200100428,2015년 5월 22일 15시,금요일,경상남도 통영시 용남면,경상사고,0,0,1,0,차대차 - 추돌 - 진행중,안전거리미확보,건조,맑음,단일로 - 기타,화물,남,43세,상해없음,승용,여,34세,경상
2015052200100429,2015년 5월 22일 15시,금요일,경상남도 양산시 남부동,경상사고,0,0,1,0,차대차 - 측면직각충돌,직진우회전진행방해,건조,맑음,교차로 - 교차로안,승용,여,49세,상해없음,자전거,여,44세,경상
2015052200100430,2015년 5월 22일 15시,금요일,경상남도 하동군 금남면,경상사고,0,0,1,0,차대차 - 기타,안전운전불이행,건조,맑음,단일로 - 기타,승용,여,47세,상해없음,승용,남,47세,경상
2015052200100431,2015년 5월 22일 15시,금요일,경상남도 김해시 장유면,중상사고,0,1,0,0,차대차 - 측면직각충돌,신호위반,건조,맑음,교차로 - 교차로안,승용,남,54세,상해없음,승용,여,52세,중상
2015052200100469,2015년 5월 22일 16시,금요일,경상남도 거창군 거창읍,중상사고,0,1,0,0,차대차 - 측면직각충돌,교차로운행방법위반,건조,맑음,교차로 - 교차로안,승용,남,46세,상해없음,이륜,남,71세,중상
2015052200100470,2015년 5월 22일 16시,금요일,경상남도 김해시 장유면,경상사고,0,0,1,0,차대사람 - 기타,기타,건조,맑음,교차로 - 교차로부근,승합,남,45세,상해없음,보행자,여,43세,경상
2015052200100506,2015년 5월 22일 17시,금요일,경상남도 양산시 동면,부상신고사고,0,0,0,1,차대차 - 측면직각충돌,안전거리미확보,건조,맑음,단일로 - 기타,승합,남,58세,상해없음,승용,여,45세,부상신고
2015052200100566,2015년 5월 22일 18시,금요일,경상남도 창원시 진해구 석동,중상사고,0,1,0,0,차대사람 - 차도통행중,안전운전불이행,건조,맑음,단일로 - 기타,승용,남,66세,상해없음,보행자,여,57세,중상
2015052200100567,2015년 5월 22일 18시,금요일,경상남도 창원시 마산회원구 양덕동,중상사고,0,1,0,0,차대사람 - 횡단중,안전운전불이행,건조,맑음,교차로 - 교차로부근,승용,남,38세,상해없음,보행자,여,60세,중상
2015052200100600,2015년 5월 22일 19시,금요일,경상남도 창원시 진해구 태평동,경상사고,0,0,2,0,차대차 - 측면직각충돌,교차로운행방법위반,건조,맑음,교차로 - 교차로안,승합,남,59세,경상,특수,남,24세,경상
2015052200100601,2015년 5월 22일 19시,금요일,경상남도 거제시 수월동,중상사고,0,1,0,0,차대차 - 기타,기타,건조,맑음,교차로 - 교차로안,자전거,남,13세,중상,기타불명,기타불명,기타불명,기타불명
2015052200100639,2015년 5월 22일 20시,금요일,경상남도 김해시 내동,경상사고,0,0,1,0,차대차 - 측면직각충돌,안전운전불이행,건조,맑음,교차로 - 교차로안,승용,남,53세,상해없음,원동기,남,28세,경상
2015052200100676,2015년 5월 22일 21시,금요일,경상남도 창원시 마산합포구 중앙동2가,중상사고,0,1,0,0,차대차 - 측면직각충돌,안전운전불이행,건조,맑음,단일로 - 기타,승용,남,59세,상해없음,자전거,여,50세,중상
2015052200100677,2015년 5월 22일 21시,금요일,경상남도 고성군 회화면,중상사고,0,1,0,0,차대사람 - 차도통행중,안전운전불이행,건조,맑음,단일로 - 기타,승용,남,39세,상해없음,보행자,남,74세,중상
2015052200100718,2015년 5월 22일 22시,금요일,경상남도 창원시 마산합포구 서성동,경상사고,0,0,1,0,차량단독 - 기타,안전운전불이행,건조,맑음,교차로 - 교차로부근,승합,남,52세,상해없음,,,,
2015052200100719,2015년 5월 22일 22시,금요일,경상남도 김해시 외동,중상사고,0,1,0,0,차대사람 - 기타,안전운전불이행,건조,맑음,교차로 - 교차로안,원동기,남,18세,상해없음,보행자,여,15세,중상
2015052300100034,2015년 5월 23일 01시,토요일,경상남도 창녕군 창녕읍,부상신고사고,0,0,0,1,차량단독 - 공작물충돌,안전운전불이행,건조,맑음,단일로 - 기타,승용,여,44세,부상신고,,,,
2015052300100035,2015년 5월 23일 01시,토요일,경상남도 양산시 북부동,경상사고,0,0,1,0,차대차 - 기타,직진우회전진행방해,건조,맑음,교차로 - 교차로안,승용,여,37세,상해없음,승용,남,54세,경상
2015052300100072,2015년 5월 23일 03시,토요일,경상남도 진주시 신안동,중상사고,0,1,0,0,차량단독 - 공작물충돌,안전운전불이행,건조,맑음,교차로 - 교차로부근,승용,남,39세,중상,,,,
2015052300100087,2015년 5월 23일 04시,토요일,경상남도 창원시 진해구 소사동,중상사고,0,1,0,0,차량단독 - 전도전복,안전운전불이행,건조,맑음,단일로 - 기타,화물,남,55세,상해없음,,,,
2015052300100088,2015년 5월 23일 04시,토요일,경상남도 김해시 어방동,경상사고,0,0,2,0,차대차 - 추돌 - 주정차중,안전운전불이행,건조,맑음,교차로 - 교차로부근,승용,남,63세,기타불명,승용,남,30세,경상
2015052300100089,2015년 5월 23일 04시,토요일,경상남도 창원시 마산회원구 봉암동,경상사고,0,0,2,0,차대차 - 측면직각충돌,신호위반,건조,맑음,교차로 - 교차로안,승용,남,38세,상해없음,승용,남,64세,경상
2015052300100105,2015년 5월 23일 05시,토요일,경상남도 양산시 삼호동,경상사고,0,0,1,0,차대차 - 추돌 - 진행중,안전운전불이행,건조,맑음,단일로 - 기타,화물,남,44세,상해없음,화물,남,46세,경상
2015052300100106,2015년 5월 23일 05시,토요일,경상남도 창원시 의창구 신월동,중상사고,0,1,0,0,차대차 - 기타,안전운전불이행,건조,맑음,단일로 - 기타,승용,남,56세,기타불명,자전거,여,56세,중상
2015052300100107,2015년 5월 23일 05시,토요일,경상남도 창녕군 대합면,중상사고,0,2,0,0,차대차 - 기타,안전운전불이행,건조,흐림,단일로 - 기타,승용,남,20세,중상,승용,여,40세,중상
2015052300100123,2015년 5월 23일 06시,토요일,경상남도 김해시 외동,중상사고,0,1,1,0,차대차 - 기타,안전운전불이행,건조,맑음,교차로 - 교차로부근,승용,남,56세,상해없음,승용,남,52세,경상