사고번호,사고일시,요일,시군구,사고내용,사망자수,중상자수,경상자수,부상신고자수,사고유형,법규위반,노면상태,기상상태,도로형태,가해운전자 차종,가해운전자 성별,가해운전자 연령,가해운전자 상해정도,피해운전자 차종,피해운전자 성별,피해운전자 연령,피해운전자 상해정도
2015052300100124,2015년 5월 23일 06시,토요일,경상남도 양산시 삼호동,경상사고,0,0,1,0,차대차 - 기타,신호위반,건조,맑음,교차로 - 교차로안,승용,남,62세,상해없음,승용,남,33세,경상
2015052300100225,2015년 5월 23일 10시,토요일,경상남도 사천시 사남면,경상사고,0,0,1,0,차대사람 - 차도통행중,안전운전불이행,건조,맑음,단일로 - 기타,승용,남,51세,상해없음,보행자,남,45세,경상
2015052300100226,2015년 5월 23일 10시,토요일,경상남도 밀양시 하남읍,경상사고,0,0,2,0,차대차 - 측면직각충돌,교차로운행방법위반,건조,맑음,교차로 - 교차로안,화물,남,31세,상해없음,원동기,남,74세,경상
2015052300100227,2015년 5월 23일 10시,토요일,경상남도 양산시 물금읍,부상신고사고,0,0,0,1,차대차 - 기타,안전운전불이행,건조,맑음,단일로 - 기타,화물,남,44세,상해없음,승용,남,50세,부상신고
2015052300100228,2015년 5월 23일 10시,토요일,경상남도 양산시 동면,경상사고,0,0,1,0,차대사람 - 기타,안전운전불이행,건조,맑음,단일로 - 기타,승용,여,57세,상해없음,보행자,여,65세,경상
2015052300100269,2015년 5월 23일 11시,토요일,경상남도 함양군 함양읍,중상사고,0,1,0,0,차대차 - 추돌 - 진행중,안전운전불이행,건조,맑음,단일로 - 기타,자전거,남,8세,중상,화물,여,60세,상해없음
2015052300100311,2015년 5월 23일 12시,토요일,경상남도 거제시 상동동,중상사고,0,1,0,0,차대차 - 기타,신호위반,건조,맑음,단일로 - 기타,승용,남,26세,상해없음,승용,여,24세,중상
2015052300100312,2015년 5월 23일 12시,토요일,경상남도 창원시 마산회원구 회성동,중상사고,0,1,0,0,차대차 - 추돌 - 주정차중,안전운전불이행,건조,맑음,단일로 - 기타,승용,여,58세,중상,화물,남,32세,상해없음
2015052300100356,2015년 5월 23일 13시,토요일,경상남도 진주시 가좌동,중상사고,0,2,0,0,차대차 - 측면직각충돌,안전운전불이행,건조,맑음,단일로 - 기타,승용,남,66세,상해없음,원동기,여,21세,중상
2015052300100357,2015년 5월 23일 13시,토요일,경상남도 창원시 진해구 석동,중상사고,0,2,4,0,차대차 - 추돌 - 주정차중,안전운전불이행,건조,맑음,단일로 - 터널,화물,남,57세,상해없음,승용,남,29세,경상
2015052300100358,2015년 5월 23일 13시,토요일,경상남도 남해군 창선면,중상사고,0,1,0,0,차대사람 - 횡단중,안전운전불이행,건조,맑음,단일로 - 기타,승용,여,49세,상해없음,보행자,남,14세,중상
2015052300100392,2015년 5월 23일 14시,토요일,경상남도 진주시 하대동,경상사고,0,0,1,0,차대차 - 추돌 - 주정차중,안전운전불이행,건조,맑음,교차로 - 교차로부근,화물,남,50세,상해없음,승용,남,25세,경상
2015052300100421,2015년 5월 23일 15시,토요일,경상남도 합천군 삼가면,경상사고,0,0,2,0,차대차 - 정면충돌,기타,건조,맑음,단일로 - 기타,화물,남,40세,상해없음,승합,남,40세,상해없음
2015052300100422,2015년 5월 23일 15시,토요일,경상남도 거제시 수월동,중상사고,0,1,0,0,차대사람 - 횡단중,보행자보호의무위반,건조,맑음,단일로 - 횡단보도상,화물,남,33세,상해없음,보행자,남,71세,중상
2015052300100423,2015년 5월 23일 15시,토요일,경상남도 남해군 창선면,경상사고,0,0,4,0,차대차 - 측면직각충돌,중앙선침범,건조,맑음,단일로 - 기타,승용,여,52세,상해없음,승용,남,32세,경상
2015052300100465,2015년 5월 23일 16시,토요일,경상남도 창원시 마산합포구 월영동,중상사고,0,1,0,0,차대사람 - 기타,안전운전불이행,건조,맑음,교차로 - 교차로부근,승용,남,37세,상해없음,보행자,남,38세,중상
2015052300100466,2015년 5월 23일 16시,토요일,경상남도 밀양시 삼문동,경상사고,0,0,1,0,차대차 - 추돌 - 진행중,안전운전불이행,건조,맑음,단일로 - 기타,승용,남,48세,상해없음,승용,여,46세,경상
2015052300100478,2015년 5월 23일 17시,토요일,경상남도 양산시 동면,중상사고,0,1,0,0,차대차 - 기타,안전운전불이행,건조,맑음,단일로 - 기타,화물,남,58세,상해없음,승용,남,67세,상해없음
2015052300100510,2015년 5월 23일 17시,토요일,경상남도 진주시 초전동,사망사고,1,0,2,0,차대차 - 추돌 - 진행중,과속,건조,맑음,교차로 - 교차로안,승용,여,46세,상해없음,승용,남,52세,경상
2015052300100511,2015년 5월 23일 17시,토요일,경상남도 김해시 외동,경상사고,0,0,1,0,차대차 - 추돌 - 진행중,안전운전불이행,건조,맑음,단일로 - 기타,승용,남,45세,상해없음,화물,남,33세,경상
2015052300100552,2015년 5월 23일 18시,토요일,경상남도 창원시 마산합포구 진북면,중상사고,0,1,0,0,차대차 - 기타,신호위반,건조,맑음,교차로 - 교차로안,화물,남,56세,상해없음,화물,남,66세,중상
2015052300100553,2015년 5월 23일 18시,토요일,경상남도 창원시 진해구 용원동,중상사고,0,1,0,0,차대사람 - 차도통행중,안전운전불이행,건조,맑음,교차로 - 교차로안,승용,남,40세,상해없음,보행자,남,3세,중상
2015052300100554,2015년 5월 23일 18시,토요일,경상남도 통영시 산양읍,경상사고,0,0,1,0,차량단독 - 전도전복,안전운전불이행,건조,맑음,단일로 - 기타,이륜,남,25세,상해없음,,,,
2015052300100555,2015년 5월 23일 18시,토요일,경상남도 거제시 고현동,중상사고,0,1,0,0,차대차 - 기타,교차로운행방법위반,건조,맑음,교차로 - 교차로안,승용,남,48세,상해없음,승용,남,36세,중상
2015052300100589,2015년 5월 23일 19시,토요일,경상남도 김해시 동상동,부상신고사고,0,0,0,1,차량단독 - 공작물충돌,안전운전불이행,건조,맑음,단일로 - 기타,승용,남,42세,부상신고,,,,
2015052300100612,2015년 5월 23일 20시,토요일,경상남도 진주시 평거동,경상사고,0,0,1,0,차대차 - 측면직각충돌,신호위반,건조,맑음,교차로 - 교차로안,화물,남,44세,상해없음,이륜,남,19세,경상
2015052300100613,2015년 5월 23일 20시,토요일,경상남도 사천시 벌리동,중상사고,0,1,0,0,차대사람 - 횡단중,보행자보호의무위반,건조,맑음,단일로 - 기타,승용,남,54세,상해없음,보행자,남,42세,중상
2015052300100614,2015년 5월 23일 20시,토요일,경상남도 남해군 미조면,경상사고,0,0,1,0,차대사람 - 길가장자리구역통행중,안전운전불이행,건조,맑음,단일로 - 기타,화물,남,62세,상해없음,보행자,남,48세,경상
2015052300100615,2015년 5월 23일 20시,토요일,경상남도 창원시 마산회원구 내서읍,경상사고,0,0,4,0,차대차 - 측면직각충돌,안전운전불이행,건조,맑음,기타 - 기타,승용,여,52세,상해없음,승용,남,43세,경상
2015052300100616,2015년 5월 23일 20시,토요일,경상남도 김해시 진례면,중상사고,0,1,0,0,차대사람 - 횡단중,안전운전불이행,건조,맑음,단일로 - 기타,승용,여,25세,상해없음,보행자,남,82세,중상
2015052300100647,2015년 5월 23일 21시,토요일,경상남도 고성군 상리면,경상사고,0,0,1,0,차대사람 - 길가장자리구역통행중,안전운전불이행,건조,맑음,단일로 - 기타,자전거,여,23세,상해없음,보행자,여,80세,경상
2015052300100672,2015년 5월 23일 22시,토요일,경상남도 남해군 이동면,중상사고,0,1,0,0,차대사람 - 횡단중,안전운전불이행,건조,맑음,단일로 - 기타,승용,남,51세,상해없음,보행자,여,43세,중상
2015052300100673,2015년 5월 23일 22시,토요일,경상남도 남해군 미조면,중상사고,0,1,4,0,차대차 - 기타,안전운전불이행,건조,맑음,단일로 - 기타,승용,남,27세,경상,승용,남,34세,경상
2015052400100009,2015년 5월 24일 00시,일요일,경상남도 창원시 마산합포구 서성동,경상사고,0,0,1,0,차대차 - 측면직각충돌,교차로운행방법위반,건조,맑음,교차로 - 교차로안,승용,남,30세,상해없음,승용,남,48세,상해없음
2015052400100079,2015년 5월 24일 04시,일요일,경상남도 창원시 의창구 대원동,경상사고,0,0,1,0,차량단독 - 전도전복,안전운전불이행,건조,맑음,단일로 - 기타,승용,남,23세,경상,,,,
2015052400100106,2015년 5월 24일 06시,일요일,경상남도 함양군 마천면,경상사고,0,0,3,0,차대차 - 정면충돌,기타,건조,맑음,단일로 - 기타,승용,남,43세,상해없음,승용,남,50세,상해없음
2015052400100147,2015년 5월 24일 08시,일요일,경상남도 진주시 상봉동,중상사고,0,1,0,0,차대사람 - 기타,안전운전불이행,건조,맑음,교차로 - 교차로안,승용,남,48세,상해없음,보행자,여,68세,중상
2015052400100170,2015년 5월 24일 09시,일요일,경상남도 남해군 미조면,경상사고,0,0,1,0,차대차 - 측면직각충돌,중앙선침범,건조,맑음,단일로 - 기타,자전거,여,57세,경상,화물,남,64세,상해없음
2015052400100171,2015년 5월 24일 09시,일요일,경상남도 창원시 의창구 사림동,경상사고,0,0,2,0,차대차 - 기타,안전운전불이행,건조,맑음,단일로 - 기타,승용,남,29세,상해없음,승용,남,24세,경상
2015052400100192,2015년 5월 24일 10시,일요일,경상남도 김해시 상동면,경상사고,0,0,1,0,차대차 - 측면직각충돌,안전운전불이행,건조,맑음,단일로 - 기타,승용,여,58세,상해없음,자전거,남,70세,경상
2015052400100219,2015년 5월 24일 11시,일요일,경상남도 밀양시 가곡동,중상사고,0,1,0,0,차대차 - 측면직각충돌,교차로운행방법위반,건조,맑음,교차로 - 교차로안,화물,남,64세,상해없음,자전거,남,52세,중상
2015052400100220,2015년 5월 24일 11시,일요일,경상남도 김해시 삼정동,중상사고,0,1,1,0,차대차 - 측면직각충돌,안전운전불이행,건조,맑음,교차로 - 교차로안,승용,남,33세,상해없음,승용,여,60세,경상
2015052400100221,2015년 5월 24일 11시,일요일,경상남도 거제시 장승포동,경상사고,0,0,1,0,차대차 - 기타,안전운전불이행,건조,맑음,단일로 - 기타,승용,남,77세,상해없음,승용,여,30세,경상
2015052400100245,2015년 5월 24일 12시,일요일,경상남도 진주시 금곡면,사망사고,1,1,0,0,차대차 - 정면충돌,중앙선침범,건조,맑음,단일로 - 기타,원동기,남,56세,사망,승용,남,60세,중상
2015052400100246,2015년 5월 24일 12시,일요일,경상남도 창원시 마산회원구 내서읍,경상사고,0,0,2,0,차대차 - 측면직각충돌,안전운전불이행,건조,맑음,교차로 - 교차로안,승용,남,50세,상해없음,승용,남,54세,경상
2015052400100268,2015년 5월 24일 13시,일요일,경상남도 진주시 명석면,중상사고,0,2,0,0,차대차 - 측면직각충돌,교차로운행방법위반,건조,맑음,교차로 - 교차로안,승용,여,46세,상해없음,화물,남,58세,중상
2015052400100301,2015년 5월 24일 14시,일요일,경상남도 밀양시 내이동,경상사고,0,0,1,0,차대차 - 측면직각충돌,교차로운행방법위반,건조,맑음,교차로 - 교차로안,승용,남,53세,상해없음,승용,남,58세,상해없음
2015052400100302,2015년 5월 24일 14시,일요일,경상남도 창원시 마산회원구 합성동,경상사고,0,0,3,0,차대차 - 추돌 - 진행중,안전운전불이행,건조,맑음,단일로 - 기타,승용,남,53세,상해없음,승용,남,52세,경상
2015052400100336,2015년 5월 24일 15시,일요일,경상남도 창원시 마산합포구 현동,경상사고,0,0,3,0,차대차 - 추돌 - 진행중,안전거리미확보,건조,맑음,단일로 - 기타,승용,남,54세,상해없음,승용,여,37세,경상
2015052400100337,2015년 5월 24일 15시,일요일,경상남도 사천시 늑도동,경상사고,0,0,2,0,차대차 - 추돌 - 진행중,안전거리미확보,건조,맑음,단일로 - 기타,승용,남,43세,상해없음,승용,남,50세,경상
2015052400100374,2015년 5월 24일 16시,일요일,경상남도 산청군 신안면,경상사고,0,0,3,0,차대차 - 추돌 - 진행중,안전운전불이행,건조,맑음,단일로 - 기타,승용,남,68세,상해없음,승용,남,30세,경상
2015052400100375,2015년 5월 24일 16시,일요일,경상남도 의령군 의령읍,중상사고,0,1,1,0,차대차 - 측면직각충돌,교차로운행방법위반,건조,맑음,교차로 - 교차로안,이륜,남,77세,경상,승용,남,59세,상해없음
2015052400100449,2015년 5월 24일 18시,일요일,경상남도 진주시 신안동,중상사고,0,1,0,0,차대차 - 정면충돌,중앙선침범,건조,맑음,단일로 - 기타,원동기,남,18세,상해없음,원동기,남,17세,중상
2015052400100450,2015년 5월 24일 18시,일요일,경상남도 통영시 용남면,경상사고,0,0,4,0,차대차 - 측면직각충돌,중앙선침범,건조,맑음,단일로 - 기타,승용,남,62세,상해없음,승용,남,49세,상해없음
2015052400100451,2015년 5월 24일 18시,일요일,경상남도 양산시 중부동,부상신고사고,0,0,0,1,차대차 - 기타,기타,건조,맑음,교차로 - 교차로안,승용,여,43세,상해없음,승합,남,45세,상해없음
2015052400100473,2015년 5월 24일 19시,일요일,경상남도 양산시 삼호동,경상사고,0,0,2,0,차대차 - 기타,안전운전불이행,건조,맑음,단일로 - 기타,승용,남,52세,상해없음,승용,여,48세,경상
2015052400100474,2015년 5월 24일 19시,일요일,경상남도 거제시 남부면,경상사고,0,0,4,0,차대차 - 기타,안전거리미확보,건조,맑음,교차로 - 교차로부근,승용,여,26세,상해없음,승용,남,46세,상해없음
2015052400100475,2015년 5월 24일 19시,일요일,경상남도 창원시 의창구 대원동,경상사고,0,0,1,0,차량단독 - 기타,안전운전불이행,건조,맑음,단일로 - 기타,승용,남,48세,상해없음,,,,
2015052400100502,2015년 5월 24일 20시,일요일,경상남도 창원시 마산합포구 상남동,중상사고,0,1,0,0,차대차 - 기타,신호위반,건조,맑음,교차로 - 교차로안,승용,여,57세,상해없음,승용,여,50세,중상
2015052400100503,2015년 5월 24일 20시,일요일,경상남도 사천시 서동,중상사고,0,1,0,0,차대사람 - 횡단중,안전운전불이행,건조,맑음,교차로 - 교차로부근,승용,남,69세,상해없음,보행자,남,72세,중상
2015052400100504,2015년 5월 24일 20시,일요일,경상남도 함안군 가야읍,경상사고,0,0,1,0,차대사람 - 기타,보행자보호의무위반,건조,맑음,단일로 - 횡단보도상,특수,남,55세,상해없음,보행자,여,60세,경상
2015052400100534,2015년 5월 24일 21시,일요일,경상남도 창원시 진해구 경화동,중상사고,0,1,0,0,차대차 - 측면직각충돌,안전운전불이행,건조,맑음,교차로 - 교차로안,승용,남,61세,상해없음,원동기,남,40세,중상
2015052400100535,2015년 5월 24일 21시,일요일,경상남도 김해시 외동,중상사고,0,1,0,0,차대차 - 측면직각충돌,안전운전불이행,건조,맑음,교차로 - 교차로안,승용,여,30세,상해없음,이륜,남,16세,중상
2015052500100047,2015년 5월 25일 02시,월요일,경상남도 창원시 성산구 양곡동,중상사고,0,1,0,0,차대차 - 추돌 - 진행중,안전운전불이행,건조,맑음,단일로 - 교량,승용,여,46세,상해없음,승용,남,34세,중상
2015052500100058,2015년 5월 25일 04시,월요일,경상남도 거제시 고현동,경상사고,0,0,1,0,차대사람 - 기타,안전운전불이행,건조,맑음,단일로 - 기타,승용,남,44세,기타불명,보행자,여,66세,경상
2015052500100092,2015년 5월 25일 06시,월요일,경상남도 김해시 내동,경상사고,0,0,1,0,차대차 - 측면직각충돌,안전거리미확보,건조,맑음,단일로 - 기타,승용,남,33세,경상,화물,남,45세,상해없음
2015052500100105,2015년 5월 25일 07시,월요일,경상남도 양산시 하북면,부상신고사고,0,0,0,2,차대차 - 측면직각충돌,기타,건조,맑음,교차로 - 교차로안,승용,여,53세,상해없음,승용,남,52세,부상신고
2015052500100106,2015년 5월 25일 07시,월요일,경상남도 김해시 장유면,중상사고,0,1,0,0,차대사람 - 기타,안전운전불이행,건조,맑음,교차로 - 교차로안,승용,여,37세,상해없음,보행자,여,81세,중상
2015052500100128,2015년 5월 25일 08시,월요일,경상남도 함양군 서상면,중상사고,0,1,0,0,차대사람 - 횡단중,안전운전불이행,건조,맑음,단일로 - 기타,승용,남,73세,상해없음,보행자,여,77세,중상
2015052500100129,2015년 5월 25일 08시,월요일,경상남도 하동군 옥종면,중상사고,0,2,0,0,차대차 - 정면충돌,중앙선침범,건조,맑음,단일로 - 기타,승용,남,41세,상해없음,승용,남,62세,중상
2015052500100130,2015년 5월 25일 08시,월요일,경상남도 창원시 의창구 봉곡동,중상사고,0,1,0,0,차대차 - 측면직각충돌,안전운전불이행,건조,맑음,교차로 - 교차로안,이륜,남,32세,상해없음,승용,여,58세,상해없음
2015052500100155,2015년 5월 25일 09시,월요일,경상남도 통영시 광도면,중상사고,0,1,0,0,차대차 - 추돌 - 진행중,안전운전불이행,건조,맑음,단일로 - 기타,특수,남,44세,상해없음,승용,남,56세,중상
2015052500100156,2015년 5월 25일 09시,월요일,경상남도 사천시 사천읍,경상사고,0,0,1,0,차대차 - 측면직각충돌,직진우회전진행방해,건조,맑음,교차로 - 교차로안,원동기,남,71세,경상,화물,남,63세,상해없음
2015052500100157,2015년 5월 25일 09시,월요일,경상남도 거제시 일운면,중상사고,0,1,1,0,차대차 - 측면직각충돌,중앙선침범,건조,맑음,단일로 - 기타,승용,여,56세,상해없음,승용,남,41세,경상
2015052500100186,2015년 5월 25일 10시,월요일,경상남도 통영시 미수동,경상사고,0,0,2,0,차대차 - 추돌 - 진행중,직진우회전진행방해,건조,맑음,교차로 - 교차로안,승용,남,65세,상해없음,승용,남,57세,경상
2015052500100187,2015년 5월 25일 10시,월요일,경상남도 사천시 사남면,경상사고,0,0,2,0,차대차 - 추돌 - 진행중,안전거리미확보,건조,맑음,단일로 - 기타,원동기,남,19세,경상,승용,남,36세,상해없음
2015052500100188,2015년 5월 25일 10시,월요일,경상남도 밀양시 삼랑진읍,중상사고,0,1,0,0,차대차 - 측면직각충돌,안전운전불이행,건조,맑음,단일로 - 기타,승용,남,40세,상해없음,승용,남,54세,중상
2015052500100213,2015년 5월 25일 11시,월요일,경상남도 진주시 정촌면,중상사고,0,1,0,0,차대차 - 추돌 - 진행중,안전운전불이행,건조,맑음,단일로 - 기타,승용,남,29세,상해없음,이륜,남,72세,중상
2015052500100214,2015년 5월 25일 11시,월요일,경상남도 창녕군 성산면,경상사고,0,0,2,0,차대차 - 기타,중앙선침범,건조,맑음,단일로 - 기타,화물,남,59세,상해없음,승용,남,49세,경상
2015052500100236,2015년 5월 25일 12시,월요일,경상남도 남해군 삼동면,경상사고,0,0,2,0,차대차 - 추돌 - 진행중,안전운전불이행,건조,맑음,단일로 - 기타,승합,남,64세,상해없음,승용,여,34세,경상
2015052500100257,2015년 5월 25일 13시,월요일,경상남도 창원시 진해구 경화동,경상사고,0,0,1,0,차대차 - 측면직각충돌,차로위반,건조,맑음,단일로 - 횡단보도부근,승용,남,60세,상해없음,승용,남,28세,상해없음
2015052500100258,2015년 5월 25일 13시,월요일,경상남도 통영시 광도면,경상사고,0,0,1,0,차대차 - 측면직각충돌,직진우회전진행방해,건조,맑음,교차로 - 교차로안,승합,남,61세,상해없음,승용,남,43세,상해없음
2015052500100259,2015년 5월 25일 13시,월요일,경상남도 양산시 물금읍,부상신고사고,0,0,0,1,차대차 - 측면직각충돌,직진우회전진행방해,건조,맑음,교차로 - 교차로안,승용,남,58세,상해없음,원동기,남,60세,부상신고
2015052500100260,2015년 5월 25일 13시,월요일,경상남도 산청군 신등면,경상사고,0,0,1,1,차대차 - 측면직각충돌,교차로운행방법위반,건조,맑음,교차로 - 교차로안,원동기,남,49세,부상신고,승용,남,55세,기타불명
2015052500100303,2015년 5월 25일 14시,월요일,경상남도 진주시 상대동,경상사고,0,0,3,0,차대차 - 측면직각충돌,차로위반,건조,맑음,교차로 - 교차로안,승용,남,53세,상해없음,승합,남,53세,경상
2015052500100304,2015년 5월 25일 14시,월요일,경상남도 양산시 덕계동,중상사고,0,1,0,0,차대사람 - 기타,안전운전불이행,건조,맑음,단일로 - 기타,승용,여,33세,상해없음,보행자,여,53세,중상
2015052500100305,2015년 5월 25일 14시,월요일,경상남도 양산시 하북면,중상사고,0,1,0,0,차대차 - 측면직각충돌,직진우회전진행방해,건조,맑음,기타 - 기타,화물,남,54세,상해없음,승용,남,42세,중상
2015052500100306,2015년 5월 25일 14시,월요일,경상남도 함안군 칠원읍,경상사고,0,0,1,0,차대차 - 측면직각충돌,안전운전불이행,건조,맑음,단일로 - 기타,특수,남,36세,상해없음,특수,남,40세,경상
2015052500100348,2015년 5월 25일 15시,월요일,경상남도 사천시 용현면,중상사고,0,1,0,0,차대차 - 측면직각충돌,교차로운행방법위반,건조,맑음,교차로 - 교차로안,승합,남,57세,상해없음,승용,여,53세,중상
2015052500100349,2015년 5월 25일 15시,월요일,경상남도 양산시 유산동,경상사고,0,0,2,0,차대차 - 기타,교차로운행방법위반,건조,맑음,교차로 - 교차로안,승용,여,55세,상해없음,승용,남,49세,경상
2015052500100350,2015년 5월 25일 15시,월요일,경상남도 양산시 동면,경상사고,0,0,1,0,차대차 - 측면직각충돌,안전운전불이행,건조,맑음,기타 - 기타,자전거,남,10세,경상,승용,남,56세,상해없음
2015052500100351,2015년 5월 25일 15시,월요일,경상남도 하동군 북천면,중상사고,0,1,0,0,차대차 - 측면직각충돌,중앙선침범,건조,맑음,단일로 - 기타,승용,남,58세,상해없음,승용,남,53세,중상
2015052500100352,2015년 5월 25일 15시,월요일,경상남도 창원시 성산구 상남동,경상사고,0,0,1,0,차대차 - 측면직각충돌,차로위반,건조,맑음,단일로 - 기타,승용,남,51세,상해없음,이륜,남,23세,경상
2015052500100353,2015년 5월 25일 15시,월요일,경상남도 김해시 장유면,중상사고,0,1,0,0,차대사람 - 차도통행중,안전운전불이행,건조,맑음,단일로 - 기타,승용,남,28세,상해없음,보행자,여,23세,중상
2015052500100386,2015년 5월 25일 16시,월요일,경상남도 양산시 하북면,부상신고사고,0,0,0,4,차대차 - 측면직각충돌,중앙선침범,건조,맑음,기타 - 기타,승용,남,43세,상해없음,승용,남,43세,부상신고
2015052500100428,2015년 5월 25일 17시,월요일,경상남도 밀양시 상남면,경상사고,0,0,3,0,차대차 - 추돌 - 진행중,안전운전불이행,건조,맑음,교차로 - 교차로부근,승용,남,23세,상해없음,승용,남,44세,경상
2015052500100429,2015년 5월 25일 17시,월요일,경상남도 함양군 함양읍,사망사고,1,0,1,1,차대차 - 측면직각충돌,안전운전불이행,건조,맑음,단일로 - 기타,승용,남,49세,사망,승합,남,51세,상해없음
2015052500100430,2015년 5월 25일 17시,월요일,경상남도 양산시 물금읍,경상사고,0,0,1,0,차대차 - 측면직각충돌,안전운전불이행,건조,맑음,기타 - 기타,승용,남,36세,상해없음,승용,여,41세,경상
2015052500100431,2015년 5월 25일 17시,월요일,경상남도 김해시 장유면,경상사고,0,0,1,0,차대차 - 기타,안전운전불이행,건조,맑음,교차로 - 교차로부근,이륜,남,19세,경상,승용,남,54세,상해없음
2015052500100432,2015년 5월 25일 17시,월요일,경상남도 김해시 진례면,중상사고,0,1,0,0,차대차 - 기타,안전운전불이행,건조,맑음,단일로 - 기타,승용,남,66세,상해없음,자전거,남,77세,중상
2015052500100488,2015년 5월 25일 19시,월요일,경상남도 통영시 중앙동,중상사고,0,1,0,0,차대사람 - 차도통행중,안전운전불이행,건조,맑음,단일로 - 기타,승용,남,70세,상해없음,보행자,여,82세,중상
2015052500100489,2015년 5월 25일 19시,월요일,경상남도 창녕군 창녕읍,중상사고,0,1,0,0,차량단독 - 공작물충돌,안전운전불이행,건조,맑음,단일로 - 기타,승용,남,25세,중상,,,,
2015052500100517,2015년 5월 25일 20시,월요일,경상남도 통영시 무전동,중상사고,0,1,0,0,차대차 - 추돌 - 주정차중,안전운전불이행,건조,맑음,교차로 - 교차로부근,화물,남,21세,상해없음,승용,남,57세,중상
2015052500100518,2015년 5월 25일 20시,월요일,경상남도 김해시 진영읍,경상사고,0,0,2,0,차대차 - 측면직각충돌,신호위반,건조,맑음,교차로 - 교차로안,승용,남,29세,상해없음,승용,남,60세,경상
2015052500100545,2015년 5월 25일 21시,월요일,경상남도 통영시 광도면,중상사고,0,1,1,0,차대차 - 측면직각충돌,직진우회전진행방해,건조,맑음,교차로 - 교차로안,승용,남,52세,상해없음,승용,남,30세,상해없음
2015052500100575,2015년 5월 25일 22시,월요일,경상남도 양산시 동면,경상사고,0,0,1,0,차대차 - 측면직각충돌,교차로운행방법위반,건조,맑음,기타 - 기타,화물,남,49세,상해없음,승용,여,36세,경상
2015052500100594,2015년 5월 25일 23시,월요일,경상남도 진주시 집현면,경상사고,0,0,2,0,차대차 - 추돌 - 진행중,안전거리미확보,건조,맑음,단일로 - 기타,승용,여,46세,경상,승용,남,45세,경상
2015052600100036,2015년 5월 26일 04시,화요일,경상남도 창원시 마산합포구 신포동1가,부상신고사고,0,0,0,1,차대차 - 추돌 - 주정차중,안전운전불이행,건조,맑음,단일로 - 기타,이륜,남,15세,부상신고,승용,남,33세,상해없음
2015052600100037,2015년 5월 26일 04시,화요일,경상남도 창원시 성산구 대방동,중상사고,0,1,0,0,차대사람 - 횡단중,보행자보호의무위반,건조,맑음,단일로 - 횡단보도상,승용,남,59세,상해없음,보행자,여,78세,중상
2015052600100062,2015년 5월 26일 06시,화요일,경상남도 거제시 연초면,중상사고,0,1,0,0,차대차 - 정면충돌,중앙선침범,건조,맑음,단일로 - 기타,이륜,남,41세,상해없음,이륜,남,37세,중상
2015052600100100,2015년 5월 26일 07시,화요일,경상남도 진주시 집현면,중상사고,0,1,0,0,차대사람 - 기타,안전운전불이행,건조,맑음,단일로 - 기타,승용,남,61세,상해없음,보행자,여,82세,중상
2015052600100101,2015년 5월 26일 07시,화요일,경상남도 김해시 부원동,경상사고,0,0,1,0,차량단독 - 기타,안전운전불이행,건조,맑음,교차로 - 교차로부근,승용,남,56세,상해없음,,,,
2015052600100131,2015년 5월 26일 08시,화요일,경상남도 양산시 중부동,부상신고사고,0,0,0,1,차대차 - 기타,안전운전불이행,건조,맑음,교차로 - 교차로부근,자전거,남,49세,부상신고,승합,여,53세,상해없음
2015052600100132,2015년 5월 26일 08시,화요일,경상남도 산청군 산청읍,중상사고,0,1,0,0,차량단독 - 도로외이탈 - 추락,안전운전불이행,건조,맑음,단일로 - 기타,승용,여,36세,상해없음,,,,
2015052600100173,2015년 5월 26일 09시,화요일,경상남도 김해시 외동,경상사고,0,0,1,0,차대사람 - 보도통행중,기타,건조,맑음,단일로 - 기타,승용,남,48세,상해없음,보행자,남,29세,경상
2015052600100212,2015년 5월 26일 10시,화요일,경상남도 김해시 한림면,경상사고,0,0,1,0,차대차 - 측면직각충돌,교차로운행방법위반,건조,맑음,교차로 - 교차로안,특수,남,57세,상해없음,승용,여,52세,경상
2015052600100277,2015년 5월 26일 12시,화요일,경상남도 창원시 진해구 장천동,경상사고,0,0,1,0,차대차 - 추돌 - 주정차중,안전거리미확보,건조,맑음,단일로 - 기타,승합,남,25세,상해없음,승합,남,29세,경상
2015052600100278,2015년 5월 26일 12시,화요일,경상남도 고성군 고성읍,경상사고,0,0,1,0,차대차 - 측면직각충돌,안전운전불이행,건조,맑음,교차로 - 교차로안,화물,남,62세,상해없음,화물,남,46세,경상
2015052600100316,2015년 5월 26일 13시,화요일,경상남도 창녕군 계성면,사망사고,1,0,1,0,차대차 - 정면충돌,중앙선침범,건조,맑음,단일로 - 기타,승용,여,55세,사망,승합,여,51세,경상
2015052600100317,2015년 5월 26일 13시,화요일,경상남도 양산시 물금읍,부상신고사고,0,0,0,1,차대차 - 기타,안전운전불이행,건조,맑음,기타 - 기타,승용,남,68세,상해없음,원동기,남,24세,부상신고
2015052600100359,2015년 5월 26일 14시,화요일,경상남도 창원시 마산합포구 오동동,중상사고,0,1,0,0,차대차 - 측면직각충돌,안전거리미확보,건조,맑음,교차로 - 교차로부근,자전거,남,60세,중상,화물,남,61세,상해없음