사고번호,사고일시,요일,시군구,사고내용,사망자수,중상자수,경상자수,부상신고자수,사고유형,법규위반,노면상태,기상상태,도로형태,가해운전자 차종,가해운전자 성별,가해운전자 연령,가해운전자 상해정도,피해운전자 차종,피해운전자 성별,피해운전자 연령,피해운전자 상해정도
2015052600100360,2015년 5월 26일 14시,화요일,경상남도 통영시 광도면,경상사고,0,0,3,0,차대차 - 측면직각충돌,신호위반,건조,맑음,교차로 - 교차로안,승용,여,42세,상해없음,승용,남,56세,경상
2015052600100361,2015년 5월 26일 14시,화요일,경상남도 김해시 흥동,중상사고,0,1,0,0,차대사람 - 횡단중,보행자보호의무위반,건조,맑음,단일로 - 횡단보도상,승용,여,49세,상해없음,보행자,남,7세,중상
2015052600100386,2015년 5월 26일 15시,화요일,경상남도 거제시 아주동,경상사고,0,0,1,0,차대사람 - 횡단중,중앙선침범,건조,맑음,단일로 - 기타,승용,여,36세,상해없음,보행자,여,6세,경상
2015052600100387,2015년 5월 26일 15시,화요일,경상남도 산청군 시천면,중상사고,0,1,0,0,차대사람 - 길가장자리구역통행중,안전운전불이행,건조,맑음,교차로 - 교차로안,승용,여,70세,상해없음,보행자,여,79세,중상
2015052600100388,2015년 5월 26일 15시,화요일,경상남도 창원시 의창구 북면,중상사고,0,1,1,0,차대차 - 기타,신호위반,건조,맑음,교차로 - 교차로안,승용,여,47세,상해없음,농기계,남,33세,중상
2015052600100442,2015년 5월 26일 16시,화요일,경상남도 창원시 진해구 태평동,중상사고,0,1,0,0,차대사람 - 횡단중,보행자보호의무위반,건조,맑음,단일로 - 횡단보도상,승용,남,68세,상해없음,보행자,여,36세,중상
2015052600100443,2015년 5월 26일 16시,화요일,경상남도 통영시 북신동,중상사고,0,2,0,0,차대차 - 추돌 - 진행중,안전거리미확보,건조,맑음,교차로 - 교차로안,승용,남,62세,상해없음,승용,남,42세,중상
2015052600100444,2015년 5월 26일 16시,화요일,경상남도 창원시 의창구 봉곡동,경상사고,0,0,1,0,차대사람 - 기타,안전운전불이행,건조,맑음,단일로 - 기타,승용,남,68세,상해없음,보행자,남,56세,경상
2015052600100503,2015년 5월 26일 17시,화요일,경상남도 창원시 마산합포구 상남동,중상사고,0,1,0,0,차대차 - 측면직각충돌,안전운전불이행,건조,맑음,교차로 - 교차로안,승용,남,66세,상해없음,자전거,남,54세,중상
2015052600100504,2015년 5월 26일 17시,화요일,경상남도 창원시 진해구 제덕동,중상사고,0,1,2,0,차대차 - 측면직각충돌,교차로운행방법위반,건조,맑음,교차로 - 교차로안,승용,남,28세,경상,승용,남,25세,경상
2015052600100505,2015년 5월 26일 17시,화요일,경상남도 김해시 삼계동,경상사고,0,0,1,0,차대사람 - 보도통행중,안전운전불이행,건조,맑음,단일로 - 기타,승용,여,39세,상해없음,보행자,여,30세,경상
2015052600100506,2015년 5월 26일 17시,화요일,경상남도 양산시 북정동,경상사고,0,0,1,0,차대차 - 측면직각충돌,기타,건조,맑음,교차로 - 교차로안,승합,남,58세,상해없음,원동기,남,16세,경상
2015052600100508,2015년 5월 26일 17시,화요일,경상남도 남해군 이동면,중상사고,0,2,0,0,차대차 - 기타,중앙선침범,건조,맑음,단일로 - 기타,승용,남,63세,상해없음,화물,남,60세,중상
2015052600100509,2015년 5월 26일 17시,화요일,경상남도 산청군 단성면,중상사고,0,3,0,0,차대차 - 측면직각충돌,안전운전불이행,건조,맑음,교차로 - 교차로안,승용,여,59세,상해없음,승용,여,51세,중상
2015052600100569,2015년 5월 26일 18시,화요일,경상남도 김해시 동상동,부상신고사고,0,0,0,1,차대차 - 추돌 - 진행중,차로위반,건조,맑음,단일로 - 기타,승용,남,41세,부상신고,승용,남,21세,상해없음
2015052600100570,2015년 5월 26일 18시,화요일,경상남도 거제시 연초면,경상사고,0,0,1,0,차대차 - 기타,중앙선침범,건조,맑음,단일로 - 기타,승용,남,69세,상해없음,승용,남,25세,경상
2015052600100604,2015년 5월 26일 19시,화요일,경상남도 통영시 광도면,중상사고,0,1,0,0,차대차 - 측면직각충돌,직진우회전진행방해,건조,맑음,교차로 - 교차로안,승용,남,40세,상해없음,이륜,남,78세,중상
2015052600100605,2015년 5월 26일 19시,화요일,경상남도 창녕군 창녕읍,경상사고,0,0,1,0,차대차 - 기타,안전운전불이행,건조,맑음,단일로 - 기타,화물,남,77세,상해없음,승용,남,51세,경상
2015052600100606,2015년 5월 26일 19시,화요일,경상남도 산청군 산청읍,경상사고,0,0,2,0,차대차 - 추돌 - 진행중,안전운전불이행,건조,맑음,단일로 - 기타,화물,남,63세,상해없음,승용,남,25세,경상
2015052600100649,2015년 5월 26일 20시,화요일,경상남도 창원시 마산합포구 상남동,경상사고,0,0,3,0,차대차 - 추돌 - 진행중,안전거리미확보,건조,맑음,교차로 - 교차로부근,승용,남,49세,상해없음,승용,남,40세,경상
2015052600100650,2015년 5월 26일 20시,화요일,경상남도 김해시 어방동,중상사고,0,1,0,0,차대사람 - 차도통행중,안전운전불이행,건조,맑음,단일로 - 기타,기타불명,기타불명,기타불명,기타불명,보행자,여,50세,중상
2015052600100651,2015년 5월 26일 20시,화요일,경상남도 함양군 지곡면,중상사고,0,1,0,0,차대차 - 정면충돌,중앙선침범,건조,맑음,단일로 - 기타,화물,남,69세,상해없음,승용,남,29세,중상
2015052600100652,2015년 5월 26일 20시,화요일,경상남도 거제시 고현동,사망사고,1,0,0,0,차대차 - 추돌 - 진행중,안전거리미확보,건조,맑음,단일로 - 기타,승용,여,33세,상해없음,승용,남,53세,사망
2015052600100653,2015년 5월 26일 20시,화요일,경상남도 창원시 의창구 봉곡동,경상사고,0,0,1,0,차대차 - 기타,교차로운행방법위반,건조,맑음,교차로 - 교차로안,승용,남,45세,상해없음,승용,남,48세,상해없음
2015052600100674,2015년 5월 26일 21시,화요일,경상남도 산청군 산청읍,중상사고,0,1,0,0,차량단독 - 전도전복,안전운전불이행,건조,맑음,단일로 - 기타,승용,남,22세,중상,,,,
2015052600100701,2015년 5월 26일 22시,화요일,경상남도 함양군 안의면,경상사고,0,0,2,0,차대차 - 추돌 - 진행중,기타,건조,맑음,단일로 - 기타,특수,남,43세,상해없음,화물,남,69세,상해없음
2015052600100702,2015년 5월 26일 22시,화요일,경상남도 양산시 물금읍,경상사고,0,0,1,1,차대차 - 추돌 - 주정차중,안전거리미확보,건조,맑음,단일로 - 기타,승용,여,40세,상해없음,화물,남,42세,경상
2015052600100723,2015년 5월 26일 23시,화요일,경상남도 김해시 어방동,중상사고,0,1,0,0,차대사람 - 횡단중,안전운전불이행,건조,맑음,교차로 - 교차로부근,승용,남,39세,상해없음,보행자,여,52세,중상
2015052700100019,2015년 5월 27일 00시,수요일,경상남도 양산시 명동,부상신고사고,0,0,0,1,차대차 - 기타,안전운전불이행,건조,맑음,교차로 - 교차로안,화물,남,38세,상해없음,승용,여,56세,부상신고
2015052700100071,2015년 5월 27일 05시,수요일,경상남도 사천시 용현면,중상사고,0,1,1,0,차대차 - 측면직각충돌,신호위반,건조,맑음,교차로 - 교차로안,화물,남,56세,중상,화물,남,66세,경상
2015052700100103,2015년 5월 27일 07시,수요일,경상남도 김해시 장유면,경상사고,0,0,1,0,차대차 - 측면직각충돌,신호위반,건조,흐림,교차로 - 교차로안,승용,남,63세,상해없음,승용,남,32세,경상
2015052700100139,2015년 5월 27일 08시,수요일,경상남도 진주시 진성면,중상사고,0,1,0,0,차대차 - 정면충돌,안전운전불이행,건조,맑음,교차로 - 교차로부근,원동기,남,18세,중상,승용,남,26세,상해없음
2015052700100140,2015년 5월 27일 08시,수요일,경상남도 사천시 서금동,경상사고,0,0,1,0,차대차 - 측면직각충돌,안전운전불이행,건조,맑음,교차로 - 교차로안,자전거,여,61세,경상,승용,남,77세,상해없음
2015052700100141,2015년 5월 27일 08시,수요일,경상남도 김해시 어방동,경상사고,0,0,1,0,차대차 - 기타,안전운전불이행,건조,맑음,교차로 - 교차로부근,승용,남,47세,기타불명,승합,남,41세,상해없음
2015052700100142,2015년 5월 27일 08시,수요일,경상남도 양산시 유산동,경상사고,0,0,1,0,차대차 - 측면직각충돌,안전운전불이행,건조,맑음,교차로 - 교차로안,자전거,남,27세,경상,승용,남,48세,상해없음
2015052700100143,2015년 5월 27일 08시,수요일,경상남도 창원시 마산회원구 내서읍,중상사고,0,1,0,0,차대사람 - 보도통행중,보행자보호의무위반,건조,맑음,교차로 - 교차로부근,승용,남,46세,상해없음,보행자,남,73세,중상
2015052700100186,2015년 5월 27일 09시,수요일,경상남도 창녕군 남지읍,사망사고,1,0,0,0,차대사람 - 차도통행중,안전운전불이행,건조,맑음,단일로 - 기타,승합,남,64세,상해없음,보행자,남,86세,사망
2015052700100206,2015년 5월 27일 10시,수요일,경상남도 하동군 화개면,사망사고,1,0,0,0,차량단독 - 공작물충돌,안전운전불이행,건조,맑음,단일로 - 기타,승용,여,56세,사망,,,,
2015052700100234,2015년 5월 27일 11시,수요일,경상남도 거제시 고현동,경상사고,0,0,1,0,차대차 - 추돌 - 진행중,안전운전불이행,건조,맑음,교차로 - 교차로안,승용,여,47세,상해없음,승용,여,36세,경상
2015052700100235,2015년 5월 27일 11시,수요일,경상남도 창원시 마산회원구 내서읍,경상사고,0,0,1,0,차대차 - 측면직각충돌,안전운전불이행,건조,맑음,단일로 - 기타,화물,남,32세,상해없음,이륜,남,17세,경상
2015052700100264,2015년 5월 27일 12시,수요일,경상남도 통영시 당동,중상사고,0,1,0,0,차대사람 - 횡단중,안전운전불이행,건조,맑음,단일로 - 기타,승용,여,52세,상해없음,보행자,남,34세,중상
2015052700100301,2015년 5월 27일 13시,수요일,경상남도 거창군 거창읍,경상사고,0,0,2,0,차대차 - 추돌 - 진행중,안전운전불이행,건조,맑음,교차로 - 교차로부근,승용,여,47세,상해없음,승용,여,43세,경상
2015052700100302,2015년 5월 27일 13시,수요일,경상남도 함양군 함양읍,중상사고,0,1,0,0,차대차 - 측면직각충돌,신호위반,건조,맑음,교차로 - 교차로안,자전거,남,75세,중상,화물,남,70세,상해없음
2015052700100303,2015년 5월 27일 13시,수요일,경상남도 창원시 의창구 북면,중상사고,0,2,0,0,차대차 - 기타,안전운전불이행,건조,맑음,교차로 - 교차로부근,화물,여,50세,상해없음,승용,남,72세,중상
2015052700100346,2015년 5월 27일 14시,수요일,경상남도 통영시 미수동,중상사고,0,1,0,0,차량단독 - 전도전복,안전운전불이행,건조,맑음,단일로 - 기타,승용,남,55세,상해없음,,,,
2015052700100347,2015년 5월 27일 14시,수요일,경상남도 창원시 의창구 대산면,사망사고,1,0,0,0,차대차 - 기타,중앙선침범,건조,맑음,단일로 - 기타,원동기,남,71세,사망,화물,남,65세,상해없음
2015052700100348,2015년 5월 27일 14시,수요일,경상남도 창원시 의창구 북면,부상신고사고,0,0,0,1,차대차 - 기타,안전운전불이행,건조,맑음,단일로 - 기타,화물,남,49세,상해없음,승용,남,54세,부상신고
2015052700100349,2015년 5월 27일 14시,수요일,경상남도 창원시 의창구 동읍,경상사고,0,0,1,0,차대사람 - 횡단중,안전운전불이행,건조,맑음,단일로 - 기타,승용,여,41세,상해없음,보행자,여,9세,경상
2015052700100384,2015년 5월 27일 15시,수요일,경상남도 함안군 가야읍,중상사고,0,1,0,0,차대차 - 추돌 - 주정차중,안전운전불이행,건조,맑음,교차로 - 교차로부근,승용,남,56세,상해없음,승용,남,65세,중상
2015052700100385,2015년 5월 27일 15시,수요일,경상남도 김해시 장유면,경상사고,0,0,1,0,차대사람 - 횡단중,안전운전불이행,건조,맑음,단일로 - 기타,화물,남,54세,상해없음,보행자,남,52세,경상
2015052700100426,2015년 5월 27일 16시,수요일,경상남도 진주시 상대동,경상사고,0,0,3,0,차대차 - 추돌 - 주정차중,안전운전불이행,건조,맑음,교차로 - 교차로부근,화물,남,47세,상해없음,화물,남,25세,경상
2015052700100427,2015년 5월 27일 16시,수요일,경상남도 남해군 고현면,중상사고,0,1,0,0,차대사람 - 횡단중,안전운전불이행,건조,맑음,단일로 - 기타,승용,남,32세,상해없음,보행자,여,73세,중상
2015052700100478,2015년 5월 27일 17시,수요일,경상남도 양산시 물금읍,중상사고,0,1,0,0,차대차 - 기타,기타,건조,맑음,단일로 - 기타,승용,남,64세,상해없음,원동기,남,30세,중상
2015052700100479,2015년 5월 27일 17시,수요일,경상남도 양산시 신기동,부상신고사고,0,0,0,1,차대차 - 측면직각충돌,안전운전불이행,건조,맑음,단일로 - 기타,기타불명,기타불명,기타불명,기타불명,자전거,남,14세,부상신고
2015052700100480,2015년 5월 27일 17시,수요일,경상남도 하동군 적량면,경상사고,0,0,1,1,차대차 - 정면충돌,안전운전불이행,건조,맑음,단일로 - 기타,승용,여,47세,부상신고,승용,여,50세,경상
2015052700100534,2015년 5월 27일 18시,수요일,경상남도 사천시 사천읍,부상신고사고,0,0,0,1,차대차 - 측면직각충돌,안전운전불이행,건조,맑음,교차로 - 교차로안,원동기,남,37세,부상신고,승용,여,33세,상해없음
2015052700100535,2015년 5월 27일 18시,수요일,경상남도 거제시 수월동,경상사고,0,0,1,0,차대사람 - 횡단중,안전운전불이행,건조,맑음,교차로 - 교차로부근,승용,남,60세,상해없음,보행자,남,14세,경상
2015052700100596,2015년 5월 27일 20시,수요일,경상남도 진주시 장대동,중상사고,0,1,0,0,차대사람 - 기타,안전운전불이행,건조,맑음,교차로 - 교차로안,화물,남,49세,상해없음,보행자,남,68세,중상
2015052700100597,2015년 5월 27일 20시,수요일,경상남도 김해시 어방동,경상사고,0,0,2,0,차량단독 - 공작물충돌,안전운전불이행,건조,맑음,단일로 - 기타,승용,여,43세,경상,,,,
2015052700100598,2015년 5월 27일 20시,수요일,경상남도 양산시 평산동,경상사고,0,0,1,0,차대차 - 측면직각충돌,직진우회전진행방해,건조,맑음,교차로 - 교차로안,승용,여,45세,상해없음,이륜,남,18세,경상
2015052700100599,2015년 5월 27일 20시,수요일,경상남도 고성군 고성읍,중상사고,0,1,0,0,차대사람 - 차도통행중,안전운전불이행,건조,맑음,단일로 - 기타,승용,남,59세,상해없음,보행자,여,66세,중상
2015052700100633,2015년 5월 27일 21시,수요일,경상남도 진주시 칠암동,중상사고,0,2,0,0,차대차 - 추돌 - 주정차중,안전운전불이행,건조,맑음,교차로 - 교차로부근,승용,남,54세,상해없음,승용,여,24세,중상
2015052700100634,2015년 5월 27일 21시,수요일,경상남도 창원시 진해구 자은동,경상사고,0,0,1,0,차대사람 - 차도통행중,안전운전불이행,건조,맑음,교차로 - 교차로부근,승용,남,49세,상해없음,보행자,남,42세,경상
2015052700100679,2015년 5월 27일 23시,수요일,경상남도 창원시 마산회원구 구암동,경상사고,0,0,1,0,차대사람 - 차도통행중,안전운전불이행,건조,맑음,단일로 - 기타,승용,남,28세,상해없음,보행자,여,75세,경상
2015052800100044,2015년 5월 28일 04시,목요일,경상남도 거제시 연초면,경상사고,0,0,2,0,차대차 - 기타,안전거리미확보,건조,맑음,단일로 - 기타,승용,남,42세,상해없음,화물,남,51세,경상
2015052800100063,2015년 5월 28일 06시,목요일,경상남도 창원시 진해구 풍호동,경상사고,0,0,4,0,차대차 - 측면직각충돌,안전거리미확보,건조,맑음,교차로 - 교차로안,화물,남,56세,상해없음,화물,남,46세,경상
2015052800100064,2015년 5월 28일 06시,목요일,경상남도 거제시 고현동,경상사고,0,0,2,1,차대차 - 기타,기타,건조,맑음,교차로 - 교차로안,승용,남,49세,상해없음,승용,남,50세,경상
2015052800100133,2015년 5월 28일 08시,목요일,경상남도 진주시 상대동,중상사고,0,1,0,0,차대차 - 측면직각충돌,안전운전불이행,건조,맑음,단일로 - 기타,승용,남,42세,상해없음,자전거,남,72세,중상
2015052800100134,2015년 5월 28일 08시,목요일,경상남도 김해시 부원동,경상사고,0,0,1,0,차대차 - 측면직각충돌,안전운전불이행,건조,맑음,교차로 - 교차로안,이륜,남,81세,경상,승합,남,51세,상해없음
2015052800100135,2015년 5월 28일 08시,목요일,경상남도 합천군 초계면,중상사고,0,1,0,0,차대차 - 추돌 - 진행중,안전운전불이행,건조,맑음,교차로 - 교차로안,승용,남,47세,상해없음,자전거,남,12세,중상
2015052800100136,2015년 5월 28일 08시,목요일,경상남도 거제시 일운면,경상사고,0,0,4,0,차대차 - 추돌 - 진행중,안전거리미확보,건조,맑음,단일로 - 기타,화물,남,29세,상해없음,승용,여,37세,경상
2015052800100137,2015년 5월 28일 08시,목요일,경상남도 함안군 가야읍,경상사고,0,0,1,0,차대사람 - 기타,안전운전불이행,건조,맑음,단일로 - 횡단보도상,승용,여,48세,상해없음,보행자,여,52세,경상
2015052800100138,2015년 5월 28일 08시,목요일,경상남도 창원시 마산회원구 합성동,경상사고,0,0,1,0,차대사람 - 횡단중,안전운전불이행,건조,맑음,단일로 - 기타,승용,남,60세,상해없음,보행자,여,58세,경상
2015052800100139,2015년 5월 28일 08시,목요일,경상남도 김해시 진영읍,경상사고,0,0,1,1,차대차 - 추돌 - 진행중,안전운전불이행,건조,맑음,교차로 - 교차로부근,승용,남,45세,상해없음,승용,여,54세,경상
2015052800100177,2015년 5월 28일 09시,목요일,경상남도 양산시 중부동,경상사고,0,0,2,1,차대차 - 기타,안전거리미확보,건조,맑음,단일로 - 기타,건설기계,남,51세,상해없음,승용,남,68세,경상
2015052800100178,2015년 5월 28일 09시,목요일,경상남도 산청군 시천면,사망사고,1,0,0,0,차대사람 - 횡단중,안전운전불이행,건조,맑음,교차로 - 교차로안,화물,남,68세,상해없음,보행자,여,78세,사망
2015052800100227,2015년 5월 28일 11시,목요일,경상남도 김해시 동상동,경상사고,0,0,1,0,차대차 - 측면직각충돌,중앙선침범,건조,맑음,단일로 - 기타,원동기,남,74세,경상,승용,여,24세,상해없음
2015052800100228,2015년 5월 28일 11시,목요일,경상남도 양산시 덕계동,중상사고,0,1,0,0,차대사람 - 횡단중,보행자보호의무위반,건조,맑음,교차로 - 교차로부근,승용,남,68세,상해없음,보행자,남,46세,중상
2015052800100272,2015년 5월 28일 12시,목요일,경상남도 밀양시 삼랑진읍,중상사고,0,1,0,0,차대차 - 측면직각충돌,안전운전불이행,건조,맑음,교차로 - 교차로안,승용,여,32세,상해없음,이륜,남,70세,중상
2015052800100273,2015년 5월 28일 12시,목요일,경상남도 남해군 이동면,중상사고,0,1,0,0,차량단독 - 도로외이탈 - 기타,안전운전불이행,건조,맑음,단일로 - 기타,원동기,남,66세,중상,,,,
2015052800100274,2015년 5월 28일 12시,목요일,경상남도 김해시 진영읍,중상사고,0,1,0,0,차대차 - 측면직각충돌,교차로운행방법위반,건조,맑음,교차로 - 교차로안,이륜,남,62세,중상,화물,남,54세,상해없음
2015052800100296,2015년 5월 28일 13시,목요일,경상남도 함안군 군북면,중상사고,0,1,0,0,차대차 - 기타,안전운전불이행,건조,맑음,단일로 - 기타,특수,남,31세,상해없음,승용,남,51세,중상
2015052800100329,2015년 5월 28일 14시,목요일,경상남도 김해시 외동,중상사고,0,1,0,0,차대차 - 기타,안전운전불이행,건조,맑음,단일로 - 횡단보도부근,승용,여,30세,상해없음,자전거,남,56세,중상
2015052800100330,2015년 5월 28일 14시,목요일,경상남도 김해시 삼정동,중상사고,0,1,0,0,차대차 - 기타,안전운전불이행,건조,맑음,단일로 - 기타,승용,남,19세,상해없음,화물,남,50세,상해없음
2015052800100331,2015년 5월 28일 14시,목요일,경상남도 거창군 거창읍,중상사고,0,1,0,0,차대사람 - 횡단중,보행자보호의무위반,건조,맑음,교차로 - 교차로안,승용,여,35세,상해없음,보행자,남,6세,중상
2015052800100369,2015년 5월 28일 15시,목요일,경상남도 양산시 남부동,경상사고,0,0,2,2,차대차 - 기타,안전거리미확보,건조,맑음,단일로 - 기타,승용,남,50세,상해없음,승용,여,50세,부상신고
2015052800100370,2015년 5월 28일 15시,목요일,경상남도 거제시 옥포동,경상사고,0,0,1,0,차대사람 - 횡단중,보행자보호의무위반,건조,맑음,단일로 - 교량,이륜,남,42세,상해없음,보행자,여,8세,경상
2015052800100371,2015년 5월 28일 15시,목요일,경상남도 산청군 생비량면,중상사고,0,1,0,0,차대차 - 측면직각충돌,안전운전불이행,건조,맑음,단일로 - 기타,화물,남,53세,상해없음,농기계,남,71세,중상
2015052800100372,2015년 5월 28일 15시,목요일,경상남도 창원시 성산구 중앙동,경상사고,0,0,1,2,차대차 - 측면직각충돌,안전운전불이행,건조,맑음,교차로 - 교차로안,승용,남,46세,상해없음,승합,남,46세,경상
2015052800100373,2015년 5월 28일 15시,목요일,경상남도 함안군 칠원읍,중상사고,0,1,0,0,차대차 - 기타,안전운전불이행,건조,맑음,단일로 - 기타,승용,남,34세,상해없음,승용,남,54세,중상
2015052800100402,2015년 5월 28일 16시,목요일,경상남도 김해시 불암동,경상사고,0,0,2,0,차대차 - 추돌 - 진행중,안전운전불이행,건조,맑음,단일로 - 기타,승용,남,36세,경상,승용,남,55세,경상
2015052800100403,2015년 5월 28일 16시,목요일,경상남도 양산시 물금읍,경상사고,0,0,1,0,차대사람 - 횡단중,안전운전불이행,건조,맑음,단일로 - 기타,승용,여,66세,상해없음,보행자,여,73세,경상
2015052800100404,2015년 5월 28일 16시,목요일,경상남도 거제시 두모동,경상사고,0,0,1,0,차대차 - 측면직각충돌,안전운전불이행,건조,맑음,교차로 - 교차로안,승용,여,37세,상해없음,자전거,남,37세,경상
2015052800100405,2015년 5월 28일 16시,목요일,경상남도 거제시 고현동,경상사고,0,0,2,0,차대차 - 측면직각충돌,안전운전불이행,건조,맑음,단일로 - 기타,승용,남,49세,상해없음,승용,여,26세,경상
2015052800100406,2015년 5월 28일 16시,목요일,경상남도 거제시 아주동,부상신고사고,0,0,0,1,차대사람 - 차도통행중,안전운전불이행,건조,맑음,단일로 - 기타,승용,여,49세,상해없음,보행자,남,8세,부상신고
2015052800100407,2015년 5월 28일 16시,목요일,경상남도 김해시 진례면,경상사고,0,0,1,0,차대차 - 추돌 - 진행중,안전운전불이행,건조,맑음,단일로 - 기타,화물,남,45세,상해없음,화물,남,43세,경상
2015052800100448,2015년 5월 28일 17시,목요일,경상남도 창원시 진해구 안골동,중상사고,0,1,0,0,차대차 - 추돌 - 주정차중,안전운전불이행,건조,맑음,기타 - 기타,화물,남,55세,중상,화물,남,44세,상해없음
2015052800100449,2015년 5월 28일 17시,목요일,경상남도 거창군 거창읍,경상사고,0,0,2,0,차대차 - 측면직각충돌,교차로운행방법위반,건조,맑음,교차로 - 교차로안,승용,여,38세,상해없음,승용,남,56세,경상
2015052800100450,2015년 5월 28일 17시,목요일,경상남도 창원시 마산회원구 양덕동,경상사고,0,0,1,0,차대사람 - 보도통행중,기타,건조,맑음,단일로 - 기타,원동기,남,35세,상해없음,보행자,여,55세,경상
2015052800100451,2015년 5월 28일 17시,목요일,경상남도 창원시 마산회원구 구암동,경상사고,0,0,1,0,차대차 - 추돌 - 진행중,안전운전불이행,건조,맑음,단일로 - 기타,승용,남,55세,상해없음,원동기,남,55세,경상
2015052800100492,2015년 5월 28일 18시,목요일,경상남도 통영시 명정동,경상사고,0,0,1,0,차대차 - 측면직각충돌,안전운전불이행,건조,맑음,교차로 - 교차로안,원동기,남,89세,경상,승용,남,56세,상해없음
2015052800100493,2015년 5월 28일 18시,목요일,경상남도 사천시 용강동,경상사고,0,0,1,0,차대사람 - 길가장자리구역통행중,안전운전불이행,건조,맑음,단일로 - 기타,승용,여,52세,상해없음,보행자,여,30세,경상
2015052800100494,2015년 5월 28일 18시,목요일,경상남도 김해시 삼계동,경상사고,0,0,3,3,차대차 - 측면직각충돌,신호위반,건조,맑음,교차로 - 교차로안,승용,여,38세,경상,승용,남,40세,경상
2015052800100495,2015년 5월 28일 18시,목요일,경상남도 거제시 장승포동,경상사고,0,0,2,0,차대차 - 측면직각충돌,안전운전불이행,건조,맑음,교차로 - 교차로안,승용,여,59세,상해없음,승용,남,27세,경상
2015052800100527,2015년 5월 28일 19시,목요일,경상남도 양산시 상북면,중상사고,0,1,2,0,차대차 - 기타,신호위반,건조,맑음,단일로 - 기타,승용,남,32세,상해없음,승용,여,50세,중상
2015052800100528,2015년 5월 28일 19시,목요일,경상남도 창원시 성산구 중앙동,중상사고,0,1,0,0,차대사람 - 차도통행중,안전운전불이행,건조,맑음,단일로 - 기타,승용,남,68세,상해없음,보행자,여,30세,중상
2015052800100529,2015년 5월 28일 19시,목요일,경상남도 김해시 한림면,경상사고,0,0,1,1,차대차 - 추돌 - 진행중,과속,건조,맑음,단일로 - 기타,승용,여,30세,부상신고,승용,남,40세,경상
2015052800100598,2015년 5월 28일 21시,목요일,경상남도 거제시 옥포동,경상사고,0,0,2,0,차대차 - 측면직각충돌,안전운전불이행,건조,맑음,교차로 - 교차로부근,승용,여,43세,상해없음,승용,남,35세,경상
2015052800100599,2015년 5월 28일 21시,목요일,경상남도 함안군 칠원읍,경상사고,0,0,2,0,차대차 - 추돌 - 주정차중,안전운전불이행,건조,맑음,교차로 - 교차로부근,승용,남,49세,상해없음,승용,남,29세,경상
2015052800100600,2015년 5월 28일 21시,목요일,경상남도 함안군 산인면,중상사고,0,1,1,0,차대차 - 기타,안전운전불이행,건조,맑음,단일로 - 기타,화물,남,70세,경상,승용,남,58세,중상
2015052800100619,2015년 5월 28일 22시,목요일,경상남도 함양군 함양읍,부상신고사고,0,0,0,1,차대차 - 측면직각충돌,교차로운행방법위반,건조,맑음,교차로 - 교차로안,자전거,여,34세,부상신고,승용,남,32세,상해없음
2015052800100652,2015년 5월 28일 23시,목요일,경상남도 창원시 마산합포구 오동동,중상사고,0,1,0,0,차대사람 - 기타,안전운전불이행,건조,맑음,단일로 - 기타,이륜,기타불명,기타불명,기타불명,보행자,남,40세,중상
2015052800100653,2015년 5월 28일 23시,목요일,경상남도 밀양시 삼문동,중상사고,0,1,0,0,차대차 - 기타,안전운전불이행,건조,맑음,교차로 - 교차로부근,승용,여,43세,상해없음,자전거,남,25세,중상
2015052900100022,2015년 5월 29일 00시,금요일,경상남도 진주시 가좌동,경상사고,0,0,2,0,차대차 - 기타,안전운전불이행,건조,맑음,교차로 - 교차로부근,승용,남,26세,상해없음,승용,여,41세,상해없음
2015052900100023,2015년 5월 29일 00시,금요일,경상남도 김해시 진영읍,경상사고,0,0,1,0,차대차 - 추돌 - 주정차중,안전운전불이행,건조,맑음,교차로 - 교차로부근,승용,남,37세,상해없음,승용,남,53세,경상
2015052900100039,2015년 5월 29일 01시,금요일,경상남도 거제시 장평동,사망사고,1,0,1,0,차대차 - 추돌 - 주정차중,안전운전불이행,건조,맑음,단일로 - 기타,승용,남,46세,사망,화물,남,63세,기타불명
2015052900100090,2015년 5월 29일 06시,금요일,경상남도 통영시 명정동,사망사고,1,0,0,0,차대사람 - 횡단중,안전운전불이행,건조,맑음,교차로 - 교차로안,승용,남,62세,상해없음,보행자,여,77세,사망
2015052900100091,2015년 5월 29일 06시,금요일,경상남도 합천군 삼가면,중상사고,0,1,0,0,차대차 - 측면직각충돌,안전운전불이행,건조,맑음,교차로 - 교차로안,승용,남,49세,상해없음,농기계,남,80세,중상
2015052900100092,2015년 5월 29일 06시,금요일,경상남도 거제시 고현동,경상사고,0,0,1,0,차대차 - 추돌 - 주정차중,안전운전불이행,건조,맑음,단일로 - 기타,승용,여,38세,상해없음,승용,남,61세,경상
2015052900100114,2015년 5월 29일 07시,금요일,경상남도 창원시 마산합포구 월영동,경상사고,0,0,2,0,차대차 - 추돌 - 진행중,안전운전불이행,건조,맑음,단일로 - 기타,승용,여,41세,상해없음,승용,여,27세,경상
2015052900100115,2015년 5월 29일 07시,금요일,경상남도 창원시 마산회원구 합성동,중상사고,0,1,0,0,차대차 - 측면직각충돌,안전운전불이행,건조,맑음,단일로 - 기타,건설기계,남,43세,상해없음,승용,남,71세,중상