사고번호,사고일시,요일,시군구,사고내용,사망자수,중상자수,경상자수,부상신고자수,사고유형,법규위반,노면상태,기상상태,도로형태,가해운전자 차종,가해운전자 성별,가해운전자 연령,가해운전자 상해정도,피해운전자 차종,피해운전자 성별,피해운전자 연령,피해운전자 상해정도
2015052900100157,2015년 5월 29일 08시,금요일,경상남도 진주시 내동면,중상사고,0,1,2,0,차대차 - 측면직각충돌,신호위반,건조,맑음,교차로 - 교차로안,승용,남,57세,상해없음,승용,여,50세,경상
2015052900100158,2015년 5월 29일 08시,금요일,경상남도 진주시 금산면,경상사고,0,0,1,0,차대차 - 측면직각충돌,직진우회전진행방해,건조,맑음,교차로 - 교차로안,이륜,남,69세,경상,승용,남,52세,상해없음
2015052900100159,2015년 5월 29일 08시,금요일,경상남도 거창군 거창읍,중상사고,0,2,0,0,차대차 - 측면직각충돌,중앙선침범,건조,맑음,단일로 - 기타,승용,여,42세,상해없음,화물,남,71세,중상
2015052900100209,2015년 5월 29일 09시,금요일,경상남도 양산시 동면,경상사고,0,0,2,0,차대차 - 측면직각충돌,차로위반,건조,맑음,단일로 - 기타,화물,남,53세,상해없음,승용,남,56세,경상
2015052900100210,2015년 5월 29일 09시,금요일,경상남도 창원시 성산구 상남동,부상신고사고,0,0,0,1,차대사람 - 횡단중,안전운전불이행,건조,맑음,단일로 - 횡단보도상,승용,남,54세,상해없음,보행자,남,40세,부상신고
2015052900100234,2015년 5월 29일 10시,금요일,경상남도 합천군 삼가면,중상사고,0,1,0,0,차대차 - 추돌 - 진행중,안전거리미확보,건조,맑음,교차로 - 교차로부근,화물,남,49세,상해없음,승용,남,35세,중상
2015052900100300,2015년 5월 29일 12시,금요일,경상남도 진주시 대곡면,중상사고,0,1,0,0,차대차 - 정면충돌,안전운전불이행,건조,맑음,단일로 - 기타,승용,남,52세,상해없음,화물,남,57세,중상
2015052900100301,2015년 5월 29일 12시,금요일,경상남도 김해시 삼정동,중상사고,0,2,0,0,차대차 - 측면직각충돌,안전운전불이행,건조,맑음,단일로 - 기타,승용,여,27세,상해없음,승용,여,35세,중상
2015052900100358,2015년 5월 29일 14시,금요일,경상남도 사천시 벌리동,경상사고,0,0,1,1,차대차 - 측면직각충돌,안전운전불이행,건조,맑음,교차로 - 교차로부근,승용,남,32세,부상신고,승용,여,34세,경상
2015052900100359,2015년 5월 29일 14시,금요일,경상남도 김해시 진영읍,경상사고,0,0,2,0,차대차 - 추돌 - 진행중,안전운전불이행,건조,맑음,단일로 - 기타,승용,남,65세,상해없음,승용,남,67세,경상
2015052900100360,2015년 5월 29일 14시,금요일,경상남도 김해시 진영읍,부상신고사고,0,0,0,1,차대차 - 측면직각충돌,안전운전불이행,건조,맑음,단일로 - 기타,화물,남,51세,부상신고,승용,남,47세,상해없음
2015052900100361,2015년 5월 29일 14시,금요일,경상남도 함안군 칠원읍,사망사고,1,0,0,0,차대차 - 추돌 - 진행중,안전운전불이행,건조,맑음,단일로 - 기타,화물,남,68세,사망,화물,남,50세,상해없음
2015052900100396,2015년 5월 29일 15시,금요일,경상남도 창원시 마산합포구 현동,중상사고,0,1,0,0,차대차 - 측면직각충돌,중앙선침범,건조,맑음,단일로 - 기타,승용,여,32세,상해없음,화물,남,66세,중상
2015052900100460,2015년 5월 29일 17시,금요일,경상남도 창원시 마산합포구 구산면,중상사고,0,1,0,0,차대사람 - 기타,안전운전불이행,건조,맑음,단일로 - 기타,승용,여,62세,상해없음,보행자,여,57세,중상
2015052900100507,2015년 5월 29일 18시,금요일,경상남도 진주시 상대동,경상사고,0,0,1,0,차대사람 - 기타,안전운전불이행,건조,맑음,교차로 - 교차로안,승용,남,44세,기타불명,보행자,여,39세,경상
2015052900100508,2015년 5월 29일 18시,금요일,경상남도 양산시 중부동,중상사고,0,1,0,0,차대차 - 기타,중앙선침범,건조,맑음,교차로 - 교차로안,원동기,남,45세,상해없음,원동기,남,25세,중상
2015052900100509,2015년 5월 29일 18시,금요일,경상남도 창원시 의창구 북동,중상사고,0,1,0,0,차대사람 - 기타,안전운전불이행,건조,맑음,단일로 - 기타,기타불명,기타불명,기타불명,기타불명,보행자,여,59세,중상
2015052900100542,2015년 5월 29일 19시,금요일,경상남도 진주시 내동면,중상사고,0,1,0,0,차대차 - 추돌 - 진행중,안전거리미확보,건조,맑음,단일로 - 기타,승용,남,82세,중상,화물,남,22세,상해없음
2015052900100543,2015년 5월 29일 19시,금요일,경상남도 통영시 북신동,중상사고,0,1,0,0,차대사람 - 기타,안전운전불이행,건조,맑음,단일로 - 기타,승용,여,26세,상해없음,보행자,남,65세,중상
2015052900100544,2015년 5월 29일 19시,금요일,경상남도 거제시 고현동,중상사고,0,1,0,0,차대차 - 측면직각충돌,교차로운행방법위반,건조,맑음,교차로 - 교차로안,승용,남,56세,상해없음,이륜,남,44세,중상
2015052900100545,2015년 5월 29일 19시,금요일,경상남도 거제시 능포동,중상사고,0,1,1,0,차대차 - 측면직각충돌,교차로운행방법위반,건조,맑음,교차로 - 교차로안,승용,여,51세,경상,승용,남,31세,중상
2015052900100587,2015년 5월 29일 20시,금요일,경상남도 양산시 물금읍,중상사고,0,2,2,3,차대차 - 측면직각충돌,신호위반,건조,맑음,교차로 - 교차로안,승용,남,34세,상해없음,승합,남,55세,중상
2015052900100626,2015년 5월 29일 21시,금요일,경상남도 양산시 동면,경상사고,0,0,1,0,차대차 - 측면직각충돌,신호위반,건조,맑음,교차로 - 교차로부근,승용,남,66세,상해없음,원동기,남,33세,경상
2015052900100658,2015년 5월 29일 22시,금요일,경상남도 사천시 동금동,중상사고,0,1,0,0,차대사람 - 횡단중,안전운전불이행,건조,맑음,교차로 - 교차로안,승용,여,53세,상해없음,보행자,남,46세,중상
2015052900100659,2015년 5월 29일 22시,금요일,경상남도 거제시 문동동,중상사고,0,1,0,0,차대차 - 추돌 - 진행중,안전운전불이행,건조,맑음,단일로 - 기타,승용,남,44세,상해없음,자전거,남,14세,중상
2015052900100686,2015년 5월 29일 23시,금요일,경상남도 창원시 성산구 중앙동,경상사고,0,0,1,0,차대차 - 추돌 - 주정차중,안전운전불이행,건조,맑음,단일로 - 기타,승용,남,23세,상해없음,승용,여,41세,경상
2015052900100687,2015년 5월 29일 23시,금요일,경상남도 창원시 의창구 팔용동,경상사고,0,0,1,0,차대사람 - 기타,안전운전불이행,건조,맑음,교차로 - 교차로부근,승용,남,38세,상해없음,보행자,남,40세,경상
2015053000100021,2015년 5월 30일 00시,토요일,경상남도 창원시 마산회원구 구암동,중상사고,0,1,0,0,차대사람 - 기타,안전운전불이행,건조,맑음,단일로 - 기타,승용,남,47세,상해없음,보행자,남,30세,중상
2015053000100049,2015년 5월 30일 01시,토요일,경상남도 김해시 외동,중상사고,0,1,0,0,차대사람 - 횡단중,안전운전불이행,기타,흐림,교차로 - 교차로안,승용,여,53세,상해없음,보행자,여,61세,중상
2015053000100050,2015년 5월 30일 01시,토요일,경상남도 창원시 마산회원구 봉암동,중상사고,0,1,0,0,차대차 - 정면충돌,중앙선침범,건조,맑음,단일로 - 기타,승용,남,51세,상해없음,승용,남,57세,중상
2015053000100103,2015년 5월 30일 04시,토요일,경상남도 김해시 진영읍,경상사고,0,0,2,0,차대차 - 추돌 - 진행중,안전운전불이행,건조,맑음,단일로 - 기타,승용,남,26세,상해없음,승용,여,47세,경상
2015053000100104,2015년 5월 30일 04시,토요일,경상남도 김해시 장유면,중상사고,0,1,0,0,차량단독 - 전도전복,안전운전불이행,건조,맑음,단일로 - 기타,원동기,남,16세,중상,,,,
2015053000100137,2015년 5월 30일 06시,토요일,경상남도 김해시 한림면,경상사고,0,0,1,0,차대차 - 측면직각충돌,신호위반,습기,맑음,교차로 - 교차로안,원동기,남,61세,경상,승용,남,53세,상해없음
2015053000100155,2015년 5월 30일 07시,토요일,경상남도 함양군 함양읍,사망사고,1,0,1,0,차대차 - 측면직각충돌,중앙선침범,습기,비,단일로 - 기타,이륜,남,68세,사망,화물,남,66세,경상
2015053000100174,2015년 5월 30일 08시,토요일,경상남도 양산시 어곡동,경상사고,0,0,1,0,차대차 - 기타,안전거리미확보,건조,맑음,단일로 - 기타,승용,남,33세,상해없음,원동기,남,44세,경상
2015053000100175,2015년 5월 30일 08시,토요일,경상남도 김해시 장유면,중상사고,0,1,0,0,차대차 - 측면직각충돌,안전운전불이행,습기,비,단일로 - 기타,건설기계,남,38세,상해없음,승용,남,35세,중상
2015053000100235,2015년 5월 30일 10시,토요일,경상남도 합천군 봉산면,경상사고,0,0,1,0,차량단독 - 전도전복,안전운전불이행,건조,맑음,단일로 - 기타,원동기,남,78세,경상,,,,
2015053000100236,2015년 5월 30일 10시,토요일,경상남도 양산시 동면,경상사고,0,0,1,0,차량단독 - 공작물충돌,안전운전불이행,습기,비,단일로 - 기타,승용,남,45세,경상,,,,
2015053000100265,2015년 5월 30일 11시,토요일,경상남도 밀양시 내이동,부상신고사고,0,0,0,1,차대차 - 측면직각충돌,교차로운행방법위반,건조,맑음,교차로 - 교차로안,승용,여,45세,상해없음,승용,남,20세,부상신고
2015053000100266,2015년 5월 30일 11시,토요일,경상남도 김해시 외동,경상사고,0,0,1,0,차대차 - 측면직각충돌,안전운전불이행,습기,비,단일로 - 기타,원동기,남,24세,경상,승용,남,57세,상해없음
2015053000100303,2015년 5월 30일 12시,토요일,경상남도 통영시 무전동,경상사고,0,0,2,0,차대차 - 추돌 - 주정차중,안전거리미확보,습기,비,교차로 - 교차로부근,화물,남,63세,상해없음,승용,여,55세,경상
2015053000100304,2015년 5월 30일 12시,토요일,경상남도 고성군 고성읍,경상사고,0,0,1,0,차대차 - 측면직각충돌,안전운전불이행,건조,맑음,교차로 - 교차로안,이륜,남,73세,상해없음,승용,남,58세,상해없음
2015053000100305,2015년 5월 30일 12시,토요일,경상남도 남해군 창선면,경상사고,0,0,1,0,차대차 - 측면직각충돌,안전운전불이행,습기,비,단일로 - 기타,승용,남,59세,경상,화물,남,48세,상해없음
2015053000100358,2015년 5월 30일 13시,토요일,경상남도 사천시 노룡동,경상사고,0,0,2,0,차대차 - 추돌 - 주정차중,안전거리미확보,습기,비,단일로 - 기타,승용,여,45세,상해없음,승용,여,47세,경상
2015053000100359,2015년 5월 30일 13시,토요일,경상남도 밀양시 교동,중상사고,0,1,0,0,차대차 - 측면직각충돌,신호위반,건조,흐림,교차로 - 교차로안,승용,남,60세,상해없음,화물,남,49세,중상
2015053000100360,2015년 5월 30일 13시,토요일,경상남도 김해시 구산동,중상사고,0,1,0,0,차대차 - 측면직각충돌,안전운전불이행,습기,비,교차로 - 교차로안,승용,남,34세,상해없음,승용,여,49세,중상
2015053000100361,2015년 5월 30일 13시,토요일,경상남도 양산시 삼호동,경상사고,0,0,1,0,차대차 - 기타,교차로운행방법위반,건조,맑음,교차로 - 교차로안,승용,남,35세,상해없음,원동기,남,21세,경상
2015053000100362,2015년 5월 30일 13시,토요일,경상남도 산청군 단성면,중상사고,0,1,0,0,차대사람 - 길가장자리구역통행중,안전운전불이행,습기,비,단일로 - 기타,승용,남,80세,상해없음,보행자,남,48세,중상
2015053000100438,2015년 5월 30일 15시,토요일,경상남도 하동군 악양면,중상사고,0,1,0,0,차대차 - 측면직각충돌,안전운전불이행,건조,맑음,교차로 - 교차로안,승용,남,51세,상해없음,이륜,남,48세,중상
2015053000100439,2015년 5월 30일 15시,토요일,경상남도 하동군 금남면,경상사고,0,0,1,0,차대차 - 측면직각충돌,중앙선침범,습기,비,단일로 - 기타,화물,남,54세,상해없음,승용,남,63세,경상
2015053000100440,2015년 5월 30일 15시,토요일,경상남도 거제시 고현동,부상신고사고,0,0,0,1,차대사람 - 기타,안전운전불이행,건조,맑음,단일로 - 기타,승용,남,53세,상해없음,보행자,남,34세,부상신고
2015053000100464,2015년 5월 30일 16시,토요일,경상남도 김해시 어방동,경상사고,0,0,1,0,차대차 - 측면직각충돌,안전운전불이행,습기,비,단일로 - 기타,승용,남,66세,상해없음,승용,여,22세,경상
2015053000100465,2015년 5월 30일 16시,토요일,경상남도 창원시 마산회원구 합성동,경상사고,0,0,1,0,차대차 - 측면직각충돌,안전운전불이행,건조,맑음,교차로 - 교차로부근,화물,남,45세,상해없음,승용,남,59세,경상
2015053000100466,2015년 5월 30일 16시,토요일,경상남도 김해시 장유면,중상사고,0,3,1,0,차대차 - 측면직각충돌,신호위반,습기,비,교차로 - 교차로안,승용,남,58세,상해없음,승합,남,57세,상해없음
2015053000100493,2015년 5월 30일 17시,토요일,경상남도 창녕군 도천면,경상사고,0,0,2,0,차대차 - 기타,안전운전불이행,건조,맑음,단일로 - 기타,화물,남,43세,경상,화물,남,63세,경상
2015053000100494,2015년 5월 30일 17시,토요일,경상남도 함양군 함양읍,경상사고,0,0,1,0,차대차 - 추돌 - 진행중,안전운전불이행,건조,맑음,단일로 - 기타,승용,여,41세,상해없음,승용,남,30세,경상
2015053000100495,2015년 5월 30일 17시,토요일,경상남도 창원시 성산구 상남동,중상사고,0,1,0,0,차대차 - 추돌 - 진행중,안전운전불이행,습기,흐림,단일로 - 기타,원동기,남,16세,상해없음,자전거,남,75세,중상
2015053000100525,2015년 5월 30일 18시,토요일,경상남도 양산시 물금읍,경상사고,0,0,2,0,차대차 - 기타,중앙선침범,건조,맑음,교차로 - 교차로부근,승용,남,53세,상해없음,승용,여,47세,경상
2015053000100526,2015년 5월 30일 18시,토요일,경상남도 양산시 교동,중상사고,0,1,0,0,차대차 - 기타,신호위반,건조,맑음,교차로 - 교차로안,승용,남,22세,상해없음,승용,남,56세,중상
2015053000100564,2015년 5월 30일 19시,토요일,경상남도 산청군 산청읍,경상사고,0,0,3,0,차량단독 - 기타,안전운전불이행,건조,맑음,단일로 - 기타,승합,남,68세,상해없음,,,,
2015053000100604,2015년 5월 30일 20시,토요일,경상남도 밀양시 삼랑진읍,경상사고,0,0,1,0,차량단독 - 전도전복,안전운전불이행,건조,맑음,단일로 - 기타,원동기,남,76세,경상,,,,
2015053000100605,2015년 5월 30일 20시,토요일,경상남도 김해시 삼계동,중상사고,0,1,0,0,차대차 - 측면직각충돌,안전운전불이행,건조,맑음,교차로 - 교차로안,승용,남,58세,상해없음,이륜,남,17세,중상
2015053000100606,2015년 5월 30일 20시,토요일,경상남도 김해시 어방동,중상사고,0,1,1,0,차대차 - 측면직각충돌,교차로운행방법위반,건조,맑음,교차로 - 교차로안,승용,여,40세,경상,승용,남,60세,상해없음
2015053000100607,2015년 5월 30일 20시,토요일,경상남도 의령군 칠곡면,사망사고,1,0,0,0,차대사람 - 차도통행중,직진우회전진행방해,건조,흐림,교차로 - 교차로안,승용,남,53세,상해없음,보행자,여,90세 이상,사망
2015053000100608,2015년 5월 30일 20시,토요일,경상남도 창원시 성산구 사파동,중상사고,0,1,1,0,차대차 - 정면충돌,중앙선침범,건조,맑음,단일로 - 기타,승용,남,47세,상해없음,승용,남,33세,중상
2015053000100634,2015년 5월 30일 21시,토요일,경상남도 통영시 무전동,중상사고,0,2,0,0,차대사람 - 차도통행중,안전운전불이행,건조,맑음,단일로 - 기타,승용,여,49세,상해없음,보행자,남,42세,중상
2015053000100635,2015년 5월 30일 21시,토요일,경상남도 양산시 동면,중상사고,0,1,1,0,차대차 - 추돌 - 진행중,안전운전불이행,습기,흐림,단일로 - 기타,승용,남,60세,상해없음,승용,남,40세,경상
2015053000100666,2015년 5월 30일 22시,토요일,경상남도 양산시 평산동,경상사고,0,0,1,0,차대사람 - 횡단중,안전운전불이행,건조,맑음,단일로 - 기타,승용,남,54세,상해없음,보행자,여,5세,경상
2015053000100667,2015년 5월 30일 22시,토요일,경상남도 거제시 아주동,사망사고,1,0,0,0,차대사람 - 기타,신호위반,건조,맑음,교차로 - 교차로안,화물,남,33세,상해없음,보행자,남,32세,사망
2015053000100668,2015년 5월 30일 22시,토요일,경상남도 창원시 성산구 중앙동,경상사고,0,0,1,0,차대차 - 측면직각충돌,안전운전불이행,건조,맑음,단일로 - 기타,승용,남,57세,상해없음,원동기,남,24세,경상
2015053000100703,2015년 5월 30일 23시,토요일,경상남도 김해시 어방동,경상사고,0,0,1,0,차대차 - 추돌 - 주정차중,안전운전불이행,습기,맑음,교차로 - 교차로부근,승용,남,33세,상해없음,승용,남,25세,경상
2015053100100015,2015년 5월 31일 00시,일요일,경상남도 창원시 성산구 성주동,경상사고,0,0,1,0,차대차 - 측면직각충돌,안전운전불이행,건조,맑음,단일로 - 기타,승용,남,25세,상해없음,승용,남,33세,경상
2015053100100061,2015년 5월 31일 03시,일요일,경상남도 양산시 신기동,경상사고,0,0,1,0,차량단독 - 공작물충돌,안전운전불이행,건조,기타,단일로 - 기타,화물,남,59세,경상,,,,
2015053100100122,2015년 5월 31일 08시,일요일,경상남도 김해시 삼방동,사망사고,1,0,0,0,차량단독 - 공작물충돌,안전운전불이행,건조,맑음,단일로 - 기타,승용,남,60세,사망,,,,
2015053100100123,2015년 5월 31일 08시,일요일,경상남도 양산시 신기동,중상사고,0,1,0,0,차대차 - 기타,직진우회전진행방해,건조,맑음,교차로 - 교차로안,승용,남,67세,상해없음,원동기,남,39세,중상
2015053100100140,2015년 5월 31일 09시,일요일,경상남도 의령군 궁류면,중상사고,0,1,0,0,차대사람 - 차도통행중,안전운전불이행,건조,맑음,단일로 - 기타,승용,여,50세,상해없음,보행자,여,81세,중상
2015053100100160,2015년 5월 31일 10시,일요일,경상남도 진주시 평거동,중상사고,0,1,0,0,차대사람 - 횡단중,안전운전불이행,건조,맑음,단일로 - 기타,승용,여,52세,상해없음,보행자,남,17세,중상
2015053100100179,2015년 5월 31일 11시,일요일,경상남도 창원시 마산회원구 양덕동,부상신고사고,0,0,0,3,차대차 - 추돌 - 주정차중,안전운전불이행,건조,맑음,단일로 - 기타,승용,여,60세,상해없음,승용,여,28세,부상신고
2015053100100205,2015년 5월 31일 12시,일요일,경상남도 진주시 정촌면,경상사고,0,0,1,0,차대차 - 정면충돌,신호위반,건조,맑음,교차로 - 교차로안,승용,남,27세,상해없음,승용,남,49세,경상
2015053100100206,2015년 5월 31일 12시,일요일,경상남도 진주시 상봉동,경상사고,0,0,1,0,차대차 - 측면직각충돌,직진우회전진행방해,건조,맑음,교차로 - 교차로안,승용,남,54세,상해없음,승용,여,60세,경상
2015053100100207,2015년 5월 31일 12시,일요일,경상남도 고성군 고성읍,경상사고,0,0,1,0,차대차 - 측면직각충돌,안전운전불이행,건조,맑음,단일로 - 기타,승용,남,61세,상해없음,이륜,여,70세,경상
2015053100100245,2015년 5월 31일 13시,일요일,경상남도 창원시 마산합포구 진북면,부상신고사고,0,0,0,1,차대차 - 기타,직진우회전진행방해,건조,맑음,교차로 - 교차로안,이륜,남,75세,부상신고,승용,여,21세,상해없음
2015053100100246,2015년 5월 31일 13시,일요일,경상남도 산청군 시천면,경상사고,0,0,1,0,차대사람 - 차도통행중,안전운전불이행,건조,맑음,단일로 - 기타,승용,남,53세,상해없음,보행자,여,61세,경상
2015053100100288,2015년 5월 31일 14시,일요일,경상남도 창원시 성산구 상남동,중상사고,0,1,0,0,차대차 - 추돌 - 진행중,안전운전불이행,건조,맑음,교차로 - 교차로부근,승용,여,34세,상해없음,승용,여,49세,중상
2015053100100329,2015년 5월 31일 15시,일요일,경상남도 사천시 사남면,중상사고,0,1,0,0,차량단독 - 공작물충돌,안전운전불이행,건조,맑음,단일로 - 기타,농기계,남,72세,중상,,,,
2015053100100330,2015년 5월 31일 15시,일요일,경상남도 밀양시 내이동,중상사고,0,1,0,0,차대사람 - 횡단중,안전운전불이행,건조,맑음,단일로 - 횡단보도상,승용,남,31세,상해없음,보행자,여,73세,중상
2015053100100362,2015년 5월 31일 16시,일요일,경상남도 진주시 명석면,중상사고,0,2,3,0,차대차 - 정면충돌,중앙선침범,건조,맑음,단일로 - 기타,화물,남,58세,상해없음,승합,남,41세,중상
2015053100100363,2015년 5월 31일 16시,일요일,경상남도 진주시 평거동,중상사고,0,1,0,0,차대차 - 정면충돌,직진우회전진행방해,건조,맑음,교차로 - 교차로안,승용,남,35세,상해없음,이륜,남,35세,중상
2015053100100364,2015년 5월 31일 16시,일요일,경상남도 통영시 명정동,중상사고,0,1,0,0,차대차 - 측면직각충돌,안전운전불이행,건조,맑음,교차로 - 교차로안,승용,남,60세,상해없음,승용,남,68세,상해없음
2015053100100365,2015년 5월 31일 16시,일요일,경상남도 사천시 죽림동,중상사고,0,3,7,4,차대차 - 추돌 - 주정차중,안전운전불이행,건조,맑음,단일로 - 기타,승용,남,37세,상해없음,승용,남,24세,중상
2015053100100366,2015년 5월 31일 16시,일요일,경상남도 산청군 단성면,사망사고,1,2,0,0,차대차 - 정면충돌,중앙선침범,건조,맑음,단일로 - 교량,승용,여,33세,사망,화물,남,61세,중상
2015053100100399,2015년 5월 31일 17시,일요일,경상남도 함안군 산인면,중상사고,0,1,0,0,차대사람 - 기타,안전운전불이행,건조,맑음,기타 - 기타,농기계,남,54세,상해없음,보행자,남,67세,중상
2015053100100429,2015년 5월 31일 18시,일요일,경상남도 사천시 동금동,경상사고,0,0,1,0,차대차 - 측면직각충돌,신호위반,건조,맑음,교차로 - 교차로안,이륜,남,27세,경상,건설기계,남,34세,상해없음
2015053100100454,2015년 5월 31일 19시,일요일,경상남도 사천시 정동면,중상사고,0,1,0,0,차대차 - 측면직각충돌,교차로운행방법위반,건조,맑음,교차로 - 교차로안,승용,남,49세,상해없음,승용,남,18세,중상
2015053100100455,2015년 5월 31일 19시,일요일,경상남도 창녕군 남지읍,중상사고,0,2,0,0,차대차 - 정면충돌,중앙선침범,건조,맑음,단일로 - 기타,원동기,남,22세,중상,승용,남,48세,상해없음
2015053100100479,2015년 5월 31일 20시,일요일,경상남도 거제시 장평동,경상사고,0,0,3,0,차대차 - 기타,차로위반,건조,맑음,단일로 - 기타,승용,여,43세,상해없음,승용,남,32세,경상
2015053100100480,2015년 5월 31일 20시,일요일,경상남도 함안군 군북면,사망사고,1,0,0,0,차대사람 - 횡단중,안전운전불이행,건조,맑음,단일로 - 기타,승용,남,45세,상해없음,보행자,여,74세,사망
2015053100100511,2015년 5월 31일 21시,일요일,경상남도 김해시 내동,경상사고,0,0,1,0,차대차 - 추돌 - 진행중,안전운전불이행,건조,맑음,단일로 - 기타,자전거,남,16세,경상,승용,남,22세,상해없음
2015053100100512,2015년 5월 31일 21시,일요일,경상남도 김해시 어방동,경상사고,0,0,1,0,차량단독 - 공작물충돌,안전운전불이행,건조,맑음,단일로 - 기타,승용,남,29세,경상,,,,
2015053100100513,2015년 5월 31일 21시,일요일,경상남도 함안군 칠원읍,사망사고,1,0,0,0,차대사람 - 차도통행중,안전운전불이행,건조,맑음,단일로 - 기타,승용,남,36세,상해없음,보행자,여,85세,사망
2015053100100541,2015년 5월 31일 22시,일요일,경상남도 김해시 부원동,경상사고,0,0,1,0,차대차 - 측면직각충돌,신호위반,건조,맑음,교차로 - 교차로안,승용,남,27세,상해없음,이륜,남,25세,경상
2015053100100542,2015년 5월 31일 22시,일요일,경상남도 김해시 진영읍,경상사고,0,0,1,0,차대사람 - 횡단중,안전운전불이행,건조,맑음,교차로 - 교차로부근,기타불명,기타불명,기타불명,기타불명,보행자,여,43세,경상
2015060100100007,2015년 6월 1일 00시,월요일,경상남도 창원시 마산합포구 산호동,경상사고,0,0,1,0,차대사람 - 길가장자리구역통행중,안전운전불이행,건조,맑음,교차로 - 교차로부근,승용,남,48세,상해없음,보행자,여,49세,경상
2015060100100059,2015년 6월 1일 06시,월요일,경상남도 김해시 장유면,중상사고,0,1,0,0,차대차 - 측면직각충돌,안전운전불이행,건조,맑음,기타 - 기타,이륜,남,53세,상해없음,자전거,여,49세,중상
2015060100100091,2015년 6월 1일 07시,월요일,경상남도 창원시 진해구 경화동,사망사고,1,0,0,0,차대차 - 측면직각충돌,안전운전불이행,건조,맑음,단일로 - 횡단보도상,승용,여,41세,상해없음,자전거,남,78세,사망
2015060100100092,2015년 6월 1일 07시,월요일,경상남도 사천시 사남면,중상사고,0,1,2,0,차대차 - 측면직각충돌,신호위반,건조,맑음,교차로 - 교차로안,승용,남,33세,경상,승용,여,51세,중상
2015060100100093,2015년 6월 1일 07시,월요일,경상남도 김해시 동상동,경상사고,0,0,2,0,차대차 - 추돌 - 주정차중,안전거리미확보,건조,맑음,단일로 - 기타,승용,남,34세,상해없음,승용,여,58세,경상
2015060100100177,2015년 6월 1일 09시,월요일,경상남도 김해시 구산동,경상사고,0,0,1,0,차대사람 - 횡단중,보행자보호의무위반,건조,맑음,교차로 - 교차로안,승합,남,60세,상해없음,보행자,남,23세,경상
2015060100100209,2015년 6월 1일 10시,월요일,경상남도 함안군 가야읍,중상사고,0,1,0,0,차대차 - 측면직각충돌,안전운전불이행,건조,맑음,교차로 - 교차로안,이륜,남,55세,중상,화물,남,35세,상해없음
2015060100100270,2015년 6월 1일 12시,월요일,경상남도 양산시 물금읍,경상사고,0,0,1,0,차대차 - 기타,중앙선침범,건조,맑음,단일로 - 기타,승용,남,75세,상해없음,이륜,남,35세,경상
2015060100100294,2015년 6월 1일 13시,월요일,경상남도 통영시 무전동,중상사고,0,1,0,0,차대사람 - 기타,기타,건조,맑음,단일로 - 기타,승합,여,53세,상해없음,보행자,여,30세,중상
2015060100100295,2015년 6월 1일 13시,월요일,경상남도 하동군 적량면,중상사고,0,1,0,0,차대사람 - 횡단중,안전운전불이행,건조,맑음,단일로 - 기타,승용,남,61세,상해없음,보행자,여,84세,중상
2015060100100296,2015년 6월 1일 13시,월요일,경상남도 거제시 사등면,경상사고,0,0,1,0,차대차 - 기타,기타,건조,맑음,단일로 - 기타,화물,남,43세,상해없음,화물,남,57세,경상
2015060100100403,2015년 6월 1일 16시,월요일,경상남도 양산시 중부동,경상사고,0,0,4,0,차대차 - 기타,안전거리미확보,건조,맑음,교차로 - 교차로부근,승용,남,45세,상해없음,승용,남,63세,경상
2015060100100451,2015년 6월 1일 17시,월요일,경상남도 사천시 벌리동,경상사고,0,0,1,0,차대사람 - 횡단중,안전운전불이행,건조,맑음,교차로 - 교차로안,승용,여,47세,상해없음,보행자,여,12세,경상
2015060100100452,2015년 6월 1일 17시,월요일,경상남도 김해시 구산동,중상사고,0,1,0,0,차대차 - 기타,신호위반,건조,맑음,교차로 - 교차로안,원동기,남,17세,중상,승합,남,48세,상해없음
2015060100100495,2015년 6월 1일 18시,월요일,경상남도 진주시 금산면,경상사고,0,0,1,0,차대차 - 측면직각충돌,교차로운행방법위반,건조,맑음,교차로 - 교차로안,원동기,남,81세,경상,승용,여,43세,상해없음
2015060100100496,2015년 6월 1일 18시,월요일,경상남도 통영시 광도면,중상사고,0,1,0,0,차대사람 - 보도통행중,기타,건조,맑음,단일로 - 기타,승용,여,43세,상해없음,보행자,여,37세,중상
2015060100100497,2015년 6월 1일 18시,월요일,경상남도 사천시 사남면,부상신고사고,0,0,0,1,차대차 - 추돌 - 주정차중,안전운전불이행,건조,맑음,단일로 - 기타,승용,남,53세,상해없음,승용,여,25세,부상신고
2015060100100498,2015년 6월 1일 18시,월요일,경상남도 양산시 북부동,부상신고사고,0,0,0,1,차대사람 - 횡단중,안전운전불이행,건조,맑음,단일로 - 기타,이륜,남,19세,상해없음,보행자,여,73세,부상신고
2015060100100499,2015년 6월 1일 18시,월요일,경상남도 창원시 성산구 대방동,중상사고,0,1,0,0,차대차 - 기타,안전운전불이행,건조,맑음,단일로 - 기타,승용,남,52세,상해없음,승용,여,38세,중상
2015060100100500,2015년 6월 1일 18시,월요일,경상남도 김해시 진영읍,중상사고,0,1,0,0,차대차 - 측면직각충돌,안전운전불이행,건조,맑음,교차로 - 교차로안,승용,남,37세,기타불명,승용,남,76세,중상