사고번호,사고일시,요일,시군구,사고내용,사망자수,중상자수,경상자수,부상신고자수,사고유형,법규위반,노면상태,기상상태,도로형태,가해운전자 차종,가해운전자 성별,가해운전자 연령,가해운전자 상해정도,피해운전자 차종,피해운전자 성별,피해운전자 연령,피해운전자 상해정도
2015060100100542,2015년 6월 1일 19시,월요일,경상남도 통영시 항남동,부상신고사고,0,0,0,1,차대차 - 측면직각충돌,직진우회전진행방해,건조,맑음,교차로 - 교차로안,이륜,남,21세,부상신고,이륜,남,58세,상해없음
2015060100100543,2015년 6월 1일 19시,월요일,경상남도 통영시 봉평동,경상사고,0,0,1,0,차대사람 - 기타,안전운전불이행,건조,맑음,단일로 - 기타,승용,여,36세,상해없음,보행자,남,32세,경상
2015060100100544,2015년 6월 1일 19시,월요일,경상남도 창원시 의창구 명서동,중상사고,0,1,0,0,차대사람 - 횡단중,안전운전불이행,건조,맑음,단일로 - 기타,승용,남,63세,상해없음,보행자,여,10세,중상
2015060100100580,2015년 6월 1일 20시,월요일,경상남도 진주시 평거동,경상사고,0,0,1,0,차대사람 - 기타,안전운전불이행,건조,맑음,단일로 - 기타,승용,남,26세,상해없음,보행자,남,9세,경상
2015060100100623,2015년 6월 1일 21시,월요일,경상남도 창원시 진해구 이동,경상사고,0,0,1,0,차대차 - 측면직각충돌,안전운전불이행,건조,맑음,교차로 - 교차로부근,원동기,남,17세,경상,승용,남,44세,상해없음
2015060100100624,2015년 6월 1일 21시,월요일,경상남도 거제시 연초면,중상사고,0,1,0,0,차대사람 - 횡단중,안전운전불이행,건조,맑음,교차로 - 교차로부근,승용,남,37세,상해없음,보행자,남,65세,중상
2015060100100658,2015년 6월 1일 22시,월요일,경상남도 의령군 의령읍,경상사고,0,0,1,2,차대차 - 측면직각충돌,안전운전불이행,건조,맑음,단일로 - 기타,승용,여,42세,상해없음,승용,남,44세,경상
2015060100100659,2015년 6월 1일 22시,월요일,경상남도 창원시 의창구 도계동,중상사고,0,1,0,0,차대사람 - 횡단중,안전운전불이행,건조,맑음,단일로 - 기타,이륜,남,17세,상해없음,보행자,여,69세,중상
2015060100100660,2015년 6월 1일 22시,월요일,경상남도 김해시 진영읍,경상사고,0,0,1,1,차대차 - 추돌 - 진행중,안전거리미확보,건조,맑음,교차로 - 교차로부근,승용,남,49세,부상신고,승용,남,31세,경상
2015060100100681,2015년 6월 1일 23시,월요일,경상남도 사천시 대방동,중상사고,0,2,0,0,차대차 - 측면직각충돌,안전운전불이행,건조,맑음,교차로 - 교차로안,승용,남,30세,상해없음,화물,남,49세,중상
2015060200100015,2015년 6월 2일 00시,화요일,경상남도 밀양시 초동면,사망사고,1,0,1,0,차대차 - 추돌 - 주정차중,안전운전불이행,건조,맑음,교차로 - 교차로부근,화물,남,55세,사망,화물,남,52세,경상
2015060200100133,2015년 6월 2일 08시,화요일,경상남도 통영시 미수동,경상사고,0,0,1,0,차대차 - 추돌 - 주정차중,안전운전불이행,건조,맑음,단일로 - 기타,승용,여,35세,상해없음,화물,여,55세,경상
2015060200100180,2015년 6월 2일 10시,화요일,경상남도 김해시 한림면,경상사고,0,0,1,0,차대차 - 측면직각충돌,교차로운행방법위반,건조,맑음,교차로 - 교차로안,화물,남,38세,상해없음,승용,남,27세,경상
2015060200100228,2015년 6월 2일 12시,화요일,경상남도 창원시 마산회원구 내서읍,경상사고,0,0,1,0,차대차 - 정면충돌,안전운전불이행,건조,맑음,단일로 - 기타,승용,남,22세,상해없음,이륜,남,36세,경상
2015060200100229,2015년 6월 2일 12시,화요일,경상남도 통영시 광도면,중상사고,0,1,0,0,차량단독 - 공작물충돌,안전운전불이행,건조,맑음,단일로 - 기타,승합,남,49세,기타불명,,,,
2015060200100249,2015년 6월 2일 13시,화요일,경상남도 창원시 마산합포구 월남동5가,경상사고,0,0,1,0,차대사람 - 기타,보행자보호의무위반,건조,맑음,단일로 - 횡단보도상,승용,남,38세,상해없음,보행자,여,60세,경상
2015060200100250,2015년 6월 2일 13시,화요일,경상남도 사천시 서포면,중상사고,0,2,0,0,차대차 - 측면직각충돌,신호위반,건조,맑음,교차로 - 교차로안,화물,남,74세,중상,승용,남,61세,중상
2015060200100251,2015년 6월 2일 13시,화요일,경상남도 합천군 청덕면,경상사고,0,0,1,0,차대차 - 측면직각충돌,교차로운행방법위반,건조,맑음,교차로 - 교차로안,승용,남,64세,상해없음,건설기계,남,48세,경상
2015060200100281,2015년 6월 2일 14시,화요일,경상남도 진주시 신안동,중상사고,0,3,1,0,차대차 - 추돌 - 주정차중,안전거리미확보,건조,맑음,단일로 - 기타,승용,남,24세,상해없음,승용,여,36세,중상
2015060200100282,2015년 6월 2일 14시,화요일,경상남도 하동군 하동읍,중상사고,0,1,0,0,차대사람 - 횡단중,보행자보호의무위반,건조,맑음,단일로 - 횡단보도상,승용,여,55세,상해없음,보행자,남,2세,중상
2015060200100283,2015년 6월 2일 14시,화요일,경상남도 창원시 마산회원구 양덕동,경상사고,0,0,1,0,차대차 - 측면직각충돌,안전운전불이행,건조,맑음,단일로 - 기타,건설기계,남,52세,상해없음,승용,여,43세,경상
2015060200100284,2015년 6월 2일 14시,화요일,경상남도 창원시 의창구 팔용동,경상사고,0,0,2,0,차대차 - 추돌 - 주정차중,안전거리미확보,건조,맑음,교차로 - 교차로부근,승용,남,54세,상해없음,승용,여,30세,경상
2015060200100285,2015년 6월 2일 14시,화요일,경상남도 김해시 진영읍,경상사고,0,0,1,0,차대차 - 측면직각충돌,안전운전불이행,건조,맑음,교차로 - 교차로부근,원동기,여,74세,경상,승용,남,43세,상해없음
2015060200100308,2015년 6월 2일 15시,화요일,경상남도 함양군 서하면,중상사고,0,3,5,0,차대차 - 측면직각충돌,안전운전불이행,건조,맑음,단일로 - 터널,승합,남,21세,상해없음,화물,남,60세,중상
2015060200100312,2015년 6월 2일 15시,화요일,경상남도 통영시 광도면,중상사고,0,1,0,0,차대차 - 측면직각충돌,직진우회전진행방해,건조,맑음,교차로 - 교차로안,승용,남,45세,상해없음,승용,남,25세,중상
2015060200100346,2015년 6월 2일 16시,화요일,경상남도 양산시 중부동,중상사고,0,1,0,0,차대사람 - 기타,안전운전불이행,건조,맑음,기타 - 기타,승용,남,40세,상해없음,보행자,여,70세,중상
2015060200100397,2015년 6월 2일 17시,화요일,경상남도 밀양시 삼문동,경상사고,0,0,1,0,차대사람 - 차도통행중,안전운전불이행,건조,맑음,단일로 - 기타,승용,여,49세,상해없음,보행자,여,10세,경상
2015060200100398,2015년 6월 2일 17시,화요일,경상남도 합천군 가회면,경상사고,0,0,1,0,차량단독 - 도로외이탈 - 추락,안전운전불이행,건조,맑음,단일로 - 기타,화물,남,51세,경상,,,,
2015060200100399,2015년 6월 2일 17시,화요일,경상남도 양산시 신기동,중상사고,0,1,0,0,차대차 - 기타,신호위반,건조,맑음,단일로 - 횡단보도상,자전거,여,49세,중상,승용,남,36세,상해없음
2015060200100400,2015년 6월 2일 17시,화요일,경상남도 고성군 구만면,중상사고,0,1,0,0,차대차 - 측면직각충돌,교차로운행방법위반,건조,맑음,교차로 - 교차로안,승용,남,31세,상해없음,원동기,남,60세,중상
2015060200100450,2015년 6월 2일 18시,화요일,경상남도 진주시 인사동,경상사고,0,0,1,0,차대사람 - 횡단중,신호위반,건조,맑음,교차로 - 교차로안,승용,여,40세,상해없음,보행자,남,9세,경상
2015060200100512,2015년 6월 2일 20시,화요일,경상남도 창원시 마산합포구 중성동,경상사고,0,0,4,0,차대차 - 추돌 - 주정차중,안전운전불이행,습기,비,단일로 - 기타,승용,남,62세,상해없음,승용,남,27세,경상
2015060200100513,2015년 6월 2일 20시,화요일,경상남도 통영시 정량동,경상사고,0,0,1,0,차대사람 - 차도통행중,안전운전불이행,건조,맑음,교차로 - 교차로부근,화물,남,37세,상해없음,보행자,남,46세,경상
2015060200100544,2015년 6월 2일 21시,화요일,경상남도 창원시 마산합포구 교방동,경상사고,0,0,1,0,차대차 - 측면직각충돌,신호위반,습기,비,교차로 - 교차로안,승용,남,27세,상해없음,승용,남,34세,경상
2015060200100545,2015년 6월 2일 21시,화요일,경상남도 창원시 마산합포구 완월동,경상사고,0,0,1,0,차대차 - 기타,안전운전불이행,습기,흐림,단일로 - 기타,승용,남,48세,상해없음,원동기,여,24세,경상
2015060200100546,2015년 6월 2일 21시,화요일,경상남도 창원시 진해구 서중동,사망사고,1,0,0,0,차대사람 - 차도통행중,안전운전불이행,습기,비,단일로 - 기타,승용,남,42세,상해없음,보행자,여,59세,사망
2015060200100547,2015년 6월 2일 21시,화요일,경상남도 김해시 봉황동,중상사고,0,1,0,0,차대차 - 기타,안전운전불이행,습기,비,교차로 - 교차로안,승용,남,26세,상해없음,자전거,여,57세,중상
2015060200100548,2015년 6월 2일 21시,화요일,경상남도 김해시 외동,중상사고,0,1,0,0,차대차 - 측면직각충돌,안전운전불이행,습기,비,교차로 - 교차로안,승용,여,44세,상해없음,승용,남,35세,중상
2015060200100549,2015년 6월 2일 21시,화요일,경상남도 거제시 고현동,경상사고,0,0,2,0,차대차 - 기타,신호위반,건조,맑음,교차로 - 교차로안,승용,여,48세,상해없음,승용,남,55세,경상
2015060200100550,2015년 6월 2일 21시,화요일,경상남도 김해시 진영읍,중상사고,0,1,0,0,차대차 - 측면직각충돌,안전운전불이행,습기,비,교차로 - 교차로안,승용,남,50세,상해없음,이륜,남,22세,중상
2015060200100591,2015년 6월 2일 23시,화요일,경상남도 창원시 성산구 반림동,중상사고,0,1,0,0,차대차 - 측면직각충돌,신호위반,건조,맑음,교차로 - 교차로안,승용,남,23세,상해없음,승용,남,45세,중상
2015060300100009,2015년 6월 3일 00시,수요일,경상남도 양산시 남부동,경상사고,0,0,2,1,차대차 - 추돌 - 주정차중,안전운전불이행,습기,흐림,기타 - 기타,승용,여,20세,상해없음,승용,여,30세,경상
2015060300100010,2015년 6월 3일 00시,수요일,경상남도 함안군 군북면,중상사고,0,1,0,0,차대차 - 추돌 - 주정차중,안전운전불이행,습기,비,교차로 - 교차로부근,승용,남,42세,상해없음,승용,남,54세,기타불명
2015060300100041,2015년 6월 3일 02시,수요일,경상남도 양산시 동면,중상사고,0,1,0,0,차량단독 - 공작물충돌,안전운전불이행,건조,맑음,기타 - 기타,건설기계,남,57세,중상,,,,
2015060300100042,2015년 6월 3일 02시,수요일,경상남도 사천시 곤양면,중상사고,0,1,0,0,차대차 - 기타,안전운전불이행,건조,흐림,단일로 - 기타,승용,남,48세,상해없음,화물,남,46세,중상
2015060300100106,2015년 6월 3일 07시,수요일,경상남도 합천군 초계면,사망사고,1,11,7,0,차대차 - 측면직각충돌,신호위반,건조,맑음,교차로 - 교차로안,승합,남,48세,경상,화물,남,52세,경상
2015060300100143,2015년 6월 3일 08시,수요일,경상남도 하동군 하동읍,경상사고,0,0,1,0,차대차 - 추돌 - 진행중,안전운전불이행,건조,맑음,단일로 - 기타,승용,남,70세,상해없음,화물,남,68세,상해없음
2015060300100187,2015년 6월 3일 09시,수요일,경상남도 고성군 고성읍,중상사고,0,1,0,0,차대차 - 측면직각충돌,직진우회전진행방해,건조,맑음,교차로 - 교차로안,화물,남,59세,상해없음,화물,남,52세,중상
2015060300100188,2015년 6월 3일 09시,수요일,경상남도 김해시 진례면,경상사고,0,0,1,0,차대차 - 기타,불법유턴,건조,맑음,교차로 - 교차로안,화물,남,59세,상해없음,화물,남,54세,경상
2015060300100225,2015년 6월 3일 10시,수요일,경상남도 창원시 마산합포구 해운동,경상사고,0,0,1,0,차대차 - 측면직각충돌,안전운전불이행,건조,맑음,교차로 - 교차로부근,자전거,남,80세,경상,승용,남,60세,상해없음
2015060300100226,2015년 6월 3일 10시,수요일,경상남도 김해시 구산동,경상사고,0,0,1,0,차대사람 - 기타,안전운전불이행,건조,맑음,교차로 - 교차로안,화물,남,30세,상해없음,보행자,남,40세,경상
2015060300100227,2015년 6월 3일 10시,수요일,경상남도 김해시 전하동,경상사고,0,0,1,0,차대차 - 추돌 - 주정차중,안전거리미확보,건조,맑음,교차로 - 교차로부근,승용,여,55세,경상,승용,남,59세,상해없음
2015060300100256,2015년 6월 3일 11시,수요일,경상남도 사천시 선구동,경상사고,0,0,1,0,차대차 - 측면직각충돌,직진우회전진행방해,건조,맑음,교차로 - 교차로안,승용,남,57세,상해없음,자전거,여,63세,경상
2015060300100283,2015년 6월 3일 12시,수요일,경상남도 창원시 마산합포구 완월동,경상사고,0,0,1,0,차대사람 - 기타,안전운전불이행,건조,맑음,단일로 - 기타,화물,남,33세,상해없음,보행자,여,50세,경상
2015060300100284,2015년 6월 3일 12시,수요일,경상남도 양산시 삼호동,경상사고,0,0,1,0,차대차 - 기타,안전운전불이행,건조,맑음,단일로 - 기타,승용,남,38세,상해없음,원동기,남,36세,경상
2015060300100285,2015년 6월 3일 12시,수요일,경상남도 의령군 정곡면,경상사고,0,0,1,0,차대차 - 측면직각충돌,교차로운행방법위반,건조,맑음,교차로 - 교차로부근,승용,여,45세,상해없음,자전거,남,76세,경상
2015060300100286,2015년 6월 3일 12시,수요일,경상남도 창원시 의창구 팔용동,중상사고,0,1,0,0,차대사람 - 기타,안전운전불이행,건조,맑음,단일로 - 기타,화물,남,36세,상해없음,보행자,여,60세,중상
2015060300100312,2015년 6월 3일 13시,수요일,경상남도 김해시 진례면,중상사고,0,1,0,0,차대차 - 측면직각충돌,중앙선침범,건조,맑음,단일로 - 기타,원동기,남,45세,중상,화물,남,48세,상해없음
2015060300100347,2015년 6월 3일 14시,수요일,경상남도 사천시 실안동,중상사고,0,1,0,0,차대차 - 측면직각충돌,교차로운행방법위반,건조,맑음,교차로 - 교차로안,승합,남,47세,상해없음,승용,남,49세,중상
2015060300100348,2015년 6월 3일 14시,수요일,경상남도 거창군 거창읍,중상사고,0,1,0,0,차대차 - 측면직각충돌,직진우회전진행방해,건조,맑음,교차로 - 교차로안,자전거,여,63세,중상,승용,남,42세,상해없음
2015060300100349,2015년 6월 3일 14시,수요일,경상남도 양산시 북부동,경상사고,0,0,2,0,차대차 - 기타,교차로운행방법위반,건조,맑음,교차로 - 교차로안,화물,남,55세,경상,건설기계,남,63세,경상
2015060300100350,2015년 6월 3일 14시,수요일,경상남도 창원시 마산회원구 합성동,중상사고,0,1,0,0,차대사람 - 길가장자리구역통행중,안전운전불이행,건조,맑음,교차로 - 교차로부근,승용,여,36세,상해없음,보행자,남,52세,중상
2015060300100418,2015년 6월 3일 16시,수요일,경상남도 진주시 중안동,경상사고,0,0,1,0,차대차 - 추돌 - 진행중,안전운전불이행,건조,맑음,단일로 - 기타,승용,남,22세,상해없음,승용,남,33세,경상
2015060300100419,2015년 6월 3일 16시,수요일,경상남도 창녕군 창녕읍,경상사고,0,0,1,0,차대차 - 기타,안전운전불이행,건조,맑음,단일로 - 기타,승용,여,51세,상해없음,승용,여,54세,상해없음
2015060300100484,2015년 6월 3일 17시,수요일,경상남도 창원시 진해구 경화동,경상사고,0,0,1,0,차대차 - 측면직각충돌,교차로운행방법위반,건조,맑음,교차로 - 교차로안,승용,남,59세,상해없음,승용,남,58세,경상
2015060300100485,2015년 6월 3일 17시,수요일,경상남도 통영시 무전동,중상사고,0,1,0,0,차대사람 - 차도통행중,안전운전불이행,건조,맑음,단일로 - 기타,승합,남,66세,상해없음,보행자,여,68세,중상
2015060300100486,2015년 6월 3일 17시,수요일,경상남도 밀양시 내이동,중상사고,0,1,0,0,차대차 - 측면직각충돌,교차로운행방법위반,건조,맑음,교차로 - 교차로안,승용,여,28세,상해없음,승용,남,59세,상해없음
2015060300100487,2015년 6월 3일 17시,수요일,경상남도 김해시 동상동,경상사고,0,0,1,0,차대차 - 측면직각충돌,안전운전불이행,건조,맑음,단일로 - 기타,승용,여,38세,상해없음,승용,여,44세,경상
2015060300100488,2015년 6월 3일 17시,수요일,경상남도 거제시 장평동,중상사고,0,1,0,0,차대차 - 기타,안전운전불이행,건조,맑음,교차로 - 교차로부근,승용,남,40세,상해없음,자전거,남,25세,중상
2015060300100489,2015년 6월 3일 17시,수요일,경상남도 창원시 마산합포구 산호동,경상사고,0,0,1,0,차대차 - 추돌 - 진행중,신호위반,건조,맑음,교차로 - 교차로부근,승용,남,52세,상해없음,자전거,남,7세,경상
2015060300100490,2015년 6월 3일 17시,수요일,경상남도 김해시 진영읍,경상사고,0,0,1,0,차대차 - 측면직각충돌,신호위반,건조,맑음,교차로 - 교차로안,승용,여,57세,상해없음,승용,남,52세,경상
2015060300100491,2015년 6월 3일 17시,수요일,경상남도 김해시 장유면,중상사고,0,1,0,0,차대차 - 측면직각충돌,안전운전불이행,건조,맑음,교차로 - 교차로안,승용,기타불명,기타불명,기타불명,자전거,남,13세,중상
2015060300100535,2015년 6월 3일 18시,수요일,경상남도 창원시 마산회원구 양덕동,경상사고,0,0,1,0,차대사람 - 횡단중,안전운전불이행,건조,맑음,단일로 - 기타,승용,남,55세,상해없음,보행자,여,29세,경상
2015060300100577,2015년 6월 3일 19시,수요일,경상남도 진주시 평거동,중상사고,0,1,0,0,차대차 - 측면직각충돌,차로위반,건조,맑음,단일로 - 기타,승용,남,25세,상해없음,원동기,남,23세,중상
2015060300100578,2015년 6월 3일 19시,수요일,경상남도 창원시 성산구 상남동,중상사고,0,1,0,0,차대차 - 기타,안전운전불이행,건조,맑음,교차로 - 교차로안,승용,남,33세,상해없음,원동기,여,28세,중상
2015060300100608,2015년 6월 3일 20시,수요일,경상남도 김해시 외동,경상사고,0,0,1,0,차대차 - 측면직각충돌,안전운전불이행,건조,맑음,교차로 - 교차로안,자전거,남,60세,경상,승용,남,57세,상해없음
2015060300100609,2015년 6월 3일 20시,수요일,경상남도 창녕군 영산면,중상사고,0,3,0,0,차대차 - 기타,안전운전불이행,건조,맑음,단일로 - 기타,화물,남,60세,중상,농기계,남,68세,중상
2015060300100635,2015년 6월 3일 21시,수요일,경상남도 통영시 봉평동,경상사고,0,0,2,0,차대차 - 측면직각충돌,신호위반,건조,맑음,교차로 - 교차로안,승용,여,51세,경상,화물,남,35세,경상
2015060300100636,2015년 6월 3일 21시,수요일,경상남도 거제시 고현동,경상사고,0,0,1,0,차대차 - 기타,교차로운행방법위반,건조,맑음,단일로 - 기타,승용,남,43세,상해없음,이륜,남,43세,경상
2015060300100637,2015년 6월 3일 21시,수요일,경상남도 창원시 의창구 사림동,중상사고,0,1,1,0,차대사람 - 횡단중,안전운전불이행,건조,맑음,단일로 - 기타,승용,남,58세,상해없음,보행자,남,46세,중상
2015060300100664,2015년 6월 3일 22시,수요일,경상남도 진주시 금산면,중상사고,0,1,0,0,차대차 - 측면직각충돌,교차로운행방법위반,건조,맑음,교차로 - 교차로안,승용,남,21세,상해없음,승용,남,49세,상해없음
2015060300100665,2015년 6월 3일 22시,수요일,경상남도 김해시 삼정동,중상사고,0,1,0,0,차대차 - 정면충돌,중앙선침범,건조,맑음,교차로 - 교차로부근,승용,남,50세,상해없음,승용,남,43세,중상
2015060300100694,2015년 6월 3일 23시,수요일,경상남도 창원시 성산구 남양동,경상사고,0,0,1,0,차대차 - 추돌 - 주정차중,안전운전불이행,건조,맑음,단일로 - 기타,승용,남,36세,상해없음,승용,남,36세,경상
2015060300100695,2015년 6월 3일 23시,수요일,경상남도 창원시 의창구 봉곡동,중상사고,0,1,0,0,차대차 - 추돌 - 주정차중,안전운전불이행,건조,맑음,단일로 - 기타,자전거,남,40세,중상,승합,남,43세,기타불명
2015060300100696,2015년 6월 3일 23시,수요일,경상남도 창원시 의창구 도계동,중상사고,0,1,0,0,차대차 - 측면직각충돌,안전운전불이행,건조,맑음,교차로 - 교차로안,이륜,남,22세,상해없음,이륜,남,16세,중상
2015060400100016,2015년 6월 4일 00시,목요일,경상남도 합천군 율곡면,중상사고,0,1,0,0,차대차 - 정면충돌,중앙선침범,건조,맑음,단일로 - 기타,화물,남,25세,상해없음,승용,여,36세,중상
2015060400100062,2015년 6월 4일 05시,목요일,경상남도 창원시 진해구 용원동,경상사고,0,0,1,0,차대차 - 측면직각충돌,교차로운행방법위반,건조,맑음,교차로 - 교차로안,승용,남,27세,상해없음,승용,남,56세,경상
2015060400100063,2015년 6월 4일 05시,목요일,경상남도 거제시 옥포동,중상사고,0,1,0,0,차대차 - 기타,안전운전불이행,건조,맑음,단일로 - 기타,승용,남,36세,상해없음,원동기,남,50세,중상
2015060400100151,2015년 6월 4일 08시,목요일,경상남도 김해시 삼방동,경상사고,0,0,1,0,차대차 - 추돌 - 주정차중,안전운전불이행,건조,맑음,단일로 - 기타,자전거,남,53세,경상,승용,남,56세,상해없음
2015060400100190,2015년 6월 4일 09시,목요일,경상남도 통영시 미수동,중상사고,0,1,0,0,차대사람 - 횡단중,안전운전불이행,건조,맑음,단일로 - 기타,화물,여,57세,상해없음,보행자,여,81세,중상
2015060400100191,2015년 6월 4일 09시,목요일,경상남도 양산시 명동,경상사고,0,0,1,0,차대차 - 측면직각충돌,안전운전불이행,건조,맑음,단일로 - 기타,기타불명,기타불명,기타불명,기타불명,승용,남,29세,경상
2015060400100192,2015년 6월 4일 09시,목요일,경상남도 창원시 마산회원구 내서읍,중상사고,0,2,0,0,차대차 - 정면충돌,중앙선침범,건조,맑음,단일로 - 기타,승용,여,37세,상해없음,승용,여,32세,중상
2015060400100219,2015년 6월 4일 10시,목요일,경상남도 창원시 진해구 남문동,경상사고,0,0,1,0,차대차 - 측면직각충돌,직진우회전진행방해,건조,맑음,교차로 - 교차로안,승용,여,64세,경상,화물,남,41세,상해없음
2015060400100220,2015년 6월 4일 10시,목요일,경상남도 고성군 회화면,중상사고,0,1,0,0,차대차 - 측면직각충돌,교차로운행방법위반,건조,맑음,교차로 - 교차로안,화물,남,60세,상해없음,원동기,남,79세,중상
2015060400100221,2015년 6월 4일 10시,목요일,경상남도 창원시 의창구 봉곡동,중상사고,0,1,0,0,차대차 - 측면직각충돌,신호위반,건조,맑음,교차로 - 교차로안,승용,남,47세,상해없음,자전거,여,72세,중상
2015060400100245,2015년 6월 4일 11시,목요일,경상남도 창원시 진해구 경화동,경상사고,0,0,2,0,차대차 - 측면직각충돌,직진우회전진행방해,건조,맑음,교차로 - 교차로안,승용,여,51세,경상,승용,남,67세,상해없음
2015060400100281,2015년 6월 4일 12시,목요일,경상남도 밀양시 상동면,경상사고,0,0,1,0,차대차 - 추돌 - 주정차중,안전운전불이행,건조,맑음,단일로 - 기타,화물,남,39세,상해없음,승용,남,48세,경상
2015060400100282,2015년 6월 4일 12시,목요일,경상남도 창녕군 영산면,중상사고,0,3,0,0,차대차 - 추돌 - 진행중,불법유턴,건조,맑음,단일로 - 기타,농기계,남,47세,중상,승용,남,72세,중상
2015060400100283,2015년 6월 4일 12시,목요일,경상남도 양산시 명곡동,사망사고,2,0,0,0,차대차 - 측면직각충돌,중앙선침범,건조,맑음,단일로 - 기타,화물,남,49세,사망,승용,여,38세,사망
2015060400100320,2015년 6월 4일 13시,목요일,경상남도 김해시 한림면,경상사고,0,0,1,0,차대차 - 추돌 - 진행중,안전거리미확보,건조,맑음,단일로 - 기타,승용,남,37세,상해없음,화물,남,45세,경상
2015060400100348,2015년 6월 4일 14시,목요일,경상남도 합천군 야로면,경상사고,0,0,1,0,차대차 - 추돌 - 진행중,안전거리미확보,건조,맑음,단일로 - 기타,원동기,여,61세,경상,승용,남,63세,상해없음
2015060400100384,2015년 6월 4일 15시,목요일,경상남도 양산시 삼호동,경상사고,0,0,1,0,차대차 - 측면직각충돌,안전운전불이행,건조,맑음,교차로 - 교차로안,승용,여,44세,상해없음,이륜,남,17세,경상
2015060400100385,2015년 6월 4일 15시,목요일,경상남도 남해군 고현면,경상사고,0,0,1,0,차대차 - 추돌 - 진행중,안전운전불이행,건조,맑음,단일로 - 기타,원동기,남,37세,경상,화물,남,41세,상해없음
2015060400100429,2015년 6월 4일 16시,목요일,경상남도 거제시 상동동,중상사고,0,2,0,0,차대차 - 기타,신호위반,건조,맑음,교차로 - 교차로안,승용,남,48세,상해없음,승용,남,53세,중상
2015060400100430,2015년 6월 4일 16시,목요일,경상남도 김해시 장유면,경상사고,0,0,2,0,차대사람 - 횡단중,보행자보호의무위반,건조,맑음,단일로 - 기타,승용,여,47세,상해없음,보행자,남,6세,경상
2015060400100511,2015년 6월 4일 18시,목요일,경상남도 창원시 마산회원구 양덕동,경상사고,0,0,1,0,차대차 - 측면직각충돌,안전운전불이행,건조,맑음,교차로 - 교차로안,승합,남,65세,상해없음,승용,여,50세,경상
2015060400100541,2015년 6월 4일 19시,목요일,경상남도 창원시 진해구 자은동,중상사고,0,1,0,0,차대사람 - 차도통행중,안전운전불이행,건조,맑음,교차로 - 교차로안,화물,남,42세,상해없음,보행자,여,60세,중상
2015060400100542,2015년 6월 4일 19시,목요일,경상남도 양산시 평산동,경상사고,0,0,1,0,차대사람 - 기타,안전운전불이행,건조,맑음,단일로 - 기타,승용,남,29세,상해없음,보행자,여,73세,경상
2015060400100543,2015년 6월 4일 19시,목요일,경상남도 창원시 마산합포구 산호동,경상사고,0,0,1,0,차대사람 - 길가장자리구역통행중,안전운전불이행,건조,맑음,단일로 - 기타,승용,여,55세,상해없음,보행자,남,49세,경상
2015060400100604,2015년 6월 4일 21시,목요일,경상남도 김해시 어방동,경상사고,0,0,1,0,차대사람 - 기타,안전운전불이행,건조,맑음,교차로 - 교차로부근,승합,여,42세,상해없음,보행자,여,45세,경상
2015060400100605,2015년 6월 4일 21시,목요일,경상남도 거제시 상동동,중상사고,0,1,0,0,차대차 - 기타,안전운전불이행,건조,맑음,단일로 - 기타,승용,남,45세,상해없음,승용,여,42세,중상
2015060400100643,2015년 6월 4일 22시,목요일,경상남도 김해시 삼계동,중상사고,0,1,0,0,차대사람 - 기타,안전운전불이행,건조,맑음,단일로 - 기타,승용,여,33세,상해없음,보행자,남,60세,중상
2015060400100663,2015년 6월 4일 23시,목요일,경상남도 사천시 사천읍,경상사고,0,0,1,0,차대차 - 측면직각충돌,직진우회전진행방해,건조,맑음,교차로 - 교차로안,승용,남,32세,상해없음,승용,여,50세,경상
2015060500100017,2015년 6월 5일 00시,금요일,경상남도 김해시 주촌면,중상사고,0,1,0,0,차량단독 - 공작물충돌,안전운전불이행,건조,맑음,단일로 - 기타,승용,남,51세,중상,,,,
2015060500100050,2015년 6월 5일 02시,금요일,경상남도 창원시 마산합포구 신포동2가,경상사고,0,0,2,0,차대차 - 측면직각충돌,교차로운행방법위반,건조,흐림,교차로 - 교차로안,화물,남,44세,상해없음,승용,남,52세,경상
2015060500100067,2015년 6월 5일 04시,금요일,경상남도 김해시 어방동,경상사고,0,0,2,0,차대차 - 추돌 - 진행중,안전운전불이행,건조,맑음,단일로 - 기타,승용,남,26세,상해없음,승용,남,23세,경상
2015060500100099,2015년 6월 5일 06시,금요일,경상남도 창원시 마산합포구 구산면,경상사고,0,0,1,0,차량단독 - 전도전복,안전운전불이행,습기,비,단일로 - 기타,승용,여,57세,경상,,,,
2015060500100100,2015년 6월 5일 06시,금요일,경상남도 창원시 마산회원구 양덕동,경상사고,0,0,1,0,차대사람 - 보도통행중,안전운전불이행,습기,비,단일로 - 횡단보도상,승용,남,58세,상해없음,보행자,여,17세,경상
2015060500100132,2015년 6월 5일 07시,금요일,경상남도 김해시 어방동,경상사고,0,0,2,0,차대차 - 측면직각충돌,중앙선침범,습기,비,단일로 - 기타,승용,여,39세,경상,승용,남,41세,경상
2015060500100133,2015년 6월 5일 07시,금요일,경상남도 창원시 마산회원구 내서읍,경상사고,0,0,1,0,차대차 - 추돌 - 주정차중,안전운전불이행,습기,비,교차로 - 교차로부근,승용,남,39세,상해없음,승용,남,53세,상해없음
2015060500100174,2015년 6월 5일 08시,금요일,경상남도 창원시 마산합포구 우산동,경상사고,0,0,1,0,차대차 - 추돌 - 주정차중,안전거리미확보,습기,비,교차로 - 교차로부근,승용,남,40세,상해없음,승용,여,55세,경상