사고번호,사고일시,요일,시군구,사고내용,사망자수,중상자수,경상자수,부상신고자수,사고유형,법규위반,노면상태,기상상태,도로형태,가해운전자 차종,가해운전자 성별,가해운전자 연령,가해운전자 상해정도,피해운전자 차종,피해운전자 성별,피해운전자 연령,피해운전자 상해정도
2015060500100175,2015년 6월 5일 08시,금요일,경상남도 창원시 진해구 두동,중상사고,0,1,0,0,차대사람 - 길가장자리구역통행중,안전운전불이행,습기,비,교차로 - 교차로부근,승용,남,63세,상해없음,보행자,남,29세,중상
2015060500100176,2015년 6월 5일 08시,금요일,경상남도 김해시 대동면,중상사고,0,2,0,0,차대차 - 측면직각충돌,중앙선침범,습기,비,단일로 - 기타,화물,남,61세,상해없음,승용,남,31세,중상
2015060500100220,2015년 6월 5일 09시,금요일,경상남도 창원시 진해구 여좌동,중상사고,0,1,0,0,차대차 - 추돌 - 주정차중,안전운전불이행,건조,맑음,기타 - 기타,화물,남,28세,상해없음,승용,여,45세,중상
2015060500100252,2015년 6월 5일 10시,금요일,경상남도 통영시 용남면,중상사고,0,2,3,0,차대차 - 추돌 - 진행중,안전거리미확보,습기,비,단일로 - 기타,화물,남,61세,상해없음,화물,남,40세,중상
2015060500100253,2015년 6월 5일 10시,금요일,경상남도 양산시 동면,중상사고,0,1,0,0,차대차 - 기타,안전거리미확보,습기,비,단일로 - 기타,화물,남,44세,상해없음,승용,남,39세,중상
2015060500100254,2015년 6월 5일 10시,금요일,경상남도 양산시 평산동,경상사고,0,0,1,0,차대차 - 추돌 - 주정차중,안전거리미확보,습기,비,교차로 - 교차로안,화물,남,44세,상해없음,승용,남,54세,경상
2015060500100255,2015년 6월 5일 10시,금요일,경상남도 하동군 고전면,사망사고,1,0,0,1,차대차 - 정면충돌,안전운전불이행,습기,비,단일로 - 기타,승용,여,53세,사망,승용,남,41세,부상신고
2015060500100256,2015년 6월 5일 10시,금요일,경상남도 거제시 장승포동,중상사고,0,1,0,0,차대사람 - 차도통행중,안전운전불이행,건조,맑음,교차로 - 교차로안,화물,남,55세,상해없음,보행자,남,70세,중상
2015060500100257,2015년 6월 5일 10시,금요일,경상남도 함안군 가야읍,중상사고,0,3,0,0,차대차 - 측면직각충돌,중앙선침범,습기,비,단일로 - 기타,승용,남,22세,상해없음,화물,남,56세,중상
2015060500100286,2015년 6월 5일 11시,금요일,경상남도 밀양시 산내면,중상사고,0,1,0,0,차대사람 - 횡단중,안전운전불이행,건조,맑음,기타 - 기타,화물,여,61세,상해없음,보행자,여,88세,중상
2015060500100312,2015년 6월 5일 12시,금요일,경상남도 진주시 하대동,중상사고,0,1,0,0,차대차 - 정면충돌,중앙선침범,건조,맑음,교차로 - 교차로부근,승용,남,64세,상해없음,승용,남,44세,중상
2015060500100313,2015년 6월 5일 12시,금요일,경상남도 창원시 진해구 대장동,중상사고,0,3,0,0,차대차 - 측면직각충돌,직진우회전진행방해,건조,맑음,교차로 - 교차로안,승용,여,55세,상해없음,승용,여,34세,중상
2015060500100343,2015년 6월 5일 13시,금요일,경상남도 하동군 적량면,경상사고,0,0,1,0,차대차 - 측면직각충돌,안전운전불이행,건조,맑음,교차로 - 교차로안,승용,남,54세,상해없음,화물,남,47세,상해없음
2015060500100344,2015년 6월 5일 13시,금요일,경상남도 창원시 마산회원구 양덕동,경상사고,0,0,1,0,차대차 - 측면직각충돌,신호위반,건조,맑음,교차로 - 교차로안,승용,여,30세,상해없음,승용,여,48세,경상
2015060500100363,2015년 6월 5일 14시,금요일,경상남도 진주시 가좌동,중상사고,0,1,0,0,차대차 - 측면직각충돌,차로위반,건조,맑음,단일로 - 기타,화물,남,57세,상해없음,화물,남,60세,중상
2015060500100364,2015년 6월 5일 14시,금요일,경상남도 창원시 진해구 자은동,경상사고,0,0,1,0,차대차 - 측면직각충돌,직진우회전진행방해,건조,맑음,교차로 - 교차로안,승용,여,46세,상해없음,원동기,남,36세,경상
2015060500100365,2015년 6월 5일 14시,금요일,경상남도 창원시 진해구 여좌동,경상사고,0,0,1,0,차대사람 - 차도통행중,안전운전불이행,습기,비,기타 - 기타,원동기,남,58세,상해없음,보행자,여,83세,경상
2015060500100366,2015년 6월 5일 14시,금요일,경상남도 산청군 신안면,중상사고,0,1,2,0,차대차 - 정면충돌,교차로운행방법위반,건조,맑음,교차로 - 교차로안,승합,남,44세,경상,화물,여,60세,중상
2015060500100367,2015년 6월 5일 14시,금요일,경상남도 함안군 칠원읍,경상사고,0,0,1,0,차대사람 - 횡단중,교차로운행방법위반,습기,비,교차로 - 교차로안,승용,남,46세,상해없음,보행자,여,75세,경상
2015060500100394,2015년 6월 5일 15시,금요일,경상남도 통영시 북신동,중상사고,0,1,0,0,차대사람 - 횡단중,안전운전불이행,건조,흐림,교차로 - 교차로안,화물,남,31세,상해없음,보행자,여,77세,중상
2015060500100395,2015년 6월 5일 15시,금요일,경상남도 고성군 고성읍,경상사고,0,0,1,0,차대차 - 추돌 - 주정차중,안전운전불이행,건조,맑음,단일로 - 기타,승용,남,70세,상해없음,승용,여,68세,경상
2015060500100423,2015년 6월 5일 16시,금요일,경상남도 창원시 성산구 내동,경상사고,0,0,1,0,차대차 - 측면직각충돌,안전운전불이행,습기,비,교차로 - 교차로안,승용,남,62세,상해없음,승용,여,43세,경상
2015060500100424,2015년 6월 5일 16시,금요일,경상남도 창원시 의창구 봉곡동,경상사고,0,0,1,0,차대차 - 추돌 - 진행중,신호위반,습기,비,교차로 - 교차로안,승용,남,44세,상해없음,승용,남,59세,경상
2015060500100469,2015년 6월 5일 17시,금요일,경상남도 거제시 아주동,중상사고,0,1,0,0,차대차 - 측면직각충돌,중앙선침범,건조,맑음,교차로 - 교차로부근,승용,남,26세,상해없음,승용,남,76세,중상
2015060500100470,2015년 6월 5일 17시,금요일,경상남도 김해시 명법동,중상사고,0,2,0,0,차대차 - 추돌 - 진행중,안전운전불이행,습기,비,교차로 - 교차로부근,승용,여,41세,상해없음,승용,여,46세,중상
2015060500100506,2015년 6월 5일 18시,금요일,경상남도 창원시 진해구 자은동,중상사고,0,1,0,0,차대차 - 추돌 - 주정차중,안전운전불이행,건조,맑음,기타 - 기타,원동기,남,22세,중상,승용,남,39세,상해없음
2015060500100507,2015년 6월 5일 18시,금요일,경상남도 창원시 진해구 용원동,중상사고,0,1,0,0,차대사람 - 횡단중,보행자보호의무위반,건조,맑음,교차로 - 교차로안,승용,남,45세,상해없음,보행자,남,61세,중상
2015060500100508,2015년 6월 5일 18시,금요일,경상남도 밀양시 하남읍,경상사고,0,0,1,0,차대차 - 측면직각충돌,교차로운행방법위반,건조,맑음,교차로 - 교차로안,승용,여,46세,상해없음,자전거,남,52세,경상
2015060500100509,2015년 6월 5일 18시,금요일,경상남도 양산시 어곡동,경상사고,0,0,1,0,차대차 - 기타,차로위반,건조,맑음,단일로 - 기타,승용,남,36세,상해없음,승용,여,57세,경상
2015060500100577,2015년 6월 5일 20시,금요일,경상남도 창원시 진해구 석동,중상사고,0,1,0,0,차대사람 - 횡단중,신호위반,건조,맑음,단일로 - 횡단보도상,승용,여,50세,상해없음,보행자,여,54세,중상
2015060500100578,2015년 6월 5일 20시,금요일,경상남도 사천시 향촌동,경상사고,0,0,2,0,차대차 - 측면직각충돌,안전운전불이행,건조,맑음,단일로 - 기타,승용,여,45세,상해없음,승용,여,46세,경상
2015060500100616,2015년 6월 5일 21시,금요일,경상남도 진주시 가좌동,경상사고,0,0,2,0,차대차 - 추돌 - 진행중,안전거리미확보,건조,맑음,단일로 - 기타,승용,남,63세,상해없음,승용,남,35세,상해없음
2015060500100617,2015년 6월 5일 21시,금요일,경상남도 통영시 정량동,경상사고,0,0,1,0,차대차 - 측면직각충돌,안전거리미확보,건조,맑음,교차로 - 교차로부근,승용,남,55세,상해없음,승용,여,41세,경상
2015060500100651,2015년 6월 5일 22시,금요일,경상남도 밀양시 삼문동,경상사고,0,0,3,0,차대차 - 추돌 - 주정차중,안전운전불이행,건조,맑음,단일로 - 기타,승용,남,56세,상해없음,승용,남,23세,경상
2015060500100652,2015년 6월 5일 22시,금요일,경상남도 김해시 어방동,경상사고,0,0,1,0,차대차 - 측면직각충돌,신호위반,건조,맑음,교차로 - 교차로안,원동기,남,18세,경상,승용,남,28세,상해없음
2015060500100653,2015년 6월 5일 22시,금요일,경상남도 창원시 마산회원구 구암동,중상사고,0,1,2,0,차대사람 - 길가장자리구역통행중,안전운전불이행,건조,맑음,교차로 - 교차로안,화물,남,49세,상해없음,보행자,남,43세,경상
2015060500100677,2015년 6월 5일 23시,금요일,경상남도 김해시 내동,중상사고,0,1,1,0,차대차 - 측면직각충돌,안전운전불이행,건조,맑음,교차로 - 교차로안,승용,여,48세,상해없음,승용,남,55세,경상
2015060600100020,2015년 6월 6일 00시,토요일,경상남도 진주시 칠암동,경상사고,0,0,1,0,차대사람 - 횡단중,안전운전불이행,건조,맑음,단일로 - 기타,원동기,여,48세,상해없음,보행자,남,54세,경상
2015060600100021,2015년 6월 6일 00시,토요일,경상남도 창원시 마산회원구 석전동,경상사고,0,0,2,0,차대차 - 측면직각충돌,신호위반,건조,맑음,교차로 - 교차로안,화물,남,65세,상해없음,승용,남,56세,경상
2015060600100052,2015년 6월 6일 01시,토요일,경상남도 김해시 어방동,중상사고,0,1,1,0,차량단독 - 전도전복,안전운전불이행,건조,맑음,교차로 - 교차로부근,이륜,남,18세,경상,,,,
2015060600100053,2015년 6월 6일 01시,토요일,경상남도 양산시 하북면,경상사고,0,0,1,0,차량단독 - 전도전복,안전운전불이행,건조,맑음,단일로 - 기타,승용,여,43세,경상,,,,
2015060600100054,2015년 6월 6일 01시,토요일,경상남도 창원시 의창구 두대동,중상사고,0,1,0,0,차대차 - 추돌 - 진행중,안전운전불이행,건조,흐림,단일로 - 기타,승용,남,28세,상해없음,승용,남,23세,중상
2015060600100107,2015년 6월 6일 04시,토요일,경상남도 김해시 어방동,중상사고,0,1,0,0,차량단독 - 도로외이탈 - 추락,안전운전불이행,건조,맑음,단일로 - 기타,화물,남,26세,상해없음,,,,
2015060600100126,2015년 6월 6일 06시,토요일,경상남도 고성군 회화면,경상사고,0,0,2,0,차대차 - 추돌 - 주정차중,안전운전불이행,건조,맑음,단일로 - 기타,승용,남,23세,상해없음,승용,남,45세,경상
2015060600100158,2015년 6월 6일 08시,토요일,경상남도 창녕군 유어면,경상사고,0,0,1,0,차량단독 - 전도전복,안전운전불이행,건조,맑음,단일로 - 기타,화물,남,37세,경상,,,,
2015060600100195,2015년 6월 6일 10시,토요일,경상남도 양산시 동면,경상사고,0,0,2,0,차대차 - 기타,기타,건조,맑음,단일로 - 기타,건설기계,남,60세,상해없음,승용,남,56세,경상
2015060600100213,2015년 6월 6일 10시,토요일,경상남도 창원시 마산합포구 남성동,중상사고,0,1,0,0,차대사람 - 기타,안전운전불이행,건조,맑음,교차로 - 교차로부근,승용,남,35세,상해없음,보행자,남,66세,중상
2015060600100214,2015년 6월 6일 10시,토요일,경상남도 사천시 벌리동,부상신고사고,0,0,0,1,차대차 - 측면직각충돌,교차로운행방법위반,건조,맑음,교차로 - 교차로안,원동기,남,37세,부상신고,화물,남,55세,상해없음
2015060600100215,2015년 6월 6일 10시,토요일,경상남도 김해시 진영읍,경상사고,0,0,1,0,차대차 - 측면직각충돌,차로위반,건조,맑음,단일로 - 기타,승합,남,57세,상해없음,승용,여,39세,경상
2015060600100239,2015년 6월 6일 11시,토요일,경상남도 창원시 진해구 근화동,경상사고,0,0,1,0,차대차 - 측면직각충돌,안전운전불이행,건조,맑음,교차로 - 교차로부근,승용,남,43세,상해없음,자전거,남,9세,경상
2015060600100240,2015년 6월 6일 11시,토요일,경상남도 통영시 광도면,중상사고,0,1,0,0,차대사람 - 횡단중,안전운전불이행,건조,맑음,단일로 - 기타,승용,남,40세,상해없음,보행자,여,9세,중상
2015060600100241,2015년 6월 6일 11시,토요일,경상남도 김해시 내동,중상사고,0,1,0,0,차대사람 - 기타,기타,건조,맑음,교차로 - 교차로안,승용,남,38세,상해없음,보행자,남,11세,중상
2015060600100242,2015년 6월 6일 11시,토요일,경상남도 양산시 동면,부상신고사고,0,0,0,1,차대사람 - 기타,안전운전불이행,건조,맑음,단일로 - 기타,승용,여,53세,상해없음,보행자,여,28세,부상신고
2015060600100280,2015년 6월 6일 12시,토요일,경상남도 창원시 진해구 석동,중상사고,0,1,0,0,차대사람 - 횡단중,안전운전불이행,건조,맑음,단일로 - 기타,승용,남,37세,상해없음,보행자,여,76세,중상
2015060600100281,2015년 6월 6일 12시,토요일,경상남도 남해군 삼동면,경상사고,0,0,2,0,차대차 - 추돌 - 주정차중,안전운전불이행,건조,맑음,단일로 - 기타,승용,남,37세,상해없음,승용,남,57세,경상
2015060600100303,2015년 6월 6일 13시,토요일,경상남도 사천시 동금동,중상사고,0,1,1,0,차대차 - 측면직각충돌,신호위반,건조,맑음,교차로 - 교차로안,승합,남,29세,상해없음,승합,남,42세,경상
2015060600100304,2015년 6월 6일 13시,토요일,경상남도 양산시 하북면,중상사고,0,1,2,0,차대차 - 기타,중앙선침범,건조,맑음,단일로 - 기타,승용,남,56세,상해없음,승합,남,60세,경상
2015060600100305,2015년 6월 6일 13시,토요일,경상남도 산청군 시천면,중상사고,0,1,0,0,차대차 - 정면충돌,중앙선침범,건조,맑음,단일로 - 기타,승용,남,31세,상해없음,자전거,남,28세,중상
2015060600100306,2015년 6월 6일 13시,토요일,경상남도 창원시 마산회원구 양덕동,경상사고,0,0,1,0,차대차 - 측면직각충돌,안전운전불이행,건조,맑음,단일로 - 기타,승용,여,34세,상해없음,원동기,남,52세,경상
2015060600100307,2015년 6월 6일 13시,토요일,경상남도 창원시 의창구 동읍,경상사고,0,0,1,0,차대차 - 측면직각충돌,안전운전불이행,건조,맑음,단일로 - 기타,화물,남,47세,기타불명,이륜,남,18세,경상
2015060600100347,2015년 6월 6일 14시,토요일,경상남도 창원시 진해구 남양동,경상사고,0,0,1,0,차대차 - 측면직각충돌,안전운전불이행,건조,맑음,교차로 - 교차로안,원동기,남,66세,상해없음,승용,여,49세,경상
2015060600100348,2015년 6월 6일 14시,토요일,경상남도 양산시 중부동,부상신고사고,0,0,0,2,차대차 - 추돌 - 주정차중,안전운전불이행,건조,맑음,교차로 - 교차로부근,승용,여,35세,상해없음,승용,여,45세,부상신고
2015060600100383,2015년 6월 6일 15시,토요일,경상남도 진주시 평거동,경상사고,0,0,1,0,차대사람 - 횡단중,안전운전불이행,건조,맑음,교차로 - 교차로안,승용,남,73세,상해없음,보행자,여,6세,경상
2015060600100384,2015년 6월 6일 15시,토요일,경상남도 창원시 진해구 용원동,경상사고,0,0,1,0,차대차 - 측면직각충돌,안전운전불이행,건조,맑음,교차로 - 교차로안,건설기계,남,48세,상해없음,원동기,여,28세,상해없음
2015060600100385,2015년 6월 6일 15시,토요일,경상남도 창원시 마산회원구 양덕동,경상사고,0,0,1,0,차량단독 - 전도전복,안전운전불이행,건조,맑음,단일로 - 기타,원동기,남,68세,경상,,,,
2015060600100418,2015년 6월 6일 16시,토요일,경상남도 통영시 무전동,경상사고,0,0,1,0,차대차 - 측면직각충돌,불법유턴,건조,맑음,단일로 - 기타,승용,여,60세,상해없음,승용,여,53세,경상
2015060600100419,2015년 6월 6일 16시,토요일,경상남도 통영시 광도면,중상사고,0,1,0,0,차대차 - 추돌 - 주정차중,안전운전불이행,건조,맑음,교차로 - 교차로안,승용,남,37세,상해없음,이륜,남,36세,중상
2015060600100420,2015년 6월 6일 16시,토요일,경상남도 통영시 광도면,경상사고,0,0,2,0,차대차 - 추돌 - 주정차중,안전운전불이행,건조,맑음,교차로 - 교차로부근,승용,남,33세,상해없음,승용,여,43세,경상
2015060600100421,2015년 6월 6일 16시,토요일,경상남도 창녕군 남지읍,중상사고,0,1,0,0,차대차 - 추돌 - 진행중,중앙선침범,건조,맑음,단일로 - 횡단보도부근,승용,남,33세,상해없음,원동기,남,65세,중상
2015060600100422,2015년 6월 6일 16시,토요일,경상남도 고성군 마암면,경상사고,0,0,2,0,차대차 - 추돌 - 진행중,안전거리미확보,건조,맑음,단일로 - 기타,화물,남,34세,상해없음,승용,남,31세,경상
2015060600100423,2015년 6월 6일 16시,토요일,경상남도 창원시 의창구 북면,중상사고,0,1,0,0,차대차 - 추돌 - 주정차중,안전운전불이행,건조,맑음,단일로 - 기타,승용,남,61세,상해없음,승용,남,55세,중상
2015060600100469,2015년 6월 6일 17시,토요일,경상남도 양산시 주남동,중상사고,0,1,0,0,차대차 - 측면직각충돌,신호위반,건조,맑음,교차로 - 교차로안,승용,남,19세,상해없음,승용,남,27세,중상
2015060600100470,2015년 6월 6일 17시,토요일,경상남도 거제시 덕포동,경상사고,0,0,1,0,차대차 - 추돌 - 진행중,안전운전불이행,건조,맑음,교차로 - 교차로안,화물,남,44세,상해없음,승용,남,49세,경상
2015060600100471,2015년 6월 6일 17시,토요일,경상남도 거제시 일운면,경상사고,0,0,1,0,차대차 - 측면직각충돌,교차로운행방법위반,건조,맑음,교차로 - 교차로안,승용,여,58세,상해없음,이륜,남,27세,경상
2015060600100472,2015년 6월 6일 17시,토요일,경상남도 창원시 의창구 팔용동,경상사고,0,0,2,0,차대차 - 측면직각충돌,신호위반,건조,맑음,교차로 - 교차로안,승용,남,56세,상해없음,승용,남,49세,경상
2015060600100534,2015년 6월 6일 19시,토요일,경상남도 김해시 구산동,경상사고,0,0,1,0,차대차 - 측면직각충돌,중앙선침범,건조,맑음,교차로 - 교차로안,원동기,남,47세,경상,승용,남,40세,상해없음
2015060600100535,2015년 6월 6일 19시,토요일,경상남도 양산시 물금읍,중상사고,0,2,0,0,차대차 - 기타,신호위반,건조,맑음,교차로 - 교차로안,원동기,남,44세,상해없음,승용,남,56세,중상
2015060600100547,2015년 6월 6일 20시,토요일,경상남도 김해시 상동면,경상사고,0,0,1,0,차대차 - 기타,안전운전불이행,건조,맑음,단일로 - 기타,승합,남,52세,상해없음,승용,여,53세,경상
2015060600100560,2015년 6월 6일 20시,토요일,경상남도 통영시 북신동,중상사고,0,1,0,0,차대사람 - 횡단중,안전운전불이행,건조,맑음,단일로 - 횡단보도부근,승용,남,48세,상해없음,보행자,여,57세,중상
2015060600100561,2015년 6월 6일 20시,토요일,경상남도 김해시 안동,경상사고,0,0,1,0,차대차 - 기타,안전운전불이행,건조,맑음,단일로 - 기타,원동기,남,50세,상해없음,자전거,남,72세,경상
2015060600100562,2015년 6월 6일 20시,토요일,경상남도 양산시 중부동,경상사고,0,0,1,0,차대차 - 측면직각충돌,안전운전불이행,건조,맑음,교차로 - 교차로안,승용,남,47세,상해없음,원동기,남,18세,경상
2015060600100590,2015년 6월 6일 21시,토요일,경상남도 양산시 동면,경상사고,0,0,2,0,차대차 - 측면직각충돌,안전운전불이행,건조,맑음,교차로 - 교차로부근,승용,남,34세,상해없음,승용,여,54세,경상
2015060600100591,2015년 6월 6일 21시,토요일,경상남도 창원시 의창구 사림동,중상사고,0,1,0,0,차대사람 - 보도통행중,안전운전불이행,건조,맑음,단일로 - 기타,이륜,남,27세,상해없음,보행자,여,57세,중상
2015060600100610,2015년 6월 6일 22시,토요일,경상남도 김해시 삼계동,중상사고,0,2,0,0,차대사람 - 횡단중,안전운전불이행,건조,맑음,단일로 - 기타,원동기,남,22세,중상,보행자,남,31세,중상
2015060600100611,2015년 6월 6일 22시,토요일,경상남도 거제시 아주동,중상사고,0,1,1,0,차대차 - 추돌 - 주정차중,안전운전불이행,건조,맑음,단일로 - 기타,승용,남,39세,상해없음,승용,남,38세,경상
2015060700100015,2015년 6월 7일 00시,일요일,경상남도 창원시 진해구 경화동,중상사고,0,1,0,0,차량단독 - 공작물충돌,안전운전불이행,건조,맑음,단일로 - 기타,승용,남,41세,중상,,,,
2015060700100016,2015년 6월 7일 00시,일요일,경상남도 거제시 장승포동,중상사고,0,1,0,0,차대차 - 측면직각충돌,교차로운행방법위반,건조,맑음,교차로 - 교차로안,승용,여,69세,상해없음,이륜,남,42세,중상
2015060700100017,2015년 6월 7일 00시,일요일,경상남도 창원시 성산구 상남동,경상사고,0,0,2,0,차대차 - 측면직각충돌,신호위반,건조,맑음,교차로 - 교차로안,승용,남,22세,상해없음,승용,남,37세,경상
2015060700100097,2015년 6월 7일 07시,일요일,경상남도 양산시 하북면,경상사고,0,0,2,0,차대차 - 추돌 - 진행중,안전거리미확보,건조,맑음,단일로 - 기타,승용,남,73세,상해없음,승용,남,54세,경상
2015060700100120,2015년 6월 7일 09시,일요일,경상남도 양산시 교동,중상사고,0,1,0,0,차대사람 - 기타,안전운전불이행,건조,맑음,교차로 - 교차로부근,승용,남,49세,상해없음,보행자,여,77세,중상
2015060700100143,2015년 6월 7일 10시,일요일,경상남도 의령군 정곡면,경상사고,0,0,2,0,차대차 - 측면직각충돌,교차로운행방법위반,건조,맑음,교차로 - 교차로안,승용,여,74세,상해없음,승용,남,49세,상해없음
2015060700100144,2015년 6월 7일 10시,일요일,경상남도 창원시 의창구 동읍,사망사고,1,0,1,0,차대차 - 측면직각충돌,신호위반,건조,맑음,교차로 - 교차로안,이륜,남,48세,사망,승용,여,33세,경상
2015060700100165,2015년 6월 7일 11시,일요일,경상남도 고성군 상리면,중상사고,0,1,0,0,차대차 - 추돌 - 진행중,안전운전불이행,건조,맑음,단일로 - 기타,화물,여,48세,상해없음,자전거,남,43세,중상
2015060700100190,2015년 6월 7일 12시,일요일,경상남도 창원시 진해구 자은동,경상사고,0,0,1,0,차대사람 - 보도통행중,안전운전불이행,건조,맑음,단일로 - 기타,승용,여,64세,상해없음,보행자,남,48세,경상
2015060700100191,2015년 6월 7일 12시,일요일,경상남도 거창군 거창읍,경상사고,0,0,1,0,차대차 - 측면직각충돌,교차로운행방법위반,건조,맑음,교차로 - 교차로안,화물,남,56세,상해없음,이륜,남,71세,경상
2015060700100219,2015년 6월 7일 13시,일요일,경상남도 통영시 항남동,경상사고,0,0,2,0,차대차 - 측면직각충돌,직진우회전진행방해,건조,맑음,교차로 - 교차로안,화물,남,32세,상해없음,승용,여,27세,경상
2015060700100220,2015년 6월 7일 13시,일요일,경상남도 고성군 고성읍,사망사고,1,0,0,0,차대차 - 측면직각충돌,신호위반,건조,맑음,교차로 - 교차로안,이륜,남,71세,사망,화물,남,50세,상해없음
2015060700100221,2015년 6월 7일 13시,일요일,경상남도 거제시 옥포동,경상사고,0,0,2,0,차대차 - 기타,안전운전불이행,건조,맑음,교차로 - 교차로안,승용,남,42세,상해없음,승용,여,37세,경상
2015060700100252,2015년 6월 7일 14시,일요일,경상남도 창원시 진해구 경화동,중상사고,0,1,0,0,차대차 - 측면직각충돌,교차로운행방법위반,건조,맑음,교차로 - 교차로안,승용,남,42세,상해없음,원동기,남,76세,중상
2015060700100253,2015년 6월 7일 14시,일요일,경상남도 통영시 도남동,경상사고,0,0,1,0,차대차 - 추돌 - 주정차중,안전운전불이행,건조,맑음,기타 - 기타,승용,여,23세,상해없음,자전거,남,50세,경상
2015060700100288,2015년 6월 7일 15시,일요일,경상남도 창원시 마산합포구 신포동1가,경상사고,0,0,2,0,차대차 - 측면직각충돌,안전운전불이행,건조,맑음,교차로 - 교차로안,승용,남,53세,상해없음,승용,남,64세,경상
2015060700100289,2015년 6월 7일 15시,일요일,경상남도 사천시 사천읍,중상사고,0,1,0,0,차대차 - 추돌 - 주정차중,안전운전불이행,건조,맑음,교차로 - 교차로부근,원동기,남,33세,중상,승용,남,54세,상해없음
2015060700100290,2015년 6월 7일 15시,일요일,경상남도 거제시 동부면,경상사고,0,0,1,0,차대사람 - 기타,안전운전불이행,건조,맑음,단일로 - 기타,승용,남,28세,상해없음,보행자,남,3세,경상
2015060700100291,2015년 6월 7일 15시,일요일,경상남도 거제시 아주동,경상사고,0,0,1,0,차대차 - 기타,안전운전불이행,건조,맑음,단일로 - 기타,이륜,남,17세,상해없음,건설기계,남,38세,상해없음
2015060700100292,2015년 6월 7일 15시,일요일,경상남도 창녕군 대합면,경상사고,0,0,1,0,차대차 - 측면직각충돌,안전운전불이행,건조,맑음,단일로 - 기타,승용,남,27세,기타불명,승합,남,41세,상해없음
2015060700100319,2015년 6월 7일 16시,일요일,경상남도 창원시 마산합포구 가포동,중상사고,0,2,0,0,차대차 - 측면직각충돌,직진우회전진행방해,건조,맑음,교차로 - 교차로안,특수,남,49세,상해없음,승용,남,47세,중상
2015060700100320,2015년 6월 7일 16시,일요일,경상남도 창원시 진해구 덕산동,경상사고,0,0,1,0,차대차 - 측면직각충돌,교차로운행방법위반,건조,맑음,교차로 - 교차로안,승용,남,65세,상해없음,원동기,남,67세,경상
2015060700100321,2015년 6월 7일 16시,일요일,경상남도 밀양시 하남읍,중상사고,0,1,0,0,차량단독 - 전도전복,안전운전불이행,건조,맑음,단일로 - 기타,이륜,남,56세,중상,,,,
2015060700100322,2015년 6월 7일 16시,일요일,경상남도 김해시 삼계동,경상사고,0,0,3,0,차대차 - 추돌 - 진행중,안전거리미확보,건조,맑음,단일로 - 기타,승용,남,36세,경상,승용,남,61세,경상
2015060700100323,2015년 6월 7일 16시,일요일,경상남도 김해시 동상동,중상사고,0,1,0,0,차대사람 - 기타,안전운전불이행,건조,맑음,단일로 - 기타,승용,남,60세,상해없음,보행자,여,76세,중상
2015060700100324,2015년 6월 7일 16시,일요일,경상남도 남해군 창선면,중상사고,0,2,1,0,차대차 - 정면충돌,중앙선침범,건조,맑음,단일로 - 기타,화물,남,53세,상해없음,승용,남,56세,중상
2015060700100325,2015년 6월 7일 16시,일요일,경상남도 함안군 가야읍,경상사고,0,0,4,0,차대차 - 추돌 - 진행중,안전운전불이행,건조,맑음,교차로 - 교차로부근,승용,남,25세,경상,승용,남,20세,상해없음
2015060700100347,2015년 6월 7일 17시,일요일,경상남도 양산시 북부동,부상신고사고,0,0,0,1,차대차 - 기타,안전운전불이행,건조,맑음,단일로 - 기타,승용,남,62세,상해없음,승용,남,45세,부상신고
2015060700100386,2015년 6월 7일 18시,일요일,경상남도 통영시 평림동,중상사고,0,1,0,0,차량단독 - 전도전복,안전운전불이행,건조,맑음,단일로 - 기타,이륜,남,48세,상해없음,,,,
2015060700100387,2015년 6월 7일 18시,일요일,경상남도 밀양시 하남읍,중상사고,0,2,2,0,차대차 - 측면직각충돌,교차로운행방법위반,건조,맑음,교차로 - 교차로안,승용,남,49세,상해없음,승용,남,32세,중상
2015060700100407,2015년 6월 7일 19시,일요일,경상남도 진주시 금산면,중상사고,0,1,0,0,차대차 - 측면직각충돌,직진우회전진행방해,건조,맑음,교차로 - 교차로안,승용,남,55세,상해없음,자전거,남,50세,중상
2015060700100408,2015년 6월 7일 19시,일요일,경상남도 거제시 아주동,경상사고,0,0,1,0,차대차 - 측면직각충돌,교차로운행방법위반,건조,맑음,교차로 - 교차로안,승용,남,49세,상해없음,원동기,남,19세,경상
2015060700100439,2015년 6월 7일 20시,일요일,경상남도 사천시 송포동,경상사고,0,0,1,0,차대차 - 측면직각충돌,교차로운행방법위반,건조,맑음,교차로 - 교차로안,승용,여,51세,경상,승용,여,46세,상해없음
2015060700100470,2015년 6월 7일 21시,일요일,경상남도 창원시 마산합포구 진전면,중상사고,0,1,0,0,차대차 - 측면직각충돌,안전운전불이행,건조,맑음,단일로 - 기타,승용,여,52세,상해없음,승용,여,48세,중상
2015060700100471,2015년 6월 7일 21시,일요일,경상남도 통영시 북신동,중상사고,0,1,2,0,차대차 - 측면직각충돌,직진우회전진행방해,건조,맑음,교차로 - 교차로안,승용,여,33세,상해없음,승용,남,55세,상해없음
2015060700100499,2015년 6월 7일 22시,일요일,경상남도 창원시 의창구 도계동,경상사고,0,0,1,0,차대차 - 추돌 - 진행중,안전운전불이행,건조,맑음,교차로 - 교차로부근,승용,남,27세,상해없음,승용,남,59세,경상
2015060700100515,2015년 6월 7일 23시,일요일,경상남도 통영시 태평동,중상사고,0,1,0,0,차대차 - 정면충돌,중앙선침범,건조,맑음,단일로 - 기타,승용,남,57세,상해없음,승용,여,54세,중상