사고번호,사고일시,요일,시군구,사고내용,사망자수,중상자수,경상자수,부상신고자수,사고유형,법규위반,노면상태,기상상태,도로형태,가해운전자 차종,가해운전자 성별,가해운전자 연령,가해운전자 상해정도,피해운전자 차종,피해운전자 성별,피해운전자 연령,피해운전자 상해정도
2015060700100516,2015년 6월 7일 23시,일요일,경상남도 거제시 수월동,경상사고,0,0,1,0,차량단독 - 전도전복,안전운전불이행,건조,맑음,단일로 - 기타,이륜,남,43세,상해없음,,,,
2015060800100024,2015년 6월 8일 02시,월요일,경상남도 창원시 진해구 안골동,경상사고,0,0,1,0,차대차 - 측면직각충돌,교차로운행방법위반,건조,맑음,교차로 - 교차로안,승용,남,48세,상해없음,승용,남,35세,경상
2015060800100025,2015년 6월 8일 02시,월요일,경상남도 김해시 장유면,경상사고,0,0,1,0,차대차 - 측면직각충돌,신호위반,건조,맑음,교차로 - 교차로안,승용,남,32세,상해없음,승용,여,45세,경상
2015060800100053,2015년 6월 8일 06시,월요일,경상남도 통영시 광도면,중상사고,0,1,1,0,차대차 - 추돌 - 주정차중,안전운전불이행,건조,맑음,단일로 - 기타,승용,남,59세,상해없음,승용,남,60세,기타불명
2015060800100074,2015년 6월 8일 07시,월요일,경상남도 양산시 물금읍,중상사고,0,1,0,0,차대사람 - 기타,기타,건조,맑음,교차로 - 교차로안,승용,남,56세,상해없음,보행자,여,32세,중상
2015060800100075,2015년 6월 8일 07시,월요일,경상남도 양산시 북부동,중상사고,0,1,0,0,차대차 - 기타,안전운전불이행,건조,맑음,단일로 - 기타,승용,남,48세,상해없음,이륜,남,52세,중상
2015060800100115,2015년 6월 8일 08시,월요일,경상남도 사천시 사천읍,중상사고,0,1,2,0,차대차 - 측면직각충돌,교차로운행방법위반,건조,맑음,교차로 - 교차로안,승용,여,42세,상해없음,승용,여,41세,경상
2015060800100150,2015년 6월 8일 09시,월요일,경상남도 창원시 마산합포구 월남동2가,경상사고,0,0,1,0,차대사람 - 기타,안전운전불이행,건조,흐림,단일로 - 기타,승용,여,48세,상해없음,보행자,남,72세,경상
2015060800100151,2015년 6월 8일 09시,월요일,경상남도 창원시 마산합포구 월남동5가,경상사고,0,0,4,0,차대차 - 추돌 - 주정차중,안전운전불이행,건조,흐림,단일로 - 기타,승용,남,53세,상해없음,승용,남,40세,경상
2015060800100152,2015년 6월 8일 09시,월요일,경상남도 통영시 무전동,경상사고,0,0,1,0,차대사람 - 기타,안전운전불이행,건조,흐림,단일로 - 기타,승용,남,65세,상해없음,보행자,여,63세,경상
2015060800100189,2015년 6월 8일 10시,월요일,경상남도 창원시 의창구 명서동,경상사고,0,0,1,0,차대차 - 기타,안전운전불이행,건조,맑음,교차로 - 교차로안,승용,남,43세,상해없음,자전거,여,57세,경상
2015060800100239,2015년 6월 8일 12시,월요일,경상남도 의령군 지정면,경상사고,0,0,1,0,차대차 - 측면직각충돌,안전운전불이행,건조,맑음,교차로 - 교차로안,승용,남,77세,상해없음,화물,남,44세,경상
2015060800100270,2015년 6월 8일 13시,월요일,경상남도 사천시 동금동,경상사고,0,0,1,2,차대차 - 측면직각충돌,직진우회전진행방해,건조,맑음,교차로 - 교차로안,화물,여,53세,부상신고,승용,여,60세,경상
2015060800100271,2015년 6월 8일 13시,월요일,경상남도 김해시 서상동,중상사고,0,1,0,0,차대사람 - 횡단중,안전운전불이행,습기,비,단일로 - 기타,화물,남,48세,상해없음,보행자,여,85세,중상
2015060800100272,2015년 6월 8일 13시,월요일,경상남도 양산시 상북면,경상사고,0,0,1,0,차대차 - 측면직각충돌,안전거리미확보,건조,맑음,단일로 - 기타,특수,남,52세,상해없음,승용,여,27세,경상
2015060800100273,2015년 6월 8일 13시,월요일,경상남도 양산시 덕계동,경상사고,0,0,1,3,차대차 - 추돌 - 주정차중,안전거리미확보,건조,맑음,단일로 - 기타,건설기계,남,49세,상해없음,승합,남,63세,부상신고
2015060800100302,2015년 6월 8일 14시,월요일,경상남도 창원시 진해구 용원동,경상사고,0,0,1,0,차대사람 - 보도통행중,기타,건조,맑음,기타 - 기타,화물,남,43세,상해없음,보행자,여,54세,경상
2015060800100303,2015년 6월 8일 14시,월요일,경상남도 거제시 고현동,경상사고,0,0,1,0,차대차 - 추돌 - 진행중,안전운전불이행,건조,맑음,단일로 - 기타,기타불명,기타불명,기타불명,기타불명,승용,여,56세,경상
2015060800100338,2015년 6월 8일 15시,월요일,경상남도 김해시 부원동,경상사고,0,0,1,0,차대차 - 추돌 - 진행중,안전운전불이행,건조,맑음,교차로 - 교차로부근,승용,남,43세,상해없음,승용,여,46세,경상
2015060800100369,2015년 6월 8일 16시,월요일,경상남도 통영시 봉평동,경상사고,0,0,1,0,차대차 - 측면직각충돌,안전운전불이행,건조,맑음,단일로 - 기타,승용,남,35세,상해없음,승용,여,31세,경상
2015060800100370,2015년 6월 8일 16시,월요일,경상남도 통영시 용남면,중상사고,0,1,0,0,차대사람 - 횡단중,보행자보호의무위반,건조,흐림,단일로 - 횡단보도상,화물,남,29세,상해없음,보행자,여,13세,중상
2015060800100371,2015년 6월 8일 16시,월요일,경상남도 밀양시 삼문동,경상사고,0,0,1,0,차대사람 - 횡단중,안전운전불이행,습기,비,교차로 - 교차로안,승합,여,47세,상해없음,보행자,여,10세,경상
2015060800100413,2015년 6월 8일 17시,월요일,경상남도 진주시 상대동,경상사고,0,0,1,0,차대차 - 정면충돌,차로위반,건조,맑음,단일로 - 기타,승용,남,56세,상해없음,승합,남,56세,상해없음
2015060800100414,2015년 6월 8일 17시,월요일,경상남도 창원시 진해구 안골동,경상사고,0,0,1,0,차대차 - 추돌 - 진행중,안전거리미확보,습기,비,단일로 - 기타,승용,남,34세,상해없음,승용,여,54세,경상
2015060800100415,2015년 6월 8일 17시,월요일,경상남도 거제시 고현동,경상사고,0,0,1,0,차대차 - 측면직각충돌,차로위반,건조,맑음,단일로 - 기타,건설기계,남,41세,상해없음,승용,남,37세,경상
2015060800100416,2015년 6월 8일 17시,월요일,경상남도 김해시 진영읍,중상사고,0,1,1,0,차대차 - 추돌 - 주정차중,안전운전불이행,습기,비,교차로 - 교차로부근,화물,남,45세,상해없음,승용,여,45세,중상
2015060800100484,2015년 6월 8일 19시,월요일,경상남도 창원시 마산합포구 해운동,중상사고,0,1,0,0,차대차 - 기타,신호위반,습기,비,교차로 - 교차로안,이륜,남,19세,중상,승용,남,67세,상해없음
2015060800100485,2015년 6월 8일 19시,월요일,경상남도 거창군 거창읍,중상사고,0,1,0,0,차대차 - 측면직각충돌,교차로운행방법위반,습기,비,교차로 - 교차로안,승용,남,33세,상해없음,이륜,남,36세,중상
2015060800100486,2015년 6월 8일 19시,월요일,경상남도 창원시 의창구 팔용동,중상사고,0,2,0,0,차대차 - 기타,안전운전불이행,습기,비,교차로 - 교차로안,승용,여,40세,상해없음,원동기,남,62세,중상
2015060800100499,2015년 6월 8일 20시,월요일,경상남도 김해시 대동면,중상사고,0,1,0,0,차대차 - 기타,안전운전불이행,건조,맑음,단일로 - 기타,승용,여,59세,상해없음,승용,남,35세,중상
2015060800100537,2015년 6월 8일 21시,월요일,경상남도 사천시 곤양면,중상사고,0,1,0,0,차대사람 - 길가장자리구역통행중,안전운전불이행,건조,맑음,교차로 - 교차로부근,화물,남,64세,상해없음,보행자,남,17세,중상
2015060800100538,2015년 6월 8일 21시,월요일,경상남도 김해시 구산동,중상사고,0,1,0,0,차대사람 - 횡단중,안전운전불이행,습기,비,단일로 - 기타,승용,남,53세,상해없음,보행자,여,47세,중상
2015060800100560,2015년 6월 8일 22시,월요일,경상남도 밀양시 삼문동,경상사고,0,0,1,0,차대차 - 추돌 - 진행중,안전운전불이행,건조,맑음,교차로 - 교차로부근,승용,남,26세,상해없음,승용,남,24세,경상
2015060800100561,2015년 6월 8일 22시,월요일,경상남도 창원시 마산회원구 양덕동,중상사고,0,1,2,0,차대차 - 측면직각충돌,안전운전불이행,건조,맑음,교차로 - 교차로부근,승용,남,36세,상해없음,승용,남,65세,경상
2015060900100027,2015년 6월 9일 01시,화요일,경상남도 김해시 어방동,경상사고,0,0,1,0,차대사람 - 기타,안전운전불이행,건조,맑음,교차로 - 교차로부근,승합,남,34세,상해없음,보행자,남,52세,경상
2015060900100028,2015년 6월 9일 01시,화요일,경상남도 거제시 고현동,중상사고,0,1,0,0,차대사람 - 차도통행중,안전운전불이행,건조,맑음,단일로 - 기타,이륜,남,31세,상해없음,보행자,남,40세,중상
2015060900100029,2015년 6월 9일 01시,화요일,경상남도 남해군 창선면,경상사고,0,0,1,0,차량단독 - 공작물충돌,안전운전불이행,습기,비,단일로 - 기타,승용,여,51세,경상,,,,
2015060900100031,2015년 6월 9일 01시,화요일,경상남도 김해시 장유면,중상사고,0,1,0,0,차대차 - 측면직각충돌,기타,건조,맑음,단일로 - 기타,화물,남,33세,상해없음,승용,남,42세,기타불명
2015060900100037,2015년 6월 9일 02시,화요일,경상남도 함안군 칠원읍,경상사고,0,0,2,0,차대차 - 측면직각충돌,안전운전불이행,건조,맑음,단일로 - 기타,화물,남,43세,상해없음,승용,남,30세,경상
2015060900100054,2015년 6월 9일 04시,화요일,경상남도 창원시 마산합포구 추산동,중상사고,0,2,0,0,차대차 - 기타,안전운전불이행,건조,흐림,단일로 - 기타,화물,남,33세,상해없음,이륜,남,76세,중상
2015060900100090,2015년 6월 9일 07시,화요일,경상남도 함안군 법수면,경상사고,0,0,1,0,차대차 - 측면직각충돌,안전운전불이행,건조,맑음,단일로 - 기타,이륜,남,56세,경상,특수,남,38세,상해없음
2015060900100126,2015년 6월 9일 08시,화요일,경상남도 창원시 마산합포구 중앙동2가,경상사고,0,0,1,0,차대차 - 기타,안전운전불이행,건조,맑음,교차로 - 교차로안,승용,여,62세,상해없음,승용,여,58세,경상
2015060900100127,2015년 6월 9일 08시,화요일,경상남도 통영시 중앙동,경상사고,0,0,1,1,차대차 - 기타,교차로운행방법위반,건조,맑음,교차로 - 교차로안,화물,남,32세,부상신고,승용,여,27세,경상
2015060900100128,2015년 6월 9일 08시,화요일,경상남도 합천군 합천읍,중상사고,0,1,1,0,차대차 - 측면직각충돌,교차로운행방법위반,건조,맑음,교차로 - 교차로안,승용,여,40세,상해없음,원동기,남,82세,경상
2015060900100149,2015년 6월 9일 09시,화요일,경상남도 창원시 성산구 신촌동,경상사고,0,0,1,0,차대사람 - 횡단중,보행자보호의무위반,건조,맑음,교차로 - 교차로안,승용,여,32세,상해없음,보행자,여,38세,경상
2015060900100174,2015년 6월 9일 10시,화요일,경상남도 통영시 광도면,경상사고,0,0,1,0,차대차 - 추돌 - 진행중,안전거리미확보,건조,맑음,단일로 - 기타,승합,남,55세,상해없음,승용,여,60세,경상
2015060900100175,2015년 6월 9일 10시,화요일,경상남도 김해시 장유면,경상사고,0,0,1,0,차대차 - 추돌 - 진행중,안전운전불이행,건조,맑음,단일로 - 기타,승용,남,24세,경상,건설기계,남,58세,상해없음
2015060900100200,2015년 6월 9일 11시,화요일,경상남도 통영시 광도면,중상사고,0,1,0,0,차대차 - 정면충돌,중앙선침범,건조,맑음,단일로 - 기타,화물,남,41세,상해없음,승용,남,56세,중상
2015060900100230,2015년 6월 9일 12시,화요일,경상남도 사천시 사천읍,부상신고사고,0,0,0,1,차대차 - 정면충돌,중앙선침범,건조,맑음,단일로 - 기타,자전거,남,47세,부상신고,승용,남,51세,상해없음
2015060900100231,2015년 6월 9일 12시,화요일,경상남도 거제시 연초면,중상사고,0,1,0,0,차대차 - 측면직각충돌,중앙선침범,건조,맑음,교차로 - 교차로안,승용,남,49세,상해없음,승용,남,38세,중상
2015060900100243,2015년 6월 9일 13시,화요일,경상남도 김해시 장유면,사망사고,1,1,0,0,차대차 - 추돌 - 진행중,안전운전불이행,건조,맑음,단일로 - 기타,승합,남,55세,사망,화물,남,48세,중상
2015060900100262,2015년 6월 9일 13시,화요일,경상남도 함안군 칠원읍,경상사고,0,0,1,0,차대차 - 측면직각충돌,안전거리미확보,건조,맑음,교차로 - 교차로부근,승합,남,52세,상해없음,승용,여,56세,경상
2015060900100317,2015년 6월 9일 15시,화요일,경상남도 김해시 삼방동,중상사고,0,2,1,0,차대차 - 정면충돌,안전운전불이행,건조,맑음,단일로 - 기타,승용,남,54세,경상,승용,여,37세,중상
2015060900100343,2015년 6월 9일 16시,화요일,경상남도 사천시 선구동,경상사고,0,0,1,0,차대차 - 측면직각충돌,중앙선침범,건조,맑음,단일로 - 기타,승용,남,76세,상해없음,승용,여,43세,경상
2015060900100344,2015년 6월 9일 16시,화요일,경상남도 창녕군 고암면,중상사고,0,1,0,0,차대차 - 측면직각충돌,안전운전불이행,건조,맑음,교차로 - 교차로안,승용,남,23세,상해없음,농기계,남,74세,중상
2015060900100345,2015년 6월 9일 16시,화요일,경상남도 창원시 의창구 두대동,중상사고,0,1,0,0,차대차 - 기타,안전운전불이행,건조,맑음,단일로 - 기타,승용,여,30세,상해없음,승합,남,38세,중상
2015060900100386,2015년 6월 9일 17시,화요일,경상남도 양산시 물금읍,사망사고,1,0,0,0,차대사람 - 보도통행중,기타,건조,맑음,교차로 - 교차로안,승용,남,56세,상해없음,보행자,남,10세,사망
2015060900100387,2015년 6월 9일 17시,화요일,경상남도 함안군 가야읍,경상사고,0,0,1,0,차대차 - 측면직각충돌,안전운전불이행,건조,맑음,교차로 - 교차로안,승용,남,52세,상해없음,승용,남,28세,경상
2015060900100430,2015년 6월 9일 18시,화요일,경상남도 창원시 마산합포구 구산면,중상사고,0,1,0,0,차대사람 - 기타,과속,건조,맑음,단일로 - 기타,화물,남,55세,상해없음,보행자,여,76세,중상
2015060900100455,2015년 6월 9일 19시,화요일,경상남도 창녕군 이방면,중상사고,0,1,1,0,차대차 - 추돌 - 진행중,안전운전불이행,건조,맑음,교차로 - 교차로부근,화물,남,67세,경상,농기계,남,62세,상해없음
2015060900100475,2015년 6월 9일 20시,화요일,경상남도 거창군 고제면,중상사고,0,1,0,0,차대차 - 추돌 - 주정차중,안전운전불이행,건조,맑음,단일로 - 기타,원동기,남,45세,중상,화물,남,49세,상해없음
2015060900100476,2015년 6월 9일 20시,화요일,경상남도 김해시 진영읍,중상사고,0,1,0,0,차대차 - 측면직각충돌,신호위반,건조,맑음,교차로 - 교차로안,승용,여,34세,상해없음,원동기,남,21세,중상
2015060900100502,2015년 6월 9일 21시,화요일,경상남도 고성군 동해면,중상사고,0,1,0,0,차대사람 - 기타,안전운전불이행,건조,맑음,단일로 - 기타,승합,남,48세,상해없음,보행자,남,55세,중상
2015060900100532,2015년 6월 9일 22시,화요일,경상남도 밀양시 가곡동,중상사고,0,1,0,0,차대차 - 측면직각충돌,안전운전불이행,건조,맑음,단일로 - 횡단보도상,승용,남,55세,상해없음,자전거,남,55세,중상
2015060900100533,2015년 6월 9일 22시,화요일,경상남도 김해시 삼방동,경상사고,0,0,1,0,차대사람 - 차도통행중,안전운전불이행,건조,맑음,단일로 - 기타,승용,남,39세,상해없음,보행자,남,24세,경상
2015060900100567,2015년 6월 9일 23시,화요일,경상남도 거제시 두모동,경상사고,0,0,2,0,차대차 - 기타,안전운전불이행,건조,맑음,교차로 - 교차로부근,승용,남,42세,상해없음,승용,남,46세,경상
2015061000100014,2015년 6월 10일 00시,수요일,경상남도 창원시 진해구 경화동,경상사고,0,0,2,0,차대차 - 추돌 - 진행중,안전운전불이행,건조,맑음,교차로 - 교차로부근,승용,남,57세,상해없음,승용,남,26세,경상
2015061000100029,2015년 6월 10일 01시,수요일,경상남도 김해시 전하동,중상사고,0,2,2,0,차대차 - 측면직각충돌,안전운전불이행,건조,맑음,교차로 - 교차로안,화물,남,72세,상해없음,승용,여,39세,경상
2015061000100044,2015년 6월 10일 03시,수요일,경상남도 합천군 삼가면,중상사고,0,1,1,0,차량단독 - 공작물충돌,안전운전불이행,건조,맑음,단일로 - 기타,승용,남,36세,경상,,,,
2015061000100054,2015년 6월 10일 04시,수요일,경상남도 양산시 북부동,경상사고,0,0,1,0,차대차 - 추돌 - 진행중,기타,건조,맑음,교차로 - 교차로부근,건설기계,남,44세,상해없음,승용,남,51세,경상
2015061000100073,2015년 6월 10일 06시,수요일,경상남도 사천시 향촌동,중상사고,0,1,0,0,차대차 - 측면직각충돌,신호위반,건조,맑음,교차로 - 교차로안,승용,남,63세,상해없음,원동기,남,73세,중상
2015061000100074,2015년 6월 10일 06시,수요일,경상남도 김해시 상동면,중상사고,0,1,0,0,차량단독 - 기타,안전운전불이행,건조,맑음,교차로 - 교차로안,화물,남,22세,중상,,,,
2015061000100130,2015년 6월 10일 08시,수요일,경상남도 김해시 동상동,중상사고,0,1,0,0,차대사람 - 기타,안전운전불이행,건조,맑음,교차로 - 교차로안,기타불명,기타불명,기타불명,기타불명,보행자,여,14세,중상
2015061000100131,2015년 6월 10일 08시,수요일,경상남도 김해시 장유면,중상사고,0,1,0,0,차대차 - 측면직각충돌,안전운전불이행,건조,맑음,단일로 - 기타,건설기계,남,37세,상해없음,승용,남,66세,중상
2015061000100202,2015년 6월 10일 10시,수요일,경상남도 창원시 의창구 도계동,중상사고,0,1,0,0,차대차 - 측면직각충돌,안전운전불이행,건조,맑음,교차로 - 교차로안,승용,여,43세,상해없음,자전거,여,60세,중상
2015061000100228,2015년 6월 10일 11시,수요일,경상남도 고성군 거류면,경상사고,0,0,1,0,차대차 - 기타,안전운전불이행,건조,맑음,단일로 - 기타,화물,남,56세,상해없음,승용,남,60세,경상
2015061000100254,2015년 6월 10일 12시,수요일,경상남도 통영시 무전동,경상사고,0,0,1,0,차량단독 - 공작물충돌,안전운전불이행,건조,맑음,단일로 - 기타,승합,남,60세,상해없음,,,,
2015061000100255,2015년 6월 10일 12시,수요일,경상남도 거제시 삼거동,경상사고,0,0,1,0,차대차 - 기타,안전운전불이행,건조,맑음,단일로 - 기타,화물,남,71세,상해없음,승용,여,53세,경상
2015061000100283,2015년 6월 10일 13시,수요일,경상남도 거제시 사등면,경상사고,0,0,2,0,차대차 - 측면직각충돌,안전운전불이행,건조,맑음,단일로 - 기타,승용,여,21세,상해없음,승용,남,34세,경상
2015061000100305,2015년 6월 10일 14시,수요일,경상남도 창원시 마산합포구 중앙동1가,사망사고,1,1,0,0,차대사람 - 기타,안전운전불이행,건조,맑음,단일로 - 기타,승용,여,62세,상해없음,보행자,여,61세,사망
2015061000100306,2015년 6월 10일 14시,수요일,경상남도 김해시 대동면,경상사고,0,0,1,0,차대차 - 측면직각충돌,안전운전불이행,건조,맑음,교차로 - 교차로안,승용,남,44세,상해없음,자전거,남,66세,경상
2015061000100307,2015년 6월 10일 14시,수요일,경상남도 창녕군 영산면,중상사고,0,1,1,0,차대차 - 추돌 - 주정차중,안전운전불이행,건조,맑음,교차로 - 교차로부근,화물,남,46세,경상,화물,남,56세,중상
2015061000100308,2015년 6월 10일 14시,수요일,경상남도 창원시 의창구 동읍,중상사고,0,1,0,0,차대차 - 기타,안전운전불이행,건조,맑음,교차로 - 교차로안,승용,남,38세,상해없음,승용,여,33세,상해없음
2015061000100343,2015년 6월 10일 15시,수요일,경상남도 창원시 의창구 북면,중상사고,0,1,0,0,차대사람 - 기타,안전운전불이행,건조,맑음,단일로 - 기타,승용,남,54세,상해없음,보행자,남,45세,중상
2015061000100374,2015년 6월 10일 16시,수요일,경상남도 양산시 북부동,부상신고사고,0,0,0,1,차대차 - 기타,안전운전불이행,건조,맑음,기타 - 기타,승용,남,67세,상해없음,원동기,남,32세,부상신고
2015061000100375,2015년 6월 10일 16시,수요일,경상남도 거제시 옥포동,경상사고,0,0,1,0,차대사람 - 차도통행중,안전운전불이행,건조,맑음,단일로 - 기타,자전거,남,37세,상해없음,보행자,여,17세,경상
2015061000100408,2015년 6월 10일 17시,수요일,경상남도 밀양시 상동면,경상사고,0,0,1,0,차대차 - 측면직각충돌,교차로운행방법위반,건조,맑음,교차로 - 교차로안,승용,남,66세,상해없음,농기계,남,72세,경상
2015061000100409,2015년 6월 10일 17시,수요일,경상남도 함양군 안의면,중상사고,0,1,0,0,차대차 - 측면직각충돌,교차로운행방법위반,건조,맑음,교차로 - 교차로부근,승용,여,41세,상해없음,이륜,남,75세,중상
2015061000100410,2015년 6월 10일 17시,수요일,경상남도 함안군 가야읍,사망사고,1,0,0,0,차대사람 - 보도통행중,안전운전불이행,건조,맑음,단일로 - 기타,화물,남,45세,상해없음,보행자,여,80세,사망
2015061000100462,2015년 6월 10일 18시,수요일,경상남도 양산시 동면,경상사고,0,0,1,0,차대차 - 추돌 - 주정차중,안전거리미확보,건조,맑음,미분류 - 미분류,승용,남,46세,상해없음,승용,여,69세,경상
2015061000100495,2015년 6월 10일 19시,수요일,경상남도 양산시 소주동,경상사고,0,0,1,0,차대차 - 기타,교차로운행방법위반,건조,맑음,교차로 - 교차로안,승용,여,48세,경상,승용,남,49세,상해없음
2015061000100554,2015년 6월 10일 21시,수요일,경상남도 거제시 고현동,경상사고,0,0,1,0,차대차 - 기타,안전운전불이행,건조,맑음,교차로 - 교차로안,화물,남,45세,상해없음,자전거,남,29세,경상
2015061000100591,2015년 6월 10일 22시,수요일,경상남도 거제시 아주동,중상사고,0,1,0,0,차대사람 - 기타,안전운전불이행,건조,맑음,교차로 - 교차로부근,승용,여,30세,상해없음,보행자,남,25세,중상
2015061000100592,2015년 6월 10일 22시,수요일,경상남도 김해시 장유면,중상사고,0,1,1,0,차대차 - 추돌 - 진행중,안전거리미확보,건조,맑음,단일로 - 기타,승용,남,49세,상해없음,승용,여,32세,중상
2015061000100613,2015년 6월 10일 23시,수요일,경상남도 거제시 사등면,경상사고,0,0,1,1,차대차 - 기타,안전거리미확보,건조,맑음,단일로 - 기타,화물,남,48세,경상,화물,남,38세,부상신고
2015061100100032,2015년 6월 11일 01시,목요일,경상남도 창원시 의창구 대원동,중상사고,0,1,0,0,차대차 - 측면직각충돌,신호위반,건조,맑음,교차로 - 교차로안,승용,남,32세,상해없음,이륜,남,24세,중상
2015061100100058,2015년 6월 11일 03시,목요일,경상남도 양산시 중부동,경상사고,0,0,1,0,차대차 - 측면직각충돌,안전운전불이행,건조,맑음,기타 - 기타,원동기,남,42세,경상,화물,남,48세,상해없음
2015061100100067,2015년 6월 11일 04시,목요일,경상남도 통영시 용남면,중상사고,0,1,0,0,차대사람 - 길가장자리구역통행중,안전운전불이행,건조,맑음,단일로 - 기타,화물,남,52세,상해없음,보행자,남,30세,중상
2015061100100076,2015년 6월 11일 05시,목요일,경상남도 통영시 도천동,경상사고,0,0,1,0,차대차 - 추돌 - 진행중,교차로운행방법위반,습기,맑음,교차로 - 교차로부근,화물,남,58세,기타불명,승용,여,28세,경상
2015061100100089,2015년 6월 11일 06시,목요일,경상남도 거제시 고현동,경상사고,0,0,1,0,차대차 - 기타,안전운전불이행,건조,맑음,교차로 - 교차로안,기타불명,기타불명,기타불명,기타불명,자전거,남,47세,경상
2015061100100112,2015년 6월 11일 07시,목요일,경상남도 거제시 연초면,중상사고,0,1,0,0,차대사람 - 기타,안전운전불이행,건조,맑음,단일로 - 기타,원동기,남,41세,기타불명,보행자,남,60세,중상
2015061100100113,2015년 6월 11일 07시,목요일,경상남도 남해군 이동면,경상사고,0,0,1,0,차대차 - 추돌 - 진행중,안전운전불이행,습기,비,단일로 - 기타,화물,남,60세,상해없음,승합,여,43세,경상
2015061100100114,2015년 6월 11일 07시,목요일,경상남도 함안군 가야읍,경상사고,0,0,1,0,차대차 - 기타,안전운전불이행,건조,맑음,교차로 - 교차로안,화물,남,59세,상해없음,이륜,남,34세,경상
2015061100100143,2015년 6월 11일 08시,목요일,경상남도 창원시 마산합포구 남성동,부상신고사고,0,0,0,1,차대차 - 추돌 - 진행중,안전운전불이행,습기,비,교차로 - 교차로부근,이륜,남,34세,부상신고,승용,남,71세,상해없음
2015061100100144,2015년 6월 11일 08시,목요일,경상남도 창원시 진해구 여좌동,경상사고,0,0,1,0,차대차 - 추돌 - 주정차중,안전거리미확보,건조,맑음,교차로 - 교차로안,화물,남,56세,상해없음,화물,남,37세,경상
2015061100100145,2015년 6월 11일 08시,목요일,경상남도 양산시 북부동,경상사고,0,0,1,0,차대차 - 기타,안전거리미확보,건조,맑음,단일로 - 기타,화물,남,34세,상해없음,승용,여,29세,경상
2015061100100146,2015년 6월 11일 08시,목요일,경상남도 창원시 의창구 북면,경상사고,0,0,2,0,차대차 - 추돌 - 진행중,안전운전불이행,건조,맑음,교차로 - 교차로안,승용,여,50세,상해없음,승용,여,27세,경상
2015061100100180,2015년 6월 11일 09시,목요일,경상남도 창원시 마산합포구 중앙동2가,부상신고사고,0,0,0,1,차대차 - 측면직각충돌,중앙선침범,건조,맑음,교차로 - 교차로부근,이륜,남,72세,부상신고,화물,남,27세,상해없음
2015061100100181,2015년 6월 11일 09시,목요일,경상남도 창원시 진해구 풍호동,사망사고,1,0,0,0,차대사람 - 차도통행중,신호위반,건조,맑음,교차로 - 교차로안,건설기계,남,50세,상해없음,보행자,여,75세,사망
2015061100100182,2015년 6월 11일 09시,목요일,경상남도 사천시 사천읍,경상사고,0,0,1,0,차대차 - 정면충돌,안전운전불이행,습기,비,교차로 - 교차로안,승용,남,23세,상해없음,승용,남,55세,경상
2015061100100183,2015년 6월 11일 09시,목요일,경상남도 합천군 적중면,중상사고,0,1,0,0,차대차 - 측면직각충돌,교차로운행방법위반,건조,맑음,교차로 - 교차로안,이륜,남,55세,중상,화물,남,63세,상해없음
2015061100100184,2015년 6월 11일 09시,목요일,경상남도 의령군 의령읍,경상사고,0,0,1,0,차대차 - 추돌 - 진행중,안전운전불이행,건조,흐림,단일로 - 기타,화물,남,42세,상해없음,원동기,남,82세,경상
2015061100100185,2015년 6월 11일 09시,목요일,경상남도 김해시 진례면,경상사고,0,0,1,0,차대차 - 추돌 - 주정차중,안전운전불이행,건조,맑음,교차로 - 교차로부근,승합,남,59세,상해없음,화물,남,46세,경상
2015061100100234,2015년 6월 11일 11시,목요일,경상남도 산청군 산청읍,중상사고,0,1,0,0,차대사람 - 차도통행중,안전운전불이행,건조,흐림,단일로 - 기타,승합,남,56세,상해없음,보행자,여,77세,중상
2015061100100235,2015년 6월 11일 11시,목요일,경상남도 김해시 진영읍,경상사고,0,0,1,0,차대차 - 측면직각충돌,신호위반,건조,맑음,교차로 - 교차로안,승용,여,50세,상해없음,화물,남,47세,경상
2015061100100259,2015년 6월 11일 12시,목요일,경상남도 함양군 안의면,중상사고,0,1,1,0,차대차 - 측면직각충돌,안전운전불이행,건조,맑음,단일로 - 기타,화물,남,75세,상해없음,승용,남,52세,중상
2015061100100260,2015년 6월 11일 12시,목요일,경상남도 고성군 고성읍,사망사고,1,1,0,0,차대차 - 측면직각충돌,신호위반,습기,비,교차로 - 교차로안,이륜,남,75세,상해없음,승용,남,31세,중상
2015061100100261,2015년 6월 11일 12시,목요일,경상남도 고성군 고성읍,중상사고,0,1,0,0,차대사람 - 보도통행중,보행자보호의무위반,습기,비,단일로 - 횡단보도상,승용,남,42세,상해없음,보행자,여,46세,중상
2015061100100285,2015년 6월 11일 13시,목요일,경상남도 밀양시 상남면,경상사고,0,0,2,0,차대차 - 추돌 - 진행중,안전운전불이행,건조,맑음,교차로 - 교차로부근,승용,남,64세,상해없음,화물,남,37세,경상
2015061100100312,2015년 6월 11일 14시,목요일,경상남도 양산시 삼호동,중상사고,0,1,0,0,차대사람 - 기타,보행자보호의무위반,습기,비,단일로 - 횡단보도상,화물,남,28세,상해없음,보행자,여,59세,중상
2015061100100313,2015년 6월 11일 14시,목요일,경상남도 거제시 고현동,경상사고,0,0,1,0,차대차 - 기타,교차로운행방법위반,습기,비,교차로 - 교차로안,화물,남,61세,상해없음,이륜,남,36세,경상
2015061100100343,2015년 6월 11일 15시,목요일,경상남도 사천시 동금동,경상사고,0,0,1,0,차대사람 - 차도통행중,안전운전불이행,건조,맑음,교차로 - 교차로안,승용,남,49세,상해없음,보행자,남,68세,경상