사고번호,사고일시,요일,시군구,사고내용,사망자수,중상자수,경상자수,부상신고자수,사고유형,법규위반,노면상태,기상상태,도로형태,가해운전자 차종,가해운전자 성별,가해운전자 연령,가해운전자 상해정도,피해운전자 차종,피해운전자 성별,피해운전자 연령,피해운전자 상해정도
2015061800100527,2015년 6월 18일 20시,목요일,경상남도 양산시 동면,경상사고,0,0,1,1,차대차 - 추돌 - 진행중,안전거리미확보,습기,비,단일로 - 기타,화물,남,44세,상해없음,승용,여,45세,경상
2015061800100528,2015년 6월 18일 20시,목요일,경상남도 창원시 마산회원구 구암동,중상사고,0,1,0,0,차대사람 - 차도통행중,중앙선침범,건조,맑음,단일로 - 기타,승용,남,48세,상해없음,보행자,남,33세,중상
2015061800100562,2015년 6월 18일 21시,목요일,경상남도 진주시 가좌동,중상사고,0,1,0,0,차대사람 - 횡단중,안전운전불이행,건조,맑음,단일로 - 기타,승용,남,32세,상해없음,보행자,남,44세,중상
2015061800100563,2015년 6월 18일 21시,목요일,경상남도 김해시 서상동,경상사고,0,0,2,0,차대차 - 추돌 - 주정차중,안전운전불이행,건조,맑음,단일로 - 기타,승용,남,55세,상해없음,승용,남,61세,경상
2015061800100564,2015년 6월 18일 21시,목요일,경상남도 김해시 대동면,경상사고,0,0,2,0,차대차 - 측면직각충돌,안전운전불이행,건조,맑음,단일로 - 기타,승합,남,52세,상해없음,승합,여,40세,경상
2015061800100565,2015년 6월 18일 21시,목요일,경상남도 양산시 용당동,경상사고,0,0,1,0,차대차 - 추돌 - 주정차중,안전운전불이행,건조,흐림,교차로 - 교차로부근,승용,남,42세,상해없음,승용,여,23세,경상
2015061800100591,2015년 6월 18일 22시,목요일,경상남도 양산시 삼호동,경상사고,0,0,1,1,차대차 - 기타,직진우회전진행방해,건조,맑음,교차로 - 교차로안,승용,여,37세,상해없음,화물,남,33세,부상신고
2015061800100592,2015년 6월 18일 22시,목요일,경상남도 거제시 능포동,중상사고,0,1,0,0,차대차 - 기타,안전운전불이행,건조,맑음,교차로 - 교차로안,승용,남,46세,상해없음,원동기,남,18세,중상
2015061800100593,2015년 6월 18일 22시,목요일,경상남도 창원시 성산구 가음동,중상사고,0,2,0,0,차대차 - 추돌 - 주정차중,안전운전불이행,건조,맑음,교차로 - 교차로부근,승용,남,38세,상해없음,승용,남,54세,중상
2015061800100624,2015년 6월 18일 23시,목요일,경상남도 진주시 칠암동,중상사고,0,1,0,0,차대사람 - 길가장자리구역통행중,안전운전불이행,건조,맑음,단일로 - 기타,화물,남,28세,상해없음,보행자,여,75세,중상
2015061900100021,2015년 6월 19일 00시,금요일,경상남도 김해시 삼방동,중상사고,0,1,1,0,차대차 - 측면직각충돌,안전운전불이행,건조,맑음,교차로 - 교차로안,승용,남,48세,상해없음,승용,남,47세,중상
2015061900100022,2015년 6월 19일 00시,금요일,경상남도 거제시 장평동,중상사고,0,1,0,0,차대사람 - 차도통행중,안전운전불이행,건조,맑음,단일로 - 기타,승용,남,49세,상해없음,보행자,남,25세,중상
2015061900100043,2015년 6월 19일 01시,금요일,경상남도 창원시 마산합포구 상남동,중상사고,0,2,0,0,차대차 - 추돌 - 주정차중,안전운전불이행,건조,맑음,단일로 - 기타,승용,남,49세,상해없음,승용,남,19세,중상
2015061900100044,2015년 6월 19일 01시,금요일,경상남도 양산시 상북면,경상사고,0,0,1,0,차량단독 - 공작물충돌,안전운전불이행,건조,맑음,단일로 - 기타,승용,남,42세,경상,,,,
2015061900100100,2015년 6월 19일 06시,금요일,경상남도 진주시 대평면,중상사고,0,1,0,0,차대사람 - 길가장자리구역통행중,안전운전불이행,건조,맑음,단일로 - 기타,화물,남,38세,상해없음,보행자,남,90세 이상,중상
2015061900100101,2015년 6월 19일 06시,금요일,경상남도 사천시 용강동,경상사고,0,0,2,4,차대차 - 측면직각충돌,직진우회전진행방해,건조,맑음,교차로 - 교차로안,화물,남,41세,부상신고,승용,남,25세,경상
2015061900100102,2015년 6월 19일 06시,금요일,경상남도 밀양시 하남읍,중상사고,0,1,0,0,차대차 - 측면직각충돌,교차로운행방법위반,건조,맑음,교차로 - 교차로안,원동기,여,57세,중상,승용,남,64세,상해없음
2015061900100157,2015년 6월 19일 08시,금요일,경상남도 창원시 마산합포구 중앙동2가,중상사고,0,1,0,0,차대사람 - 횡단중,보행자보호의무위반,건조,맑음,단일로 - 기타,승용,남,72세,상해없음,보행자,남,71세,중상
2015061900100158,2015년 6월 19일 08시,금요일,경상남도 함양군 함양읍,경상사고,0,0,1,0,차대차 - 측면직각충돌,교차로운행방법위반,건조,맑음,교차로 - 교차로안,승용,여,56세,상해없음,자전거,남,14세,경상
2015061900100159,2015년 6월 19일 08시,금요일,경상남도 김해시 장유면,중상사고,0,2,0,0,차대차 - 추돌 - 진행중,안전운전불이행,건조,맑음,교차로 - 교차로부근,승용,남,36세,상해없음,승용,남,60세,중상
2015061900100185,2015년 6월 19일 09시,금요일,경상남도 양산시 명동,경상사고,0,0,1,1,차대차 - 추돌 - 진행중,안전운전불이행,건조,맑음,단일로 - 기타,승용,여,52세,상해없음,자전거,남,34세,경상
2015061900100186,2015년 6월 19일 09시,금요일,경상남도 창원시 마산회원구 구암동,중상사고,0,1,0,0,차대차 - 측면직각충돌,안전운전불이행,건조,맑음,교차로 - 교차로안,승용,여,23세,상해없음,이륜,남,31세,중상
2015061900100209,2015년 6월 19일 10시,금요일,경상남도 합천군 율곡면,중상사고,0,1,0,0,차대차 - 측면직각충돌,교차로운행방법위반,건조,맑음,교차로 - 교차로안,승용,여,65세,상해없음,건설기계,남,54세,상해없음
2015061900100210,2015년 6월 19일 10시,금요일,경상남도 창원시 마산회원구 석전동,중상사고,0,1,0,0,차대사람 - 길가장자리구역통행중,안전운전불이행,건조,맑음,단일로 - 기타,화물,남,44세,상해없음,보행자,남,79세,중상
2015061900100211,2015년 6월 19일 10시,금요일,경상남도 김해시 장유면,경상사고,0,0,4,0,차대차 - 측면직각충돌,안전운전불이행,건조,맑음,교차로 - 교차로안,승용,여,54세,경상,화물,남,35세,경상
2015061900100239,2015년 6월 19일 11시,금요일,경상남도 창원시 진해구 안골동,중상사고,0,1,1,0,차대차 - 측면직각충돌,교차로운행방법위반,건조,맑음,교차로 - 교차로안,특수,남,49세,중상,건설기계,남,59세,경상
2015061900100240,2015년 6월 19일 11시,금요일,경상남도 창원시 진해구 경화동,중상사고,0,2,1,0,차대차 - 측면직각충돌,교차로운행방법위반,건조,맑음,교차로 - 교차로부근,승용,여,60세,경상,승합,남,56세,중상
2015061900100241,2015년 6월 19일 11시,금요일,경상남도 통영시 무전동,경상사고,0,0,1,0,차대사람 - 횡단중,보행자보호의무위반,건조,맑음,단일로 - 횡단보도상,승합,남,40세,상해없음,보행자,여,20세,경상
2015061900100242,2015년 6월 19일 11시,금요일,경상남도 창원시 의창구 명서동,중상사고,0,1,0,0,차대차 - 측면직각충돌,안전운전불이행,건조,맑음,교차로 - 교차로안,승용,남,61세,상해없음,자전거,여,63세,중상
2015061900100243,2015년 6월 19일 11시,금요일,경상남도 김해시 장유면,경상사고,0,0,1,0,차대차 - 측면직각충돌,교차로운행방법위반,건조,맑음,교차로 - 교차로안,승용,여,47세,상해없음,승용,여,62세,경상
2015061900100268,2015년 6월 19일 12시,금요일,경상남도 사천시 용현면,경상사고,0,0,1,0,차량단독 - 전도전복,안전운전불이행,건조,맑음,단일로 - 기타,승용,여,43세,경상,,,,
2015061900100269,2015년 6월 19일 12시,금요일,경상남도 양산시 삼호동,경상사고,0,0,1,0,차대차 - 측면직각충돌,기타,건조,흐림,단일로 - 기타,화물,남,35세,상해없음,이륜,남,69세,경상
2015061900100298,2015년 6월 19일 13시,금요일,경상남도 진주시 판문동,경상사고,0,0,1,0,차대차 - 추돌 - 진행중,안전운전불이행,건조,맑음,단일로 - 기타,승용,남,40세,상해없음,화물,남,54세,상해없음
2015061900100327,2015년 6월 19일 14시,금요일,경상남도 통영시 북신동,중상사고,0,1,0,0,차대차 - 측면직각충돌,신호위반,건조,맑음,교차로 - 교차로안,승용,남,51세,상해없음,이륜,남,30세,중상
2015061900100328,2015년 6월 19일 14시,금요일,경상남도 김해시 동상동,경상사고,0,0,1,0,차대차 - 추돌 - 주정차중,안전운전불이행,건조,맑음,단일로 - 기타,화물,남,60세,상해없음,승용,여,50세,경상
2015061900100329,2015년 6월 19일 14시,금요일,경상남도 함안군 군북면,중상사고,0,1,1,0,차대차 - 측면직각충돌,기타,건조,맑음,교차로 - 교차로안,화물,남,76세,경상,건설기계,남,47세,상해없음
2015061900100359,2015년 6월 19일 15시,금요일,경상남도 함안군 여항면,중상사고,0,1,0,0,차대차 - 측면직각충돌,안전운전불이행,건조,맑음,교차로 - 교차로부근,화물,남,35세,상해없음,농기계,남,72세,중상
2015061900100392,2015년 6월 19일 16시,금요일,경상남도 창원시 마산합포구 상남동,중상사고,0,1,0,0,차량단독 - 기타,안전운전불이행,건조,맑음,교차로 - 교차로부근,승합,남,46세,상해없음,,,,
2015061900100393,2015년 6월 19일 16시,금요일,경상남도 진주시 상대동,경상사고,0,0,2,0,차대차 - 기타,안전운전불이행,건조,맑음,교차로 - 교차로안,승용,남,66세,상해없음,승용,남,63세,경상
2015061900100394,2015년 6월 19일 16시,금요일,경상남도 사천시 동금동,중상사고,0,1,0,0,차대차 - 정면충돌,직진우회전진행방해,건조,맑음,교차로 - 교차로안,화물,여,53세,상해없음,자전거,여,63세,중상
2015061900100395,2015년 6월 19일 16시,금요일,경상남도 밀양시 내일동,경상사고,0,0,1,0,차대사람 - 차도통행중,안전운전불이행,건조,맑음,단일로 - 기타,승용,남,54세,상해없음,보행자,여,32세,경상
2015061900100396,2015년 6월 19일 16시,금요일,경상남도 김해시 불암동,경상사고,0,0,2,0,차대차 - 측면직각충돌,안전운전불이행,건조,맑음,교차로 - 교차로안,원동기,남,17세,경상,승용,남,37세,상해없음
2015061900100397,2015년 6월 19일 16시,금요일,경상남도 양산시 덕계동,경상사고,0,0,4,1,차대차 - 추돌 - 주정차중,안전거리미확보,건조,맑음,단일로 - 기타,승용,여,55세,상해없음,승용,남,34세,부상신고
2015061900100438,2015년 6월 19일 17시,금요일,경상남도 창원시 마산합포구 월영동,경상사고,0,0,1,0,차대사람 - 횡단중,안전운전불이행,건조,맑음,단일로 - 기타,승용,남,62세,상해없음,보행자,남,9세,경상
2015061900100439,2015년 6월 19일 17시,금요일,경상남도 창원시 마산합포구 월남동3가,경상사고,0,0,1,0,차대사람 - 기타,안전운전불이행,건조,맑음,단일로 - 기타,승합,남,50세,상해없음,보행자,여,65세,경상
2015061900100440,2015년 6월 19일 17시,금요일,경상남도 양산시 평산동,경상사고,0,0,1,0,차대사람 - 횡단중,신호위반,건조,맑음,교차로 - 교차로안,승합,남,56세,상해없음,보행자,여,18세,경상
2015061900100487,2015년 6월 19일 18시,금요일,경상남도 창원시 진해구 여좌동,중상사고,0,1,0,0,차대차 - 측면직각충돌,교차로운행방법위반,건조,맑음,교차로 - 교차로안,승용,여,52세,상해없음,승용,남,58세,상해없음
2015061900100488,2015년 6월 19일 18시,금요일,경상남도 사천시 곤명면,중상사고,0,1,1,0,차대차 - 정면충돌,안전운전불이행,건조,맑음,단일로 - 기타,화물,남,54세,상해없음,승용,여,60세,중상
2015061900100489,2015년 6월 19일 18시,금요일,경상남도 창녕군 창녕읍,중상사고,0,1,0,0,차대차 - 기타,안전운전불이행,건조,맑음,단일로 - 기타,원동기,남,31세,중상,승용,남,27세,상해없음
2015061900100490,2015년 6월 19일 18시,금요일,경상남도 남해군 고현면,중상사고,0,1,0,0,차대차 - 측면직각충돌,안전운전불이행,건조,맑음,단일로 - 기타,승용,여,44세,상해없음,승용,남,53세,상해없음
2015061900100537,2015년 6월 19일 19시,금요일,경상남도 함안군 군북면,중상사고,0,4,3,0,차대차 - 측면직각충돌,직진우회전진행방해,건조,맑음,교차로 - 교차로안,승용,남,32세,중상,승용,남,29세,경상
2015061900100571,2015년 6월 19일 20시,금요일,경상남도 창원시 마산합포구 진동면,부상신고사고,0,0,0,1,차대사람 - 횡단중,안전운전불이행,건조,맑음,단일로 - 기타,승용,남,64세,상해없음,보행자,남,8세,부상신고
2015061900100572,2015년 6월 19일 20시,금요일,경상남도 함안군 칠원읍,경상사고,0,0,3,0,차대차 - 측면직각충돌,직진우회전진행방해,건조,맑음,교차로 - 교차로안,승용,남,36세,상해없음,승용,남,60세,경상
2015061900100617,2015년 6월 19일 21시,금요일,경상남도 진주시 신안동,중상사고,0,1,1,0,차대차 - 기타,안전운전불이행,건조,맑음,교차로 - 교차로안,승용,남,61세,상해없음,원동기,남,16세,경상
2015061900100618,2015년 6월 19일 21시,금요일,경상남도 김해시 어방동,중상사고,0,1,0,0,차대차 - 추돌 - 진행중,안전운전불이행,건조,맑음,교차로 - 교차로부근,화물,남,51세,상해없음,화물,남,46세,중상
2015061900100654,2015년 6월 19일 22시,금요일,경상남도 창원시 진해구 남양동,중상사고,0,1,0,0,차대사람 - 횡단중,보행자보호의무위반,건조,맑음,교차로 - 교차로안,승용,남,45세,상해없음,보행자,남,31세,중상
2015061900100688,2015년 6월 19일 23시,금요일,경상남도 사천시 용강동,부상신고사고,0,0,0,1,차대차 - 측면직각충돌,불법유턴,습기,비,단일로 - 횡단보도부근,자전거,남,17세,부상신고,승합,남,58세,상해없음
2015061900100689,2015년 6월 19일 23시,금요일,경상남도 양산시 물금읍,중상사고,0,1,0,0,차대사람 - 기타,안전운전불이행,건조,맑음,교차로 - 교차로부근,기타불명,기타불명,기타불명,기타불명,보행자,남,44세,중상
2015061900100690,2015년 6월 19일 23시,금요일,경상남도 거제시 아주동,경상사고,0,0,1,0,차대차 - 기타,안전운전불이행,건조,흐림,단일로 - 기타,승용,남,24세,상해없음,승용,남,36세,경상
2015062000100021,2015년 6월 20일 00시,토요일,경상남도 창원시 마산회원구 봉암동,경상사고,0,0,3,0,차대차 - 정면충돌,중앙선침범,습기,비,단일로 - 기타,승용,남,29세,상해없음,승용,남,56세,경상
2015062000100022,2015년 6월 20일 00시,토요일,경상남도 창원시 의창구 대산면,경상사고,0,0,1,0,차대차 - 추돌 - 진행중,안전운전불이행,습기,비,단일로 - 기타,승용,남,46세,상해없음,화물,남,60세,경상
2015062000100040,2015년 6월 20일 01시,토요일,경상남도 창원시 마산회원구 회성동,중상사고,0,1,0,0,차대사람 - 횡단중,안전운전불이행,습기,비,단일로 - 기타,승용,남,67세,상해없음,보행자,남,70세,중상
2015062000100062,2015년 6월 20일 02시,토요일,경상남도 통영시 태평동,경상사고,0,0,1,0,차량단독 - 전도전복,안전운전불이행,습기,비,단일로 - 기타,이륜,남,28세,경상,,,,
2015062000100107,2015년 6월 20일 05시,토요일,경상남도 통영시 북신동,경상사고,0,0,1,0,차대차 - 측면직각충돌,중앙선침범,건조,맑음,교차로 - 교차로부근,승용,남,32세,상해없음,화물,여,62세,경상
2015062000100132,2015년 6월 20일 06시,토요일,경상남도 진주시 신안동,중상사고,0,1,0,0,차량단독 - 공작물충돌,안전운전불이행,건조,맑음,교차로 - 교차로안,승용,남,21세,상해없음,,,,
2015062000100133,2015년 6월 20일 06시,토요일,경상남도 김해시 어방동,중상사고,0,2,0,0,차대차 - 추돌 - 주정차중,안전운전불이행,건조,맑음,단일로 - 기타,승용,남,37세,상해없음,승용,남,31세,중상
2015062000100134,2015년 6월 20일 06시,토요일,경상남도 양산시 어곡동,경상사고,0,0,1,0,차대차 - 기타,중앙선침범,건조,맑음,단일로 - 기타,승용,남,28세,상해없음,승용,여,40세,경상
2015062000100144,2015년 6월 20일 07시,토요일,경상남도 거제시 아주동,경상사고,0,0,2,0,차대차 - 기타,안전운전불이행,건조,맑음,단일로 - 기타,승용,남,38세,상해없음,승용,남,34세,경상
2015062000100154,2015년 6월 20일 08시,토요일,경상남도 남해군 남면,중상사고,0,1,0,0,차량단독 - 공작물충돌,안전운전불이행,건조,맑음,교차로 - 교차로부근,농기계,남,81세,중상,,,,
2015062000100173,2015년 6월 20일 09시,토요일,경상남도 창원시 마산합포구 중앙동2가,부상신고사고,0,0,0,1,차대차 - 기타,중앙선침범,건조,흐림,교차로 - 교차로부근,자전거,남,14세,부상신고,승용,남,36세,상해없음
2015062000100185,2015년 6월 20일 10시,토요일,경상남도 김해시 삼정동,경상사고,0,0,2,3,차대차 - 추돌 - 진행중,안전거리미확보,건조,맑음,단일로 - 기타,승합,남,48세,상해없음,화물,남,54세,상해없음
2015062000100227,2015년 6월 20일 11시,토요일,경상남도 진주시 칠암동,중상사고,0,1,0,0,차대차 - 기타,안전거리미확보,건조,맑음,단일로 - 기타,승용,남,33세,상해없음,원동기,남,58세,중상
2015062000100228,2015년 6월 20일 11시,토요일,경상남도 창원시 의창구 신월동,경상사고,0,0,1,0,차대차 - 측면직각충돌,안전운전불이행,건조,맑음,단일로 - 기타,화물,남,46세,상해없음,자전거,남,21세,경상
2015062000100294,2015년 6월 20일 13시,토요일,경상남도 사천시 송포동,중상사고,0,1,0,0,차대차 - 측면직각충돌,안전운전불이행,건조,맑음,단일로 - 기타,이륜,남,33세,중상,승용,남,51세,상해없음
2015062000100295,2015년 6월 20일 13시,토요일,경상남도 밀양시 산외면,경상사고,0,0,1,0,차대차 - 측면직각충돌,신호위반,건조,맑음,교차로 - 교차로안,승용,남,58세,상해없음,승용,남,65세,경상
2015062000100296,2015년 6월 20일 13시,토요일,경상남도 양산시 하북면,경상사고,0,0,1,0,차량단독 - 공작물충돌,안전운전불이행,습기,비,단일로 - 기타,화물,여,61세,경상,,,,
2015062000100297,2015년 6월 20일 13시,토요일,경상남도 거제시 장승포동,경상사고,0,0,1,0,차대차 - 기타,차로위반,건조,맑음,교차로 - 교차로부근,승용,남,31세,상해없음,이륜,남,57세,경상
2015062000100331,2015년 6월 20일 14시,토요일,경상남도 사천시 용강동,사망사고,1,0,0,0,차대차 - 측면직각충돌,직진우회전진행방해,건조,맑음,교차로 - 교차로안,이륜,남,59세,사망,승용,남,60세,상해없음
2015062000100376,2015년 6월 20일 15시,토요일,경상남도 양산시 하북면,중상사고,0,1,0,0,차대차 - 측면직각충돌,중앙선침범,습기,비,단일로 - 기타,승용,남,43세,상해없음,화물,남,50세,중상
2015062000100417,2015년 6월 20일 16시,토요일,경상남도 고성군 고성읍,중상사고,0,2,1,0,차대차 - 추돌 - 주정차중,안전거리미확보,습기,비,교차로 - 교차로부근,승용,남,63세,상해없음,승용,남,59세,중상
2015062000100459,2015년 6월 20일 17시,토요일,경상남도 창원시 진해구 안골동,경상사고,0,0,1,0,차대차 - 추돌 - 진행중,중앙선침범,습기,비,단일로 - 기타,승용,여,31세,상해없음,원동기,남,19세,경상
2015062000100460,2015년 6월 20일 17시,토요일,경상남도 사천시 동동,경상사고,0,0,1,0,차대차 - 측면직각충돌,안전운전불이행,습기,비,단일로 - 기타,화물,남,59세,상해없음,승용,남,56세,경상
2015062000100504,2015년 6월 20일 18시,토요일,경상남도 김해시 불암동,중상사고,0,1,0,0,차대차 - 측면직각충돌,안전운전불이행,건조,맑음,교차로 - 교차로안,승용,여,51세,상해없음,이륜,남,72세,중상
2015062000100505,2015년 6월 20일 18시,토요일,경상남도 김해시 장유면,경상사고,0,0,1,0,차대차 - 정면충돌,안전운전불이행,습기,흐림,교차로 - 교차로부근,승용,여,39세,상해없음,이륜,남,27세,경상
2015062000100531,2015년 6월 20일 19시,토요일,경상남도 양산시 동면,경상사고,0,0,1,1,차대차 - 측면직각충돌,안전거리미확보,건조,흐림,단일로 - 기타,승용,남,49세,상해없음,화물,남,46세,경상
2015062000100558,2015년 6월 20일 20시,토요일,경상남도 창원시 의창구 동읍,중상사고,0,1,0,0,차대차 - 기타,중앙선침범,건조,맑음,단일로 - 기타,화물,남,66세,상해없음,화물,남,56세,중상
2015062000100588,2015년 6월 20일 21시,토요일,경상남도 통영시 정량동,경상사고,0,0,1,0,차대사람 - 횡단중,신호위반,건조,맑음,단일로 - 횡단보도부근,승용,여,45세,기타불명,보행자,남,43세,경상
2015062000100589,2015년 6월 20일 21시,토요일,경상남도 통영시 광도면,경상사고,0,0,1,0,차대차 - 추돌 - 주정차중,안전운전불이행,습기,비,교차로 - 교차로부근,승용,남,49세,상해없음,승용,남,66세,상해없음
2015062000100590,2015년 6월 20일 21시,토요일,경상남도 창원시 의창구 봉곡동,중상사고,0,1,1,0,차대차 - 기타,안전거리미확보,건조,맑음,단일로 - 기타,승용,남,59세,상해없음,승용,여,46세,중상
2015062000100611,2015년 6월 20일 22시,토요일,경상남도 양산시 물금읍,부상신고사고,0,0,0,1,차대차 - 측면직각충돌,기타,건조,맑음,교차로 - 교차로안,승용,남,63세,상해없음,원동기,남,45세,부상신고
2015062000100635,2015년 6월 20일 23시,토요일,경상남도 사천시 용현면,경상사고,0,0,2,0,차대차 - 측면직각충돌,차로위반,습기,비,교차로 - 교차로부근,승용,남,45세,상해없음,승용,남,46세,경상
2015062000100636,2015년 6월 20일 23시,토요일,경상남도 창원시 의창구 봉곡동,중상사고,0,1,0,0,차대차 - 정면충돌,안전운전불이행,건조,맑음,단일로 - 기타,승용,남,52세,상해없음,승용,여,53세,중상
2015062000100637,2015년 6월 20일 23시,토요일,경상남도 창원시 의창구 봉곡동,경상사고,0,0,1,0,차대사람 - 기타,안전운전불이행,건조,맑음,단일로 - 기타,승용,남,47세,상해없음,보행자,여,43세,경상
2015062100100014,2015년 6월 21일 00시,일요일,경상남도 밀양시 상남면,중상사고,0,2,1,0,차대차 - 측면직각충돌,신호위반,건조,맑음,교차로 - 교차로안,승용,남,61세,상해없음,승용,남,58세,경상
2015062100100015,2015년 6월 21일 00시,일요일,경상남도 밀양시 삼문동,경상사고,0,0,1,0,차대차 - 측면직각충돌,교차로운행방법위반,건조,맑음,교차로 - 교차로안,승용,남,47세,상해없음,승용,남,67세,경상
2015062100100039,2015년 6월 21일 01시,일요일,경상남도 진주시 상평동,중상사고,0,1,1,0,차대차 - 측면직각충돌,신호위반,건조,흐림,교차로 - 교차로안,승용,남,22세,상해없음,승용,남,58세,중상
2015062100100040,2015년 6월 21일 01시,일요일,경상남도 김해시 부원동,경상사고,0,0,1,0,차량단독 - 기타,안전운전불이행,건조,맑음,단일로 - 기타,승용,남,58세,상해없음,,,,
2015062100100041,2015년 6월 21일 01시,일요일,경상남도 창녕군 남지읍,경상사고,0,0,1,0,차대차 - 추돌 - 주정차중,안전운전불이행,건조,맑음,단일로 - 기타,승합,남,51세,경상,건설기계,남,44세,상해없음
2015062100100042,2015년 6월 21일 01시,일요일,경상남도 창원시 성산구 상남동,경상사고,0,0,1,0,차대차 - 추돌 - 진행중,안전운전불이행,건조,맑음,교차로 - 교차로부근,승용,남,58세,상해없음,승용,여,29세,경상
2015062100100067,2015년 6월 21일 03시,일요일,경상남도 김해시 삼계동,경상사고,0,0,1,0,차량단독 - 기타,기타,건조,맑음,단일로 - 기타,원동기,남,15세,경상,,,,
2015062100100081,2015년 6월 21일 04시,일요일,경상남도 창원시 진해구 경화동,경상사고,0,0,1,0,차대차 - 측면직각충돌,안전거리미확보,습기,비,교차로 - 교차로부근,화물,여,48세,상해없음,화물,남,38세,경상
2015062100100082,2015년 6월 21일 04시,일요일,경상남도 통영시 동호동,경상사고,0,0,1,0,차대차 - 정면충돌,안전운전불이행,건조,맑음,교차로 - 교차로안,승용,남,55세,상해없음,승용,남,32세,경상
2015062100100098,2015년 6월 21일 05시,일요일,경상남도 진주시 강남동,중상사고,0,1,0,0,차대차 - 측면직각충돌,신호위반,습기,흐림,교차로 - 교차로안,승용,남,42세,상해없음,승합,남,60세,중상
2015062100100127,2015년 6월 21일 08시,일요일,경상남도 창원시 마산합포구 해운동,중상사고,0,1,0,0,차대사람 - 차도통행중,안전운전불이행,건조,흐림,단일로 - 기타,승용,남,52세,상해없음,보행자,여,81세,중상
2015062100100128,2015년 6월 21일 08시,일요일,경상남도 창원시 진해구 소사동,중상사고,0,1,0,0,차대차 - 측면직각충돌,중앙선침범,건조,맑음,교차로 - 교차로부근,화물,남,24세,기타불명,원동기,남,70세,중상
2015062100100139,2015년 6월 21일 09시,일요일,경상남도 산청군 생비량면,경상사고,0,0,1,0,차대차 - 측면직각충돌,중앙선침범,건조,맑음,단일로 - 기타,승용,남,33세,경상,화물,남,62세,상해없음
2015062100100140,2015년 6월 21일 09시,일요일,경상남도 김해시 흥동,경상사고,0,0,4,0,차대차 - 측면직각충돌,안전운전불이행,건조,맑음,교차로 - 교차로안,승용,여,50세,상해없음,승용,남,40세,경상
2015062100100161,2015년 6월 21일 10시,일요일,경상남도 창원시 마산합포구 현동,사망사고,1,0,0,0,차대차 - 기타,안전운전불이행,건조,흐림,단일로 - 기타,이륜,남,40세,사망,승용,남,52세,상해없음
2015062100100162,2015년 6월 21일 10시,일요일,경상남도 통영시 태평동,사망사고,1,1,0,0,차대차 - 정면충돌,중앙선침범,건조,맑음,단일로 - 기타,승용,남,75세,사망,승용,남,35세,중상
2015062100100163,2015년 6월 21일 10시,일요일,경상남도 고성군 거류면,경상사고,0,0,1,0,차대사람 - 기타,안전운전불이행,건조,맑음,단일로 - 기타,승용,남,66세,상해없음,보행자,여,19세,경상
2015062100100211,2015년 6월 21일 12시,일요일,경상남도 창원시 진해구 자은동,경상사고,0,0,1,0,차대차 - 측면직각충돌,교차로운행방법위반,건조,흐림,교차로 - 교차로안,승용,여,35세,기타불명,승용,남,39세,경상
2015062100100212,2015년 6월 21일 12시,일요일,경상남도 하동군 화개면,경상사고,0,0,3,0,차대차 - 추돌 - 주정차중,안전운전불이행,건조,맑음,단일로 - 기타,승용,남,30세,상해없음,승용,남,53세,상해없음
2015062100100245,2015년 6월 21일 13시,일요일,경상남도 사천시 곤양면,중상사고,0,1,0,0,차대차 - 측면직각충돌,안전거리미확보,건조,맑음,단일로 - 기타,승용,남,64세,상해없음,원동기,남,63세,상해없음
2015062100100246,2015년 6월 21일 13시,일요일,경상남도 사천시 죽림동,경상사고,0,0,1,0,차대차 - 측면직각충돌,교차로운행방법위반,건조,맑음,교차로 - 교차로안,승용,남,65세,상해없음,자전거,남,7세,경상
2015062100100247,2015년 6월 21일 13시,일요일,경상남도 창원시 성산구 신촌동,경상사고,0,0,6,0,차대차 - 측면직각충돌,중앙선침범,건조,맑음,단일로 - 기타,승용,남,57세,상해없음,승용,남,33세,경상
2015062100100275,2015년 6월 21일 14시,일요일,경상남도 창원시 마산합포구 창포동2가,경상사고,0,0,1,0,차대사람 - 기타,안전운전불이행,건조,맑음,교차로 - 교차로부근,화물,남,68세,상해없음,보행자,여,77세,경상
2015062100100276,2015년 6월 21일 14시,일요일,경상남도 사천시 동동,부상신고사고,0,0,0,1,차대사람 - 길가장자리구역통행중,안전운전불이행,건조,맑음,단일로 - 기타,승용,여,48세,기타불명,보행자,남,58세,부상신고
2015062100100277,2015년 6월 21일 14시,일요일,경상남도 남해군 고현면,중상사고,0,1,4,0,차대차 - 정면충돌,중앙선침범,건조,맑음,단일로 - 기타,승용,남,69세,상해없음,승용,남,32세,경상
2015062100100339,2015년 6월 21일 16시,일요일,경상남도 진주시 칠암동,경상사고,0,0,1,0,차대사람 - 기타,기타,건조,맑음,단일로 - 기타,승용,남,32세,상해없음,보행자,여,4세,경상
2015062100100403,2015년 6월 21일 18시,일요일,경상남도 진주시 주약동,부상신고사고,0,0,0,1,차대차 - 기타,중앙선침범,건조,맑음,단일로 - 기타,원동기,남,18세,부상신고,승용,여,31세,상해없음