사고번호,사고일시,요일,시군구,사고내용,사망자수,중상자수,경상자수,부상신고자수,사고유형,법규위반,노면상태,기상상태,도로형태,가해운전자 차종,가해운전자 성별,가해운전자 연령,가해운전자 상해정도,피해운전자 차종,피해운전자 성별,피해운전자 연령,피해운전자 상해정도
2015062100100404,2015년 6월 21일 18시,일요일,경상남도 김해시 어방동,중상사고,0,1,1,0,차대차 - 측면직각충돌,기타,건조,맑음,교차로 - 교차로안,이륜,남,35세,중상,이륜,남,21세,경상
2015062100100428,2015년 6월 21일 19시,일요일,경상남도 통영시 북신동,중상사고,0,1,0,0,차대차 - 측면직각충돌,신호위반,건조,맑음,교차로 - 교차로안,승용,여,39세,상해없음,이륜,남,18세,중상
2015062100100429,2015년 6월 21일 19시,일요일,경상남도 밀양시 삼문동,경상사고,0,0,2,0,차대차 - 추돌 - 진행중,안전운전불이행,건조,맑음,교차로 - 교차로안,화물,남,63세,상해없음,승용,남,26세,경상
2015062100100459,2015년 6월 21일 20시,일요일,경상남도 사천시 용강동,중상사고,0,1,1,0,차대차 - 측면직각충돌,교차로운행방법위반,건조,맑음,교차로 - 교차로안,승용,남,57세,상해없음,승용,남,44세,경상
2015062100100481,2015년 6월 21일 21시,일요일,경상남도 진주시 평거동,경상사고,0,0,1,0,차대사람 - 기타,안전운전불이행,건조,맑음,교차로 - 교차로부근,승용,남,21세,상해없음,보행자,남,43세,경상
2015062100100482,2015년 6월 21일 21시,일요일,경상남도 거제시 아주동,중상사고,0,1,2,0,차대차 - 측면직각충돌,신호위반,건조,맑음,교차로 - 교차로안,승용,여,29세,상해없음,승용,남,30세,경상
2015062100100505,2015년 6월 21일 22시,일요일,경상남도 함양군 함양읍,중상사고,0,1,0,0,차대차 - 측면직각충돌,안전운전불이행,건조,맑음,단일로 - 기타,승용,남,38세,상해없음,이륜,남,18세,중상
2015062200100073,2015년 6월 22일 06시,월요일,경상남도 창원시 마산합포구 진전면,경상사고,0,0,1,0,차대차 - 추돌 - 진행중,안전운전불이행,건조,맑음,단일로 - 기타,승용,남,21세,상해없음,승용,남,45세,경상
2015062200100074,2015년 6월 22일 06시,월요일,경상남도 김해시 동상동,경상사고,0,0,1,0,차대차 - 측면직각충돌,신호위반,건조,맑음,교차로 - 교차로안,승용,남,55세,상해없음,원동기,남,74세,경상
2015062200100146,2015년 6월 22일 08시,월요일,경상남도 양산시 물금읍,경상사고,0,0,1,0,차대사람 - 횡단중,보행자보호의무위반,건조,맑음,단일로 - 기타,승용,여,38세,상해없음,보행자,여,14세,경상
2015062200100175,2015년 6월 22일 09시,월요일,경상남도 진주시 상대동,경상사고,0,0,1,0,차대차 - 측면직각충돌,직진우회전진행방해,건조,맑음,교차로 - 교차로안,승용,남,52세,상해없음,자전거,남,22세,경상
2015062200100176,2015년 6월 22일 09시,월요일,경상남도 함안군 대산면,중상사고,0,1,0,0,차대사람 - 기타,신호위반,건조,맑음,교차로 - 교차로안,건설기계,남,61세,상해없음,보행자,여,73세,중상
2015062200100177,2015년 6월 22일 09시,월요일,경상남도 창원시 성산구 천선동,사망사고,1,0,0,0,차대사람 - 길가장자리구역통행중,안전운전불이행,건조,맑음,단일로 - 기타,화물,남,41세,상해없음,보행자,여,73세,사망
2015062200100178,2015년 6월 22일 09시,월요일,경상남도 김해시 진영읍,사망사고,1,0,0,0,차대차 - 기타,안전운전불이행,건조,맑음,단일로 - 기타,건설기계,남,47세,상해없음,자전거,남,61세,사망
2015062200100199,2015년 6월 22일 10시,월요일,경상남도 사천시 사천읍,사망사고,1,0,0,0,차대사람 - 횡단중,안전운전불이행,건조,맑음,교차로 - 교차로안,화물,남,24세,상해없음,보행자,여,85세,사망
2015062200100200,2015년 6월 22일 10시,월요일,경상남도 창원시 의창구 북면,중상사고,0,1,0,0,차대차 - 추돌 - 진행중,안전운전불이행,건조,맑음,단일로 - 기타,승합,남,52세,상해없음,원동기,남,81세,중상
2015062200100228,2015년 6월 22일 11시,월요일,경상남도 김해시 동상동,경상사고,0,0,5,0,차대차 - 추돌 - 주정차중,안전운전불이행,건조,맑음,교차로 - 교차로부근,승용,여,46세,상해없음,승용,남,39세,경상
2015062200100229,2015년 6월 22일 11시,월요일,경상남도 창원시 마산회원구 합성동,중상사고,0,1,0,0,차대사람 - 횡단중,안전운전불이행,건조,맑음,교차로 - 교차로안,승용,여,32세,상해없음,보행자,남,76세,중상
2015062200100259,2015년 6월 22일 12시,월요일,경상남도 창원시 진해구 여좌동,중상사고,0,1,0,0,차대차 - 측면직각충돌,직진우회전진행방해,건조,맑음,교차로 - 교차로안,승용,남,60세,중상,승합,남,57세,상해없음
2015062200100260,2015년 6월 22일 12시,월요일,경상남도 사천시 사천읍,중상사고,0,1,0,0,차대사람 - 차도통행중,안전운전불이행,건조,맑음,단일로 - 기타,승용,여,58세,상해없음,보행자,여,63세,중상
2015062200100288,2015년 6월 22일 13시,월요일,경상남도 거창군 마리면,경상사고,0,0,1,1,차대차 - 측면직각충돌,직진우회전진행방해,건조,맑음,교차로 - 교차로안,화물,남,60세,부상신고,화물,남,42세,경상
2015062200100289,2015년 6월 22일 13시,월요일,경상남도 양산시 북부동,중상사고,0,1,1,0,차대사람 - 기타,안전운전불이행,건조,맑음,단일로 - 기타,승용,여,43세,상해없음,보행자,남,42세,중상
2015062200100324,2015년 6월 22일 14시,월요일,경상남도 남해군 남해읍,중상사고,0,1,0,0,차량단독 - 전도전복,안전운전불이행,건조,맑음,단일로 - 기타,이륜,남,47세,중상,,,,
2015062200100325,2015년 6월 22일 14시,월요일,경상남도 산청군 금서면,경상사고,0,0,1,0,차대사람 - 횡단중,안전운전불이행,건조,맑음,단일로 - 기타,승용,여,27세,상해없음,보행자,여,77세,경상
2015062200100364,2015년 6월 22일 15시,월요일,경상남도 통영시 미수동,경상사고,0,0,1,1,차대차 - 측면직각충돌,안전운전불이행,건조,맑음,교차로 - 교차로안,승용,여,65세,상해없음,화물,남,41세,부상신고
2015062200100365,2015년 6월 22일 15시,월요일,경상남도 양산시 동면,중상사고,0,1,0,0,차대사람 - 횡단중,안전운전불이행,건조,맑음,교차로 - 교차로부근,건설기계,남,42세,상해없음,보행자,여,78세,중상
2015062200100404,2015년 6월 22일 16시,월요일,경상남도 창원시 마산합포구 완월동,경상사고,0,0,1,0,차대사람 - 기타,안전운전불이행,건조,맑음,단일로 - 기타,승합,남,54세,상해없음,보행자,남,55세,경상
2015062200100405,2015년 6월 22일 16시,월요일,경상남도 진주시 평거동,경상사고,0,0,1,0,차대차 - 측면직각충돌,안전운전불이행,건조,맑음,단일로 - 기타,승용,여,51세,상해없음,자전거,남,11세,경상
2015062200100406,2015년 6월 22일 16시,월요일,경상남도 양산시 덕계동,부상신고사고,0,0,0,1,차대차 - 기타,교차로운행방법위반,건조,맑음,교차로 - 교차로안,화물,남,66세,부상신고,화물,남,50세,상해없음
2015062200100407,2015년 6월 22일 16시,월요일,경상남도 의령군 궁류면,중상사고,0,3,1,0,차량단독 - 도로외이탈 - 추락,안전운전불이행,건조,맑음,단일로 - 교량,승용,여,57세,경상,,,,
2015062200100448,2015년 6월 22일 17시,월요일,경상남도 양산시 신기동,중상사고,0,1,0,0,차대차 - 기타,직진우회전진행방해,건조,맑음,교차로 - 교차로안,승용,여,43세,상해없음,승용,남,55세,중상
2015062200100498,2015년 6월 22일 18시,월요일,경상남도 밀양시 내이동,경상사고,0,0,2,0,차대차 - 측면직각충돌,안전운전불이행,건조,맑음,교차로 - 교차로부근,승용,남,34세,경상,승용,여,55세,경상
2015062200100499,2015년 6월 22일 18시,월요일,경상남도 거창군 거창읍,중상사고,0,1,0,0,차대차 - 추돌 - 진행중,교차로운행방법위반,건조,맑음,교차로 - 교차로안,건설기계,남,46세,상해없음,승용,여,32세,중상
2015062200100533,2015년 6월 22일 19시,월요일,경상남도 창원시 마산합포구 예곡동,경상사고,0,0,2,0,차대차 - 추돌 - 주정차중,안전운전불이행,건조,맑음,교차로 - 교차로부근,승용,남,57세,상해없음,승용,남,68세,경상
2015062200100534,2015년 6월 22일 19시,월요일,경상남도 양산시 덕계동,경상사고,0,0,1,0,차대사람 - 횡단중,안전운전불이행,건조,맑음,단일로 - 기타,승용,여,49세,상해없음,보행자,남,13세,경상
2015062200100561,2015년 6월 22일 20시,월요일,경상남도 김해시 외동,중상사고,0,1,0,0,차대사람 - 횡단중,안전운전불이행,건조,맑음,교차로 - 교차로안,승용,여,42세,상해없음,보행자,여,86세,중상
2015062200100562,2015년 6월 22일 20시,월요일,경상남도 거제시 고현동,중상사고,0,1,0,0,차대차 - 추돌 - 진행중,안전운전불이행,건조,맑음,단일로 - 기타,화물,남,56세,상해없음,승용,남,32세,중상
2015062200100585,2015년 6월 22일 21시,월요일,경상남도 양산시 물금읍,경상사고,0,0,1,0,차대차 - 기타,안전거리미확보,건조,맑음,단일로 - 기타,원동기,남,33세,경상,승용,남,45세,상해없음
2015062200100608,2015년 6월 22일 22시,월요일,경상남도 통영시 북신동,중상사고,0,1,0,0,차대사람 - 횡단중,안전운전불이행,건조,맑음,단일로 - 기타,승합,남,41세,상해없음,보행자,남,49세,중상
2015062200100609,2015년 6월 22일 22시,월요일,경상남도 양산시 평산동,부상신고사고,0,0,0,1,차대차 - 측면직각충돌,기타,건조,맑음,교차로 - 교차로부근,이륜,남,49세,상해없음,자전거,남,17세,부상신고
2015062200100638,2015년 6월 22일 23시,월요일,경상남도 창원시 성산구 가음정동,경상사고,0,0,4,0,차대차 - 추돌 - 주정차중,안전운전불이행,건조,맑음,교차로 - 교차로부근,승용,남,50세,상해없음,승용,남,24세,경상
2015062200100639,2015년 6월 22일 23시,월요일,경상남도 김해시 진영읍,경상사고,0,0,1,0,차대사람 - 길가장자리구역통행중,안전운전불이행,건조,맑음,단일로 - 기타,승용,남,43세,상해없음,보행자,여,55세,경상
2015062300100044,2015년 6월 23일 02시,화요일,경상남도 거제시 장평동,중상사고,0,1,0,0,차량단독 - 전도전복,안전운전불이행,건조,맑음,기타 - 기타,이륜,남,16세,상해없음,,,,
2015062300100106,2015년 6월 23일 07시,화요일,경상남도 하동군 하동읍,경상사고,0,0,1,0,차대차 - 측면직각충돌,안전운전불이행,건조,맑음,교차로 - 교차로부근,승용,남,49세,상해없음,자전거,여,12세,경상
2015062300100143,2015년 6월 23일 08시,화요일,경상남도 김해시 흥동,경상사고,0,0,1,0,차대차 - 측면직각충돌,안전운전불이행,건조,맑음,교차로 - 교차로안,화물,남,48세,상해없음,자전거,남,51세,경상
2015062300100167,2015년 6월 23일 09시,화요일,경상남도 양산시 평산동,경상사고,0,0,1,0,차대차 - 기타,교차로운행방법위반,건조,맑음,교차로 - 교차로부근,승용,여,37세,상해없음,승용,여,44세,경상
2015062300100195,2015년 6월 23일 10시,화요일,경상남도 창원시 진해구 석동,경상사고,0,0,3,0,차대차 - 기타,안전거리미확보,건조,맑음,단일로 - 터널,화물,남,30세,상해없음,승용,남,40세,경상
2015062300100220,2015년 6월 23일 11시,화요일,경상남도 남해군 남면,경상사고,0,0,1,0,차대차 - 측면직각충돌,안전운전불이행,건조,맑음,교차로 - 교차로안,승용,여,36세,상해없음,농기계,남,79세,경상
2015062300100266,2015년 6월 23일 13시,화요일,경상남도 창원시 마산회원구 구암동,중상사고,0,1,1,0,차대차 - 기타,안전운전불이행,건조,맑음,교차로 - 교차로안,승용,여,55세,상해없음,이륜,남,76세,중상
2015062300100291,2015년 6월 23일 14시,화요일,경상남도 김해시 대성동,경상사고,0,0,1,0,차대차 - 측면직각충돌,안전운전불이행,건조,맑음,교차로 - 교차로안,승용,남,23세,상해없음,승용,남,50세,경상
2015062300100292,2015년 6월 23일 14시,화요일,경상남도 창녕군 대지면,중상사고,0,1,0,0,차대차 - 기타,안전운전불이행,건조,맑음,단일로 - 기타,화물,남,59세,상해없음,승용,여,32세,중상
2015062300100327,2015년 6월 23일 15시,화요일,경상남도 창원시 마산합포구 교방동,중상사고,0,1,0,0,차대차 - 추돌 - 진행중,안전운전불이행,건조,맑음,단일로 - 기타,화물,남,37세,상해없음,원동기,남,67세,중상
2015062300100328,2015년 6월 23일 15시,화요일,경상남도 거제시 고현동,경상사고,0,0,1,0,차대차 - 기타,안전거리미확보,건조,맑음,단일로 - 기타,건설기계,남,43세,상해없음,승용,여,41세,경상
2015062300100357,2015년 6월 23일 16시,화요일,경상남도 창녕군 창녕읍,경상사고,0,0,1,0,차대차 - 기타,안전운전불이행,건조,맑음,단일로 - 기타,승용,남,41세,상해없음,승용,남,51세,경상
2015062300100358,2015년 6월 23일 16시,화요일,경상남도 창녕군 대지면,사망사고,1,0,0,0,차대차 - 기타,안전운전불이행,건조,맑음,단일로 - 기타,승용,남,33세,상해없음,자전거,남,88세,사망
2015062300100399,2015년 6월 23일 17시,화요일,경상남도 밀양시 가곡동,경상사고,0,0,1,0,차대사람 - 횡단중,보행자보호의무위반,건조,맑음,단일로 - 기타,승용,여,63세,상해없음,보행자,남,10세,경상
2015062300100400,2015년 6월 23일 17시,화요일,경상남도 김해시 대동면,경상사고,0,0,1,0,차대차 - 측면직각충돌,안전운전불이행,건조,맑음,교차로 - 교차로안,승용,남,65세,상해없음,화물,남,72세,경상
2015062300100401,2015년 6월 23일 17시,화요일,경상남도 산청군 단성면,경상사고,0,0,1,0,차대차 - 정면충돌,안전운전불이행,건조,맑음,교차로 - 교차로안,승용,남,48세,상해없음,승용,남,39세,경상
2015062300100402,2015년 6월 23일 17시,화요일,경상남도 창원시 마산회원구 구암동,경상사고,0,0,1,0,차대사람 - 길가장자리구역통행중,안전운전불이행,건조,맑음,단일로 - 기타,화물,남,59세,상해없음,보행자,여,8세,경상
2015062300100446,2015년 6월 23일 18시,화요일,경상남도 거창군 가북면,중상사고,0,1,0,0,차대차 - 추돌 - 진행중,안전운전불이행,건조,맑음,교차로 - 교차로부근,승용,남,44세,상해없음,원동기,남,68세,중상
2015062300100447,2015년 6월 23일 18시,화요일,경상남도 김해시 장유면,경상사고,0,0,1,0,차대차 - 측면직각충돌,안전운전불이행,건조,맑음,교차로 - 교차로안,승용,여,42세,상해없음,자전거,남,8세,경상
2015062300100472,2015년 6월 23일 19시,화요일,경상남도 김해시 장유면,중상사고,0,3,0,0,차대차 - 측면직각충돌,신호위반,건조,맑음,교차로 - 교차로안,승용,여,47세,상해없음,승용,남,49세,중상
2015062300100500,2015년 6월 23일 20시,화요일,경상남도 진주시 봉곡동,중상사고,0,1,0,0,차대사람 - 횡단중,안전운전불이행,건조,맑음,단일로 - 기타,승용,남,30세,상해없음,보행자,남,54세,중상
2015062300100501,2015년 6월 23일 20시,화요일,경상남도 창원시 진해구 용원동,경상사고,0,0,1,0,차대차 - 측면직각충돌,안전운전불이행,건조,맑음,기타 - 기타,승용,여,45세,상해없음,승용,여,40세,경상
2015062300100502,2015년 6월 23일 20시,화요일,경상남도 합천군 야로면,중상사고,0,1,0,0,차대차 - 측면직각충돌,중앙선침범,건조,맑음,단일로 - 기타,이륜,남,46세,중상,화물,남,68세,상해없음
2015062300100503,2015년 6월 23일 20시,화요일,경상남도 고성군 고성읍,중상사고,0,1,0,0,차대차 - 정면충돌,직진우회전진행방해,건조,맑음,교차로 - 교차로안,승용,남,32세,상해없음,원동기,남,42세,중상
2015062300100504,2015년 6월 23일 20시,화요일,경상남도 거제시 일운면,경상사고,0,0,1,0,차대차 - 기타,중앙선침범,건조,맑음,교차로 - 교차로부근,이륜,남,40세,상해없음,이륜,남,16세,경상
2015062300100505,2015년 6월 23일 20시,화요일,경상남도 거제시 고현동,중상사고,0,1,0,0,차대차 - 기타,교차로운행방법위반,건조,맑음,교차로 - 교차로안,승용,남,32세,상해없음,이륜,남,51세,중상
2015062300100564,2015년 6월 23일 22시,화요일,경상남도 창원시 마산회원구 합성동,중상사고,0,1,0,0,차대사람 - 기타,안전운전불이행,건조,맑음,교차로 - 교차로부근,화물,여,62세,상해없음,보행자,남,21세,중상
2015062300100594,2015년 6월 23일 23시,화요일,경상남도 창원시 성산구 내동,중상사고,0,1,0,0,차대차 - 정면충돌,중앙선침범,건조,맑음,단일로 - 기타,자전거,남,22세,중상,승용,남,40세,상해없음
2015062400100017,2015년 6월 24일 00시,수요일,경상남도 진주시 정촌면,중상사고,0,1,0,0,차대사람 - 횡단중,안전운전불이행,건조,맑음,단일로 - 기타,승용,남,28세,상해없음,보행자,남,19세,중상
2015062400100073,2015년 6월 24일 05시,수요일,경상남도 진주시 초전동,경상사고,0,0,1,0,차대차 - 측면직각충돌,중앙선침범,건조,맑음,교차로 - 교차로부근,승용,남,56세,상해없음,승용,남,20세,경상
2015062400100074,2015년 6월 24일 05시,수요일,경상남도 김해시 어방동,중상사고,0,1,1,0,차대차 - 측면직각충돌,안전운전불이행,건조,맑음,교차로 - 교차로안,화물,남,46세,상해없음,화물,남,34세,경상
2015062400100099,2015년 6월 24일 07시,수요일,경상남도 통영시 미수동,중상사고,0,1,0,0,차대차 - 측면직각충돌,안전운전불이행,건조,맑음,교차로 - 교차로안,승용,남,35세,상해없음,이륜,남,66세,중상
2015062400100100,2015년 6월 24일 07시,수요일,경상남도 사천시 용현면,중상사고,0,1,0,0,차량단독 - 전도전복,안전운전불이행,건조,맑음,단일로 - 기타,농기계,남,74세,중상,,,,
2015062400100148,2015년 6월 24일 08시,수요일,경상남도 함양군 함양읍,중상사고,0,1,0,0,차량단독 - 공작물충돌,기타,건조,맑음,단일로 - 기타,승합,남,57세,상해없음,,,,
2015062400100149,2015년 6월 24일 08시,수요일,경상남도 양산시 교동,중상사고,0,1,0,0,차대차 - 기타,신호위반,건조,맑음,교차로 - 교차로안,화물,남,24세,상해없음,원동기,남,47세,중상
2015062400100150,2015년 6월 24일 08시,수요일,경상남도 거제시 고현동,경상사고,0,0,1,0,차대차 - 기타,기타,건조,맑음,단일로 - 기타,건설기계,남,48세,상해없음,승용,여,49세,경상
2015062400100186,2015년 6월 24일 09시,수요일,경상남도 창원시 진해구 풍호동,부상신고사고,0,0,0,1,차대차 - 추돌 - 주정차중,안전운전불이행,건조,맑음,교차로 - 교차로부근,원동기,남,64세,부상신고,승용,남,79세,상해없음
2015062400100187,2015년 6월 24일 09시,수요일,경상남도 사천시 죽림동,경상사고,0,0,1,0,차대차 - 추돌 - 주정차중,안전거리미확보,건조,맑음,교차로 - 교차로부근,이륜,남,70세,경상,화물,남,52세,상해없음
2015062400100188,2015년 6월 24일 09시,수요일,경상남도 김해시 삼계동,경상사고,0,0,3,1,차대차 - 추돌 - 진행중,안전운전불이행,건조,맑음,교차로 - 교차로부근,승용,남,54세,상해없음,승용,남,23세,경상
2015062400100218,2015년 6월 24일 10시,수요일,경상남도 김해시 부원동,중상사고,0,1,0,0,차대차 - 추돌 - 진행중,안전운전불이행,건조,맑음,교차로 - 교차로부근,승용,여,45세,상해없음,승용,여,51세,중상
2015062400100236,2015년 6월 24일 11시,수요일,경상남도 거제시 연초면,경상사고,0,0,1,0,차대차 - 기타,차로위반,건조,맑음,단일로 - 기타,승용,남,64세,상해없음,화물,남,27세,경상
2015062400100237,2015년 6월 24일 11시,수요일,경상남도 거제시 연초면,중상사고,0,2,0,0,차대차 - 기타,중앙선침범,건조,맑음,단일로 - 기타,승용,여,51세,상해없음,승용,남,60세,중상
2015062400100238,2015년 6월 24일 11시,수요일,경상남도 거제시 장승포동,경상사고,0,0,1,0,차대차 - 기타,차로위반,건조,맑음,단일로 - 기타,승용,남,53세,상해없음,승용,여,29세,경상
2015062400100286,2015년 6월 24일 13시,수요일,경상남도 창녕군 성산면,경상사고,0,0,2,0,차대차 - 정면충돌,중앙선침범,건조,맑음,단일로 - 기타,원동기,남,58세,경상,원동기,여,71세,경상
2015062400100287,2015년 6월 24일 13시,수요일,경상남도 산청군 신안면,중상사고,0,1,0,0,차량단독 - 공작물충돌,안전운전불이행,건조,맑음,단일로 - 기타,화물,남,68세,중상,,,,
2015062400100329,2015년 6월 24일 14시,수요일,경상남도 양산시 신기동,경상사고,0,0,1,0,차대차 - 추돌 - 주정차중,안전거리미확보,건조,맑음,단일로 - 기타,승용,남,71세,상해없음,승용,여,25세,경상
2015062400100330,2015년 6월 24일 14시,수요일,경상남도 고성군 고성읍,중상사고,0,1,4,0,차대차 - 추돌 - 진행중,안전거리미확보,건조,맑음,교차로 - 교차로부근,화물,여,58세,상해없음,승용,남,43세,경상
2015062400100331,2015년 6월 24일 14시,수요일,경상남도 창원시 의창구 대산면,중상사고,0,3,2,0,차대차 - 추돌 - 주정차중,안전운전불이행,건조,맑음,단일로 - 기타,승용,남,56세,상해없음,승용,여,50세,중상
2015062400100357,2015년 6월 24일 15시,수요일,경상남도 밀양시 초동면,중상사고,0,1,0,0,차량단독 - 공작물충돌,안전운전불이행,건조,맑음,교차로 - 교차로부근,원동기,남,74세,중상,,,,
2015062400100358,2015년 6월 24일 15시,수요일,경상남도 창녕군 영산면,경상사고,0,0,1,0,차대사람 - 횡단중,보행자보호의무위반,건조,맑음,단일로 - 기타,승합,남,67세,상해없음,보행자,여,7세,경상
2015062400100393,2015년 6월 24일 16시,수요일,경상남도 진주시 신안동,경상사고,0,0,1,0,차대사람 - 횡단중,보행자보호의무위반,건조,맑음,단일로 - 횡단보도상,승용,남,49세,상해없음,보행자,여,6세,경상
2015062400100428,2015년 6월 24일 17시,수요일,경상남도 창원시 진해구 동상동,중상사고,0,1,0,0,차대사람 - 차도통행중,안전운전불이행,건조,맑음,기타 - 기타,승용,여,42세,상해없음,보행자,여,5세,중상
2015062400100467,2015년 6월 24일 18시,수요일,경상남도 창원시 마산합포구 월남동4가,중상사고,0,1,0,0,차대차 - 정면충돌,안전운전불이행,건조,맑음,교차로 - 교차로안,승용,여,53세,상해없음,승용,남,69세,중상
2015062400100468,2015년 6월 24일 18시,수요일,경상남도 양산시 물금읍,경상사고,0,0,1,0,차대사람 - 횡단중,안전운전불이행,건조,맑음,교차로 - 교차로안,승용,여,48세,상해없음,보행자,남,9세,경상
2015062400100529,2015년 6월 24일 20시,수요일,경상남도 창녕군 창녕읍,중상사고,0,2,0,0,차대차 - 기타,중앙선침범,건조,맑음,단일로 - 기타,기타불명,기타불명,기타불명,기타불명,승용,남,24세,중상
2015062400100595,2015년 6월 24일 22시,수요일,경상남도 김해시 삼방동,경상사고,0,0,1,0,차대차 - 측면직각충돌,안전운전불이행,건조,맑음,교차로 - 교차로안,원동기,남,16세,상해없음,승용,여,55세,상해없음
2015062400100596,2015년 6월 24일 22시,수요일,경상남도 창원시 의창구 명서동,경상사고,0,0,1,0,차량단독 - 기타,기타,건조,맑음,단일로 - 기타,승합,남,42세,상해없음,,,,
2015062400100614,2015년 6월 24일 23시,수요일,경상남도 양산시 상북면,경상사고,0,0,3,0,차대차 - 기타,안전운전불이행,건조,맑음,단일로 - 기타,승용,남,29세,상해없음,승용,남,39세,경상
2015062400100625,2015년 6월 24일 23시,수요일,경상남도 창원시 마산회원구 회성동,경상사고,0,0,1,0,차대사람 - 길가장자리구역통행중,안전운전불이행,건조,맑음,교차로 - 교차로부근,승용,남,56세,상해없음,보행자,여,54세,경상
2015062400100626,2015년 6월 24일 23시,수요일,경상남도 창원시 의창구 명서동,경상사고,0,0,1,0,차대차 - 측면직각충돌,안전운전불이행,건조,맑음,교차로 - 교차로안,이륜,남,23세,경상,승용,남,56세,상해없음
2015062500100014,2015년 6월 25일 00시,목요일,경상남도 진주시 옥봉동,부상신고사고,0,0,0,1,차량단독 - 기타,안전운전불이행,건조,맑음,단일로 - 기타,이륜,남,34세,부상신고,,,,
2015062500100015,2015년 6월 25일 00시,목요일,경상남도 진주시 상평동,중상사고,0,1,1,0,차대차 - 측면직각충돌,직진우회전진행방해,건조,맑음,교차로 - 교차로안,승용,남,28세,상해없음,승용,남,59세,경상
2015062500100016,2015년 6월 25일 00시,목요일,경상남도 김해시 삼계동,경상사고,0,0,1,0,차량단독 - 전도전복,안전운전불이행,건조,맑음,단일로 - 기타,화물,남,63세,경상,,,,
2015062500100017,2015년 6월 25일 00시,목요일,경상남도 거창군 거창읍,경상사고,0,0,1,0,차대차 - 추돌 - 진행중,안전운전불이행,건조,맑음,단일로 - 기타,이륜,남,21세,상해없음,자전거,남,18세,경상
2015062500100018,2015년 6월 25일 00시,목요일,경상남도 양산시 상북면,중상사고,0,2,0,0,차대차 - 측면직각충돌,신호위반,건조,맑음,교차로 - 교차로안,승용,여,36세,상해없음,승용,여,50세,중상
2015062500100020,2015년 6월 25일 00시,목요일,경상남도 거제시 상동동,경상사고,0,0,1,0,차대차 - 기타,교차로운행방법위반,건조,맑음,교차로 - 교차로안,승용,남,20세,기타불명,승용,남,33세,경상
2015062500100050,2015년 6월 25일 02시,목요일,경상남도 거제시 고현동,중상사고,0,1,0,0,차대사람 - 보도통행중,안전운전불이행,건조,맑음,교차로 - 교차로안,승용,남,34세,상해없음,보행자,남,55세,중상
2015062500100064,2015년 6월 25일 04시,목요일,경상남도 창원시 마산회원구 봉암동,중상사고,0,1,0,0,차량단독 - 전도전복,안전운전불이행,건조,맑음,단일로 - 기타,화물,남,41세,상해없음,,,,
2015062500100129,2015년 6월 25일 08시,목요일,경상남도 사천시 선구동,경상사고,0,0,1,0,차대차 - 측면직각충돌,불법유턴,건조,맑음,단일로 - 횡단보도상,자전거,남,82세,경상,화물,남,46세,상해없음
2015062500100130,2015년 6월 25일 08시,목요일,경상남도 창원시 의창구 명서동,경상사고,0,0,2,0,차대차 - 측면직각충돌,안전운전불이행,습기,비,교차로 - 교차로안,승용,여,27세,경상,승용,여,60세,경상
2015062500100204,2015년 6월 25일 11시,목요일,경상남도 거창군 거창읍,중상사고,0,1,0,0,차대차 - 측면직각충돌,교차로운행방법위반,건조,맑음,교차로 - 교차로안,승용,남,84세,상해없음,화물,남,55세,중상
2015062500100228,2015년 6월 25일 12시,목요일,경상남도 거제시 옥포동,경상사고,0,0,1,0,차대차 - 기타,안전운전불이행,건조,맑음,단일로 - 기타,승용,남,42세,상해없음,원동기,남,34세,경상
2015062500100229,2015년 6월 25일 12시,목요일,경상남도 김해시 진영읍,부상신고사고,0,0,0,1,차량단독 - 공작물충돌,안전운전불이행,건조,맑음,단일로 - 기타,화물,남,65세,부상신고,,,,
2015062500100257,2015년 6월 25일 13시,목요일,경상남도 김해시 어방동,중상사고,0,1,0,0,차대차 - 측면직각충돌,직진우회전진행방해,건조,맑음,교차로 - 교차로안,승용,남,46세,상해없음,이륜,남,19세,중상
2015062500100258,2015년 6월 25일 13시,목요일,경상남도 남해군 고현면,중상사고,0,1,0,0,차대차 - 측면직각충돌,교차로운행방법위반,건조,맑음,교차로 - 교차로안,승용,남,58세,상해없음,승용,여,33세,중상
2015062500100259,2015년 6월 25일 13시,목요일,경상남도 산청군 금서면,중상사고,0,1,1,1,차대차 - 측면직각충돌,교차로운행방법위반,건조,맑음,교차로 - 교차로안,화물,남,28세,중상,승용,남,30세,경상
2015062500100292,2015년 6월 25일 14시,목요일,경상남도 진주시 수정동,중상사고,0,1,0,0,차대사람 - 횡단중,보행자보호의무위반,건조,흐림,교차로 - 교차로부근,승용,남,58세,상해없음,보행자,남,72세,중상
2015062500100293,2015년 6월 25일 14시,목요일,경상남도 창녕군 계성면,경상사고,0,0,1,0,차량단독 - 공작물충돌,안전운전불이행,건조,흐림,단일로 - 기타,승용,여,22세,경상,,,,
2015062500100294,2015년 6월 25일 14시,목요일,경상남도 남해군 창선면,중상사고,0,1,0,0,차대차 - 기타,안전운전불이행,건조,맑음,단일로 - 기타,승용,여,43세,상해없음,농기계,남,76세,중상
2015062500100295,2015년 6월 25일 14시,목요일,경상남도 함안군 칠원읍,경상사고,0,0,1,0,차대차 - 추돌 - 주정차중,안전운전불이행,건조,맑음,교차로 - 교차로부근,화물,남,52세,상해없음,승용,여,60세,경상