사고번호,사고일시,요일,시군구,사고내용,사망자수,중상자수,경상자수,부상신고자수,사고유형,법규위반,노면상태,기상상태,도로형태,가해운전자 차종,가해운전자 성별,가해운전자 연령,가해운전자 상해정도,피해운전자 차종,피해운전자 성별,피해운전자 연령,피해운전자 상해정도
2015062500100336,2015년 6월 25일 15시,목요일,경상남도 통영시 미수동,중상사고,0,1,0,0,차대사람 - 기타,안전운전불이행,건조,맑음,단일로 - 기타,화물,남,61세,상해없음,보행자,여,36세,중상
2015062500100337,2015년 6월 25일 15시,목요일,경상남도 하동군 진교면,경상사고,0,0,1,0,차대사람 - 횡단중,보행자보호의무위반,건조,맑음,단일로 - 횡단보도상,승용,여,44세,상해없음,보행자,여,9세,경상
2015062500100338,2015년 6월 25일 15시,목요일,경상남도 창원시 마산회원구 합성동,중상사고,0,1,0,0,차량단독 - 공작물충돌,안전운전불이행,건조,맑음,단일로 - 기타,원동기,남,69세,중상,,,,
2015062500100372,2015년 6월 25일 16시,목요일,경상남도 진주시 대안동,경상사고,0,0,2,0,차대사람 - 횡단중,보행자보호의무위반,습기,비,교차로 - 교차로부근,승용,여,39세,상해없음,보행자,여,28세,경상
2015062500100373,2015년 6월 25일 16시,목요일,경상남도 김해시 삼계동,부상신고사고,0,0,0,1,차대차 - 추돌 - 진행중,안전운전불이행,습기,비,단일로 - 기타,자전거,남,14세,부상신고,승용,여,42세,상해없음
2015062500100374,2015년 6월 25일 16시,목요일,경상남도 고성군 동해면,경상사고,0,0,3,0,차대차 - 측면직각충돌,교차로운행방법위반,습기,비,교차로 - 교차로안,화물,남,42세,상해없음,승용,남,50세,경상
2015062500100375,2015년 6월 25일 16시,목요일,경상남도 함안군 산인면,부상신고사고,0,0,0,1,차대사람 - 기타,안전운전불이행,건조,맑음,단일로 - 기타,화물,남,43세,기타불명,보행자,남,64세,부상신고
2015062500100414,2015년 6월 25일 17시,목요일,경상남도 김해시 대동면,경상사고,0,0,2,0,차대차 - 측면직각충돌,직진우회전진행방해,습기,흐림,교차로 - 교차로안,승용,남,48세,경상,승용,여,53세,경상
2015062500100447,2015년 6월 25일 18시,목요일,경상남도 거제시 능포동,경상사고,0,0,1,0,차대차 - 기타,안전거리미확보,기타,비,단일로 - 기타,승용,남,37세,상해없음,원동기,남,34세,경상
2015062500100448,2015년 6월 25일 18시,목요일,경상남도 김해시 진영읍,중상사고,0,1,0,0,차량단독 - 공작물충돌,안전운전불이행,습기,비,단일로 - 기타,화물,남,22세,중상,,,,
2015062500100498,2015년 6월 25일 19시,목요일,경상남도 창원시 마산합포구 신포동1가,경상사고,0,0,1,0,차대차 - 추돌 - 주정차중,안전운전불이행,습기,비,교차로 - 교차로부근,승용,남,58세,상해없음,승용,남,25세,경상
2015062500100499,2015년 6월 25일 19시,목요일,경상남도 통영시 항남동,중상사고,0,1,0,0,차대차 - 기타,안전운전불이행,습기,비,교차로 - 교차로안,자전거,남,57세,중상,화물,남,44세,상해없음
2015062500100500,2015년 6월 25일 19시,목요일,경상남도 창원시 의창구 팔용동,경상사고,0,0,1,0,차대차 - 측면직각충돌,안전운전불이행,습기,비,교차로 - 교차로안,승용,남,42세,상해없음,승용,여,35세,경상
2015062500100545,2015년 6월 25일 20시,목요일,경상남도 거제시 고현동,경상사고,0,0,1,0,차대사람 - 기타,안전운전불이행,기타,비,교차로 - 교차로안,화물,남,58세,상해없음,보행자,남,49세,경상
2015062500100546,2015년 6월 25일 20시,목요일,경상남도 창원시 마산회원구 내서읍,중상사고,0,1,0,0,차대차 - 추돌 - 진행중,안전운전불이행,건조,흐림,단일로 - 기타,승용,남,58세,상해없음,승용,남,44세,중상
2015062500100547,2015년 6월 25일 20시,목요일,경상남도 창원시 의창구 소답동,경상사고,0,0,1,0,차대차 - 측면직각충돌,안전운전불이행,습기,비,단일로 - 기타,승용,남,61세,상해없음,승용,여,50세,경상
2015062500100586,2015년 6월 25일 21시,목요일,경상남도 김해시 삼정동,부상신고사고,0,0,0,1,차대차 - 측면직각충돌,안전운전불이행,습기,비,단일로 - 기타,기타불명,기타불명,기타불명,기타불명,승용,여,56세,부상신고
2015062500100622,2015년 6월 25일 21시,목요일,경상남도 창원시 마산합포구 진전면,사망사고,1,1,0,0,차대차 - 추돌 - 진행중,안전운전불이행,습기,비,단일로 - 기타,승용,남,42세,중상,승용,남,38세,사망
2015062500100623,2015년 6월 25일 21시,목요일,경상남도 창원시 진해구 여좌동,경상사고,0,0,1,0,차대차 - 측면직각충돌,안전운전불이행,습기,비,교차로 - 교차로안,승용,남,28세,기타불명,원동기,남,19세,경상
2015062500100624,2015년 6월 25일 21시,목요일,경상남도 사천시 축동면,경상사고,0,0,2,0,차대차 - 정면충돌,중앙선침범,습기,비,교차로 - 교차로부근,화물,남,45세,상해없음,승용,남,33세,경상
2015062500100625,2015년 6월 25일 21시,목요일,경상남도 밀양시 교동,중상사고,0,1,0,0,차대차 - 정면충돌,중앙선침범,습기,비,단일로 - 기타,이륜,남,39세,중상,승합,남,59세,상해없음
2015062500100626,2015년 6월 25일 21시,목요일,경상남도 창녕군 남지읍,경상사고,0,0,2,0,차대차 - 측면직각충돌,교차로운행방법위반,습기,비,교차로 - 교차로안,승용,남,51세,경상,승용,남,57세,경상
2015062500100627,2015년 6월 25일 21시,목요일,경상남도 양산시 삼호동,경상사고,0,0,1,0,차대사람 - 기타,교차로운행방법위반,습기,비,교차로 - 교차로안,승용,남,63세,상해없음,보행자,남,70세,경상
2015062500100628,2015년 6월 25일 21시,목요일,경상남도 거제시 고현동,경상사고,0,0,1,0,차대사람 - 횡단중,보행자보호의무위반,기타,비,단일로 - 횡단보도상,승용,남,62세,상해없음,보행자,남,47세,경상
2015062500100629,2015년 6월 25일 21시,목요일,경상남도 창원시 의창구 용호동,경상사고,0,0,1,0,차대차 - 추돌 - 진행중,안전운전불이행,습기,비,단일로 - 기타,승용,남,25세,상해없음,승용,남,40세,경상
2015062500100630,2015년 6월 25일 21시,목요일,경상남도 김해시 장유면,경상사고,0,0,1,0,차대차 - 기타,안전운전불이행,습기,비,단일로 - 기타,원동기,남,18세,경상,승합,남,57세,상해없음
2015062500100678,2015년 6월 25일 22시,목요일,경상남도 창원시 마산합포구 신포동2가,중상사고,0,1,0,0,차대차 - 추돌 - 주정차중,안전거리미확보,습기,비,단일로 - 기타,승용,기타불명,기타불명,기타불명,승용,여,48세,중상
2015062500100679,2015년 6월 25일 22시,목요일,경상남도 창원시 마산합포구 중앙동1가,경상사고,0,0,1,2,차대차 - 추돌 - 주정차중,안전운전불이행,습기,비,교차로 - 교차로부근,승용,남,62세,상해없음,승용,남,39세,경상
2015062500100680,2015년 6월 25일 22시,목요일,경상남도 진주시 평거동,경상사고,0,0,2,0,차대차 - 추돌 - 주정차중,안전운전불이행,습기,비,교차로 - 교차로부근,승용,남,50세,상해없음,승용,남,49세,경상
2015062500100681,2015년 6월 25일 22시,목요일,경상남도 김해시 구산동,경상사고,0,0,2,0,차대차 - 측면직각충돌,안전운전불이행,습기,비,교차로 - 교차로안,승용,여,24세,경상,승합,남,37세,상해없음
2015062500100729,2015년 6월 25일 23시,목요일,경상남도 창원시 마산합포구 상남동,경상사고,0,0,2,0,차대사람 - 횡단중,안전운전불이행,습기,비,단일로 - 횡단보도부근,승용,남,56세,상해없음,보행자,여,60세,경상
2015062500100730,2015년 6월 25일 23시,목요일,경상남도 진주시 하대동,중상사고,0,1,0,0,차대사람 - 횡단중,보행자보호의무위반,습기,비,교차로 - 교차로부근,승용,여,54세,상해없음,보행자,여,48세,중상
2015062500100731,2015년 6월 25일 23시,목요일,경상남도 통영시 항남동,부상신고사고,0,0,0,1,차대차 - 추돌 - 진행중,기타,습기,비,단일로 - 기타,승용,남,28세,상해없음,승용,남,55세,부상신고
2015062500100732,2015년 6월 25일 23시,목요일,경상남도 통영시 광도면,중상사고,0,1,2,0,차대차 - 추돌 - 진행중,안전운전불이행,습기,비,교차로 - 교차로안,승용,남,25세,상해없음,승용,여,40세,경상
2015062600100033,2015년 6월 26일 00시,금요일,경상남도 진주시 가좌동,경상사고,0,0,1,0,차대차 - 기타,안전거리미확보,습기,비,교차로 - 교차로부근,승용,남,64세,상해없음,원동기,남,29세,경상
2015062600100034,2015년 6월 26일 00시,금요일,경상남도 창원시 진해구 자은동,중상사고,0,1,0,0,차대사람 - 횡단중,보행자보호의무위반,습기,비,단일로 - 횡단보도상,승용,남,31세,상해없음,보행자,여,47세,중상
2015062600100035,2015년 6월 26일 00시,금요일,경상남도 사천시 서금동,중상사고,0,1,0,0,차대차 - 측면직각충돌,교차로운행방법위반,습기,비,교차로 - 교차로부근,승용,남,31세,상해없음,승용,여,28세,중상
2015062600100081,2015년 6월 26일 01시,금요일,경상남도 창원시 마산합포구 월남동2가,경상사고,0,0,2,0,차대차 - 정면충돌,중앙선침범,습기,맑음,단일로 - 기타,승용,남,56세,상해없음,승용,여,46세,경상
2015062600100082,2015년 6월 26일 01시,금요일,경상남도 김해시 어방동,중상사고,0,1,0,0,차대차 - 측면직각충돌,안전거리미확보,습기,비,단일로 - 기타,승용,남,60세,상해없음,승용,남,47세,중상
2015062600100110,2015년 6월 26일 02시,금요일,경상남도 김해시 어방동,경상사고,0,0,1,0,차대차 - 정면충돌,안전운전불이행,습기,비,단일로 - 기타,승용,남,64세,상해없음,화물,남,43세,기타불명
2015062600100136,2015년 6월 26일 04시,금요일,경상남도 사천시 선구동,중상사고,0,1,0,0,차대사람 - 횡단중,안전운전불이행,습기,맑음,단일로 - 기타,이륜,남,52세,상해없음,보행자,여,78세,중상
2015062600100153,2015년 6월 26일 05시,금요일,경상남도 창원시 마산합포구 진동면,경상사고,0,0,1,0,차대차 - 측면직각충돌,신호위반,습기,비,교차로 - 교차로안,승용,여,50세,상해없음,승용,여,56세,경상
2015062600100186,2015년 6월 26일 07시,금요일,경상남도 창녕군 남지읍,경상사고,0,0,1,0,차대차 - 추돌 - 진행중,안전운전불이행,습기,흐림,단일로 - 기타,승용,여,48세,상해없음,원동기,여,64세,경상
2015062600100187,2015년 6월 26일 07시,금요일,경상남도 함안군 칠원읍,중상사고,0,1,0,0,차대차 - 측면직각충돌,교차로운행방법위반,습기,맑음,교차로 - 교차로안,승용,남,54세,상해없음,이륜,남,16세,중상
2015062600100203,2015년 6월 26일 08시,금요일,경상남도 양산시 하북면,경상사고,0,0,1,0,차대차 - 측면직각충돌,안전거리미확보,건조,맑음,단일로 - 기타,승용,여,48세,상해없음,화물,남,39세,경상
2015062600100251,2015년 6월 26일 09시,금요일,경상남도 김해시 이동,중상사고,0,2,1,0,차대차 - 측면직각충돌,안전운전불이행,건조,맑음,교차로 - 교차로안,승용,남,32세,경상,승용,여,49세,중상
2015062600100280,2015년 6월 26일 10시,금요일,경상남도 양산시 덕계동,중상사고,0,1,0,0,차대사람 - 횡단중,안전운전불이행,건조,맑음,교차로 - 교차로부근,화물,남,56세,상해없음,보행자,여,62세,중상
2015062600100314,2015년 6월 26일 11시,금요일,경상남도 진주시 상대동,경상사고,0,0,1,0,차대차 - 측면직각충돌,직진우회전진행방해,건조,맑음,교차로 - 교차로안,화물,여,59세,상해없음,이륜,남,67세,경상
2015062600100315,2015년 6월 26일 11시,금요일,경상남도 사천시 사천읍,경상사고,0,0,1,0,차대사람 - 보도통행중,기타,건조,맑음,단일로 - 기타,승용,여,52세,상해없음,보행자,여,55세,경상
2015062600100316,2015년 6월 26일 11시,금요일,경상남도 거창군 거창읍,중상사고,0,1,0,0,차대사람 - 횡단중,보행자보호의무위반,건조,맑음,단일로 - 횡단보도상,원동기,남,69세,상해없음,보행자,여,61세,중상
2015062600100345,2015년 6월 26일 12시,금요일,경상남도 양산시 북부동,중상사고,0,1,0,0,차대차 - 기타,직진우회전진행방해,건조,맑음,교차로 - 교차로안,승용,남,66세,상해없음,원동기,남,52세,중상
2015062600100346,2015년 6월 26일 12시,금요일,경상남도 거제시 고현동,부상신고사고,0,0,0,2,차대차 - 측면직각충돌,교차로운행방법위반,건조,맑음,교차로 - 교차로부근,화물,남,45세,상해없음,승용,남,31세,부상신고
2015062600100347,2015년 6월 26일 12시,금요일,경상남도 창원시 의창구 용호동,중상사고,0,1,0,0,차대차 - 측면직각충돌,신호위반,건조,맑음,교차로 - 교차로안,승용,여,52세,상해없음,승용,여,34세,중상
2015062600100348,2015년 6월 26일 12시,금요일,경상남도 창원시 성산구 상남동,중상사고,0,1,0,0,차대사람 - 횡단중,신호위반,건조,맑음,교차로 - 교차로안,승용,여,28세,상해없음,보행자,여,30세,중상
2015062600100373,2015년 6월 26일 13시,금요일,경상남도 김해시 삼방동,경상사고,0,0,1,0,차량단독 - 공작물충돌,안전운전불이행,습기,흐림,단일로 - 기타,승용,여,44세,경상,,,,
2015062600100374,2015년 6월 26일 13시,금요일,경상남도 김해시 장유면,중상사고,0,1,1,0,차대차 - 측면직각충돌,안전운전불이행,건조,맑음,교차로 - 교차로안,화물,남,60세,경상,승용,여,39세,중상
2015062600100402,2015년 6월 26일 14시,금요일,경상남도 통영시 정량동,중상사고,0,1,0,0,차대사람 - 차도통행중,안전운전불이행,건조,맑음,단일로 - 기타,승용,남,58세,상해없음,보행자,여,75세,중상
2015062600100403,2015년 6월 26일 14시,금요일,경상남도 거제시 고현동,중상사고,0,2,2,0,차대차 - 측면직각충돌,안전거리미확보,건조,맑음,단일로 - 기타,승용,남,68세,상해없음,승용,남,48세,경상
2015062600100404,2015년 6월 26일 14시,금요일,경상남도 창원시 성산구 신촌동,중상사고,0,1,1,0,차대차 - 측면직각충돌,안전운전불이행,건조,맑음,단일로 - 기타,건설기계,남,49세,상해없음,승합,남,55세,중상
2015062600100445,2015년 6월 26일 15시,금요일,경상남도 거창군 거창읍,부상신고사고,0,0,0,1,차대차 - 정면충돌,안전운전불이행,건조,맑음,단일로 - 기타,자전거,남,34세,부상신고,화물,남,52세,상해없음
2015062600100446,2015년 6월 26일 15시,금요일,경상남도 거제시 옥포동,부상신고사고,0,0,0,1,차대차 - 측면직각충돌,교차로운행방법위반,건조,맑음,교차로 - 교차로안,승용,여,39세,상해없음,승용,여,53세,부상신고
2015062600100482,2015년 6월 26일 16시,금요일,경상남도 양산시 어곡동,경상사고,0,0,1,0,차대차 - 기타,직진우회전진행방해,건조,맑음,교차로 - 교차로부근,화물,남,44세,상해없음,승용,여,57세,경상
2015062600100522,2015년 6월 26일 17시,금요일,경상남도 사천시 사남면,중상사고,0,1,0,0,차대사람 - 횡단중,중앙선침범,건조,맑음,단일로 - 기타,승용,여,41세,상해없음,보행자,남,5세,중상
2015062600100523,2015년 6월 26일 17시,금요일,경상남도 김해시 외동,경상사고,0,0,1,0,차대차 - 기타,기타,건조,맑음,단일로 - 기타,승용,남,40세,상해없음,승용,여,28세,경상
2015062600100524,2015년 6월 26일 17시,금요일,경상남도 산청군 산청읍,중상사고,0,1,0,0,차량단독 - 공작물충돌,안전운전불이행,건조,맑음,단일로 - 기타,원동기,여,50세,중상,,,,
2015062600100568,2015년 6월 26일 18시,금요일,경상남도 창녕군 대지면,중상사고,0,2,0,0,차대차 - 측면직각충돌,직진우회전진행방해,건조,맑음,교차로 - 교차로안,승용,여,42세,중상,원동기,남,48세,중상
2015062600100569,2015년 6월 26일 18시,금요일,경상남도 거제시 사등면,경상사고,0,0,5,0,차대차 - 추돌 - 진행중,안전운전불이행,건조,맑음,단일로 - 기타,승용,기타불명,기타불명,기타불명,승용,남,34세,경상
2015062600100570,2015년 6월 26일 18시,금요일,경상남도 김해시 장유면,중상사고,0,1,0,0,차대차 - 측면직각충돌,안전운전불이행,건조,맑음,교차로 - 교차로안,승용,남,48세,상해없음,승용,남,52세,중상
2015062600100602,2015년 6월 26일 19시,금요일,경상남도 진주시 평거동,경상사고,0,0,1,0,차대차 - 측면직각충돌,교차로운행방법위반,건조,맑음,교차로 - 교차로안,승용,남,54세,상해없음,이륜,남,19세,경상
2015062600100603,2015년 6월 26일 19시,금요일,경상남도 사천시 벌리동,경상사고,0,0,1,0,차대차 - 측면직각충돌,중앙선침범,건조,맑음,단일로 - 기타,승합,여,57세,상해없음,승용,여,39세,경상
2015062600100604,2015년 6월 26일 19시,금요일,경상남도 양산시 남부동,경상사고,0,0,1,0,차대차 - 기타,중앙선침범,건조,맑음,교차로 - 교차로부근,승용,여,25세,상해없음,승용,여,49세,경상
2015062600100635,2015년 6월 26일 20시,금요일,경상남도 진주시 호탄동,부상신고사고,0,0,0,1,차대차 - 측면직각충돌,교차로운행방법위반,건조,맑음,교차로 - 교차로안,자전거,남,13세,부상신고,승용,여,42세,상해없음
2015062600100636,2015년 6월 26일 20시,금요일,경상남도 고성군 고성읍,경상사고,0,0,1,0,차대사람 - 횡단중,보행자보호의무위반,건조,맑음,교차로 - 교차로부근,승용,남,54세,상해없음,보행자,남,18세,경상
2015062600100637,2015년 6월 26일 20시,금요일,경상남도 거제시 일운면,경상사고,0,0,1,0,차대차 - 기타,안전운전불이행,건조,맑음,교차로 - 교차로부근,기타불명,기타불명,기타불명,기타불명,화물,남,49세,경상
2015062600100638,2015년 6월 26일 20시,금요일,경상남도 거제시 일운면,경상사고,0,0,1,0,차대차 - 정면충돌,중앙선침범,건조,맑음,단일로 - 기타,승용,여,32세,상해없음,화물,남,51세,경상
2015062600100671,2015년 6월 26일 21시,금요일,경상남도 진주시 칠암동,중상사고,0,1,0,0,차대사람 - 기타,안전운전불이행,건조,맑음,단일로 - 기타,기타불명,기타불명,기타불명,기타불명,보행자,여,20세,중상
2015062600100672,2015년 6월 26일 21시,금요일,경상남도 사천시 사천읍,경상사고,0,0,1,0,차대차 - 측면직각충돌,신호위반,건조,맑음,교차로 - 교차로안,이륜,남,19세,경상,승용,남,48세,상해없음
2015062600100723,2015년 6월 26일 22시,금요일,경상남도 창원시 마산회원구 내서읍,중상사고,0,1,1,0,차대차 - 정면충돌,안전운전불이행,건조,맑음,단일로 - 기타,승용,남,33세,상해없음,승용,남,28세,중상
2015062600100724,2015년 6월 26일 22시,금요일,경상남도 창원시 마산회원구 양덕동,경상사고,0,0,2,0,차대차 - 측면직각충돌,안전운전불이행,건조,맑음,교차로 - 교차로안,승용,여,34세,경상,승용,남,42세,경상
2015062600100768,2015년 6월 26일 23시,금요일,경상남도 통영시 광도면,경상사고,0,0,1,0,차대차 - 추돌 - 주정차중,안전운전불이행,건조,맑음,교차로 - 교차로안,화물,남,49세,상해없음,승용,남,46세,경상
2015062700100021,2015년 6월 27일 00시,토요일,경상남도 창원시 성산구 성주동,중상사고,0,1,0,0,차대차 - 추돌 - 주정차중,안전운전불이행,건조,맑음,교차로 - 교차로부근,승용,남,55세,상해없음,승용,남,41세,중상
2015062700100044,2015년 6월 27일 01시,토요일,경상남도 밀양시 부북면,경상사고,0,0,1,0,차량단독 - 기타,안전운전불이행,건조,맑음,단일로 - 기타,승용,남,41세,상해없음,,,,
2015062700100070,2015년 6월 27일 02시,토요일,경상남도 창원시 마산합포구 진전면,사망사고,1,1,1,0,차량단독 - 도로외이탈 - 기타,과속,습기,흐림,단일로 - 기타,화물,남,19세,상해없음,,,,
2015062700100091,2015년 6월 27일 03시,토요일,경상남도 창원시 의창구 대산면,중상사고,0,2,0,0,차대차 - 추돌 - 주정차중,안전운전불이행,건조,맑음,교차로 - 교차로부근,승용,남,36세,중상,화물,남,43세,중상
2015062700100109,2015년 6월 27일 04시,토요일,경상남도 밀양시 하남읍,경상사고,0,0,1,0,차대차 - 측면직각충돌,중앙선침범,건조,맑음,교차로 - 교차로부근,승용,남,40세,상해없음,승용,남,34세,경상
2015062700100110,2015년 6월 27일 04시,토요일,경상남도 김해시 안동,중상사고,0,1,2,0,차대차 - 추돌 - 주정차중,안전운전불이행,기타,맑음,교차로 - 교차로부근,승용,남,41세,상해없음,승용,남,56세,경상
2015062700100123,2015년 6월 27일 05시,토요일,경상남도 양산시 어곡동,경상사고,0,0,1,3,차량단독 - 기타,안전운전불이행,건조,맑음,단일로 - 기타,승용,남,28세,부상신고,,,,
2015062700100141,2015년 6월 27일 06시,토요일,경상남도 거제시 사등면,경상사고,0,0,1,0,차대차 - 추돌 - 진행중,차로위반,건조,맑음,단일로 - 기타,승용,남,19세,상해없음,이륜,남,60세,경상
2015062700100169,2015년 6월 27일 07시,토요일,경상남도 김해시 상동면,중상사고,0,1,0,0,차대차 - 기타,안전운전불이행,건조,맑음,단일로 - 기타,화물,남,56세,상해없음,농기계,남,85세,중상
2015062700100170,2015년 6월 27일 07시,토요일,경상남도 창원시 성산구 가음동,경상사고,0,0,1,0,차대차 - 측면직각충돌,안전운전불이행,건조,맑음,단일로 - 횡단보도상,승용,남,26세,상해없음,자전거,남,52세,경상
2015062700100188,2015년 6월 27일 08시,토요일,경상남도 창녕군 창녕읍,중상사고,0,1,0,0,차대사람 - 기타,안전운전불이행,건조,맑음,단일로 - 기타,화물,남,47세,상해없음,보행자,여,39세,중상
2015062700100213,2015년 6월 27일 09시,토요일,경상남도 통영시 용남면,중상사고,0,1,1,0,차대차 - 정면충돌,중앙선침범,습기,비,단일로 - 기타,화물,남,22세,상해없음,승용,남,40세,중상
2015062700100233,2015년 6월 27일 10시,토요일,경상남도 양산시 하북면,중상사고,0,1,0,0,차대차 - 측면직각충돌,안전운전불이행,건조,맑음,교차로 - 교차로안,승합,남,65세,상해없음,자전거,남,50세,중상
2015062700100272,2015년 6월 27일 11시,토요일,경상남도 거제시 거제면,경상사고,0,0,1,0,차대차 - 기타,중앙선침범,건조,맑음,단일로 - 기타,승용,남,66세,상해없음,승용,남,27세,경상
2015062700100305,2015년 6월 27일 12시,토요일,경상남도 양산시 산막동,중상사고,0,1,0,0,차량단독 - 전도전복,안전운전불이행,건조,맑음,교차로 - 교차로부근,원동기,남,55세,중상,,,,
2015062700100306,2015년 6월 27일 12시,토요일,경상남도 창원시 의창구 팔용동,중상사고,0,1,2,0,차대차 - 기타,안전운전불이행,건조,맑음,단일로 - 기타,화물,남,46세,상해없음,승용,남,45세,경상
2015062700100342,2015년 6월 27일 13시,토요일,경상남도 김해시 구산동,경상사고,0,0,1,0,차대사람 - 횡단중,안전운전불이행,건조,맑음,교차로 - 교차로부근,승용,남,22세,상해없음,보행자,여,77세,경상
2015062700100343,2015년 6월 27일 13시,토요일,경상남도 고성군 회화면,경상사고,0,0,2,0,차대차 - 추돌 - 진행중,안전운전불이행,건조,맑음,단일로 - 기타,승용,남,55세,상해없음,승용,여,65세,경상
2015062700100377,2015년 6월 27일 14시,토요일,경상남도 사천시 사천읍,중상사고,0,1,0,0,차대차 - 추돌 - 주정차중,안전운전불이행,습기,비,교차로 - 교차로부근,특수,남,52세,상해없음,승용,남,30세,중상
2015062700100378,2015년 6월 27일 14시,토요일,경상남도 창원시 마산회원구 합성동,중상사고,0,1,0,0,차량단독 - 기타,안전운전불이행,건조,맑음,교차로 - 교차로부근,승합,남,51세,상해없음,,,,
2015062700100462,2015년 6월 27일 16시,토요일,경상남도 창원시 진해구 속천동,경상사고,0,0,1,0,차대차 - 측면직각충돌,안전운전불이행,건조,맑음,교차로 - 교차로안,원동기,남,73세,경상,승용,남,26세,상해없음
2015062700100463,2015년 6월 27일 16시,토요일,경상남도 밀양시 내이동,부상신고사고,0,0,0,1,차대사람 - 길가장자리구역통행중,안전운전불이행,건조,맑음,단일로 - 기타,승용,남,55세,상해없음,보행자,남,46세,부상신고
2015062700100464,2015년 6월 27일 16시,토요일,경상남도 거제시 하청면,중상사고,0,1,0,0,차대차 - 기타,안전운전불이행,건조,맑음,단일로 - 기타,승용,남,46세,상해없음,이륜,남,60세,중상
2015062700100465,2015년 6월 27일 16시,토요일,경상남도 거제시 남부면,부상신고사고,0,0,0,1,차대차 - 기타,안전운전불이행,건조,맑음,단일로 - 기타,승용,남,51세,상해없음,이륜,남,74세,부상신고
2015062700100466,2015년 6월 27일 16시,토요일,경상남도 거제시 아주동,경상사고,0,0,2,0,차대차 - 기타,교차로운행방법위반,건조,맑음,교차로 - 교차로부근,승용,남,68세,상해없음,승용,여,52세,경상
2015062700100483,2015년 6월 27일 17시,토요일,경상남도 김해시 대동면,중상사고,0,1,0,1,차대차 - 기타,안전운전불이행,건조,맑음,단일로 - 기타,승용,남,62세,부상신고,화물,남,48세,중상
2015062700100503,2015년 6월 27일 17시,토요일,경상남도 거창군 거창읍,중상사고,0,1,0,0,차대차 - 측면직각충돌,교차로운행방법위반,건조,맑음,교차로 - 교차로안,승용,남,26세,상해없음,이륜,남,41세,중상
2015062700100504,2015년 6월 27일 17시,토요일,경상남도 함안군 칠북면,중상사고,0,2,2,0,차대차 - 정면충돌,중앙선침범,건조,흐림,교차로 - 교차로부근,화물,남,29세,경상,승용,남,36세,중상
2015062700100545,2015년 6월 27일 18시,토요일,경상남도 통영시 도천동,중상사고,0,1,0,0,차대차 - 추돌 - 진행중,안전운전불이행,건조,맑음,단일로 - 기타,승용,남,36세,상해없음,승용,남,53세,상해없음
2015062700100582,2015년 6월 27일 19시,토요일,경상남도 김해시 부원동,부상신고사고,0,0,0,1,차대차 - 측면직각충돌,안전운전불이행,건조,맑음,교차로 - 교차로안,이륜,남,66세,부상신고,화물,남,52세,상해없음
2015062700100607,2015년 6월 27일 20시,토요일,경상남도 김해시 외동,경상사고,0,0,1,0,차대차 - 기타,안전운전불이행,건조,맑음,단일로 - 기타,승용,여,20세,상해없음,승용,남,58세,경상
2015062700100608,2015년 6월 27일 20시,토요일,경상남도 거제시 연초면,중상사고,0,1,0,0,차량단독 - 공작물충돌,안전운전불이행,건조,맑음,단일로 - 기타,승용,남,45세,상해없음,,,,
2015062700100647,2015년 6월 27일 21시,토요일,경상남도 양산시 용당동,중상사고,0,2,1,0,차대차 - 추돌 - 주정차중,안전거리미확보,건조,맑음,교차로 - 교차로부근,승용,남,61세,상해없음,승용,여,47세,경상
2015062700100648,2015년 6월 27일 21시,토요일,경상남도 창원시 마산회원구 회원동,경상사고,0,0,3,0,차대차 - 추돌 - 진행중,안전운전불이행,건조,맑음,단일로 - 기타,승용,남,67세,상해없음,승용,남,57세,경상
2015062700100684,2015년 6월 27일 22시,토요일,경상남도 통영시 서호동,경상사고,0,0,5,0,차대차 - 추돌 - 진행중,안전운전불이행,건조,맑음,교차로 - 교차로부근,승용,남,31세,상해없음,승용,남,51세,경상
2015062700100685,2015년 6월 27일 22시,토요일,경상남도 김해시 외동,경상사고,0,0,1,0,차대차 - 측면직각충돌,교차로운행방법위반,건조,맑음,교차로 - 교차로안,승용,남,57세,상해없음,승용,남,28세,경상
2015062700100715,2015년 6월 27일 23시,토요일,경상남도 진주시 초전동,중상사고,0,1,1,0,차대차 - 기타,신호위반,건조,맑음,교차로 - 교차로안,승용,여,45세,상해없음,승용,남,57세,경상
2015062700100716,2015년 6월 27일 23시,토요일,경상남도 거제시 장승포동,중상사고,0,1,0,0,차량단독 - 전도전복,안전운전불이행,건조,맑음,단일로 - 기타,자전거,남,18세,상해없음,,,,
2015062700100717,2015년 6월 27일 23시,토요일,경상남도 창원시 마산회원구 석전동,중상사고,0,2,1,0,차대차 - 측면직각충돌,신호위반,건조,맑음,교차로 - 교차로안,승용,남,25세,상해없음,승용,남,58세,중상
2015062800100022,2015년 6월 28일 00시,일요일,경상남도 김해시 대동면,중상사고,0,1,0,0,차량단독 - 공작물충돌,안전운전불이행,건조,맑음,단일로 - 기타,승용,여,31세,중상,,,,
2015062800100023,2015년 6월 28일 00시,일요일,경상남도 김해시 어방동,중상사고,0,1,1,0,차대차 - 추돌 - 주정차중,안전운전불이행,건조,맑음,교차로 - 교차로부근,승용,남,44세,상해없음,승용,남,59세,중상