사고번호,사고일시,요일,시군구,사고내용,사망자수,중상자수,경상자수,부상신고자수,사고유형,법규위반,노면상태,기상상태,도로형태,가해운전자 차종,가해운전자 성별,가해운전자 연령,가해운전자 상해정도,피해운전자 차종,피해운전자 성별,피해운전자 연령,피해운전자 상해정도
2015062800100024,2015년 6월 28일 00시,일요일,경상남도 하동군 옥종면,중상사고,0,1,0,0,차량단독 - 도로외이탈 - 추락,안전운전불이행,건조,맑음,단일로 - 기타,화물,남,53세,상해없음,,,,
2015062800100025,2015년 6월 28일 00시,일요일,경상남도 창원시 의창구 용동,경상사고,0,0,2,0,차대차 - 추돌 - 주정차중,안전운전불이행,건조,맑음,단일로 - 기타,승용,남,45세,상해없음,승용,남,39세,경상
2015062800100043,2015년 6월 28일 01시,일요일,경상남도 진주시 상대동,경상사고,0,0,1,0,차대차 - 기타,안전운전불이행,건조,맑음,교차로 - 교차로안,승용,남,65세,상해없음,승용,남,55세,상해없음
2015062800100066,2015년 6월 28일 02시,일요일,경상남도 창원시 성산구 천선동,사망사고,1,0,0,0,차량단독 - 도로외이탈 - 추락,안전운전불이행,건조,맑음,교차로 - 교차로안,승용,남,51세,사망,,,,
2015062800100073,2015년 6월 28일 03시,일요일,경상남도 양산시 하북면,경상사고,0,0,2,0,차대차 - 기타,안전거리미확보,건조,맑음,단일로 - 기타,승용,남,40세,경상,승용,남,21세,상해없음
2015062800100074,2015년 6월 28일 03시,일요일,경상남도 양산시 하북면,경상사고,0,0,1,1,차량단독 - 공작물충돌,안전운전불이행,건조,맑음,단일로 - 기타,승용,남,21세,경상,,,,
2015062800100085,2015년 6월 28일 03시,일요일,경상남도 통영시 서호동,중상사고,0,1,0,0,차대차 - 추돌 - 주정차중,안전운전불이행,건조,맑음,교차로 - 교차로안,승용,남,42세,상해없음,승용,여,48세,기타불명
2015062800100086,2015년 6월 28일 03시,일요일,경상남도 김해시 구산동,경상사고,0,0,1,0,차량단독 - 전도전복,안전운전불이행,건조,맑음,단일로 - 기타,이륜,남,16세,상해없음,,,,
2015062800100105,2015년 6월 28일 05시,일요일,경상남도 창원시 진해구 용원동,중상사고,0,1,0,0,차대차 - 추돌 - 주정차중,안전운전불이행,건조,맑음,단일로 - 기타,승용,남,35세,중상,특수,기타불명,기타불명,기타불명
2015062800100112,2015년 6월 28일 06시,일요일,경상남도 양산시 하북면,중상사고,0,1,0,0,차대차 - 추돌 - 진행중,안전운전불이행,건조,맑음,단일로 - 기타,승용,남,24세,상해없음,화물,남,33세,중상
2015062800100119,2015년 6월 28일 06시,일요일,경상남도 통영시 용남면,중상사고,0,2,1,0,차대차 - 정면충돌,중앙선침범,건조,맑음,단일로 - 기타,화물,남,53세,중상,화물,남,53세,중상
2015062800100120,2015년 6월 28일 06시,일요일,경상남도 거제시 연초면,경상사고,0,0,1,0,차대차 - 추돌 - 진행중,안전운전불이행,건조,맑음,교차로 - 교차로부근,승용,여,42세,상해없음,승용,여,45세,경상
2015062800100129,2015년 6월 28일 07시,일요일,경상남도 고성군 영현면,경상사고,0,0,1,0,차대차 - 측면직각충돌,안전운전불이행,건조,맑음,단일로 - 기타,승용,남,81세,상해없음,농기계,남,80세,경상
2015062800100140,2015년 6월 28일 08시,일요일,경상남도 김해시 어방동,중상사고,0,2,1,0,차대차 - 추돌 - 주정차중,안전거리미확보,건조,맑음,단일로 - 기타,승용,남,35세,경상,승합,남,50세,상해없음
2015062800100160,2015년 6월 28일 09시,일요일,경상남도 창원시 마산합포구 오동동,경상사고,0,0,1,0,차대사람 - 횡단중,안전운전불이행,건조,흐림,단일로 - 기타,승용,남,60세,상해없음,보행자,여,79세,경상
2015062800100161,2015년 6월 28일 09시,일요일,경상남도 창원시 마산합포구 진북면,경상사고,0,0,2,0,차대차 - 측면직각충돌,신호위반,건조,흐림,교차로 - 교차로안,원동기,남,58세,경상,승용,남,65세,경상
2015062800100162,2015년 6월 28일 09시,일요일,경상남도 통영시 무전동,경상사고,0,0,1,0,차대차 - 측면직각충돌,직진우회전진행방해,건조,맑음,교차로 - 교차로안,승용,여,68세,상해없음,이륜,남,65세,경상
2015062800100183,2015년 6월 28일 10시,일요일,경상남도 양산시 중부동,부상신고사고,0,0,0,4,차대차 - 추돌 - 주정차중,안전운전불이행,건조,흐림,단일로 - 기타,승용,남,54세,상해없음,승용,여,38세,부상신고
2015062800100184,2015년 6월 28일 10시,일요일,경상남도 창원시 성산구 성주동,경상사고,0,0,1,0,차대차 - 측면직각충돌,신호위반,건조,맑음,교차로 - 교차로안,화물,남,60세,상해없음,승용,남,60세,경상
2015062800100192,2015년 6월 28일 11시,일요일,경상남도 거제시 장목면,중상사고,0,1,3,0,차대차 - 기타,교차로운행방법위반,건조,맑음,교차로 - 교차로안,승용,남,60세,상해없음,승용,남,39세,경상
2015062800100193,2015년 6월 28일 11시,일요일,경상남도 김해시 진영읍,경상사고,0,0,1,0,차대차 - 추돌 - 주정차중,안전거리미확보,건조,맑음,단일로 - 기타,승용,여,41세,상해없음,승용,여,43세,경상
2015062800100230,2015년 6월 28일 13시,일요일,경상남도 밀양시 상남면,중상사고,0,1,0,0,차대차 - 추돌 - 진행중,안전운전불이행,건조,맑음,단일로 - 기타,승용,남,59세,상해없음,승용,여,32세,중상
2015062800100231,2015년 6월 28일 13시,일요일,경상남도 남해군 삼동면,경상사고,0,0,4,0,차대차 - 측면직각충돌,중앙선침범,건조,맑음,단일로 - 기타,승용,여,52세,경상,승용,남,60세,경상
2015062800100252,2015년 6월 28일 14시,일요일,경상남도 밀양시 무안면,경상사고,0,0,1,0,차대차 - 기타,교차로운행방법위반,건조,맑음,교차로 - 교차로안,이륜,남,27세,경상,승용,남,38세,상해없음
2015062800100253,2015년 6월 28일 14시,일요일,경상남도 거제시 사등면,중상사고,0,1,0,0,차대차 - 기타,차로위반,건조,맑음,단일로 - 기타,승용,여,26세,상해없음,이륜,남,28세,중상
2015062800100279,2015년 6월 28일 15시,일요일,경상남도 밀양시 삼랑진읍,경상사고,0,0,1,0,차대차 - 측면직각충돌,교차로운행방법위반,건조,맑음,교차로 - 교차로안,승용,남,24세,상해없음,승용,남,65세,경상
2015062800100280,2015년 6월 28일 15시,일요일,경상남도 김해시 구산동,경상사고,0,0,1,0,차대사람 - 기타,안전운전불이행,건조,맑음,단일로 - 기타,기타불명,기타불명,기타불명,기타불명,보행자,남,8세,경상
2015062800100281,2015년 6월 28일 15시,일요일,경상남도 거제시 두모동,경상사고,0,0,2,0,차대차 - 기타,안전거리미확보,건조,맑음,단일로 - 기타,승용,남,39세,상해없음,승용,남,43세,경상
2015062800100282,2015년 6월 28일 15시,일요일,경상남도 의령군 용덕면,중상사고,0,1,0,0,차대차 - 추돌 - 진행중,안전운전불이행,건조,맑음,단일로 - 기타,화물,남,58세,상해없음,원동기,남,72세,중상
2015062800100308,2015년 6월 28일 16시,일요일,경상남도 사천시 서포면,중상사고,0,3,4,1,차대차 - 측면직각충돌,신호위반,건조,맑음,교차로 - 교차로안,화물,남,50세,상해없음,승합,남,56세,중상
2015062800100341,2015년 6월 28일 17시,일요일,경상남도 김해시 부원동,중상사고,0,1,0,0,차대사람 - 횡단중,보행자보호의무위반,건조,맑음,단일로 - 횡단보도상,승용,여,44세,상해없음,보행자,여,66세,중상
2015062800100343,2015년 6월 28일 17시,일요일,경상남도 함안군 대산면,사망사고,1,0,0,0,차대차 - 정면충돌,중앙선침범,건조,맑음,단일로 - 기타,이륜,남,82세,사망,승용,남,64세,상해없음
2015062800100344,2015년 6월 28일 17시,일요일,경상남도 함안군 가야읍,경상사고,0,0,5,0,차대차 - 추돌 - 진행중,안전운전불이행,건조,맑음,단일로 - 기타,승용,남,59세,상해없음,승용,여,51세,경상
2015062800100417,2015년 6월 28일 20시,일요일,경상남도 통영시 미수동,경상사고,0,0,1,0,차대차 - 정면충돌,직진우회전진행방해,건조,맑음,교차로 - 교차로안,승용,여,32세,상해없음,자전거,남,16세,경상
2015062800100418,2015년 6월 28일 20시,일요일,경상남도 김해시 부원동,경상사고,0,0,1,0,차대사람 - 기타,안전운전불이행,건조,맑음,단일로 - 기타,승용,남,46세,상해없음,보행자,남,47세,경상
2015062800100443,2015년 6월 28일 21시,일요일,경상남도 김해시 한림면,사망사고,1,0,0,0,차대사람 - 차도통행중,안전운전불이행,건조,맑음,단일로 - 기타,승용,남,37세,상해없음,보행자,남,71세,사망
2015062800100475,2015년 6월 28일 23시,일요일,경상남도 김해시 어방동,중상사고,0,1,0,0,차대차 - 측면직각충돌,중앙선침범,건조,맑음,단일로 - 기타,승용,여,29세,상해없음,이륜,남,18세,중상
2015062900100051,2015년 6월 29일 05시,월요일,경상남도 김해시 삼정동,경상사고,0,0,1,0,차대차 - 기타,안전운전불이행,건조,맑음,단일로 - 기타,화물,남,35세,상해없음,승합,남,27세,경상
2015062900100052,2015년 6월 29일 05시,월요일,경상남도 창원시 성산구 남양동,경상사고,0,0,2,0,차대차 - 측면직각충돌,신호위반,건조,맑음,교차로 - 교차로안,승용,남,50세,상해없음,승용,남,73세,경상
2015062900100053,2015년 6월 29일 05시,월요일,경상남도 창원시 마산회원구 내서읍,경상사고,0,0,1,0,차대차 - 측면직각충돌,안전운전불이행,건조,맑음,교차로 - 교차로안,승용,남,31세,상해없음,화물,남,60세,경상
2015062900100068,2015년 6월 29일 06시,월요일,경상남도 통영시 무전동,중상사고,0,1,0,0,차대사람 - 차도통행중,안전운전불이행,건조,맑음,단일로 - 기타,승합,남,67세,상해없음,보행자,여,24세,중상
2015062900100088,2015년 6월 29일 07시,월요일,경상남도 김해시 구산동,경상사고,0,0,1,0,차대차 - 측면직각충돌,중앙선침범,건조,맑음,교차로 - 교차로부근,자전거,남,68세,경상,승용,남,30세,상해없음
2015062900100089,2015년 6월 29일 07시,월요일,경상남도 양산시 물금읍,부상신고사고,0,0,0,2,차대차 - 측면직각충돌,교차로운행방법위반,건조,맑음,교차로 - 교차로안,승용,남,42세,상해없음,승용,여,43세,부상신고
2015062900100090,2015년 6월 29일 07시,월요일,경상남도 거제시 장평동,경상사고,0,0,1,0,차대차 - 기타,안전운전불이행,건조,맑음,교차로 - 교차로부근,자전거,남,26세,상해없음,자전거,남,43세,경상
2015062900100091,2015년 6월 29일 07시,월요일,경상남도 창원시 성산구 대방동,중상사고,0,1,0,0,차대사람 - 횡단중,안전운전불이행,건조,맑음,교차로 - 교차로부근,승용,남,46세,상해없음,보행자,남,15세,중상
2015062900100092,2015년 6월 29일 07시,월요일,경상남도 김해시 한림면,경상사고,0,0,1,0,차대차 - 정면충돌,안전운전불이행,건조,맑음,단일로 - 기타,승용,남,31세,상해없음,화물,남,39세,상해없음
2015062900100133,2015년 6월 29일 08시,월요일,경상남도 통영시 항남동,경상사고,0,0,1,0,차대차 - 측면직각충돌,안전운전불이행,건조,맑음,교차로 - 교차로안,승용,여,68세,상해없음,자전거,남,70세,경상
2015062900100134,2015년 6월 29일 08시,월요일,경상남도 김해시 어방동,중상사고,0,1,1,0,차대차 - 추돌 - 진행중,안전거리미확보,건조,맑음,단일로 - 기타,승용,남,21세,상해없음,승용,여,43세,중상
2015062900100180,2015년 6월 29일 09시,월요일,경상남도 창원시 마산합포구 진북면,중상사고,0,1,0,0,차대차 - 기타,안전운전불이행,건조,맑음,단일로 - 기타,승용,남,57세,상해없음,자전거,남,75세,중상
2015062900100181,2015년 6월 29일 09시,월요일,경상남도 밀양시 내일동,경상사고,0,0,1,0,차대사람 - 횡단중,안전운전불이행,건조,맑음,단일로 - 기타,승용,남,39세,상해없음,보행자,남,82세,경상
2015062900100182,2015년 6월 29일 09시,월요일,경상남도 양산시 명동,부상신고사고,0,0,0,1,차대차 - 측면직각충돌,교차로운행방법위반,건조,맑음,교차로 - 교차로안,승용,여,50세,부상신고,건설기계,남,50세,상해없음
2015062900100204,2015년 6월 29일 10시,월요일,경상남도 김해시 어방동,중상사고,0,1,0,0,차대차 - 추돌 - 진행중,안전운전불이행,건조,맑음,교차로 - 교차로부근,승용,여,58세,상해없음,원동기,남,50세,중상
2015062900100205,2015년 6월 29일 10시,월요일,경상남도 창원시 성산구 상남동,경상사고,0,0,1,0,차대차 - 기타,안전운전불이행,건조,맑음,단일로 - 기타,승용,남,59세,상해없음,자전거,남,52세,경상
2015062900100242,2015년 6월 29일 11시,월요일,경상남도 창원시 마산합포구 예곡동,경상사고,0,0,2,0,차대차 - 기타,안전운전불이행,건조,맑음,단일로 - 기타,승합,남,43세,상해없음,화물,남,38세,경상
2015062900100243,2015년 6월 29일 11시,월요일,경상남도 진주시 하촌동,중상사고,0,2,0,0,차대차 - 측면직각충돌,직진우회전진행방해,건조,맑음,교차로 - 교차로안,승용,여,49세,중상,화물,남,30세,중상
2015062900100244,2015년 6월 29일 11시,월요일,경상남도 창원시 진해구 경화동,중상사고,0,1,1,0,차대차 - 측면직각충돌,신호위반,건조,맑음,교차로 - 교차로부근,승용,남,60세,상해없음,승용,남,45세,중상
2015062900100245,2015년 6월 29일 11시,월요일,경상남도 거창군 거창읍,중상사고,0,1,0,0,차대차 - 추돌 - 진행중,교차로운행방법위반,건조,맑음,단일로 - 기타,원동기,여,50세,상해없음,자전거,여,52세,중상
2015062900100256,2015년 6월 29일 12시,월요일,경상남도 밀양시 상동면,중상사고,0,2,0,0,차대차 - 기타,기타,건조,맑음,단일로 - 터널,화물,남,55세,상해없음,승용,남,38세,중상
2015062900100272,2015년 6월 29일 12시,월요일,경상남도 사천시 좌룡동,경상사고,0,0,2,0,차대차 - 측면직각충돌,안전거리미확보,건조,맑음,단일로 - 기타,화물,남,41세,상해없음,승용,남,38세,경상
2015062900100273,2015년 6월 29일 12시,월요일,경상남도 사천시 동금동,경상사고,0,0,1,0,차대차 - 측면직각충돌,중앙선침범,건조,맑음,단일로 - 기타,승합,남,60세,상해없음,승용,남,30세,경상
2015062900100274,2015년 6월 29일 12시,월요일,경상남도 김해시 삼정동,중상사고,0,1,0,0,차대사람 - 기타,안전운전불이행,건조,맑음,단일로 - 기타,화물,남,27세,상해없음,보행자,여,53세,중상
2015062900100315,2015년 6월 29일 13시,월요일,경상남도 김해시 부원동,중상사고,0,2,0,0,차대차 - 측면직각충돌,안전운전불이행,건조,맑음,교차로 - 교차로안,승용,여,55세,상해없음,화물,남,41세,중상
2015062900100316,2015년 6월 29일 13시,월요일,경상남도 양산시 하북면,중상사고,0,1,3,0,차대차 - 기타,안전거리미확보,건조,맑음,단일로 - 기타,승용,남,50세,상해없음,승용,여,24세,경상
2015062900100349,2015년 6월 29일 14시,월요일,경상남도 진주시 상대동,경상사고,0,0,1,0,차대차 - 측면직각충돌,직진우회전진행방해,건조,맑음,교차로 - 교차로안,이륜,남,56세,경상,승용,여,53세,상해없음
2015062900100350,2015년 6월 29일 14시,월요일,경상남도 진주시 이현동,중상사고,0,1,0,0,차대차 - 측면직각충돌,안전운전불이행,건조,맑음,교차로 - 교차로안,승용,여,44세,상해없음,이륜,남,70세,중상
2015062900100351,2015년 6월 29일 14시,월요일,경상남도 사천시 향촌동,경상사고,0,0,2,0,차대차 - 측면직각충돌,기타,건조,맑음,교차로 - 교차로안,승용,남,57세,상해없음,승용,남,60세,경상
2015062900100352,2015년 6월 29일 14시,월요일,경상남도 함양군 서하면,중상사고,0,1,0,0,차대차 - 추돌 - 주정차중,안전운전불이행,건조,맑음,교차로 - 교차로부근,화물,남,36세,상해없음,승용,남,36세,중상
2015062900100353,2015년 6월 29일 14시,월요일,경상남도 창원시 의창구 명서동,경상사고,0,0,2,0,차대차 - 추돌 - 진행중,안전운전불이행,건조,맑음,단일로 - 기타,승용,남,46세,상해없음,이륜,남,28세,경상
2015062900100405,2015년 6월 29일 15시,월요일,경상남도 창원시 진해구 석동,경상사고,0,0,1,0,차대차 - 추돌 - 진행중,안전운전불이행,건조,맑음,단일로 - 기타,화물,남,29세,기타불명,승용,남,42세,기타불명
2015062900100406,2015년 6월 29일 15시,월요일,경상남도 사천시 동금동,경상사고,0,0,1,0,차대차 - 측면직각충돌,신호위반,건조,맑음,교차로 - 교차로안,자전거,여,53세,경상,승용,남,64세,상해없음
2015062900100408,2015년 6월 29일 15시,월요일,경상남도 창원시 의창구 용호동,중상사고,0,1,0,0,차대사람 - 기타,안전운전불이행,건조,맑음,단일로 - 기타,승용,남,52세,상해없음,보행자,남,9세,중상
2015062900100452,2015년 6월 29일 16시,월요일,경상남도 김해시 외동,경상사고,0,0,1,0,차대차 - 측면직각충돌,안전운전불이행,건조,맑음,단일로 - 기타,승용,남,28세,상해없음,승용,여,38세,경상
2015062900100501,2015년 6월 29일 17시,월요일,경상남도 김해시 불암동,중상사고,0,1,0,0,차대차 - 측면직각충돌,안전거리미확보,건조,맑음,교차로 - 교차로부근,승용,남,41세,상해없음,이륜,남,46세,중상
2015062900100537,2015년 6월 29일 18시,월요일,경상남도 진주시 금산면,중상사고,0,1,0,0,차대차 - 측면직각충돌,안전운전불이행,건조,맑음,교차로 - 교차로부근,자전거,남,13세,중상,승용,남,38세,상해없음
2015062900100538,2015년 6월 29일 18시,월요일,경상남도 거제시 장평동,경상사고,0,0,1,0,차대차 - 정면충돌,중앙선침범,건조,맑음,단일로 - 기타,자전거,남,37세,상해없음,이륜,남,31세,경상
2015062900100582,2015년 6월 29일 19시,월요일,경상남도 창원시 진해구 경화동,중상사고,0,1,0,0,차대차 - 추돌 - 진행중,교차로운행방법위반,건조,맑음,교차로 - 교차로안,승용,남,30세,상해없음,자전거,남,73세,중상
2015062900100583,2015년 6월 29일 19시,월요일,경상남도 통영시 항남동,경상사고,0,0,1,0,차대사람 - 기타,신호위반,건조,맑음,단일로 - 기타,승용,남,53세,상해없음,보행자,남,70세,경상
2015062900100619,2015년 6월 29일 20시,월요일,경상남도 양산시 물금읍,경상사고,0,0,1,0,차대차 - 기타,교차로운행방법위반,건조,맑음,교차로 - 교차로안,승용,여,26세,상해없음,자전거,남,14세,경상
2015062900100654,2015년 6월 29일 21시,월요일,경상남도 거제시 상동동,중상사고,0,2,0,0,차대차 - 정면충돌,안전운전불이행,건조,맑음,교차로 - 교차로안,승용,남,19세,상해없음,승용,남,54세,중상
2015062900100683,2015년 6월 29일 22시,월요일,경상남도 김해시 어방동,중상사고,0,1,1,0,차대차 - 측면직각충돌,신호위반,건조,맑음,교차로 - 교차로안,승용,남,44세,경상,원동기,남,17세,중상
2015062900100684,2015년 6월 29일 22시,월요일,경상남도 김해시 내동,경상사고,0,0,2,0,차대차 - 추돌 - 진행중,안전운전불이행,건조,맑음,단일로 - 기타,승용,남,48세,상해없음,원동기,남,16세,경상
2015062900100685,2015년 6월 29일 22시,월요일,경상남도 거창군 거창읍,중상사고,0,2,0,0,차대차 - 측면직각충돌,신호위반,건조,맑음,교차로 - 교차로안,승용,남,39세,중상,승용,남,45세,중상
2015062900100686,2015년 6월 29일 22시,월요일,경상남도 합천군 삼가면,경상사고,0,0,1,0,차대차 - 정면충돌,신호위반,건조,맑음,교차로 - 교차로안,승용,남,18세,상해없음,승용,여,37세,경상
2015062900100713,2015년 6월 29일 23시,월요일,경상남도 거제시 옥포동,경상사고,0,0,1,0,차대차 - 측면직각충돌,안전운전불이행,건조,맑음,단일로 - 기타,승용,남,25세,상해없음,이륜,남,30세,경상
2015062900100714,2015년 6월 29일 23시,월요일,경상남도 창원시 마산회원구 내서읍,사망사고,1,0,0,0,차대차 - 정면충돌,과속,건조,맑음,단일로 - 기타,승용,남,27세,상해없음,원동기,남,43세,사망
2015063000100034,2015년 6월 30일 01시,화요일,경상남도 거제시 아주동,중상사고,0,1,0,0,차대사람 - 길가장자리구역통행중,안전운전불이행,건조,맑음,단일로 - 기타,이륜,남,35세,상해없음,보행자,남,56세,중상
2015063000100085,2015년 6월 30일 06시,화요일,경상남도 창원시 의창구 대산면,중상사고,0,1,0,0,차대차 - 추돌 - 진행중,신호위반,건조,맑음,교차로 - 교차로안,화물,남,52세,상해없음,승용,남,69세,중상
2015063000100111,2015년 6월 30일 07시,화요일,경상남도 사천시 서포면,부상신고사고,0,0,0,1,차량단독 - 전도전복,안전운전불이행,습기,비,단일로 - 기타,원동기,남,83세,부상신고,,,,
2015063000100175,2015년 6월 30일 09시,화요일,경상남도 거창군 마리면,중상사고,0,1,0,0,차대차 - 측면직각충돌,불법유턴,건조,맑음,단일로 - 기타,원동기,남,21세,중상,화물,남,73세,상해없음
2015063000100211,2015년 6월 30일 10시,화요일,경상남도 진주시 평거동,경상사고,0,0,3,0,차대차 - 측면직각충돌,직진우회전진행방해,건조,맑음,교차로 - 교차로안,승용,남,49세,상해없음,승용,남,71세,경상
2015063000100212,2015년 6월 30일 10시,화요일,경상남도 통영시 도천동,경상사고,0,0,1,0,차대차 - 측면직각충돌,안전운전불이행,습기,비,단일로 - 기타,화물,남,58세,상해없음,승용,남,46세,경상
2015063000100213,2015년 6월 30일 10시,화요일,경상남도 사천시 향촌동,경상사고,0,0,1,0,차대차 - 추돌 - 주정차중,안전운전불이행,건조,맑음,교차로 - 교차로부근,승용,남,48세,상해없음,승용,여,56세,경상
2015063000100240,2015년 6월 30일 11시,화요일,경상남도 사천시 사천읍,경상사고,0,0,4,0,차대차 - 추돌 - 주정차중,안전운전불이행,습기,맑음,교차로 - 교차로부근,특수,남,41세,상해없음,승합,남,45세,경상
2015063000100274,2015년 6월 30일 12시,화요일,경상남도 창원시 마산합포구 월영동,중상사고,0,2,0,0,차대차 - 측면직각충돌,안전운전불이행,습기,비,교차로 - 교차로부근,승용,여,57세,상해없음,승용,여,58세,중상
2015063000100275,2015년 6월 30일 12시,화요일,경상남도 창원시 마산합포구 구산면,경상사고,0,0,1,0,차대차 - 측면직각충돌,안전운전불이행,습기,비,단일로 - 기타,승용,여,60세,상해없음,화물,남,35세,상해없음
2015063000100276,2015년 6월 30일 12시,화요일,경상남도 사천시 동동,중상사고,0,2,0,0,차대차 - 측면직각충돌,교차로운행방법위반,습기,비,교차로 - 교차로안,화물,여,48세,상해없음,승용,남,63세,중상
2015063000100277,2015년 6월 30일 12시,화요일,경상남도 양산시 북부동,경상사고,0,0,1,0,차대사람 - 차도통행중,안전운전불이행,건조,맑음,교차로 - 교차로안,승용,여,58세,상해없음,보행자,여,35세,경상
2015063000100294,2015년 6월 30일 13시,화요일,경상남도 통영시 도산면,경상사고,0,0,1,0,차대차 - 측면직각충돌,안전운전불이행,습기,비,단일로 - 기타,승용,여,53세,상해없음,화물,남,30세,경상
2015063000100295,2015년 6월 30일 13시,화요일,경상남도 남해군 이동면,중상사고,0,1,1,0,차량단독 - 전도전복,안전운전불이행,습기,비,단일로 - 기타,화물,남,54세,경상,,,,
2015063000100296,2015년 6월 30일 13시,화요일,경상남도 진주시 문산읍,중상사고,0,6,7,0,차대차 - 기타,안전운전불이행,습기,비,단일로 - 기타,승용,남,32세,경상,승합,남,60세,중상
2015063000100321,2015년 6월 30일 14시,화요일,경상남도 통영시 광도면,중상사고,0,1,0,0,차대차 - 측면직각충돌,안전운전불이행,습기,비,교차로 - 교차로안,승용,남,34세,상해없음,승용,남,37세,중상
2015063000100322,2015년 6월 30일 14시,화요일,경상남도 김해시 생림면,중상사고,0,2,0,0,차대차 - 측면직각충돌,중앙선침범,습기,비,단일로 - 기타,화물,남,44세,상해없음,승용,남,43세,중상
2015063000100323,2015년 6월 30일 14시,화요일,경상남도 양산시 어곡동,중상사고,0,1,0,0,차대차 - 기타,안전운전불이행,습기,비,단일로 - 기타,건설기계,남,36세,중상,화물,남,52세,상해없음
2015063000100324,2015년 6월 30일 14시,화요일,경상남도 창원시 의창구 북면,중상사고,0,1,0,0,차대차 - 기타,안전운전불이행,습기,비,단일로 - 기타,화물,남,57세,상해없음,승합,남,54세,상해없음
2015063000100357,2015년 6월 30일 15시,화요일,경상남도 창원시 진해구 장천동,중상사고,0,1,0,0,차대차 - 추돌 - 주정차중,안전운전불이행,습기,비,교차로 - 교차로부근,승용,여,51세,상해없음,승용,남,63세,상해없음
2015063000100358,2015년 6월 30일 15시,화요일,경상남도 밀양시 무안면,경상사고,0,0,1,0,차대차 - 측면직각충돌,교차로운행방법위반,건조,맑음,교차로 - 교차로안,이륜,남,72세,경상,승용,여,50세,상해없음
2015063000100387,2015년 6월 30일 16시,화요일,경상남도 창원시 마산합포구 덕동동,경상사고,0,0,1,0,차대차 - 측면직각충돌,안전운전불이행,습기,비,교차로 - 교차로부근,승용,여,59세,상해없음,승용,여,55세,경상
2015063000100388,2015년 6월 30일 16시,화요일,경상남도 창원시 마산합포구 남성동,중상사고,0,1,0,0,차대사람 - 기타,안전운전불이행,습기,비,단일로 - 횡단보도상,화물,남,61세,상해없음,보행자,여,78세,중상
2015063000100389,2015년 6월 30일 16시,화요일,경상남도 밀양시 내이동,중상사고,0,1,0,0,차대차 - 측면직각충돌,교차로운행방법위반,습기,비,교차로 - 교차로안,승용,남,28세,기타불명,원동기,남,35세,중상
2015063000100390,2015년 6월 30일 16시,화요일,경상남도 양산시 삼호동,경상사고,0,0,1,0,차대차 - 기타,안전운전불이행,건조,맑음,교차로 - 교차로안,승용,여,46세,상해없음,승용,여,66세,경상
2015063000100391,2015년 6월 30일 16시,화요일,경상남도 양산시 북정동,경상사고,0,0,1,0,차대차 - 기타,직진우회전진행방해,건조,맑음,교차로 - 교차로안,승용,여,24세,상해없음,승용,남,42세,경상
2015063000100392,2015년 6월 30일 16시,화요일,경상남도 창원시 마산회원구 석전동,경상사고,0,0,1,1,차대차 - 측면직각충돌,안전운전불이행,건조,맑음,단일로 - 기타,승용,남,34세,부상신고,승용,남,56세,경상
2015063000100393,2015년 6월 30일 16시,화요일,경상남도 김해시 풍유동,경상사고,0,0,1,0,차대차 - 측면직각충돌,안전운전불이행,습기,비,단일로 - 기타,승용,남,26세,상해없음,승용,남,61세,경상
2015063000100394,2015년 6월 30일 16시,화요일,경상남도 김해시 명법동,중상사고,0,1,0,0,차대차 - 추돌 - 진행중,안전거리미확보,습기,비,교차로 - 교차로안,승용,남,44세,상해없음,승용,여,41세,중상
2015063000100420,2015년 6월 30일 17시,화요일,경상남도 창원시 진해구 석동,경상사고,0,0,1,0,차대사람 - 횡단중,보행자보호의무위반,건조,맑음,교차로 - 교차로부근,승용,남,33세,상해없음,보행자,여,19세,경상
2015063000100421,2015년 6월 30일 17시,화요일,경상남도 밀양시 내이동,중상사고,0,1,0,0,차대차 - 측면직각충돌,안전운전불이행,습기,비,단일로 - 기타,승용,남,81세,상해없음,원동기,남,63세,중상
2015063000100422,2015년 6월 30일 17시,화요일,경상남도 김해시 상동면,중상사고,0,1,0,0,차대차 - 측면직각충돌,중앙선침범,습기,비,단일로 - 기타,화물,여,54세,상해없음,승용,여,47세,중상
2015063000100423,2015년 6월 30일 17시,화요일,경상남도 김해시 대동면,중상사고,0,1,1,0,차대차 - 측면직각충돌,중앙선침범,습기,비,단일로 - 기타,화물,남,36세,상해없음,승용,남,63세,경상
2015063000100424,2015년 6월 30일 17시,화요일,경상남도 창녕군 창녕읍,중상사고,0,1,2,0,차대차 - 측면직각충돌,직진우회전진행방해,습기,비,교차로 - 교차로안,화물,남,50세,상해없음,승용,남,50세,경상
2015063000100425,2015년 6월 30일 17시,화요일,경상남도 거제시 장평동,중상사고,0,1,0,0,차대사람 - 횡단중,보행자보호의무위반,습기,비,단일로 - 기타,승용,남,29세,상해없음,보행자,여,11세,중상
2015063000100426,2015년 6월 30일 17시,화요일,경상남도 창원시 의창구 동읍,경상사고,0,0,1,0,차대차 - 추돌 - 주정차중,안전운전불이행,습기,비,단일로 - 기타,승용,남,39세,상해없음,승용,여,44세,경상