사고번호,사고일시,요일,시군구,사고내용,사망자수,중상자수,경상자수,부상신고자수,사고유형,법규위반,노면상태,기상상태,도로형태,가해운전자 차종,가해운전자 성별,가해운전자 연령,가해운전자 상해정도,피해운전자 차종,피해운전자 성별,피해운전자 연령,피해운전자 상해정도
2015070600100438,2015년 7월 6일 17시,월요일,경상남도 거제시 장승포동,경상사고,0,0,1,0,차대차 - 기타,안전운전불이행,건조,맑음,단일로 - 기타,승용,여,58세,상해없음,원동기,남,21세,경상
2015070600100439,2015년 7월 6일 17시,월요일,경상남도 김해시 장유면,경상사고,0,0,1,0,차대사람 - 횡단중,안전운전불이행,건조,맑음,단일로 - 기타,승용,남,48세,상해없음,보행자,여,8세,경상
2015070600100467,2015년 7월 6일 18시,월요일,경상남도 창원시 마산합포구 서성동,경상사고,0,0,1,0,차대사람 - 기타,안전운전불이행,건조,흐림,교차로 - 교차로안,승합,여,56세,상해없음,보행자,남,70세,경상
2015070600100468,2015년 7월 6일 18시,월요일,경상남도 진주시 망경동,경상사고,0,0,1,1,차대차 - 추돌 - 진행중,안전운전불이행,건조,맑음,교차로 - 교차로부근,승용,남,52세,부상신고,승용,여,54세,경상
2015070600100469,2015년 7월 6일 18시,월요일,경상남도 창원시 의창구 봉곡동,중상사고,0,1,0,0,차대사람 - 기타,안전운전불이행,건조,맑음,단일로 - 기타,승용,여,36세,상해없음,보행자,남,52세,중상
2015070600100492,2015년 7월 6일 19시,월요일,경상남도 진주시 신안동,중상사고,0,1,0,0,차대사람 - 횡단중,보행자보호의무위반,건조,흐림,교차로 - 교차로부근,화물,남,56세,상해없음,보행자,여,19세,중상
2015070600100521,2015년 7월 6일 20시,월요일,경상남도 양산시 동면,부상신고사고,0,0,0,1,차대차 - 기타,교차로운행방법위반,건조,맑음,교차로 - 교차로부근,승용,여,27세,부상신고,승용,여,50세,상해없음
2015070600100552,2015년 7월 6일 21시,월요일,경상남도 김해시 삼계동,경상사고,0,0,1,0,차대사람 - 횡단중,안전운전불이행,건조,맑음,단일로 - 횡단보도부근,이륜,남,19세,상해없음,보행자,여,42세,경상
2015070600100553,2015년 7월 6일 21시,월요일,경상남도 거창군 거창읍,경상사고,0,0,1,0,차대사람 - 횡단중,보행자보호의무위반,건조,맑음,단일로 - 횡단보도상,승용,남,20세,상해없음,보행자,여,28세,경상
2015070600100578,2015년 7월 6일 22시,월요일,경상남도 진주시 가좌동,중상사고,0,1,1,0,차대차 - 측면직각충돌,신호위반,건조,맑음,교차로 - 교차로안,승용,남,32세,경상,승용,여,61세,중상
2015070600100579,2015년 7월 6일 22시,월요일,경상남도 진주시 평거동,경상사고,0,0,1,0,차대차 - 측면직각충돌,불법유턴,건조,맑음,단일로 - 기타,승용,남,28세,상해없음,이륜,남,35세,경상
2015070600100580,2015년 7월 6일 22시,월요일,경상남도 창원시 진해구 석동,중상사고,0,1,0,0,차대차 - 추돌 - 진행중,안전거리미확보,건조,맑음,교차로 - 교차로안,승용,남,40세,상해없음,승용,여,52세,중상
2015070700100020,2015년 7월 7일 00시,화요일,경상남도 창원시 진해구 석동,경상사고,0,0,1,0,차대차 - 측면직각충돌,직진우회전진행방해,습기,비,교차로 - 교차로안,원동기,남,18세,경상,승용,남,62세,상해없음
2015070700100021,2015년 7월 7일 00시,화요일,경상남도 김해시 어방동,중상사고,0,1,0,0,차대사람 - 횡단중,안전운전불이행,습기,흐림,단일로 - 기타,이륜,남,23세,상해없음,보행자,여,74세,중상
2015070700100022,2015년 7월 7일 00시,화요일,경상남도 김해시 외동,경상사고,0,0,1,0,차대차 - 측면직각충돌,안전거리미확보,습기,흐림,교차로 - 교차로안,승용,남,60세,상해없음,이륜,남,23세,경상
2015070700100023,2015년 7월 7일 00시,화요일,경상남도 양산시 평산동,중상사고,0,3,0,0,차대차 - 측면직각충돌,교차로운행방법위반,건조,맑음,교차로 - 교차로안,승용,여,44세,중상,승용,남,41세,중상
2015070700100024,2015년 7월 7일 00시,화요일,경상남도 창원시 마산회원구 석전동,경상사고,0,0,1,0,차대사람 - 기타,안전운전불이행,건조,흐림,단일로 - 횡단보도부근,승용,남,49세,상해없음,보행자,남,44세,경상
2015070700100078,2015년 7월 7일 05시,화요일,경상남도 김해시 장유면,중상사고,0,1,0,0,차대차 - 측면직각충돌,신호위반,건조,흐림,교차로 - 교차로안,승용,남,58세,중상,화물,남,53세,상해없음
2015070700100087,2015년 7월 7일 06시,화요일,경상남도 김해시 삼계동,중상사고,0,1,0,0,차대차 - 추돌 - 주정차중,안전운전불이행,건조,맑음,단일로 - 기타,승용,여,32세,상해없음,승용,여,41세,중상
2015070700100088,2015년 7월 7일 06시,화요일,경상남도 함안군 칠원읍,중상사고,0,1,0,0,차량단독 - 공작물충돌,안전운전불이행,건조,맑음,단일로 - 기타,이륜,남,68세,중상,,,,
2015070700100142,2015년 7월 7일 08시,화요일,경상남도 진주시 신안동,경상사고,0,0,1,0,차량단독 - 기타,안전운전불이행,습기,비,단일로 - 기타,승용,남,55세,상해없음,,,,
2015070700100195,2015년 7월 7일 10시,화요일,경상남도 의령군 궁류면,중상사고,0,1,0,0,차량단독 - 도로외이탈 - 기타,안전운전불이행,습기,비,단일로 - 기타,화물,남,23세,중상,,,,
2015070700100196,2015년 7월 7일 10시,화요일,경상남도 창원시 의창구 동읍,경상사고,0,0,1,0,차대차 - 추돌 - 주정차중,안전운전불이행,습기,비,교차로 - 교차로부근,승용,남,45세,상해없음,승용,여,46세,경상
2015070700100229,2015년 7월 7일 11시,화요일,경상남도 창원시 진해구 죽곡동,경상사고,0,0,2,0,차대차 - 기타,안전운전불이행,습기,비,단일로 - 기타,특수,남,34세,상해없음,승용,남,63세,경상
2015070700100260,2015년 7월 7일 12시,화요일,경상남도 사천시 향촌동,경상사고,0,0,1,0,차대차 - 측면직각충돌,안전운전불이행,습기,비,단일로 - 기타,화물,남,45세,상해없음,승용,여,54세,경상
2015070700100261,2015년 7월 7일 12시,화요일,경상남도 밀양시 내이동,경상사고,0,0,3,0,차대차 - 추돌 - 진행중,안전운전불이행,습기,비,단일로 - 기타,승용,남,38세,상해없음,승용,여,58세,경상
2015070700100262,2015년 7월 7일 12시,화요일,경상남도 창원시 의창구 명서동,경상사고,0,0,1,0,차대차 - 측면직각충돌,안전운전불이행,습기,비,교차로 - 교차로안,승용,남,33세,상해없음,이륜,남,18세,경상
2015070700100296,2015년 7월 7일 13시,화요일,경상남도 고성군 고성읍,중상사고,0,1,0,0,차대사람 - 차도통행중,안전운전불이행,습기,비,교차로 - 교차로안,승용,여,27세,상해없음,보행자,여,81세,중상
2015070700100297,2015년 7월 7일 13시,화요일,경상남도 김해시 진영읍,경상사고,0,0,1,0,차대차 - 추돌 - 진행중,교차로운행방법위반,습기,비,교차로 - 교차로부근,화물,남,56세,상해없음,화물,남,45세,경상
2015070700100331,2015년 7월 7일 14시,화요일,경상남도 창원시 마산합포구 자산동,경상사고,0,0,1,0,차대차 - 추돌 - 진행중,안전운전불이행,습기,비,단일로 - 기타,승용,여,42세,상해없음,승용,남,27세,경상
2015070700100398,2015년 7월 7일 16시,화요일,경상남도 진주시 망경동,중상사고,0,1,0,0,차대사람 - 횡단중,보행자보호의무위반,건조,맑음,교차로 - 교차로안,승용,남,40세,상해없음,보행자,남,48세,중상
2015070700100399,2015년 7월 7일 16시,화요일,경상남도 창원시 진해구 이동,경상사고,0,0,1,0,차대차 - 추돌 - 진행중,안전거리미확보,습기,비,교차로 - 교차로안,승용,남,39세,상해없음,승용,남,68세,경상
2015070700100400,2015년 7월 7일 16시,화요일,경상남도 양산시 물금읍,경상사고,0,0,2,0,차대차 - 기타,교차로운행방법위반,건조,맑음,교차로 - 교차로안,화물,남,51세,경상,건설기계,남,47세,경상
2015070700100401,2015년 7월 7일 16시,화요일,경상남도 양산시 덕계동,경상사고,0,0,1,0,차대차 - 추돌 - 진행중,안전거리미확보,습기,비,단일로 - 기타,승합,남,76세,상해없음,승용,여,46세,경상
2015070700100455,2015년 7월 7일 17시,화요일,경상남도 창원시 진해구 자은동,경상사고,0,0,1,0,차대차 - 기타,안전거리미확보,습기,비,교차로 - 교차로부근,승용,여,42세,상해없음,승용,여,39세,경상
2015070700100456,2015년 7월 7일 17시,화요일,경상남도 김해시 외동,경상사고,0,0,1,0,차대차 - 기타,안전운전불이행,습기,비,단일로 - 기타,승용,남,42세,상해없음,원동기,남,42세,경상
2015070700100497,2015년 7월 7일 18시,화요일,경상남도 거제시 고현동,중상사고,0,1,0,0,차대사람 - 횡단중,보행자보호의무위반,건조,맑음,교차로 - 교차로부근,승용,남,19세,상해없음,보행자,여,38세,중상
2015070700100546,2015년 7월 7일 19시,화요일,경상남도 김해시 내동,중상사고,0,1,0,0,차대차 - 측면직각충돌,안전운전불이행,습기,비,단일로 - 기타,승용,여,40세,상해없음,이륜,남,17세,중상
2015070700100547,2015년 7월 7일 19시,화요일,경상남도 거제시 고현동,경상사고,0,0,1,0,차대사람 - 길가장자리구역통행중,안전운전불이행,습기,비,단일로 - 기타,승용,여,39세,상해없음,보행자,여,25세,경상
2015070700100548,2015년 7월 7일 19시,화요일,경상남도 창원시 의창구 봉곡동,경상사고,0,0,1,0,차대차 - 기타,안전운전불이행,습기,비,교차로 - 교차로부근,승용,남,62세,상해없음,승용,여,32세,경상
2015070700100585,2015년 7월 7일 20시,화요일,경상남도 진주시 수정동,중상사고,0,1,0,0,차대사람 - 횡단중,보행자보호의무위반,습기,비,단일로 - 횡단보도상,승용,남,56세,상해없음,보행자,여,18세,중상
2015070700100586,2015년 7월 7일 20시,화요일,경상남도 김해시 생림면,중상사고,0,1,0,0,차대차 - 측면직각충돌,안전운전불이행,습기,비,단일로 - 기타,승용,여,44세,상해없음,승용,남,55세,중상
2015070700100587,2015년 7월 7일 20시,화요일,경상남도 양산시 물금읍,중상사고,0,1,0,0,차대차 - 추돌 - 주정차중,안전거리미확보,건조,맑음,교차로 - 교차로부근,승용,남,38세,상해없음,승용,여,55세,중상
2015070700100588,2015년 7월 7일 20시,화요일,경상남도 창원시 성산구 중앙동,중상사고,0,1,0,0,차대차 - 측면직각충돌,안전운전불이행,습기,비,단일로 - 기타,승용,남,51세,상해없음,이륜,남,44세,중상
2015070700100589,2015년 7월 7일 20시,화요일,경상남도 창원시 마산회원구 합성동,중상사고,0,1,0,0,차대사람 - 횡단중,보행자보호의무위반,건조,맑음,단일로 - 횡단보도상,승합,남,55세,상해없음,보행자,여,61세,중상
2015070700100590,2015년 7월 7일 20시,화요일,경상남도 김해시 장유면,중상사고,0,1,0,0,차대사람 - 횡단중,안전운전불이행,습기,비,단일로 - 기타,승용,남,35세,상해없음,보행자,남,47세,중상
2015070700100625,2015년 7월 7일 21시,화요일,경상남도 양산시 중부동,경상사고,0,0,1,0,차대사람 - 기타,신호위반,습기,비,교차로 - 교차로안,이륜,남,17세,상해없음,보행자,남,47세,경상
2015070700100663,2015년 7월 7일 22시,화요일,경상남도 거제시 장평동,경상사고,0,0,1,0,차대차 - 측면직각충돌,안전운전불이행,습기,비,교차로 - 교차로안,승용,남,38세,상해없음,이륜,남,17세,경상
2015070700100664,2015년 7월 7일 22시,화요일,경상남도 거제시 고현동,중상사고,0,1,0,0,차대차 - 추돌 - 진행중,안전운전불이행,습기,비,단일로 - 기타,승용,남,37세,상해없음,자전거,남,33세,중상
2015070700100665,2015년 7월 7일 22시,화요일,경상남도 창원시 성산구 사파정동,중상사고,0,2,0,0,차대차 - 정면충돌,과속,습기,비,단일로 - 기타,승용,남,56세,상해없음,승용,남,41세,중상
2015070700100666,2015년 7월 7일 22시,화요일,경상남도 창원시 마산회원구 회원동,중상사고,0,2,1,0,차대차 - 추돌 - 진행중,안전운전불이행,습기,비,단일로 - 기타,승용,남,54세,상해없음,승용,남,53세,중상
2015070700100701,2015년 7월 7일 23시,화요일,경상남도 양산시 중부동,중상사고,0,1,0,0,차대사람 - 기타,보행자보호의무위반,습기,비,단일로 - 횡단보도상,승용,남,37세,상해없음,보행자,여,25세,중상
2015070700100702,2015년 7월 7일 23시,화요일,경상남도 거제시 고현동,중상사고,0,2,0,0,차대사람 - 횡단중,안전운전불이행,습기,비,단일로 - 기타,승용,남,63세,상해없음,보행자,남,54세,중상
2015070700100703,2015년 7월 7일 23시,화요일,경상남도 창원시 성산구 중앙동,경상사고,0,0,2,0,차대차 - 정면충돌,중앙선침범,습기,비,단일로 - 기타,승용,남,52세,상해없음,승용,남,59세,경상
2015070800100019,2015년 7월 8일 00시,수요일,경상남도 의령군 의령읍,중상사고,0,1,0,0,차대차 - 정면충돌,안전운전불이행,습기,비,단일로 - 기타,승용,남,30세,상해없음,승용,남,40세,중상
2015070800100036,2015년 7월 8일 01시,수요일,경상남도 김해시 어방동,경상사고,0,0,1,0,차량단독 - 전도전복,안전운전불이행,습기,비,교차로 - 교차로부근,승용,남,68세,경상,,,,
2015070800100060,2015년 7월 8일 03시,수요일,경상남도 진주시 상대동,중상사고,0,1,2,0,차대차 - 추돌 - 주정차중,안전운전불이행,습기,비,교차로 - 교차로부근,승용,남,45세,상해없음,승용,여,51세,경상
2015070800100061,2015년 7월 8일 03시,수요일,경상남도 창원시 의창구 팔용동,중상사고,0,1,0,0,차대차 - 기타,안전운전불이행,습기,비,단일로 - 기타,화물,남,62세,상해없음,승합,남,31세,기타불명
2015070800100072,2015년 7월 8일 04시,수요일,경상남도 거창군 거창읍,부상신고사고,0,0,0,1,차대차 - 추돌 - 주정차중,안전운전불이행,건조,맑음,단일로 - 기타,승용,남,52세,부상신고,승용,여,40세,상해없음
2015070800100073,2015년 7월 8일 04시,수요일,경상남도 함안군 가야읍,부상신고사고,0,0,0,1,차량단독 - 공작물충돌,안전운전불이행,건조,맑음,교차로 - 교차로부근,승용,여,34세,부상신고,,,,
2015070800100074,2015년 7월 8일 04시,수요일,경상남도 창원시 성산구 대방동,사망사고,1,0,0,1,차대차 - 정면충돌,중앙선침범,습기,비,단일로 - 기타,승용,남,43세,사망,승용,남,46세,부상신고
2015070800100081,2015년 7월 8일 05시,수요일,경상남도 김해시 진례면,경상사고,0,0,1,0,차대차 - 기타,안전운전불이행,습기,비,단일로 - 기타,승합,남,47세,상해없음,승용,남,44세,경상
2015070800100118,2015년 7월 8일 07시,수요일,경상남도 창원시 진해구 용원동,경상사고,0,0,2,0,차대차 - 추돌 - 주정차중,안전거리미확보,습기,비,교차로 - 교차로부근,승용,여,39세,경상,승용,남,44세,경상
2015070800100119,2015년 7월 8일 07시,수요일,경상남도 김해시 삼계동,경상사고,0,0,3,0,차대차 - 측면직각충돌,안전운전불이행,건조,맑음,교차로 - 교차로안,승용,여,46세,경상,승용,여,46세,경상
2015070800100120,2015년 7월 8일 07시,수요일,경상남도 거제시 사등면,중상사고,0,1,1,0,차대차 - 추돌 - 진행중,안전운전불이행,습기,비,단일로 - 기타,승용,여,47세,상해없음,승합,남,51세,경상
2015070800100121,2015년 7월 8일 07시,수요일,경상남도 창원시 의창구 팔용동,경상사고,0,0,1,0,차대차 - 추돌 - 주정차중,안전운전불이행,습기,비,단일로 - 기타,승합,남,45세,상해없음,승용,남,31세,경상
2015070800100161,2015년 7월 8일 08시,수요일,경상남도 사천시 송포동,경상사고,0,0,1,0,차대차 - 측면직각충돌,직진우회전진행방해,습기,비,교차로 - 교차로안,승용,여,53세,상해없음,승용,남,53세,경상
2015070800100162,2015년 7월 8일 08시,수요일,경상남도 의령군 부림면,부상신고사고,0,0,0,1,차대차 - 기타,차로위반,습기,비,단일로 - 기타,화물,기타불명,기타불명,기타불명,화물,남,49세,부상신고
2015070800100182,2015년 7월 8일 09시,수요일,경상남도 통영시 무전동,부상신고사고,0,0,0,1,차대차 - 측면직각충돌,교차로운행방법위반,습기,비,교차로 - 교차로안,화물,남,63세,상해없음,승용,남,57세,부상신고
2015070800100183,2015년 7월 8일 09시,수요일,경상남도 고성군 동해면,중상사고,0,2,0,0,차대차 - 정면충돌,교차로운행방법위반,습기,비,교차로 - 교차로안,승용,여,30세,상해없음,승용,남,49세,중상
2015070800100268,2015년 7월 8일 12시,수요일,경상남도 김해시 진영읍,중상사고,0,1,0,0,차대사람 - 횡단중,안전운전불이행,습기,비,단일로 - 기타,승용,여,49세,상해없음,보행자,여,72세,중상
2015070800100291,2015년 7월 8일 13시,수요일,경상남도 김해시 상동면,중상사고,0,1,1,0,차대차 - 측면직각충돌,중앙선침범,습기,비,단일로 - 기타,화물,남,65세,중상,화물,남,26세,경상
2015070800100292,2015년 7월 8일 13시,수요일,경상남도 양산시 어곡동,경상사고,0,0,1,0,차대차 - 기타,중앙선침범,습기,흐림,교차로 - 교차로부근,승용,남,41세,상해없음,승합,남,51세,경상
2015070800100326,2015년 7월 8일 14시,수요일,경상남도 양산시 남부동,경상사고,0,0,1,0,차대차 - 기타,안전거리미확보,습기,비,단일로 - 기타,승용,여,33세,상해없음,승용,남,54세,상해없음
2015070800100359,2015년 7월 8일 15시,수요일,경상남도 진주시 집현면,중상사고,0,2,0,0,차대차 - 추돌 - 진행중,안전운전불이행,건조,맑음,단일로 - 기타,화물,남,32세,상해없음,승용,남,71세,중상
2015070800100360,2015년 7월 8일 15시,수요일,경상남도 창원시 마산회원구 내서읍,중상사고,0,1,1,0,차대차 - 측면직각충돌,안전운전불이행,건조,맑음,단일로 - 기타,화물,남,30세,경상,승용,여,49세,중상
2015070800100402,2015년 7월 8일 16시,수요일,경상남도 김해시 삼방동,경상사고,0,0,1,0,차대차 - 기타,안전운전불이행,습기,비,교차로 - 교차로부근,원동기,남,35세,경상,승용,남,53세,상해없음
2015070800100450,2015년 7월 8일 17시,수요일,경상남도 통영시 미수동,중상사고,0,1,0,0,차대차 - 측면직각충돌,교차로운행방법위반,습기,비,교차로 - 교차로안,승용,남,46세,상해없음,이륜,남,24세,중상
2015070800100451,2015년 7월 8일 17시,수요일,경상남도 창원시 마산회원구 합성동,경상사고,0,0,1,0,차대사람 - 기타,안전운전불이행,건조,맑음,교차로 - 교차로부근,승용,남,31세,상해없음,보행자,남,72세,경상
2015070800100452,2015년 7월 8일 17시,수요일,경상남도 김해시 진영읍,중상사고,0,1,0,0,차대차 - 추돌 - 주정차중,안전운전불이행,습기,비,단일로 - 기타,승합,남,25세,상해없음,승용,남,56세,중상
2015070800100495,2015년 7월 8일 18시,수요일,경상남도 사천시 정동면,경상사고,0,0,1,0,차대차 - 측면직각충돌,교차로운행방법위반,건조,맑음,교차로 - 교차로안,원동기,여,70세,경상,승용,남,44세,상해없음
2015070800100496,2015년 7월 8일 18시,수요일,경상남도 김해시 어방동,경상사고,0,0,1,1,차대차 - 측면직각충돌,안전운전불이행,습기,비,교차로 - 교차로안,원동기,남,18세,경상,승용,여,28세,부상신고
2015070800100497,2015년 7월 8일 18시,수요일,경상남도 거제시 장평동,경상사고,0,0,1,0,차대사람 - 기타,안전운전불이행,습기,비,단일로 - 기타,승용,여,37세,상해없음,보행자,남,49세,경상
2015070800100498,2015년 7월 8일 18시,수요일,경상남도 창원시 성산구 대방동,경상사고,0,0,1,0,차대차 - 측면직각충돌,안전운전불이행,건조,맑음,교차로 - 교차로안,승용,남,39세,상해없음,승용,여,43세,경상
2015070800100518,2015년 7월 8일 19시,수요일,경상남도 통영시 명정동,경상사고,0,0,3,0,차대차 - 추돌 - 주정차중,안전운전불이행,습기,비,단일로 - 기타,승용,남,25세,상해없음,승용,남,59세,경상
2015070800100519,2015년 7월 8일 19시,수요일,경상남도 창원시 마산회원구 구암동,경상사고,0,0,1,0,차대차 - 정면충돌,중앙선침범,건조,맑음,단일로 - 기타,화물,남,56세,상해없음,승용,남,44세,경상
2015070800100561,2015년 7월 8일 20시,수요일,경상남도 창원시 마산합포구 동성동,중상사고,0,1,0,0,차대차 - 추돌 - 주정차중,안전운전불이행,습기,비,교차로 - 교차로부근,승용,여,53세,상해없음,승용,남,38세,중상
2015070800100562,2015년 7월 8일 20시,수요일,경상남도 창녕군 창녕읍,중상사고,0,1,0,0,차대사람 - 횡단중,안전운전불이행,습기,비,교차로 - 교차로안,승용,여,30세,상해없음,보행자,남,54세,중상
2015070800100592,2015년 7월 8일 21시,수요일,경상남도 거제시 장평동,중상사고,0,1,0,0,차대사람 - 보도통행중,안전운전불이행,습기,비,단일로 - 기타,이륜,기타불명,기타불명,기타불명,보행자,여,44세,중상
2015070800100631,2015년 7월 8일 22시,수요일,경상남도 사천시 사남면,경상사고,0,0,1,0,차대차 - 추돌 - 주정차중,안전운전불이행,습기,비,단일로 - 기타,승용,남,35세,상해없음,승합,남,44세,경상
2015070800100632,2015년 7월 8일 22시,수요일,경상남도 밀양시 가곡동,사망사고,1,0,0,0,차대사람 - 횡단중,보행자보호의무위반,습기,비,단일로 - 횡단보도상,화물,여,58세,상해없음,보행자,여,67세,사망
2015070800100633,2015년 7월 8일 22시,수요일,경상남도 양산시 중부동,중상사고,0,1,0,0,차대차 - 기타,중앙선침범,습기,비,교차로 - 교차로부근,승용,남,56세,상해없음,승용,남,35세,중상
2015070800100634,2015년 7월 8일 22시,수요일,경상남도 거제시 장승포동,경상사고,0,0,1,0,차대차 - 측면직각충돌,안전운전불이행,건조,맑음,단일로 - 기타,이륜,남,19세,상해없음,자전거,남,32세,경상
2015070800100635,2015년 7월 8일 22시,수요일,경상남도 창원시 의창구 도계동,경상사고,0,0,1,0,차량단독 - 공작물충돌,안전운전불이행,습기,비,단일로 - 기타,승합,남,57세,상해없음,,,,
2015070800100678,2015년 7월 8일 23시,수요일,경상남도 밀양시 내이동,경상사고,0,0,2,1,차대차 - 측면직각충돌,교차로운행방법위반,습기,비,교차로 - 교차로안,승합,남,53세,상해없음,승용,여,42세,부상신고
2015070800100679,2015년 7월 8일 23시,수요일,경상남도 김해시 외동,경상사고,0,0,1,0,차대차 - 추돌 - 진행중,안전운전불이행,건조,맑음,단일로 - 기타,승용,남,35세,상해없음,승용,남,51세,경상
2015070800100680,2015년 7월 8일 23시,수요일,경상남도 거제시 옥포동,중상사고,0,2,0,0,차대사람 - 횡단중,보행자보호의무위반,습기,비,단일로 - 기타,승용,남,37세,상해없음,보행자,남,44세,중상
2015070800100681,2015년 7월 8일 23시,수요일,경상남도 창원시 마산회원구 봉암동,중상사고,0,2,0,0,차대차 - 측면직각충돌,안전운전불이행,습기,비,교차로 - 교차로부근,승용,남,45세,상해없음,승용,남,61세,중상
2015070800100682,2015년 7월 8일 23시,수요일,경상남도 창원시 의창구 서상동,경상사고,0,0,1,0,차대차 - 추돌 - 진행중,안전운전불이행,습기,비,단일로 - 기타,기타불명,기타불명,기타불명,기타불명,승용,남,37세,상해없음
2015070800100683,2015년 7월 8일 23시,수요일,경상남도 김해시 진영읍,경상사고,0,0,1,0,차대차 - 추돌 - 진행중,안전운전불이행,습기,비,교차로 - 교차로부근,승용,남,42세,상해없음,승용,남,45세,경상
2015070900100064,2015년 7월 9일 03시,목요일,경상남도 창원시 마산회원구 내서읍,경상사고,0,0,1,0,차량단독 - 기타,안전운전불이행,습기,비,교차로 - 교차로안,승용,남,64세,상해없음,,,,
2015070900100076,2015년 7월 9일 05시,목요일,경상남도 창원시 진해구 석동,중상사고,0,2,0,0,차대차 - 정면충돌,중앙선침범,습기,비,단일로 - 기타,승용,남,50세,상해없음,승용,여,52세,중상
2015070900100173,2015년 7월 9일 09시,목요일,경상남도 양산시 덕계동,경상사고,0,0,1,0,차대차 - 기타,안전운전불이행,건조,맑음,단일로 - 기타,원동기,남,44세,경상,승용,남,47세,상해없음
2015070900100212,2015년 7월 9일 11시,목요일,경상남도 통영시 광도면,경상사고,0,0,2,0,차대차 - 측면직각충돌,신호위반,건조,맑음,교차로 - 교차로부근,화물,남,57세,상해없음,승용,남,43세,경상
2015070900100213,2015년 7월 9일 11시,목요일,경상남도 밀양시 상남면,중상사고,0,1,0,0,차대차 - 추돌 - 진행중,안전거리미확보,건조,맑음,단일로 - 기타,화물,남,55세,상해없음,승용,여,56세,중상
2015070900100258,2015년 7월 9일 13시,목요일,경상남도 김해시 장유면,경상사고,0,0,1,0,차대차 - 측면직각충돌,교차로운행방법위반,건조,맑음,교차로 - 교차로안,승용,남,71세,상해없음,승용,남,37세,경상
2015070900100291,2015년 7월 9일 14시,목요일,경상남도 밀양시 산내면,사망사고,1,0,0,0,차대사람 - 기타,안전운전불이행,건조,맑음,교차로 - 교차로부근,승합,남,63세,상해없음,보행자,여,78세,사망
2015070900100292,2015년 7월 9일 14시,목요일,경상남도 밀양시 내이동,중상사고,0,1,0,0,차대차 - 추돌 - 진행중,안전운전불이행,건조,맑음,교차로 - 교차로안,승용,남,66세,상해없음,자전거,남,79세,중상
2015070900100313,2015년 7월 9일 15시,목요일,경상남도 창원시 진해구 용원동,중상사고,0,1,0,0,차대사람 - 기타,기타,건조,맑음,단일로 - 기타,승용,남,42세,상해없음,보행자,여,11세,중상
2015070900100345,2015년 7월 9일 16시,목요일,경상남도 창원시 진해구 경화동,경상사고,0,0,1,0,차대차 - 기타,안전운전불이행,건조,맑음,단일로 - 기타,승용,여,39세,상해없음,자전거,남,17세,경상
2015070900100346,2015년 7월 9일 16시,목요일,경상남도 창원시 진해구 이동,경상사고,0,0,3,0,차대차 - 기타,안전거리미확보,건조,맑음,교차로 - 교차로부근,승용,남,49세,기타불명,승합,남,53세,상해없음
2015070900100387,2015년 7월 9일 17시,목요일,경상남도 사천시 벌리동,경상사고,0,0,1,0,차대차 - 측면직각충돌,직진우회전진행방해,건조,맑음,교차로 - 교차로안,승용,남,41세,상해없음,승용,여,35세,경상
2015070900100432,2015년 7월 9일 18시,목요일,경상남도 밀양시 교동,부상신고사고,0,0,0,1,차대차 - 측면직각충돌,안전운전불이행,건조,맑음,교차로 - 교차로부근,화물,남,23세,상해없음,승용,남,48세,부상신고
2015070900100433,2015년 7월 9일 18시,목요일,경상남도 양산시 신기동,중상사고,0,1,0,0,차대차 - 기타,중앙선침범,건조,맑음,단일로 - 기타,승용,남,27세,상해없음,승용,여,32세,중상
2015070900100461,2015년 7월 9일 19시,목요일,경상남도 창원시 마산합포구 우산동,경상사고,0,0,5,0,차대차 - 측면직각충돌,신호위반,건조,맑음,교차로 - 교차로안,승용,여,23세,상해없음,승용,남,64세,경상
2015070900100462,2015년 7월 9일 19시,목요일,경상남도 거제시 고현동,부상신고사고,0,0,0,1,차대차 - 기타,교차로운행방법위반,건조,맑음,교차로 - 교차로안,원동기,남,17세,부상신고,승용,여,46세,상해없음
2015070900100522,2015년 7월 9일 21시,목요일,경상남도 거창군 거창읍,경상사고,0,0,1,0,차대차 - 추돌 - 진행중,안전운전불이행,건조,맑음,단일로 - 교량,승용,여,39세,상해없음,자전거,여,61세,경상
2015070900100523,2015년 7월 9일 21시,목요일,경상남도 거제시 연초면,경상사고,0,0,1,0,차대차 - 추돌 - 진행중,안전운전불이행,건조,맑음,단일로 - 기타,승용,남,47세,상해없음,화물,남,49세,경상
2015070900100576,2015년 7월 9일 23시,목요일,경상남도 김해시 삼계동,경상사고,0,0,1,0,차대사람 - 차도통행중,안전운전불이행,건조,맑음,단일로 - 기타,승용,남,52세,상해없음,보행자,남,45세,경상
2015071000100035,2015년 7월 10일 01시,금요일,경상남도 진주시 초전동,중상사고,0,1,0,0,차대차 - 측면직각충돌,중앙선침범,건조,맑음,교차로 - 교차로부근,승용,남,34세,상해없음,승용,남,35세,중상
2015071000100049,2015년 7월 10일 02시,금요일,경상남도 창원시 의창구 사림동,경상사고,0,0,2,0,차대차 - 측면직각충돌,안전운전불이행,건조,맑음,교차로 - 교차로안,승용,남,29세,상해없음,승용,남,40세,경상
2015071000100083,2015년 7월 10일 05시,금요일,경상남도 창원시 마산합포구 중성동,경상사고,0,0,3,0,차대차 - 측면직각충돌,신호위반,건조,맑음,교차로 - 교차로안,승용,남,29세,경상,승용,남,60세,경상