사고번호,사고일시,요일,시군구,사고내용,사망자수,중상자수,경상자수,부상신고자수,사고유형,법규위반,노면상태,기상상태,도로형태,가해운전자 차종,가해운전자 성별,가해운전자 연령,가해운전자 상해정도,피해운전자 차종,피해운전자 성별,피해운전자 연령,피해운전자 상해정도
2015071000100084,2015년 7월 10일 05시,금요일,경상남도 함안군 칠서면,경상사고,0,0,1,0,차량단독 - 공작물충돌,안전운전불이행,건조,맑음,단일로 - 기타,승용,남,40세,경상,,,,
2015071000100097,2015년 7월 10일 06시,금요일,경상남도 거제시 장승포동,중상사고,0,1,0,0,차대차 - 기타,안전운전불이행,건조,맑음,교차로 - 교차로부근,승용,남,18세,상해없음,이륜,남,43세,중상
2015071000100127,2015년 7월 10일 07시,금요일,경상남도 김해시 구산동,중상사고,0,2,0,0,차대차 - 추돌 - 주정차중,안전운전불이행,건조,맑음,단일로 - 기타,승용,남,42세,상해없음,승용,남,43세,중상
2015071000100128,2015년 7월 10일 07시,금요일,경상남도 고성군 영현면,경상사고,0,0,1,0,차대사람 - 기타,안전운전불이행,건조,맑음,단일로 - 기타,승용,남,29세,상해없음,보행자,여,58세,경상
2015071000100129,2015년 7월 10일 07시,금요일,경상남도 창원시 의창구 명서동,중상사고,0,1,0,0,차대사람 - 기타,안전운전불이행,건조,맑음,단일로 - 기타,승용,남,34세,상해없음,보행자,여,72세,중상
2015071000100165,2015년 7월 10일 08시,금요일,경상남도 양산시 명동,경상사고,0,0,1,0,차대사람 - 기타,안전운전불이행,건조,맑음,단일로 - 기타,승용,여,43세,상해없음,보행자,여,13세,경상
2015071000100166,2015년 7월 10일 08시,금요일,경상남도 거제시 옥포동,중상사고,0,1,0,0,차대차 - 기타,신호위반,건조,맑음,교차로 - 교차로안,승용,여,43세,상해없음,승용,여,26세,중상
2015071000100208,2015년 7월 10일 09시,금요일,경상남도 거창군 고제면,경상사고,0,0,1,1,차량단독 - 공작물충돌,안전운전불이행,건조,맑음,단일로 - 기타,화물,남,63세,부상신고,,,,
2015071000100209,2015년 7월 10일 09시,금요일,경상남도 합천군 청덕면,경상사고,0,0,1,0,차대차 - 측면직각충돌,안전운전불이행,건조,맑음,단일로 - 기타,원동기,남,83세,경상,화물,남,39세,상해없음
2015071000100240,2015년 7월 10일 10시,금요일,경상남도 하동군 하동읍,경상사고,0,0,1,0,차대차 - 추돌 - 진행중,안전운전불이행,건조,맑음,단일로 - 기타,화물,남,62세,상해없음,화물,남,48세,경상
2015071000100276,2015년 7월 10일 11시,금요일,경상남도 창원시 성산구 상남동,중상사고,0,1,0,0,차대차 - 측면직각충돌,안전운전불이행,건조,맑음,교차로 - 교차로부근,승용,여,44세,상해없음,자전거,여,67세,중상
2015071000100311,2015년 7월 10일 12시,금요일,경상남도 김해시 진영읍,중상사고,0,1,0,0,차대차 - 기타,안전운전불이행,건조,맑음,단일로 - 기타,이륜,남,54세,중상,승용,여,43세,상해없음
2015071000100348,2015년 7월 10일 13시,금요일,경상남도 창원시 진해구 용원동,중상사고,0,3,0,0,차대차 - 기타,신호위반,건조,맑음,교차로 - 교차로안,승용,남,72세,상해없음,승용,여,68세,중상
2015071000100349,2015년 7월 10일 13시,금요일,경상남도 양산시 원동면,경상사고,0,0,1,1,차대차 - 측면직각충돌,직진우회전진행방해,건조,맑음,교차로 - 교차로안,승용,여,60세,상해없음,이륜,남,73세,부상신고
2015071000100350,2015년 7월 10일 13시,금요일,경상남도 김해시 진영읍,경상사고,0,0,1,0,차대차 - 측면직각충돌,신호위반,건조,맑음,교차로 - 교차로안,승용,여,45세,경상,승용,남,57세,상해없음
2015071000100412,2015년 7월 10일 15시,금요일,경상남도 거창군 거창읍,경상사고,0,0,1,0,차대차 - 측면직각충돌,신호위반,건조,맑음,교차로 - 교차로안,화물,남,38세,상해없음,승용,여,39세,경상
2015071000100453,2015년 7월 10일 16시,금요일,경상남도 진주시 칠암동,중상사고,0,1,0,0,차대차 - 측면직각충돌,직진우회전진행방해,건조,맑음,교차로 - 교차로안,승용,여,55세,상해없음,원동기,남,46세,중상
2015071000100454,2015년 7월 10일 16시,금요일,경상남도 김해시 장유면,중상사고,0,1,1,0,차대차 - 기타,보행자보호의무위반,건조,맑음,단일로 - 횡단보도상,승용,여,37세,상해없음,자전거,남,10세,경상
2015071000100501,2015년 7월 10일 17시,금요일,경상남도 김해시 삼계동,중상사고,0,1,0,0,차대사람 - 횡단중,보행자보호의무위반,건조,맑음,단일로 - 횡단보도상,승용,남,31세,상해없음,보행자,남,8세,중상
2015071000100502,2015년 7월 10일 17시,금요일,경상남도 거제시 고현동,중상사고,0,1,0,0,차대차 - 기타,교차로운행방법위반,건조,맑음,교차로 - 교차로안,승용,남,59세,상해없음,자전거,남,38세,중상
2015071000100573,2015년 7월 10일 18시,금요일,경상남도 창원시 진해구 풍호동,경상사고,0,0,1,0,차대차 - 추돌 - 진행중,안전운전불이행,건조,맑음,단일로 - 기타,원동기,남,63세,경상,승용,남,53세,상해없음
2015071000100574,2015년 7월 10일 18시,금요일,경상남도 창원시 진해구 석동,경상사고,0,0,2,0,차대차 - 기타,차로위반,건조,맑음,단일로 - 기타,승합,남,63세,기타불명,승용,여,40세,경상
2015071000100666,2015년 7월 10일 20시,금요일,경상남도 거제시 고현동,경상사고,0,0,1,0,차대차 - 기타,중앙선침범,건조,맑음,단일로 - 기타,이륜,남,20세,상해없음,이륜,남,58세,경상
2015071000100667,2015년 7월 10일 20시,금요일,경상남도 창원시 성산구 외동,경상사고,0,0,1,0,차대차 - 추돌 - 진행중,안전운전불이행,건조,맑음,단일로 - 기타,승용,남,53세,상해없음,승용,남,33세,경상
2015071000100704,2015년 7월 10일 21시,금요일,경상남도 김해시 대동면,경상사고,0,0,3,0,차대차 - 측면직각충돌,안전운전불이행,건조,맑음,교차로 - 교차로안,승용,남,63세,경상,승용,여,32세,경상
2015071000100705,2015년 7월 10일 21시,금요일,경상남도 거제시 고현동,중상사고,0,1,0,0,차대차 - 기타,안전운전불이행,건조,맑음,단일로 - 기타,승용,남,43세,상해없음,자전거,남,26세,중상
2015071000100777,2015년 7월 10일 23시,금요일,경상남도 진주시 평거동,중상사고,0,1,0,0,차대차 - 정면충돌,신호위반,건조,맑음,교차로 - 교차로안,승용,남,40세,상해없음,원동기,남,28세,중상
2015071000100778,2015년 7월 10일 23시,금요일,경상남도 창원시 진해구 이동,경상사고,0,0,1,0,차대사람 - 기타,안전운전불이행,건조,맑음,교차로 - 교차로안,승용,여,38세,상해없음,보행자,여,29세,경상
2015071000100779,2015년 7월 10일 23시,금요일,경상남도 사천시 사천읍,중상사고,0,1,0,0,차대차 - 측면직각충돌,안전운전불이행,건조,맑음,단일로 - 기타,승용,여,55세,상해없음,이륜,남,31세,중상
2015071000100780,2015년 7월 10일 23시,금요일,경상남도 거제시 장평동,중상사고,0,1,0,0,차대사람 - 기타,중앙선침범,건조,맑음,단일로 - 기타,이륜,남,18세,상해없음,보행자,남,15세,중상
2015071000100781,2015년 7월 10일 23시,금요일,경상남도 거제시 고현동,경상사고,0,0,1,0,차대사람 - 기타,안전운전불이행,건조,맑음,단일로 - 기타,승용,남,25세,상해없음,보행자,남,27세,경상
2015071000100782,2015년 7월 10일 23시,금요일,경상남도 거제시 옥포동,중상사고,0,1,0,0,차대차 - 추돌 - 진행중,안전운전불이행,건조,맑음,단일로 - 기타,승용,남,37세,상해없음,승용,여,42세,중상
2015071000100783,2015년 7월 10일 23시,금요일,경상남도 김해시 장유면,경상사고,0,0,1,0,차대차 - 추돌 - 주정차중,안전운전불이행,건조,맑음,교차로 - 교차로부근,승용,남,40세,상해없음,승용,남,23세,경상
2015071100100035,2015년 7월 11일 01시,토요일,경상남도 창원시 마산회원구 양덕동,경상사고,0,0,1,0,차대사람 - 기타,안전운전불이행,건조,맑음,교차로 - 교차로안,승용,남,45세,상해없음,보행자,여,38세,경상
2015071100100094,2015년 7월 11일 05시,토요일,경상남도 진주시 내동면,중상사고,0,1,1,0,차량단독 - 전도전복,안전운전불이행,건조,맑음,단일로 - 기타,화물,남,24세,경상,,,,
2015071100100095,2015년 7월 11일 05시,토요일,경상남도 함안군 가야읍,중상사고,0,1,1,0,차대차 - 추돌 - 진행중,안전운전불이행,건조,흐림,단일로 - 기타,승용,남,17세,상해없음,화물,남,51세,상해없음
2015071100100126,2015년 7월 11일 07시,토요일,경상남도 창원시 진해구 용원동,경상사고,0,0,2,0,차대차 - 기타,교차로운행방법위반,건조,맑음,교차로 - 교차로안,승용,남,29세,경상,승용,남,28세,상해없음
2015071100100127,2015년 7월 11일 07시,토요일,경상남도 창원시 진해구 경화동,경상사고,0,0,1,0,차대차 - 기타,안전운전불이행,건조,맑음,교차로 - 교차로부근,승용,여,42세,상해없음,승용,남,79세,경상
2015071100100128,2015년 7월 11일 07시,토요일,경상남도 창원시 성산구 성주동,중상사고,0,1,3,0,차대차 - 추돌 - 진행중,안전운전불이행,건조,맑음,교차로 - 교차로부근,승용,여,27세,상해없음,승용,남,32세,중상
2015071100100151,2015년 7월 11일 08시,토요일,경상남도 김해시 풍유동,중상사고,0,1,0,0,차대차 - 측면직각충돌,안전운전불이행,건조,맑음,교차로 - 교차로안,승합,남,52세,상해없음,자전거,남,88세,중상
2015071100100174,2015년 7월 11일 09시,토요일,경상남도 창원시 진해구 용원동,경상사고,0,0,3,0,차대차 - 기타,안전운전불이행,건조,맑음,교차로 - 교차로안,승용,여,44세,상해없음,승용,여,35세,경상
2015071100100201,2015년 7월 11일 10시,토요일,경상남도 진주시 이현동,부상신고사고,0,0,0,1,차대차 - 측면직각충돌,안전운전불이행,건조,맑음,교차로 - 교차로부근,자전거,남,15세,부상신고,승합,남,49세,상해없음
2015071100100202,2015년 7월 11일 10시,토요일,경상남도 김해시 진영읍,경상사고,0,0,1,0,차대차 - 기타,중앙선침범,건조,맑음,교차로 - 교차로부근,승용,남,48세,상해없음,승용,여,57세,경상
2015071100100244,2015년 7월 11일 11시,토요일,경상남도 양산시 북부동,경상사고,0,0,1,0,차대차 - 기타,기타,건조,맑음,단일로 - 기타,승용,남,65세,상해없음,승용,여,41세,경상
2015071100100245,2015년 7월 11일 11시,토요일,경상남도 김해시 진례면,중상사고,0,2,0,0,차대차 - 측면직각충돌,신호위반,건조,맑음,교차로 - 교차로안,승용,남,56세,기타불명,승용,남,38세,중상
2015071100100281,2015년 7월 11일 12시,토요일,경상남도 김해시 장유면,중상사고,0,1,0,0,차대사람 - 횡단중,보행자보호의무위반,건조,맑음,단일로 - 기타,승용,여,24세,상해없음,보행자,여,13세,중상
2015071100100322,2015년 7월 11일 13시,토요일,경상남도 밀양시 무안면,중상사고,0,1,0,0,차대사람 - 횡단중,안전운전불이행,건조,맑음,단일로 - 기타,화물,남,54세,상해없음,보행자,여,71세,중상
2015071100100323,2015년 7월 11일 13시,토요일,경상남도 김해시 부원동,경상사고,0,0,1,0,차대차 - 정면충돌,안전운전불이행,건조,흐림,단일로 - 기타,자전거,남,13세,경상,승용,여,46세,상해없음
2015071100100324,2015년 7월 11일 13시,토요일,경상남도 거창군 거창읍,경상사고,0,0,1,0,차대차 - 추돌 - 진행중,안전거리미확보,건조,맑음,단일로 - 기타,승용,남,47세,상해없음,원동기,남,17세,경상
2015071100100325,2015년 7월 11일 13시,토요일,경상남도 남해군 남해읍,경상사고,0,0,2,0,차대차 - 측면직각충돌,안전운전불이행,습기,비,교차로 - 교차로안,승용,남,57세,상해없음,승용,남,31세,경상
2015071100100359,2015년 7월 11일 14시,토요일,경상남도 진주시 신안동,경상사고,0,0,8,0,차대차 - 추돌 - 주정차중,안전운전불이행,습기,비,단일로 - 기타,승용,남,41세,상해없음,승용,여,37세,경상
2015071100100360,2015년 7월 11일 14시,토요일,경상남도 통영시 북신동,부상신고사고,0,0,0,1,차대차 - 측면직각충돌,직진우회전진행방해,건조,맑음,교차로 - 교차로안,자전거,남,11세,부상신고,승용,여,35세,상해없음
2015071100100361,2015년 7월 11일 14시,토요일,경상남도 산청군 단성면,경상사고,0,0,1,0,차대차 - 측면직각충돌,교차로운행방법위반,습기,비,교차로 - 교차로안,승용,남,49세,상해없음,자전거,남,36세,경상
2015071100100395,2015년 7월 11일 15시,토요일,경상남도 사천시 사천읍,중상사고,0,1,6,2,차대차 - 추돌 - 진행중,안전운전불이행,습기,비,단일로 - 기타,승용,남,37세,부상신고,승용,남,33세,중상
2015071100100396,2015년 7월 11일 15시,토요일,경상남도 사천시 사천읍,경상사고,0,0,1,0,차대차 - 추돌 - 진행중,안전운전불이행,습기,비,단일로 - 기타,화물,남,35세,경상,화물,남,45세,상해없음
2015071100100397,2015년 7월 11일 15시,토요일,경상남도 밀양시 상남면,중상사고,0,1,0,0,차대차 - 추돌 - 진행중,안전운전불이행,건조,맑음,교차로 - 교차로부근,승용,남,52세,상해없음,원동기,남,86세,중상
2015071100100398,2015년 7월 11일 15시,토요일,경상남도 고성군 고성읍,경상사고,0,0,1,0,차대차 - 측면직각충돌,차로위반,건조,맑음,단일로 - 기타,화물,남,43세,상해없음,화물,남,48세,경상
2015071100100399,2015년 7월 11일 15시,토요일,경상남도 산청군 산청읍,경상사고,0,0,1,2,차대차 - 측면직각충돌,교차로운행방법위반,습기,비,교차로 - 교차로안,승용,남,63세,상해없음,화물,남,39세,경상
2015071100100400,2015년 7월 11일 15시,토요일,경상남도 창원시 의창구 대산면,중상사고,0,1,0,0,차대차 - 정면충돌,중앙선침범,건조,맑음,단일로 - 기타,승용,남,37세,상해없음,승용,남,46세,중상
2015071100100439,2015년 7월 11일 16시,토요일,경상남도 남해군 삼동면,경상사고,0,0,3,0,차대차 - 정면충돌,안전운전불이행,습기,비,교차로 - 교차로안,승용,남,52세,상해없음,승용,남,50세,경상
2015071100100478,2015년 7월 11일 17시,토요일,경상남도 창원시 의창구 봉곡동,경상사고,0,0,1,0,차대차 - 기타,차로위반,습기,비,단일로 - 기타,승용,여,52세,상해없음,원동기,남,40세,경상
2015071100100479,2015년 7월 11일 17시,토요일,경상남도 김해시 진례면,경상사고,0,0,1,0,차대차 - 측면직각충돌,신호위반,습기,비,교차로 - 교차로안,화물,남,39세,상해없음,화물,남,35세,경상
2015071100100512,2015년 7월 11일 18시,토요일,경상남도 사천시 용강동,경상사고,0,0,5,0,차대차 - 정면충돌,신호위반,습기,비,교차로 - 교차로안,승용,남,55세,상해없음,승용,여,48세,경상
2015071100100513,2015년 7월 11일 18시,토요일,경상남도 김해시 풍유동,중상사고,0,1,0,0,차대차 - 추돌 - 진행중,안전운전불이행,습기,비,교차로 - 교차로부근,승용,남,53세,상해없음,승용,여,52세,중상
2015071100100546,2015년 7월 11일 19시,토요일,경상남도 거창군 거창읍,중상사고,0,1,0,0,차대사람 - 횡단중,안전운전불이행,습기,비,단일로 - 기타,승용,남,75세,상해없음,보행자,남,67세,중상
2015071100100547,2015년 7월 11일 19시,토요일,경상남도 양산시 물금읍,중상사고,0,1,0,0,차대차 - 정면충돌,신호위반,건조,맑음,교차로 - 교차로부근,화물,남,60세,상해없음,승용,남,42세,중상
2015071100100565,2015년 7월 11일 20시,토요일,경상남도 김해시 장유면,경상사고,0,0,2,0,차대차 - 추돌 - 진행중,안전운전불이행,습기,비,단일로 - 기타,승용,남,22세,상해없음,승용,남,35세,경상
2015071100100588,2015년 7월 11일 20시,토요일,경상남도 진주시 가좌동,부상신고사고,0,0,0,1,차대사람 - 횡단중,신호위반,습기,비,교차로 - 교차로안,원동기,남,43세,부상신고,보행자,여,21세,상해없음
2015071100100589,2015년 7월 11일 20시,토요일,경상남도 김해시 부원동,중상사고,0,1,0,0,차대사람 - 차도통행중,안전운전불이행,습기,비,단일로 - 기타,화물,남,54세,상해없음,보행자,여,66세,중상
2015071100100590,2015년 7월 11일 20시,토요일,경상남도 거창군 거창읍,중상사고,0,1,0,0,차대차 - 측면직각충돌,안전운전불이행,습기,비,교차로 - 교차로안,승용,남,65세,상해없음,자전거,남,13세,중상
2015071100100591,2015년 7월 11일 20시,토요일,경상남도 산청군 금서면,경상사고,0,0,1,0,차대차 - 측면직각충돌,교차로운행방법위반,습기,비,교차로 - 교차로안,승용,남,59세,경상,승용,남,18세,상해없음
2015071100100623,2015년 7월 11일 21시,토요일,경상남도 진주시 상대동,중상사고,0,1,0,0,차대사람 - 횡단중,안전운전불이행,습기,비,교차로 - 교차로부근,승용,여,55세,상해없음,보행자,남,50세,중상
2015071100100624,2015년 7월 11일 21시,토요일,경상남도 김해시 구산동,중상사고,0,1,0,0,차대차 - 측면직각충돌,신호위반,습기,비,교차로 - 교차로부근,승용,여,54세,상해없음,자전거,남,56세,중상
2015071100100625,2015년 7월 11일 21시,토요일,경상남도 양산시 북부동,부상신고사고,0,0,0,1,차대차 - 추돌 - 진행중,기타,건조,맑음,단일로 - 기타,승용,남,22세,상해없음,승용,남,25세,부상신고
2015071100100626,2015년 7월 11일 21시,토요일,경상남도 거제시 장평동,경상사고,0,0,1,0,차대차 - 측면직각충돌,신호위반,기타,비,교차로 - 교차로안,승용,남,55세,상해없음,원동기,남,47세,경상
2015071100100656,2015년 7월 11일 22시,토요일,경상남도 밀양시 삼문동,경상사고,0,0,1,0,차대차 - 추돌 - 진행중,안전운전불이행,건조,맑음,단일로 - 기타,승용,남,45세,상해없음,화물,남,59세,상해없음
2015071200100015,2015년 7월 12일 00시,일요일,경상남도 김해시 외동,중상사고,0,1,1,0,차대차 - 측면직각충돌,안전운전불이행,건조,맑음,교차로 - 교차로안,승용,남,18세,경상,승용,여,34세,중상
2015071200100090,2015년 7월 12일 02시,일요일,경상남도 김해시 진영읍,중상사고,0,1,0,0,차량단독 - 공작물충돌,안전운전불이행,습기,비,단일로 - 기타,승용,남,38세,중상,,,,
2015071200100110,2015년 7월 12일 03시,일요일,경상남도 창원시 진해구 자은동,중상사고,0,1,0,0,차대사람 - 차도통행중,안전운전불이행,건조,맑음,단일로 - 기타,승용,남,40세,상해없음,보행자,남,24세,중상
2015071200100111,2015년 7월 12일 03시,일요일,경상남도 창원시 마산회원구 석전동,사망사고,1,0,0,0,차대사람 - 횡단중,안전운전불이행,습기,비,단일로 - 기타,승용,남,55세,상해없음,보행자,남,18세,사망
2015071200100140,2015년 7월 12일 04시,일요일,경상남도 창원시 마산합포구 신포동1가,경상사고,0,0,2,0,차대차 - 기타,신호위반,건조,맑음,교차로 - 교차로안,승용,남,67세,상해없음,승용,남,60세,경상
2015071200100149,2015년 7월 12일 05시,일요일,경상남도 창원시 의창구 동읍,경상사고,0,0,1,0,차량단독 - 기타,안전운전불이행,습기,비,단일로 - 기타,승합,남,62세,상해없음,,,,
2015071200100161,2015년 7월 12일 06시,일요일,경상남도 김해시 대동면,경상사고,0,0,1,0,차량단독 - 전도전복,안전운전불이행,습기,비,단일로 - 교량,화물,남,26세,경상,,,,
2015071200100188,2015년 7월 12일 08시,일요일,경상남도 김해시 어방동,중상사고,0,2,1,0,차대차 - 정면충돌,중앙선침범,습기,비,단일로 - 기타,승용,여,52세,중상,승용,여,29세,중상
2015071200100189,2015년 7월 12일 08시,일요일,경상남도 김해시 진영읍,경상사고,0,0,1,0,차대차 - 측면직각충돌,신호위반,습기,비,교차로 - 교차로안,승용,여,42세,상해없음,승용,여,44세,경상
2015071200100190,2015년 7월 12일 08시,일요일,경상남도 산청군 산청읍,중상사고,0,1,0,0,차대차 - 측면직각충돌,안전운전불이행,습기,비,단일로 - 기타,승용,남,29세,상해없음,승용,남,34세,중상
2015071200100207,2015년 7월 12일 09시,일요일,경상남도 양산시 상북면,중상사고,0,1,0,0,차량단독 - 공작물충돌,안전운전불이행,습기,비,기타 - 기타,승용,남,23세,중상,,,,
2015071200100225,2015년 7월 12일 10시,일요일,경상남도 사천시 용현면,경상사고,0,0,1,2,차대차 - 측면직각충돌,직진우회전진행방해,습기,비,교차로 - 교차로안,승용,여,51세,부상신고,승용,여,44세,경상
2015071200100226,2015년 7월 12일 10시,일요일,경상남도 남해군 고현면,경상사고,0,0,4,0,차대차 - 측면직각충돌,직진우회전진행방해,습기,비,교차로 - 교차로안,승용,남,68세,상해없음,승용,남,63세,경상
2015071200100250,2015년 7월 12일 11시,일요일,경상남도 김해시 생림면,경상사고,0,0,1,0,차량단독 - 공작물충돌,안전운전불이행,습기,비,단일로 - 기타,화물,남,36세,경상,,,,
2015071200100267,2015년 7월 12일 12시,일요일,경상남도 통영시 도천동,경상사고,0,0,1,0,차대차 - 추돌 - 진행중,안전운전불이행,습기,비,단일로 - 기타,승용,남,43세,상해없음,승용,남,41세,경상
2015071200100268,2015년 7월 12일 12시,일요일,경상남도 김해시 한림면,경상사고,0,0,3,0,차대차 - 추돌 - 주정차중,안전거리미확보,습기,비,단일로 - 기타,화물,남,57세,상해없음,승용,남,34세,경상
2015071200100300,2015년 7월 12일 13시,일요일,경상남도 거제시 연초면,중상사고,0,2,0,0,차대차 - 측면직각충돌,안전운전불이행,습기,비,단일로 - 기타,승용,남,30세,상해없음,승합,남,55세,중상
2015071200100329,2015년 7월 12일 14시,일요일,경상남도 진주시 인사동,경상사고,0,0,2,0,차대차 - 측면직각충돌,신호위반,건조,맑음,교차로 - 교차로안,승용,남,47세,상해없음,승용,남,29세,경상
2015071200100330,2015년 7월 12일 14시,일요일,경상남도 거제시 연초면,중상사고,0,2,0,0,차대차 - 추돌 - 진행중,안전거리미확보,습기,비,단일로 - 횡단보도부근,승용,남,40세,상해없음,승용,남,64세,중상
2015071200100359,2015년 7월 12일 15시,일요일,경상남도 양산시 물금읍,경상사고,0,0,1,0,차대차 - 측면직각충돌,신호위반,습기,비,기타 - 기타,원동기,남,27세,경상,승용,여,54세,상해없음
2015071200100360,2015년 7월 12일 15시,일요일,경상남도 거제시 거제면,중상사고,0,2,0,0,차대차 - 측면직각충돌,중앙선침범,습기,비,단일로 - 기타,승용,남,29세,상해없음,승용,남,39세,중상
2015071200100361,2015년 7월 12일 15시,일요일,경상남도 김해시 명법동,중상사고,0,1,0,0,차대차 - 추돌 - 주정차중,안전거리미확보,습기,비,단일로 - 기타,승용,남,56세,상해없음,승용,남,37세,중상
2015071200100393,2015년 7월 12일 16시,일요일,경상남도 창원시 마산합포구 현동,경상사고,0,0,1,0,차대사람 - 횡단중,보행자보호의무위반,습기,비,단일로 - 횡단보도상,화물,남,34세,상해없음,보행자,여,46세,경상
2015071200100394,2015년 7월 12일 16시,일요일,경상남도 김해시 삼정동,중상사고,0,1,1,0,차대차 - 추돌 - 주정차중,안전운전불이행,습기,비,단일로 - 기타,승용,기타불명,15세,기타불명,승용,남,19세,경상
2015071200100395,2015년 7월 12일 16시,일요일,경상남도 거제시 연초면,중상사고,0,2,0,0,차대차 - 정면충돌,중앙선침범,습기,비,단일로 - 기타,승용,남,50세,상해없음,승용,남,38세,중상
2015071200100419,2015년 7월 12일 17시,일요일,경상남도 밀양시 상남면,중상사고,0,4,1,1,차대차 - 측면직각충돌,안전운전불이행,습기,비,교차로 - 교차로안,승용,여,44세,상해없음,승용,남,61세,중상
2015071200100420,2015년 7월 12일 17시,일요일,경상남도 창원시 의창구 봉림동,중상사고,0,1,0,0,차대사람 - 횡단중,보행자보호의무위반,습기,비,단일로 - 횡단보도상,승용,남,48세,상해없음,보행자,여,16세,중상
2015071200100451,2015년 7월 12일 18시,일요일,경상남도 진주시 명석면,중상사고,0,3,0,0,차량단독 - 공작물충돌,안전운전불이행,습기,비,단일로 - 기타,승합,남,47세,상해없음,,,,
2015071200100452,2015년 7월 12일 18시,일요일,경상남도 김해시 내동,경상사고,0,0,1,0,차대차 - 측면직각충돌,신호위반,습기,비,교차로 - 교차로안,원동기,남,19세,경상,화물,여,44세,상해없음
2015071200100453,2015년 7월 12일 18시,일요일,경상남도 진주시 문산읍,중상사고,0,1,0,0,차량단독 - 공작물충돌,안전운전불이행,습기,비,단일로 - 기타,승용,남,41세,중상,,,,
2015071200100480,2015년 7월 12일 19시,일요일,경상남도 양산시 덕계동,부상신고사고,0,0,0,2,차대차 - 기타,안전운전불이행,습기,비,교차로 - 교차로부근,승용,여,38세,상해없음,승용,여,24세,부상신고
2015071200100543,2015년 7월 12일 21시,일요일,경상남도 밀양시 내이동,경상사고,0,0,1,0,차대차 - 측면직각충돌,안전운전불이행,습기,비,교차로 - 교차로안,승용,여,45세,상해없음,이륜,남,25세,경상
2015071200100544,2015년 7월 12일 21시,일요일,경상남도 김해시 외동,중상사고,0,1,1,0,차대차 - 추돌 - 진행중,중앙선침범,건조,맑음,단일로 - 기타,승용,남,26세,상해없음,승합,남,49세,경상
2015071200100545,2015년 7월 12일 21시,일요일,경상남도 양산시 상북면,부상신고사고,0,0,0,1,차량단독 - 공작물충돌,안전운전불이행,습기,비,기타 - 기타,승용,남,54세,부상신고,,,,
2015071200100546,2015년 7월 12일 21시,일요일,경상남도 하동군 하동읍,중상사고,0,3,0,1,차대차 - 기타,안전운전불이행,건조,맑음,교차로 - 교차로안,승용,여,40세,부상신고,승용,남,41세,중상
2015071200100612,2015년 7월 12일 23시,일요일,경상남도 진주시 상대동,중상사고,0,2,2,0,차대차 - 추돌 - 주정차중,안전운전불이행,건조,맑음,단일로 - 기타,화물,남,34세,중상,승용,남,59세,경상
2015071200100613,2015년 7월 12일 23시,일요일,경상남도 통영시 광도면,경상사고,0,0,2,0,차대차 - 측면직각충돌,직진우회전진행방해,습기,흐림,교차로 - 교차로안,승용,여,40세,상해없음,승용,여,35세,경상
2015071200100614,2015년 7월 12일 23시,일요일,경상남도 통영시 북신동,경상사고,0,0,1,0,차대차 - 추돌 - 진행중,안전거리미확보,건조,맑음,단일로 - 기타,승용,남,50세,상해없음,승용,여,34세,경상
2015071200100615,2015년 7월 12일 23시,일요일,경상남도 김해시 서상동,경상사고,0,0,1,0,차대차 - 측면직각충돌,안전운전불이행,건조,맑음,단일로 - 기타,승합,남,34세,상해없음,승용,남,49세,상해없음
2015071300100068,2015년 7월 13일 06시,월요일,경상남도 진주시 상대동,경상사고,0,0,1,0,차대차 - 측면직각충돌,직진우회전진행방해,건조,맑음,교차로 - 교차로안,승용,남,53세,상해없음,원동기,남,60세,경상
2015071300100069,2015년 7월 13일 06시,월요일,경상남도 양산시 유산동,중상사고,0,1,0,0,차대사람 - 기타,안전운전불이행,습기,비,기타 - 기타,승용,남,27세,상해없음,보행자,남,34세,중상
2015071300100090,2015년 7월 13일 07시,월요일,경상남도 통영시 봉평동,중상사고,0,2,0,0,차대차 - 측면직각충돌,신호위반,건조,맑음,교차로 - 교차로안,승용,남,56세,상해없음,원동기,남,42세,중상
2015071300100129,2015년 7월 13일 08시,월요일,경상남도 밀양시 삼문동,중상사고,0,1,0,0,차대사람 - 차도통행중,안전운전불이행,건조,맑음,단일로 - 기타,승합,남,43세,상해없음,보행자,남,6세,중상
2015071300100130,2015년 7월 13일 08시,월요일,경상남도 김해시 삼방동,중상사고,0,1,0,0,차대사람 - 보도통행중,안전운전불이행,습기,비,단일로 - 기타,승용,남,48세,상해없음,보행자,여,8세,중상
2015071300100179,2015년 7월 13일 09시,월요일,경상남도 양산시 남부동,중상사고,0,1,0,0,차대사람 - 기타,안전운전불이행,건조,맑음,단일로 - 기타,승용,남,40세,상해없음,보행자,여,66세,중상
2015071300100180,2015년 7월 13일 09시,월요일,경상남도 창원시 의창구 동정동,중상사고,0,1,0,0,차대사람 - 횡단중,안전운전불이행,습기,흐림,단일로 - 기타,승합,여,46세,상해없음,보행자,남,69세,중상
2015071300100217,2015년 7월 13일 10시,월요일,경상남도 창원시 진해구 석동,중상사고,0,1,0,0,차대차 - 측면직각충돌,안전운전불이행,건조,맑음,단일로 - 기타,승용,여,36세,상해없음,승용,여,49세,중상