사고번호,사고일시,요일,시군구,사고내용,사망자수,중상자수,경상자수,부상신고자수,사고유형,법규위반,노면상태,기상상태,도로형태,가해운전자 차종,가해운전자 성별,가해운전자 연령,가해운전자 상해정도,피해운전자 차종,피해운전자 성별,피해운전자 연령,피해운전자 상해정도
2015072300100012,2015년 7월 23일 00시,목요일,경상남도 거제시 아양동,중상사고,0,1,0,0,차대사람 - 횡단중,안전운전불이행,습기,비,교차로 - 교차로부근,승용,남,43세,상해없음,보행자,남,33세,중상
2015072300100033,2015년 7월 23일 01시,목요일,경상남도 진주시 문산읍,경상사고,0,0,2,0,차대차 - 측면직각충돌,신호위반,건조,맑음,교차로 - 교차로안,승용,남,48세,상해없음,승용,남,46세,경상
2015072300100053,2015년 7월 23일 03시,목요일,경상남도 사천시 동금동,경상사고,0,0,2,3,차대차 - 측면직각충돌,신호위반,습기,비,교차로 - 교차로안,승용,남,60세,부상신고,승용,남,21세,경상
2015072300100076,2015년 7월 23일 06시,목요일,경상남도 창원시 진해구 석동,경상사고,0,0,1,0,차대차 - 측면직각충돌,중앙선침범,습기,비,단일로 - 기타,승용,남,22세,상해없음,승합,남,68세,경상
2015072300100082,2015년 7월 23일 07시,목요일,경상남도 김해시 삼정동,중상사고,0,1,0,0,차대차 - 측면직각충돌,안전운전불이행,습기,비,단일로 - 기타,화물,남,35세,상해없음,화물,남,58세,중상
2015072300100095,2015년 7월 23일 07시,목요일,경상남도 통영시 광도면,경상사고,0,0,5,0,차대차 - 정면충돌,교차로운행방법위반,건조,맑음,교차로 - 교차로안,화물,남,43세,상해없음,승용,남,27세,경상
2015072300100096,2015년 7월 23일 07시,목요일,경상남도 김해시 삼방동,중상사고,0,1,0,0,차대사람 - 횡단중,안전운전불이행,습기,비,단일로 - 횡단보도상,승용,남,30세,상해없음,보행자,남,50세,중상
2015072300100132,2015년 7월 23일 08시,목요일,경상남도 창원시 마산합포구 진전면,부상신고사고,0,0,0,1,차량단독 - 공작물충돌,안전운전불이행,건조,맑음,단일로 - 기타,승용,남,50세,부상신고,,,,
2015072300100133,2015년 7월 23일 08시,목요일,경상남도 밀양시 산내면,중상사고,0,1,0,0,차대사람 - 기타,안전운전불이행,습기,비,단일로 - 기타,승용,남,54세,상해없음,보행자,남,47세,중상
2015072300100134,2015년 7월 23일 08시,목요일,경상남도 창원시 의창구 소답동,중상사고,0,1,0,0,차대사람 - 횡단중,안전운전불이행,건조,흐림,교차로 - 교차로안,승용,남,54세,상해없음,보행자,여,56세,중상
2015072300100198,2015년 7월 23일 10시,목요일,경상남도 진주시 중안동,경상사고,0,0,1,0,차대사람 - 횡단중,보행자보호의무위반,건조,맑음,교차로 - 교차로부근,화물,남,55세,상해없음,보행자,남,53세,경상
2015072300100231,2015년 7월 23일 11시,목요일,경상남도 사천시 사천읍,경상사고,0,0,2,0,차대차 - 측면직각충돌,교차로운행방법위반,건조,맑음,교차로 - 교차로안,승용,여,45세,상해없음,승용,남,47세,경상
2015072300100266,2015년 7월 23일 12시,목요일,경상남도 김해시 흥동,경상사고,0,0,1,0,차대차 - 추돌 - 주정차중,안전운전불이행,습기,흐림,단일로 - 기타,승합,남,55세,상해없음,승용,여,32세,경상
2015072300100308,2015년 7월 23일 13시,목요일,경상남도 사천시 곤양면,경상사고,0,0,1,0,차량단독 - 공작물충돌,안전운전불이행,건조,맑음,단일로 - 기타,화물,여,54세,경상,,,,
2015072300100309,2015년 7월 23일 13시,목요일,경상남도 양산시 어곡동,중상사고,0,1,0,0,차대차 - 측면직각충돌,안전운전불이행,건조,맑음,교차로 - 교차로안,화물,남,32세,중상,화물,남,69세,상해없음
2015072300100310,2015년 7월 23일 13시,목요일,경상남도 창원시 의창구 명서동,경상사고,0,0,2,0,차대차 - 추돌 - 진행중,안전운전불이행,건조,맑음,교차로 - 교차로안,승용,남,52세,상해없음,승용,남,27세,경상
2015072300100340,2015년 7월 23일 14시,목요일,경상남도 김해시 삼계동,중상사고,0,1,0,0,차대사람 - 차도통행중,안전운전불이행,기타,맑음,단일로 - 기타,승용,여,48세,상해없음,보행자,남,10세,중상
2015072300100341,2015년 7월 23일 14시,목요일,경상남도 김해시 어방동,경상사고,0,0,2,0,차대차 - 기타,안전운전불이행,건조,맑음,교차로 - 교차로안,승용,남,37세,상해없음,승용,여,34세,경상
2015072300100342,2015년 7월 23일 14시,목요일,경상남도 산청군 단성면,중상사고,0,1,0,0,차대사람 - 횡단중,안전운전불이행,습기,비,교차로 - 교차로안,승용,남,33세,상해없음,보행자,여,70세,중상
2015072300100386,2015년 7월 23일 15시,목요일,경상남도 통영시 미수동,중상사고,0,1,0,0,차대차 - 측면직각충돌,중앙선침범,건조,맑음,단일로 - 기타,승용,남,55세,상해없음,승용,남,51세,중상
2015072300100387,2015년 7월 23일 15시,목요일,경상남도 김해시 부원동,중상사고,0,1,0,0,차대사람 - 기타,안전운전불이행,건조,맑음,단일로 - 기타,승용,남,42세,상해없음,보행자,여,63세,중상
2015072300100468,2015년 7월 23일 17시,목요일,경상남도 양산시 명곡동,경상사고,0,0,1,0,차대차 - 기타,중앙선침범,건조,맑음,단일로 - 기타,승용,여,42세,상해없음,승용,남,63세,경상
2015072300100469,2015년 7월 23일 17시,목요일,경상남도 양산시 원동면,중상사고,0,1,0,0,차대차 - 정면충돌,중앙선침범,건조,맑음,단일로 - 기타,승용,남,22세,상해없음,승용,여,50세,중상
2015072300100511,2015년 7월 23일 18시,목요일,경상남도 진주시 칠암동,중상사고,0,1,0,0,차대차 - 측면직각충돌,안전운전불이행,건조,맑음,단일로 - 기타,승용,남,57세,상해없음,자전거,남,10세,중상
2015072300100512,2015년 7월 23일 18시,목요일,경상남도 사천시 정동면,경상사고,0,0,1,0,차대차 - 측면직각충돌,기타,건조,맑음,교차로 - 교차로안,승용,여,32세,상해없음,자전거,여,67세,경상
2015072300100550,2015년 7월 23일 19시,목요일,경상남도 김해시 동상동,경상사고,0,0,1,0,차대차 - 측면직각충돌,신호위반,습기,비,교차로 - 교차로안,승용,남,51세,상해없음,승용,남,42세,경상
2015072300100551,2015년 7월 23일 19시,목요일,경상남도 김해시 어방동,경상사고,0,0,1,0,차대차 - 측면직각충돌,안전운전불이행,습기,비,교차로 - 교차로안,승용,남,57세,상해없음,원동기,남,36세,경상
2015072300100552,2015년 7월 23일 19시,목요일,경상남도 창원시 의창구 북면,경상사고,0,0,1,0,차대차 - 추돌 - 주정차중,안전운전불이행,건조,맑음,기타 - 기타,화물,남,65세,상해없음,승용,남,30세,경상
2015072300100599,2015년 7월 23일 20시,목요일,경상남도 김해시 삼계동,경상사고,0,0,1,0,차대차 - 측면직각충돌,안전운전불이행,건조,맑음,교차로 - 교차로안,원동기,남,17세,경상,승용,남,48세,상해없음
2015072300100646,2015년 7월 23일 21시,목요일,경상남도 김해시 외동,중상사고,0,1,1,0,차대차 - 측면직각충돌,교차로운행방법위반,습기,비,교차로 - 교차로안,승용,남,40세,상해없음,승용,여,48세,중상
2015072300100647,2015년 7월 23일 21시,목요일,경상남도 양산시 북정동,경상사고,0,0,1,0,차대차 - 추돌 - 진행중,안전거리미확보,습기,비,단일로 - 기타,승용,남,51세,상해없음,승용,여,64세,경상
2015072300100700,2015년 7월 23일 22시,목요일,경상남도 사천시 사천읍,부상신고사고,0,0,0,1,차대차 - 측면직각충돌,교차로운행방법위반,건조,맑음,교차로 - 교차로안,승용,여,57세,부상신고,승용,남,38세,상해없음
2015072300100701,2015년 7월 23일 22시,목요일,경상남도 사천시 사천읍,경상사고,0,0,1,0,차대차 - 추돌 - 진행중,안전운전불이행,건조,맑음,교차로 - 교차로부근,승용,남,18세,상해없음,원동기,남,18세,경상
2015072300100702,2015년 7월 23일 22시,목요일,경상남도 김해시 삼계동,경상사고,0,0,2,0,차대차 - 기타,안전운전불이행,습기,비,단일로 - 기타,승용,남,19세,상해없음,승용,남,42세,경상
2015072400100034,2015년 7월 24일 00시,금요일,경상남도 창원시 성산구 상남동,경상사고,0,0,1,2,차대차 - 추돌 - 주정차중,안전운전불이행,건조,맑음,교차로 - 교차로부근,승합,남,48세,상해없음,승용,남,49세,경상
2015072400100152,2015년 7월 24일 07시,금요일,경상남도 밀양시 가곡동,중상사고,0,1,0,0,차대차 - 측면직각충돌,중앙선침범,습기,흐림,단일로 - 기타,승용,여,29세,상해없음,승용,여,52세,중상
2015072400100153,2015년 7월 24일 07시,금요일,경상남도 함안군 가야읍,경상사고,0,0,1,0,차대차 - 측면직각충돌,안전운전불이행,건조,맑음,교차로 - 교차로안,승용,여,62세,상해없음,승용,여,56세,경상
2015072400100192,2015년 7월 24일 08시,금요일,경상남도 사천시 좌룡동,부상신고사고,0,0,0,3,차대차 - 추돌 - 주정차중,안전운전불이행,건조,맑음,교차로 - 교차로부근,화물,남,63세,상해없음,승용,남,50세,부상신고
2015072400100193,2015년 7월 24일 08시,금요일,경상남도 남해군 고현면,중상사고,0,1,1,0,차대차 - 측면직각충돌,중앙선침범,건조,맑음,단일로 - 기타,승용,남,31세,상해없음,승용,남,34세,중상
2015072400100194,2015년 7월 24일 08시,금요일,경상남도 김해시 진영읍,경상사고,0,0,1,0,차대차 - 측면직각충돌,신호위반,습기,비,교차로 - 교차로안,화물,남,59세,경상,승용,여,47세,상해없음
2015072400100227,2015년 7월 24일 09시,금요일,경상남도 창원시 마산합포구 신포동1가,중상사고,0,1,0,0,차대차 - 측면직각충돌,신호위반,습기,흐림,교차로 - 교차로부근,승용,남,52세,상해없음,승용,남,34세,중상
2015072400100265,2015년 7월 24일 10시,금요일,경상남도 산청군 오부면,경상사고,0,0,1,0,차대차 - 추돌 - 진행중,안전운전불이행,건조,맑음,단일로 - 기타,승용,여,55세,기타불명,원동기,남,76세,상해없음
2015072400100311,2015년 7월 24일 11시,금요일,경상남도 양산시 물금읍,경상사고,0,0,1,0,차대차 - 기타,직진우회전진행방해,습기,비,교차로 - 교차로안,승용,남,80세,상해없음,승합,남,33세,상해없음
2015072400100340,2015년 7월 24일 12시,금요일,경상남도 양산시 소주동,경상사고,0,0,4,0,차대차 - 측면직각충돌,기타,건조,맑음,단일로 - 횡단보도부근,승용,남,31세,상해없음,승용,여,30세,경상
2015072400100374,2015년 7월 24일 13시,금요일,경상남도 통영시 광도면,중상사고,0,2,0,0,차대차 - 추돌 - 진행중,안전운전불이행,건조,맑음,교차로 - 교차로안,승용,여,63세,상해없음,승용,남,68세,중상
2015072400100410,2015년 7월 24일 14시,금요일,경상남도 고성군 고성읍,경상사고,0,0,1,0,차대차 - 기타,안전운전불이행,습기,흐림,단일로 - 기타,승용,여,35세,상해없음,원동기,남,73세,경상
2015072400100449,2015년 7월 24일 15시,금요일,경상남도 진주시 상대동,경상사고,0,0,1,0,차대사람 - 횡단중,안전운전불이행,건조,맑음,단일로 - 횡단보도상,승용,남,70세,상해없음,보행자,남,20세,경상
2015072400100450,2015년 7월 24일 15시,금요일,경상남도 밀양시 초동면,사망사고,1,1,0,0,차대차 - 추돌 - 주정차중,안전운전불이행,건조,흐림,단일로 - 기타,승용,남,56세,사망,화물,남,48세,중상
2015072400100451,2015년 7월 24일 15시,금요일,경상남도 함양군 함양읍,중상사고,0,1,0,0,차대차 - 추돌 - 진행중,안전운전불이행,건조,흐림,단일로 - 기타,승용,남,33세,상해없음,승용,여,41세,중상
2015072400100452,2015년 7월 24일 15시,금요일,경상남도 양산시 평산동,경상사고,0,0,1,0,차대차 - 측면직각충돌,교차로운행방법위반,건조,맑음,기타 - 기타,승용,남,53세,상해없음,자전거,여,55세,경상
2015072400100453,2015년 7월 24일 15시,금요일,경상남도 거제시 상동동,경상사고,0,0,1,0,차대차 - 추돌 - 진행중,안전운전불이행,건조,맑음,단일로 - 기타,승용,남,58세,상해없음,승용,여,35세,경상
2015072400100454,2015년 7월 24일 15시,금요일,경상남도 창원시 의창구 동정동,경상사고,0,0,2,0,차대차 - 추돌 - 진행중,안전운전불이행,건조,맑음,단일로 - 기타,승용,남,29세,상해없음,승합,남,47세,상해없음
2015072400100488,2015년 7월 24일 16시,금요일,경상남도 진주시 가좌동,경상사고,0,0,1,0,차대차 - 추돌 - 주정차중,안전운전불이행,건조,맑음,교차로 - 교차로부근,화물,남,62세,상해없음,화물,남,50세,상해없음
2015072400100489,2015년 7월 24일 16시,금요일,경상남도 진주시 대안동,중상사고,0,1,0,0,차대사람 - 기타,기타,건조,맑음,단일로 - 기타,승합,남,52세,상해없음,보행자,여,78세,중상
2015072400100490,2015년 7월 24일 16시,금요일,경상남도 창녕군 대합면,중상사고,0,1,0,0,차대차 - 추돌 - 진행중,안전운전불이행,건조,맑음,교차로 - 교차로안,승용,여,51세,상해없음,원동기,남,72세,중상
2015072400100491,2015년 7월 24일 16시,금요일,경상남도 남해군 남해읍,경상사고,0,0,1,0,차대차 - 추돌 - 주정차중,안전운전불이행,건조,맑음,단일로 - 기타,자전거,여,48세,경상,원동기,남,56세,기타불명
2015072400100492,2015년 7월 24일 16시,금요일,경상남도 김해시 한림면,중상사고,0,2,0,0,차대차 - 정면충돌,중앙선침범,건조,맑음,단일로 - 기타,화물,남,62세,중상,화물,남,38세,중상
2015072400100528,2015년 7월 24일 17시,금요일,경상남도 밀양시 산내면,사망사고,1,1,0,0,차량단독 - 도로외이탈 - 추락,안전운전불이행,건조,맑음,단일로 - 기타,화물,남,47세,사망,,,,
2015072400100566,2015년 7월 24일 18시,금요일,경상남도 김해시 생림면,중상사고,0,1,0,0,차대차 - 추돌 - 진행중,안전운전불이행,건조,맑음,단일로 - 기타,화물,남,69세,상해없음,자전거,남,37세,중상
2015072400100567,2015년 7월 24일 18시,금요일,경상남도 양산시 용당동,경상사고,0,0,1,0,차대차 - 측면직각충돌,직진우회전진행방해,건조,흐림,기타 - 기타,승용,남,52세,상해없음,자전거,남,27세,경상
2015072400100598,2015년 7월 24일 19시,금요일,경상남도 김해시 삼계동,중상사고,0,1,0,0,차대차 - 측면직각충돌,안전운전불이행,건조,맑음,교차로 - 교차로안,승용,여,52세,상해없음,승용,여,28세,중상
2015072400100648,2015년 7월 24일 20시,금요일,경상남도 진주시 금산면,중상사고,0,1,0,0,차대차 - 측면직각충돌,안전운전불이행,건조,맑음,교차로 - 교차로안,승용,남,30세,상해없음,이륜,남,22세,중상
2015072400100649,2015년 7월 24일 20시,금요일,경상남도 진주시 상봉동,경상사고,0,0,1,0,차대차 - 측면직각충돌,신호위반,건조,맑음,교차로 - 교차로안,승용,남,32세,상해없음,이륜,여,56세,경상
2015072400100650,2015년 7월 24일 20시,금요일,경상남도 진주시 명석면,중상사고,0,1,0,0,차대차 - 측면직각충돌,신호위반,건조,맑음,교차로 - 교차로부근,승용,남,54세,상해없음,승용,남,50세,중상
2015072400100651,2015년 7월 24일 20시,금요일,경상남도 통영시 태평동,경상사고,0,0,1,0,차대사람 - 기타,안전운전불이행,건조,맑음,단일로 - 기타,승용,남,53세,상해없음,보행자,남,30세,경상
2015072400100652,2015년 7월 24일 20시,금요일,경상남도 양산시 물금읍,경상사고,0,0,1,0,차대차 - 기타,안전운전불이행,건조,맑음,단일로 - 기타,화물,남,43세,경상,화물,기타불명,90세 이상,기타불명
2015072400100688,2015년 7월 24일 21시,금요일,경상남도 창원시 마산합포구 오동동,경상사고,0,0,1,0,차대사람 - 기타,안전운전불이행,건조,맑음,단일로 - 기타,승용,남,56세,상해없음,보행자,남,40세,경상
2015072400100689,2015년 7월 24일 21시,금요일,경상남도 통영시 광도면,경상사고,0,0,2,0,차대차 - 기타,안전운전불이행,건조,맑음,단일로 - 기타,승용,남,52세,상해없음,승용,남,53세,경상
2015072400100690,2015년 7월 24일 21시,금요일,경상남도 통영시 정량동,경상사고,0,0,1,0,차대차 - 측면직각충돌,안전운전불이행,건조,맑음,교차로 - 교차로안,승용,여,48세,상해없음,승용,남,52세,경상
2015072400100691,2015년 7월 24일 21시,금요일,경상남도 창녕군 영산면,중상사고,0,1,0,0,차대차 - 측면직각충돌,직진우회전진행방해,건조,맑음,교차로 - 교차로안,승합,여,46세,상해없음,원동기,남,70세,중상
2015072400100692,2015년 7월 24일 21시,금요일,경상남도 거제시 아주동,중상사고,0,1,1,0,차대차 - 추돌 - 진행중,안전운전불이행,건조,맑음,단일로 - 기타,승합,남,53세,상해없음,승합,남,50세,중상
2015072400100710,2015년 7월 24일 22시,금요일,경상남도 김해시 흥동,중상사고,0,2,0,0,차대차 - 추돌 - 진행중,안전운전불이행,건조,맑음,단일로 - 기타,승용,남,31세,상해없음,승용,남,50세,중상
2015072400100732,2015년 7월 24일 22시,금요일,경상남도 창원시 마산합포구 진전면,중상사고,0,1,0,0,차량단독 - 공작물충돌,안전운전불이행,습기,흐림,기타 - 기타,승용,남,46세,중상,,,,
2015072400100733,2015년 7월 24일 22시,금요일,경상남도 사천시 사천읍,경상사고,0,0,1,0,차대차 - 측면직각충돌,안전운전불이행,건조,맑음,교차로 - 교차로안,승용,남,26세,상해없음,승용,남,39세,기타불명
2015072400100734,2015년 7월 24일 22시,금요일,경상남도 거창군 남상면,중상사고,0,1,0,0,차량단독 - 기타,안전운전불이행,건조,맑음,교차로 - 교차로안,이륜,남,47세,중상,,,,
2015072400100735,2015년 7월 24일 22시,금요일,경상남도 양산시 북부동,경상사고,0,0,1,0,차대차 - 기타,안전운전불이행,건조,맑음,교차로 - 교차로안,자전거,남,65세,경상,승용,남,35세,상해없음
2015072400100736,2015년 7월 24일 22시,금요일,경상남도 김해시 풍유동,중상사고,0,2,0,0,차대차 - 추돌 - 진행중,안전운전불이행,건조,맑음,단일로 - 기타,화물,남,59세,중상,화물,남,35세,상해없음
2015072400100772,2015년 7월 24일 23시,금요일,경상남도 진주시 상대동,경상사고,0,0,1,0,차대사람 - 횡단중,보행자보호의무위반,건조,맑음,교차로 - 교차로부근,승용,남,57세,상해없음,보행자,남,45세,경상
2015072400100773,2015년 7월 24일 23시,금요일,경상남도 창원시 마산회원구 내서읍,중상사고,0,1,2,0,차대차 - 측면직각충돌,중앙선침범,습기,맑음,교차로 - 교차로부근,승용,여,38세,상해없음,승용,남,34세,경상
2015072500100019,2015년 7월 25일 00시,토요일,경상남도 진주시 초전동,중상사고,0,2,1,0,차대차 - 측면직각충돌,신호위반,건조,맑음,교차로 - 교차로안,승용,남,47세,상해없음,승용,여,43세,중상
2015072500100020,2015년 7월 25일 00시,토요일,경상남도 창원시 성산구 중앙동,사망사고,1,0,0,0,차대차 - 측면직각충돌,신호위반,건조,맑음,교차로 - 교차로안,화물,남,39세,상해없음,이륜,남,19세,사망
2015072500100058,2015년 7월 25일 01시,토요일,경상남도 김해시 불암동,중상사고,0,1,2,0,차대차 - 추돌 - 진행중,안전운전불이행,건조,맑음,단일로 - 기타,승용,여,59세,경상,승용,남,60세,경상
2015072500100097,2015년 7월 25일 03시,토요일,경상남도 창원시 성산구 상남동,경상사고,0,0,1,0,차대사람 - 횡단중,보행자보호의무위반,습기,비,단일로 - 횡단보도상,승용,남,26세,상해없음,보행자,남,58세,경상
2015072500100188,2015년 7월 25일 07시,토요일,경상남도 거제시 연초면,경상사고,0,0,1,0,차대차 - 추돌 - 진행중,교차로운행방법위반,건조,맑음,교차로 - 교차로안,승합,여,53세,상해없음,승용,여,59세,경상
2015072500100189,2015년 7월 25일 07시,토요일,경상남도 창원시 의창구 동읍,경상사고,0,0,1,0,차대차 - 추돌 - 진행중,안전운전불이행,건조,맑음,단일로 - 터널,승용,남,22세,상해없음,승용,남,62세,경상
2015072500100210,2015년 7월 25일 08시,토요일,경상남도 김해시 불암동,중상사고,0,1,0,0,차대차 - 측면직각충돌,신호위반,건조,맑음,교차로 - 교차로안,화물,남,61세,상해없음,화물,남,61세,중상
2015072500100211,2015년 7월 25일 08시,토요일,경상남도 양산시 교동,부상신고사고,0,0,0,5,차대차 - 기타,안전거리미확보,건조,맑음,단일로 - 기타,승용,여,46세,상해없음,승용,남,23세,부상신고
2015072500100239,2015년 7월 25일 09시,토요일,경상남도 통영시 용남면,중상사고,0,2,1,0,차대차 - 측면직각충돌,차로위반,건조,맑음,단일로 - 기타,승합,남,53세,상해없음,승용,여,59세,중상
2015072500100240,2015년 7월 25일 09시,토요일,경상남도 거제시 거제면,중상사고,0,1,2,0,차대차 - 측면직각충돌,교차로운행방법위반,건조,맑음,교차로 - 교차로안,화물,남,65세,경상,승용,여,49세,중상
2015072500100251,2015년 7월 25일 10시,토요일,경상남도 양산시 동면,경상사고,0,0,2,0,차대차 - 측면직각충돌,안전거리미확보,건조,맑음,단일로 - 기타,승용,여,25세,상해없음,승용,여,64세,경상
2015072500100263,2015년 7월 25일 10시,토요일,경상남도 합천군 초계면,경상사고,0,0,1,0,차대차 - 기타,안전운전불이행,건조,맑음,단일로 - 기타,승용,기타불명,기타불명,기타불명,이륜,남,65세,경상
2015072500100264,2015년 7월 25일 10시,토요일,경상남도 양산시 동면,경상사고,0,0,5,0,차대차 - 기타,안전거리미확보,건조,맑음,단일로 - 기타,건설기계,남,59세,상해없음,승용,남,50세,경상
2015072500100265,2015년 7월 25일 10시,토요일,경상남도 양산시 물금읍,경상사고,0,0,1,0,차대사람 - 횡단중,안전운전불이행,건조,맑음,단일로 - 기타,승용,여,56세,상해없음,보행자,남,38세,경상
2015072500100310,2015년 7월 25일 11시,토요일,경상남도 거제시 연초면,중상사고,0,1,1,0,차대차 - 기타,안전운전불이행,건조,맑음,교차로 - 교차로부근,승용,남,26세,상해없음,승용,남,52세,경상
2015072500100337,2015년 7월 25일 12시,토요일,경상남도 창원시 진해구 경화동,경상사고,0,0,1,0,차대차 - 기타,안전운전불이행,건조,맑음,교차로 - 교차로안,승합,남,46세,상해없음,원동기,남,69세,경상
2015072500100338,2015년 7월 25일 12시,토요일,경상남도 사천시 벌리동,경상사고,0,0,1,1,차대차 - 측면직각충돌,직진우회전진행방해,건조,맑음,교차로 - 교차로안,승용,여,43세,경상,승용,남,52세,부상신고
2015072500100339,2015년 7월 25일 12시,토요일,경상남도 사천시 벌리동,경상사고,0,0,1,0,차대차 - 측면직각충돌,신호위반,건조,맑음,교차로 - 교차로안,승용,남,49세,상해없음,승용,여,49세,경상
2015072500100340,2015년 7월 25일 12시,토요일,경상남도 양산시 교동,경상사고,0,0,1,0,차대차 - 기타,기타,건조,맑음,단일로 - 기타,건설기계,남,69세,상해없음,승용,남,54세,경상
2015072500100341,2015년 7월 25일 12시,토요일,경상남도 하동군 금성면,경상사고,0,0,1,0,차대차 - 측면직각충돌,안전운전불이행,건조,맑음,단일로 - 기타,승합,남,57세,상해없음,승용,남,51세,경상
2015072500100342,2015년 7월 25일 12시,토요일,경상남도 거제시 옥포동,경상사고,0,0,1,0,차대사람 - 기타,안전운전불이행,건조,맑음,단일로 - 기타,승용,여,26세,상해없음,보행자,남,33세,경상
2015072500100363,2015년 7월 25일 13시,토요일,경상남도 양산시 삼호동,중상사고,0,1,0,0,차대차 - 측면직각충돌,신호위반,건조,맑음,교차로 - 교차로안,승용,여,54세,상해없음,승용,여,60세,중상
2015072500100364,2015년 7월 25일 13시,토요일,경상남도 함안군 칠서면,경상사고,0,0,1,0,차대차 - 추돌 - 진행중,안전운전불이행,건조,맑음,단일로 - 기타,화물,남,55세,상해없음,농기계,남,73세,경상
2015072500100365,2015년 7월 25일 13시,토요일,경상남도 창원시 의창구 팔용동,경상사고,0,0,1,0,차대차 - 추돌 - 주정차중,안전운전불이행,건조,흐림,교차로 - 교차로부근,승용,여,48세,상해없음,승용,여,49세,경상
2015072500100366,2015년 7월 25일 13시,토요일,경상남도 창원시 마산회원구 내서읍,경상사고,0,0,2,0,차대차 - 추돌 - 진행중,안전운전불이행,건조,맑음,단일로 - 기타,화물,남,44세,상해없음,승용,남,34세,경상
2015072500100396,2015년 7월 25일 14시,토요일,경상남도 김해시 삼방동,경상사고,0,0,1,0,차대차 - 측면직각충돌,안전운전불이행,건조,맑음,단일로 - 기타,승용,남,76세,상해없음,자전거,여,56세,경상
2015072500100397,2015년 7월 25일 14시,토요일,경상남도 남해군 삼동면,중상사고,0,1,1,0,차대차 - 정면충돌,중앙선침범,건조,맑음,단일로 - 기타,이륜,남,33세,상해없음,승용,남,72세,경상
2015072500100398,2015년 7월 25일 14시,토요일,경상남도 창원시 의창구 팔용동,경상사고,0,0,1,0,차대차 - 측면직각충돌,신호위반,건조,맑음,교차로 - 교차로안,승용,여,42세,상해없음,승용,여,35세,경상
2015072500100427,2015년 7월 25일 15시,토요일,경상남도 양산시 중부동,부상신고사고,0,0,0,2,차대차 - 기타,안전거리미확보,건조,맑음,단일로 - 기타,승합,남,38세,상해없음,승용,남,44세,부상신고
2015072500100428,2015년 7월 25일 15시,토요일,경상남도 남해군 삼동면,중상사고,0,2,0,1,차량단독 - 공작물충돌,안전운전불이행,건조,맑음,단일로 - 기타,승용,남,63세,부상신고,,,,
2015072500100462,2015년 7월 25일 16시,토요일,경상남도 양산시 신기동,경상사고,0,0,1,0,차대차 - 측면직각충돌,안전거리미확보,건조,맑음,단일로 - 기타,이륜,남,15세,상해없음,승합,남,54세,경상
2015072500100498,2015년 7월 25일 17시,토요일,경상남도 김해시 동상동,중상사고,0,1,0,0,차대차 - 측면직각충돌,안전운전불이행,건조,맑음,단일로 - 기타,자전거,남,5세,중상,승용,남,39세,기타불명
2015072500100499,2015년 7월 25일 17시,토요일,경상남도 양산시 남부동,부상신고사고,0,0,0,2,차대차 - 기타,차로위반,건조,맑음,단일로 - 기타,승용,남,70세,상해없음,승용,남,45세,상해없음
2015072500100548,2015년 7월 25일 18시,토요일,경상남도 창원시 진해구 석동,중상사고,0,1,0,0,차대사람 - 차도통행중,안전운전불이행,건조,맑음,단일로 - 기타,화물,남,41세,상해없음,보행자,남,23세,중상
2015072500100549,2015년 7월 25일 18시,토요일,경상남도 통영시 무전동,중상사고,0,1,0,0,차대차 - 측면직각충돌,중앙선침범,건조,맑음,단일로 - 기타,승용,여,55세,상해없음,이륜,남,39세,중상
2015072500100550,2015년 7월 25일 18시,토요일,경상남도 사천시 사남면,경상사고,0,0,3,0,차대차 - 정면충돌,중앙선침범,건조,맑음,단일로 - 기타,승용,남,27세,상해없음,승용,여,38세,경상
2015072500100551,2015년 7월 25일 18시,토요일,경상남도 창원시 의창구 봉곡동,중상사고,0,2,0,0,차대차 - 측면직각충돌,안전운전불이행,건조,흐림,교차로 - 교차로안,승용,여,39세,상해없음,승용,남,67세,상해없음
2015072500100609,2015년 7월 25일 20시,토요일,경상남도 밀양시 단장면,중상사고,0,1,0,0,차대사람 - 길가장자리구역통행중,안전운전불이행,건조,맑음,단일로 - 기타,승용,남,24세,상해없음,보행자,여,44세,중상
2015072500100727,2015년 7월 25일 23시,토요일,경상남도 거제시 고현동,부상신고사고,0,0,0,1,차대차 - 기타,안전거리미확보,건조,맑음,교차로 - 교차로부근,승용,남,39세,상해없음,원동기,남,55세,부상신고
2015072600100031,2015년 7월 26일 01시,일요일,경상남도 김해시 장유면,중상사고,0,1,0,0,차대차 - 추돌 - 주정차중,안전운전불이행,건조,맑음,교차로 - 교차로부근,원동기,남,17세,중상,승용,남,41세,상해없음
2015072600100050,2015년 7월 26일 02시,일요일,경상남도 김해시 삼계동,경상사고,0,0,1,0,차대차 - 정면충돌,안전운전불이행,건조,맑음,교차로 - 교차로안,승용,남,20세,상해없음,승용,여,24세,상해없음
2015072600100051,2015년 7월 26일 02시,일요일,경상남도 창원시 마산회원구 양덕동,중상사고,0,1,0,0,차대차 - 추돌 - 주정차중,안전운전불이행,건조,맑음,단일로 - 기타,이륜,남,31세,중상,승용,남,40세,기타불명
2015072600100080,2015년 7월 26일 04시,일요일,경상남도 양산시 북정동,경상사고,0,0,1,0,차대차 - 기타,중앙선침범,건조,맑음,단일로 - 기타,승용,남,29세,상해없음,승용,남,53세,경상