사고번호,사고일시,요일,시군구,사고내용,사망자수,중상자수,경상자수,부상신고자수,사고유형,법규위반,노면상태,기상상태,도로형태,가해운전자 차종,가해운전자 성별,가해운전자 연령,가해운전자 상해정도,피해운전자 차종,피해운전자 성별,피해운전자 연령,피해운전자 상해정도
2015080100100263,2015년 8월 1일 12시,토요일,경상남도 거창군 거창읍,중상사고,0,1,0,0,차대차 - 정면충돌,안전운전불이행,건조,맑음,단일로 - 기타,이륜,여,60세,중상,승용,남,34세,상해없음
2015080100100264,2015년 8월 1일 12시,토요일,경상남도 거제시 능포동,경상사고,0,0,1,0,차대차 - 측면직각충돌,교차로운행방법위반,건조,맑음,교차로 - 교차로안,이륜,남,57세,상해없음,이륜,남,31세,경상
2015080100100265,2015년 8월 1일 12시,토요일,경상남도 거제시 동부면,중상사고,0,1,4,0,차대차 - 추돌 - 진행중,중앙선침범,건조,맑음,단일로 - 기타,승용,남,54세,상해없음,승용,남,54세,경상
2015080100100266,2015년 8월 1일 12시,토요일,경상남도 남해군 상주면,경상사고,0,0,1,0,차대사람 - 차도통행중,안전운전불이행,건조,맑음,단일로 - 기타,승용,남,21세,상해없음,보행자,남,23세,경상
2015080100100299,2015년 8월 1일 13시,토요일,경상남도 통영시 평림동,경상사고,0,0,1,0,차대차 - 기타,안전운전불이행,건조,맑음,교차로 - 교차로부근,승합,남,35세,상해없음,승합,남,36세,경상
2015080100100300,2015년 8월 1일 13시,토요일,경상남도 거제시 옥포동,경상사고,0,0,3,0,차대차 - 측면직각충돌,교차로운행방법위반,건조,맑음,교차로 - 교차로안,승용,남,63세,경상,승용,남,27세,경상
2015080100100331,2015년 8월 1일 14시,토요일,경상남도 진주시 평안동,경상사고,0,0,2,0,차대사람 - 횡단중,보행자보호의무위반,건조,맑음,교차로 - 교차로안,승용,여,25세,상해없음,보행자,남,27세,경상
2015080100100332,2015년 8월 1일 14시,토요일,경상남도 밀양시 산내면,경상사고,0,0,1,0,차대차 - 추돌 - 진행중,안전운전불이행,건조,맑음,교차로 - 교차로부근,화물,남,53세,상해없음,승용,남,41세,경상
2015080100100333,2015년 8월 1일 14시,토요일,경상남도 김해시 어방동,경상사고,0,0,1,0,차대차 - 기타,안전운전불이행,건조,맑음,단일로 - 기타,이륜,남,18세,경상,승용,남,44세,상해없음
2015080100100334,2015년 8월 1일 14시,토요일,경상남도 양산시 중부동,경상사고,0,0,1,0,차대차 - 측면직각충돌,차로위반,건조,맑음,교차로 - 교차로부근,승용,남,33세,상해없음,원동기,남,53세,경상
2015080100100335,2015년 8월 1일 14시,토요일,경상남도 남해군 창선면,경상사고,0,0,3,0,차대차 - 추돌 - 주정차중,안전운전불이행,건조,맑음,단일로 - 기타,승용,남,36세,상해없음,승용,여,50세,경상
2015080100100378,2015년 8월 1일 15시,토요일,경상남도 통영시 무전동,중상사고,0,2,5,0,차대차 - 추돌 - 진행중,안전운전불이행,건조,맑음,단일로 - 기타,승용,여,50세,상해없음,승용,남,49세,경상
2015080100100379,2015년 8월 1일 15시,토요일,경상남도 남해군 창선면,경상사고,0,0,4,0,차대차 - 추돌 - 주정차중,안전운전불이행,건조,맑음,단일로 - 기타,승용,남,48세,상해없음,승용,남,28세,경상
2015080100100415,2015년 8월 1일 16시,토요일,경상남도 창원시 마산합포구 자산동,경상사고,0,0,1,0,차대사람 - 횡단중,신호위반,건조,맑음,교차로 - 교차로안,화물,남,41세,상해없음,보행자,남,15세,경상
2015080100100416,2015년 8월 1일 16시,토요일,경상남도 사천시 축동면,경상사고,0,0,2,0,차대차 - 추돌 - 주정차중,안전운전불이행,건조,맑음,단일로 - 기타,승용,여,41세,상해없음,화물,남,47세,경상
2015080100100446,2015년 8월 1일 17시,토요일,경상남도 김해시 대동면,중상사고,0,1,0,0,차대차 - 기타,안전운전불이행,건조,맑음,교차로 - 교차로안,원동기,여,58세,중상,화물,남,39세,상해없음
2015080100100447,2015년 8월 1일 17시,토요일,경상남도 고성군 고성읍,중상사고,0,1,0,0,차대차 - 측면직각충돌,교차로운행방법위반,건조,맑음,교차로 - 교차로안,승용,남,60세,상해없음,승용,남,61세,중상
2015080100100448,2015년 8월 1일 17시,토요일,경상남도 거제시 아주동,경상사고,0,0,1,0,차대차 - 추돌 - 진행중,신호위반,건조,맑음,교차로 - 교차로안,승용,남,55세,상해없음,이륜,남,44세,경상
2015080100100449,2015년 8월 1일 17시,토요일,경상남도 진주시 가좌동,중상사고,0,2,1,0,차대차 - 측면직각충돌,안전운전불이행,건조,맑음,단일로 - 기타,승용,기타불명,기타불명,기타불명,승용,여,32세,중상
2015080100100484,2015년 8월 1일 18시,토요일,경상남도 밀양시 삼랑진읍,경상사고,0,0,1,0,차대차 - 정면충돌,안전운전불이행,기타,맑음,단일로 - 기타,자전거,남,46세,상해없음,자전거,남,16세,경상
2015080100100485,2015년 8월 1일 18시,토요일,경상남도 합천군 야로면,중상사고,0,1,0,0,차대사람 - 기타,안전운전불이행,건조,맑음,단일로 - 기타,승용,남,26세,상해없음,보행자,여,58세,중상
2015080100100486,2015년 8월 1일 18시,토요일,경상남도 창원시 마산회원구 석전동,중상사고,0,1,0,0,차대사람 - 차도통행중,안전운전불이행,건조,맑음,단일로 - 기타,승용,남,56세,상해없음,보행자,남,39세,중상
2015080100100517,2015년 8월 1일 19시,토요일,경상남도 진주시 강남동,중상사고,0,1,0,0,차대차 - 측면직각충돌,신호위반,건조,맑음,교차로 - 교차로안,승용,남,44세,상해없음,자전거,남,11세,중상
2015080100100518,2015년 8월 1일 19시,토요일,경상남도 사천시 용현면,중상사고,0,1,0,1,차량단독 - 공작물충돌,안전운전불이행,건조,맑음,교차로 - 교차로안,승용,여,53세,부상신고,,,,
2015080100100519,2015년 8월 1일 19시,토요일,경상남도 창원시 의창구 북면,경상사고,0,0,4,0,차대차 - 추돌 - 진행중,안전운전불이행,건조,맑음,단일로 - 기타,승용,남,30세,기타불명,승용,남,56세,경상
2015080100100551,2015년 8월 1일 20시,토요일,경상남도 함양군 함양읍,중상사고,0,2,0,0,차대차 - 측면직각충돌,안전운전불이행,건조,맑음,교차로 - 교차로안,승용,남,63세,상해없음,승용,남,28세,중상
2015080100100552,2015년 8월 1일 20시,토요일,경상남도 양산시 물금읍,경상사고,0,0,1,0,차대차 - 기타,안전운전불이행,건조,맑음,단일로 - 기타,화물,여,45세,상해없음,승용,여,33세,경상
2015080100100553,2015년 8월 1일 20시,토요일,경상남도 함안군 칠서면,경상사고,0,0,2,0,차대차 - 측면직각충돌,안전운전불이행,건조,맑음,교차로 - 교차로안,승용,남,27세,상해없음,승용,남,30세,상해없음
2015080100100591,2015년 8월 1일 21시,토요일,경상남도 김해시 삼계동,중상사고,0,1,0,0,차대차 - 추돌 - 주정차중,안전운전불이행,건조,맑음,단일로 - 기타,원동기,남,19세,중상,승용,남,60세,상해없음
2015080100100621,2015년 8월 1일 22시,토요일,경상남도 진주시 상대동,중상사고,0,3,0,0,차대차 - 정면충돌,중앙선침범,건조,맑음,단일로 - 기타,승용,남,51세,상해없음,승용,남,61세,중상
2015080100100622,2015년 8월 1일 22시,토요일,경상남도 거제시 고현동,중상사고,0,3,1,0,차대차 - 측면직각충돌,교차로운행방법위반,건조,맑음,교차로 - 교차로안,승용,남,22세,경상,승용,남,40세,상해없음
2015080100100643,2015년 8월 1일 23시,토요일,경상남도 창원시 마산합포구 상남동,경상사고,0,0,1,0,차대차 - 측면직각충돌,안전운전불이행,건조,맑음,교차로 - 교차로부근,승용,남,46세,상해없음,승용,남,29세,경상
2015080100100644,2015년 8월 1일 23시,토요일,경상남도 창녕군 창녕읍,중상사고,0,1,0,0,차량단독 - 공작물충돌,안전운전불이행,건조,맑음,단일로 - 기타,승용,여,52세,중상,,,,
2015080100100645,2015년 8월 1일 23시,토요일,경상남도 함안군 가야읍,경상사고,0,0,1,0,차대차 - 측면직각충돌,안전운전불이행,건조,맑음,교차로 - 교차로안,승용,남,23세,상해없음,승용,남,66세,상해없음
2015080200100019,2015년 8월 2일 00시,일요일,경상남도 밀양시 내이동,중상사고,0,1,1,0,차대차 - 추돌 - 주정차중,안전운전불이행,건조,맑음,단일로 - 기타,승용,남,63세,상해없음,승용,여,26세,중상
2015080200100020,2015년 8월 2일 00시,일요일,경상남도 거제시 일운면,중상사고,0,1,2,0,차대차 - 기타,중앙선침범,건조,맑음,단일로 - 기타,기타불명,기타불명,기타불명,기타불명,승용,여,50세,경상
2015080200100036,2015년 8월 2일 01시,일요일,경상남도 창원시 성산구 웅남동,중상사고,0,1,0,0,차대차 - 측면직각충돌,신호위반,건조,맑음,교차로 - 교차로안,승용,남,40세,상해없음,승용,남,42세,중상
2015080200100078,2015년 8월 2일 03시,일요일,경상남도 사천시 정동면,중상사고,0,2,0,0,차대차 - 기타,안전운전불이행,건조,맑음,단일로 - 기타,원동기,남,18세,중상,원동기,남,18세,중상
2015080200100103,2015년 8월 2일 05시,일요일,경상남도 통영시 무전동,경상사고,0,0,2,0,차대차 - 추돌 - 진행중,안전운전불이행,건조,맑음,교차로 - 교차로안,승용,남,59세,상해없음,승용,여,36세,경상
2015080200100113,2015년 8월 2일 06시,일요일,경상남도 통영시 도산면,중상사고,0,1,0,0,차대사람 - 횡단중,보행자보호의무위반,건조,맑음,교차로 - 교차로안,화물,남,59세,상해없음,보행자,남,55세,중상
2015080200100114,2015년 8월 2일 06시,일요일,경상남도 고성군 고성읍,경상사고,0,0,2,0,차대차 - 측면직각충돌,교차로운행방법위반,건조,맑음,교차로 - 교차로안,승용,여,29세,상해없음,원동기,남,60세,경상
2015080200100117,2015년 8월 2일 07시,일요일,경상남도 김해시 삼정동,경상사고,0,0,3,1,차대차 - 추돌 - 진행중,안전운전불이행,건조,맑음,단일로 - 기타,승용,기타불명,기타불명,기타불명,승용,남,46세,부상신고
2015080200100152,2015년 8월 2일 09시,일요일,경상남도 창원시 마산합포구 중앙동3가,중상사고,0,1,0,0,차대사람 - 기타,안전운전불이행,건조,맑음,단일로 - 기타,승합,남,51세,상해없음,보행자,여,73세,중상
2015080200100174,2015년 8월 2일 10시,일요일,경상남도 김해시 장유면,경상사고,0,0,1,0,차대차 - 측면직각충돌,안전운전불이행,건조,맑음,단일로 - 기타,승용,남,41세,상해없음,승용,남,45세,경상
2015080200100197,2015년 8월 2일 11시,일요일,경상남도 사천시 사천읍,부상신고사고,0,0,0,1,차량단독 - 공작물충돌,안전운전불이행,건조,맑음,단일로 - 기타,화물,남,68세,상해없음,,,,
2015080200100219,2015년 8월 2일 12시,일요일,경상남도 창원시 마산합포구 진동면,중상사고,0,1,0,0,차대차 - 기타,안전운전불이행,건조,맑음,단일로 - 기타,화물,남,39세,중상,승용,남,22세,상해없음
2015080200100250,2015년 8월 2일 13시,일요일,경상남도 통영시 정량동,중상사고,0,1,0,0,차대차 - 측면직각충돌,교차로운행방법위반,건조,맑음,교차로 - 교차로안,이륜,남,58세,상해없음,승용,남,31세,상해없음
2015080200100279,2015년 8월 2일 14시,일요일,경상남도 거제시 문동동,경상사고,0,0,1,0,차대차 - 기타,안전운전불이행,건조,맑음,교차로 - 교차로부근,승용,남,58세,상해없음,승용,여,48세,상해없음
2015080200100280,2015년 8월 2일 14시,일요일,경상남도 거제시 남부면,중상사고,0,1,2,0,차대차 - 기타,안전운전불이행,건조,맑음,교차로 - 교차로안,승용,남,59세,상해없음,승용,남,48세,경상
2015080200100281,2015년 8월 2일 14시,일요일,경상남도 남해군 상주면,경상사고,0,0,1,0,차대사람 - 차도통행중,안전운전불이행,건조,맑음,단일로 - 기타,승용,남,30세,상해없음,보행자,여,42세,경상
2015080200100344,2015년 8월 2일 16시,일요일,경상남도 김해시 내동,중상사고,0,1,2,0,차대차 - 측면직각충돌,안전운전불이행,건조,맑음,단일로 - 기타,건설기계,남,64세,상해없음,승용,여,42세,중상
2015080200100373,2015년 8월 2일 17시,일요일,경상남도 창원시 마산합포구 현동,중상사고,0,1,3,0,차대차 - 추돌 - 진행중,안전운전불이행,건조,맑음,단일로 - 기타,승용,남,56세,상해없음,승용,남,74세,경상
2015080200100374,2015년 8월 2일 17시,일요일,경상남도 하동군 진교면,중상사고,0,3,0,0,차대차 - 정면충돌,교차로운행방법위반,건조,맑음,교차로 - 교차로안,화물,남,45세,상해없음,승용,남,52세,중상
2015080200100435,2015년 8월 2일 19시,일요일,경상남도 통영시 무전동,중상사고,0,1,0,0,차대사람 - 횡단중,안전운전불이행,건조,맑음,단일로 - 기타,화물,남,58세,상해없음,보행자,남,7세,중상
2015080200100466,2015년 8월 2일 20시,일요일,경상남도 사천시 축동면,중상사고,0,1,0,0,차대차 - 추돌 - 주정차중,안전운전불이행,건조,맑음,단일로 - 기타,승용,남,48세,상해없음,승용,남,41세,중상
2015080200100467,2015년 8월 2일 20시,일요일,경상남도 거제시 일운면,중상사고,0,1,0,0,차대차 - 기타,안전운전불이행,건조,맑음,단일로 - 기타,승용,남,36세,상해없음,이륜,남,31세,중상
2015080200100505,2015년 8월 2일 22시,일요일,경상남도 통영시 무전동,중상사고,0,1,0,0,차대차 - 측면직각충돌,안전운전불이행,건조,맑음,교차로 - 교차로부근,승용,남,59세,상해없음,이륜,남,67세,중상
2015080200100528,2015년 8월 2일 23시,일요일,경상남도 거제시 아주동,경상사고,0,0,1,0,차대차 - 기타,안전운전불이행,건조,맑음,교차로 - 교차로부근,승용,남,37세,상해없음,승용,남,28세,상해없음
2015080300100011,2015년 8월 3일 00시,월요일,경상남도 거제시 장승포동,경상사고,0,0,1,0,차대차 - 기타,교차로운행방법위반,건조,맑음,교차로 - 교차로안,승용,여,52세,상해없음,자전거,남,45세,경상
2015080300100022,2015년 8월 3일 01시,월요일,경상남도 함안군 산인면,중상사고,0,3,0,0,차량단독 - 전도전복,안전운전불이행,건조,맑음,단일로 - 기타,승용,남,41세,중상,,,,
2015080300100055,2015년 8월 3일 05시,월요일,경상남도 창원시 마산회원구 석전동,사망사고,1,0,0,0,차대사람 - 횡단중,안전운전불이행,건조,맑음,단일로 - 기타,승용,남,69세,상해없음,보행자,여,82세,사망
2015080300100071,2015년 8월 3일 06시,월요일,경상남도 창원시 진해구 용원동,경상사고,0,0,2,0,차대차 - 기타,교차로운행방법위반,건조,맑음,교차로 - 교차로안,승용,남,34세,상해없음,승용,남,83세,경상
2015080300100096,2015년 8월 3일 07시,월요일,경상남도 사천시 사천읍,경상사고,0,0,2,0,차대차 - 측면직각충돌,교차로운행방법위반,건조,맑음,교차로 - 교차로안,승용,여,54세,상해없음,승용,여,44세,경상
2015080300100097,2015년 8월 3일 07시,월요일,경상남도 함양군 함양읍,부상신고사고,0,0,0,1,차대차 - 추돌 - 진행중,교차로운행방법위반,건조,맑음,교차로 - 교차로안,화물,남,41세,부상신고,건설기계,남,38세,상해없음
2015080300100117,2015년 8월 3일 08시,월요일,경상남도 밀양시 삼랑진읍,중상사고,0,1,0,0,차대차 - 측면직각충돌,중앙선침범,건조,맑음,단일로 - 기타,승용,남,30세,상해없음,승용,남,51세,중상
2015080300100118,2015년 8월 3일 08시,월요일,경상남도 산청군 생비량면,경상사고,0,0,3,0,차대차 - 정면충돌,안전운전불이행,건조,맑음,단일로 - 교량,승용,남,56세,경상,승용,남,67세,경상
2015080300100140,2015년 8월 3일 09시,월요일,경상남도 창원시 의창구 동읍,중상사고,0,1,0,0,차대사람 - 횡단중,안전운전불이행,건조,맑음,단일로 - 기타,화물,남,53세,상해없음,보행자,여,83세,중상
2015080300100171,2015년 8월 3일 10시,월요일,경상남도 거제시 옥포동,중상사고,0,1,2,0,차대차 - 측면직각충돌,차로위반,건조,맑음,단일로 - 기타,승용,여,34세,경상,승용,남,58세,상해없음
2015080300100172,2015년 8월 3일 10시,월요일,경상남도 산청군 생초면,중상사고,0,1,2,0,차대차 - 추돌 - 진행중,안전운전불이행,건조,맑음,단일로 - 기타,승용,남,67세,상해없음,승용,남,54세,경상
2015080300100173,2015년 8월 3일 10시,월요일,경상남도 창원시 성산구 반림동,중상사고,0,1,1,0,차대차 - 측면직각충돌,신호위반,건조,맑음,교차로 - 교차로안,승용,남,70세,상해없음,승용,남,48세,중상
2015080300100209,2015년 8월 3일 11시,월요일,경상남도 창원시 진해구 경화동,경상사고,0,0,1,0,차대차 - 추돌 - 주정차중,안전운전불이행,건조,맑음,교차로 - 교차로부근,승용,여,32세,상해없음,승용,여,44세,경상
2015080300100210,2015년 8월 3일 11시,월요일,경상남도 사천시 벌리동,경상사고,0,0,1,0,차대차 - 측면직각충돌,직진우회전진행방해,건조,맑음,교차로 - 교차로안,승용,남,33세,상해없음,이륜,남,63세,경상
2015080300100211,2015년 8월 3일 11시,월요일,경상남도 양산시 중부동,경상사고,0,0,1,0,차대차 - 측면직각충돌,안전거리미확보,건조,맑음,교차로 - 교차로부근,승합,남,60세,상해없음,승합,남,48세,경상
2015080300100239,2015년 8월 3일 12시,월요일,경상남도 진주시 봉곡동,중상사고,0,1,0,0,차대사람 - 기타,신호위반,건조,맑음,교차로 - 교차로부근,승합,남,68세,상해없음,보행자,여,75세,중상
2015080300100240,2015년 8월 3일 12시,월요일,경상남도 사천시 사천읍,부상신고사고,0,0,0,4,차대차 - 추돌 - 진행중,안전거리미확보,건조,맑음,교차로 - 교차로안,승용,남,66세,상해없음,승용,남,33세,부상신고
2015080300100241,2015년 8월 3일 12시,월요일,경상남도 산청군 단성면,중상사고,0,1,0,0,차대사람 - 길가장자리구역통행중,안전운전불이행,건조,맑음,단일로 - 기타,승용,남,55세,상해없음,보행자,여,55세,중상
2015080300100281,2015년 8월 3일 13시,월요일,경상남도 함양군 마천면,중상사고,0,2,4,0,차대사람 - 길가장자리구역통행중,안전운전불이행,건조,맑음,단일로 - 기타,승용,여,52세,경상,보행자,남,17세,경상
2015080300100327,2015년 8월 3일 14시,월요일,경상남도 창원시 마산합포구 진북면,경상사고,0,0,4,0,차대차 - 기타,안전운전불이행,건조,맑음,단일로 - 기타,화물,남,35세,상해없음,승용,여,57세,경상
2015080300100328,2015년 8월 3일 14시,월요일,경상남도 진주시 상대동,중상사고,0,1,0,0,차대차 - 측면직각충돌,신호위반,건조,맑음,교차로 - 교차로안,이륜,남,73세,중상,승용,여,43세,상해없음
2015080300100329,2015년 8월 3일 14시,월요일,경상남도 거제시 동부면,경상사고,0,0,4,0,차대차 - 추돌 - 진행중,안전거리미확보,습기,비,단일로 - 기타,승용,남,28세,상해없음,승용,남,41세,경상
2015080300100330,2015년 8월 3일 14시,월요일,경상남도 창원시 마산회원구 내서읍,중상사고,0,1,0,0,차대차 - 측면직각충돌,안전운전불이행,건조,맑음,교차로 - 교차로안,승용,남,47세,상해없음,이륜,남,59세,중상
2015080300100365,2015년 8월 3일 15시,월요일,경상남도 김해시 삼방동,중상사고,0,1,0,0,차대사람 - 차도통행중,안전운전불이행,건조,맑음,단일로 - 기타,승합,남,58세,상해없음,보행자,남,8세,중상
2015080300100366,2015년 8월 3일 15시,월요일,경상남도 양산시 평산동,경상사고,0,0,1,0,차대차 - 측면직각충돌,교차로운행방법위반,건조,맑음,교차로 - 교차로안,승용,여,37세,상해없음,승용,남,24세,경상
2015080300100367,2015년 8월 3일 15시,월요일,경상남도 창원시 의창구 봉곡동,중상사고,0,1,0,0,차대차 - 측면직각충돌,교차로운행방법위반,건조,맑음,교차로 - 교차로안,승용,남,24세,상해없음,승용,여,52세,중상
2015080300100409,2015년 8월 3일 16시,월요일,경상남도 통영시 무전동,중상사고,0,3,2,0,차대차 - 추돌 - 진행중,안전운전불이행,건조,맑음,단일로 - 기타,승용,여,23세,상해없음,승용,남,52세,경상
2015080300100410,2015년 8월 3일 16시,월요일,경상남도 통영시 무전동,경상사고,0,0,2,0,차대차 - 추돌 - 주정차중,안전운전불이행,건조,맑음,단일로 - 기타,화물,남,22세,상해없음,승용,여,36세,경상
2015080300100411,2015년 8월 3일 16시,월요일,경상남도 거창군 거창읍,경상사고,0,0,1,0,차대차 - 기타,안전운전불이행,건조,맑음,단일로 - 기타,승용,남,20세,경상,승용,남,40세,기타불명
2015080300100459,2015년 8월 3일 17시,월요일,경상남도 창원시 마산합포구 창포동2가,중상사고,0,1,0,0,차대사람 - 기타,안전운전불이행,건조,맑음,단일로 - 기타,승용,남,41세,상해없음,보행자,여,49세,중상
2015080300100460,2015년 8월 3일 17시,월요일,경상남도 김해시 봉황동,경상사고,0,0,1,0,차대차 - 기타,불법유턴,건조,맑음,단일로 - 기타,승용,남,40세,상해없음,이륜,남,32세,경상
2015080300100502,2015년 8월 3일 18시,월요일,경상남도 창원시 마산회원구 양덕동,중상사고,0,1,0,0,차대차 - 측면직각충돌,신호위반,건조,맑음,교차로 - 교차로안,승용,여,38세,상해없음,승용,여,43세,중상
2015080300100533,2015년 8월 3일 19시,월요일,경상남도 진주시 신안동,경상사고,0,0,1,0,차대사람 - 차도통행중,안전운전불이행,건조,맑음,교차로 - 교차로안,승용,남,56세,상해없음,보행자,남,78세,경상
2015080300100534,2015년 8월 3일 19시,월요일,경상남도 합천군 삼가면,경상사고,0,0,3,0,차대차 - 기타,중앙선침범,건조,맑음,단일로 - 기타,화물,남,47세,상해없음,승용,남,49세,경상
2015080300100565,2015년 8월 3일 20시,월요일,경상남도 통영시 산양읍,중상사고,0,1,0,0,차대사람 - 횡단중,안전운전불이행,건조,맑음,단일로 - 기타,승합,남,47세,상해없음,보행자,남,15세,중상
2015080300100566,2015년 8월 3일 20시,월요일,경상남도 창원시 마산회원구 양덕동,중상사고,0,1,2,0,차대차 - 측면직각충돌,신호위반,건조,맑음,교차로 - 교차로안,승용,여,43세,상해없음,승용,남,61세,중상
2015080300100588,2015년 8월 3일 21시,월요일,경상남도 양산시 물금읍,경상사고,0,0,1,2,차대차 - 기타,안전거리미확보,건조,맑음,단일로 - 기타,승용,남,63세,상해없음,승합,남,60세,경상
2015080300100660,2015년 8월 3일 23시,월요일,경상남도 통영시 광도면,중상사고,0,1,0,0,차대차 - 추돌 - 주정차중,안전운전불이행,건조,맑음,단일로 - 기타,화물,남,52세,상해없음,승용,남,60세,중상
2015080400100033,2015년 8월 4일 01시,화요일,경상남도 남해군 삼동면,부상신고사고,0,0,0,1,차량단독 - 공작물충돌,안전운전불이행,건조,맑음,단일로 - 기타,승용,남,30세,부상신고,,,,
2015080400100040,2015년 8월 4일 02시,화요일,경상남도 거제시 옥포동,중상사고,0,1,0,0,차대사람 - 기타,안전운전불이행,건조,맑음,단일로 - 기타,승용,남,24세,상해없음,보행자,여,29세,중상
2015080400100057,2015년 8월 4일 04시,화요일,경상남도 창원시 성산구 상남동,사망사고,1,0,0,0,차대차 - 측면직각충돌,신호위반,건조,맑음,교차로 - 교차로부근,자전거,남,75세,사망,승용,남,30세,상해없음
2015080400100073,2015년 8월 4일 05시,화요일,경상남도 통영시 용남면,중상사고,0,2,1,0,차대차 - 추돌 - 주정차중,안전운전불이행,건조,맑음,단일로 - 기타,화물,남,35세,상해없음,승용,여,34세,경상
2015080400100091,2015년 8월 4일 06시,화요일,경상남도 진주시 상대동,중상사고,0,1,0,0,차대차 - 측면직각충돌,차로위반,건조,맑음,단일로 - 기타,승용,남,55세,상해없음,이륜,여,49세,중상
2015080400100092,2015년 8월 4일 06시,화요일,경상남도 김해시 외동,중상사고,0,3,0,0,차대차 - 정면충돌,중앙선침범,건조,맑음,교차로 - 교차로부근,승용,남,54세,중상,화물,남,66세,중상
2015080400100131,2015년 8월 4일 08시,화요일,경상남도 사천시 사천읍,중상사고,0,2,0,0,차대차 - 정면충돌,신호위반,건조,맑음,교차로 - 교차로안,화물,남,66세,상해없음,화물,남,24세,중상
2015080400100132,2015년 8월 4일 08시,화요일,경상남도 양산시 삼호동,부상신고사고,0,0,0,1,차대차 - 추돌 - 주정차중,안전거리미확보,건조,맑음,교차로 - 교차로부근,승용,여,20세,상해없음,승용,남,82세,부상신고
2015080400100156,2015년 8월 4일 09시,화요일,경상남도 통영시 도산면,중상사고,0,2,0,0,차대차 - 측면직각충돌,안전운전불이행,건조,맑음,교차로 - 교차로안,승합,남,54세,상해없음,승합,남,41세,중상
2015080400100157,2015년 8월 4일 09시,화요일,경상남도 김해시 내동,중상사고,0,1,0,0,차대차 - 추돌 - 진행중,안전운전불이행,건조,맑음,교차로 - 교차로부근,승용,여,31세,상해없음,승용,남,33세,중상
2015080400100189,2015년 8월 4일 10시,화요일,경상남도 통영시 미수동,경상사고,0,0,1,0,차대차 - 측면직각충돌,안전운전불이행,건조,맑음,단일로 - 기타,승합,여,48세,기타불명,승용,여,37세,경상
2015080400100190,2015년 8월 4일 10시,화요일,경상남도 사천시 동금동,경상사고,0,0,1,0,차대차 - 측면직각충돌,차로위반,건조,맑음,교차로 - 교차로부근,자전거,남,80세,경상,승용,여,37세,상해없음
2015080400100191,2015년 8월 4일 10시,화요일,경상남도 거제시 아주동,경상사고,0,0,1,0,차대차 - 추돌 - 진행중,안전운전불이행,건조,맑음,단일로 - 기타,승용,남,36세,상해없음,화물,남,36세,경상
2015080400100192,2015년 8월 4일 10시,화요일,경상남도 거제시 옥포동,경상사고,0,0,1,0,차대차 - 기타,교차로운행방법위반,건조,맑음,교차로 - 교차로안,승용,남,28세,상해없음,승용,남,57세,경상
2015080400100231,2015년 8월 4일 11시,화요일,경상남도 통영시 서호동,경상사고,0,0,3,0,차대차 - 측면직각충돌,직진우회전진행방해,건조,맑음,교차로 - 교차로안,승용,여,39세,상해없음,승용,남,30세,경상
2015080400100232,2015년 8월 4일 11시,화요일,경상남도 사천시 사천읍,경상사고,0,0,1,0,차대차 - 측면직각충돌,직진우회전진행방해,건조,맑음,교차로 - 교차로안,승용,남,28세,상해없음,승용,남,38세,경상
2015080400100233,2015년 8월 4일 11시,화요일,경상남도 양산시 물금읍,경상사고,0,0,1,0,차대차 - 측면직각충돌,신호위반,건조,맑음,교차로 - 교차로안,화물,남,55세,상해없음,승용,남,34세,경상
2015080400100263,2015년 8월 4일 12시,화요일,경상남도 창원시 마산합포구 상남동,중상사고,0,1,0,0,차대차 - 측면직각충돌,안전운전불이행,건조,맑음,단일로 - 기타,화물,남,55세,상해없음,승용,남,52세,중상
2015080400100264,2015년 8월 4일 12시,화요일,경상남도 통영시 태평동,경상사고,0,0,1,0,차대차 - 기타,안전운전불이행,건조,맑음,단일로 - 기타,승용,여,47세,상해없음,이륜,남,43세,경상
2015080400100265,2015년 8월 4일 12시,화요일,경상남도 함안군 칠원읍,경상사고,0,0,6,0,차대차 - 기타,안전운전불이행,건조,맑음,단일로 - 기타,승용,남,36세,상해없음,승용,여,25세,경상
2015080400100314,2015년 8월 4일 13시,화요일,경상남도 거창군 마리면,중상사고,0,2,2,0,차량단독 - 도로외이탈 - 추락,교차로운행방법위반,건조,맑음,교차로 - 교차로부근,승용,여,60세,경상,,,,
2015080400100346,2015년 8월 4일 14시,화요일,경상남도 창원시 마산합포구 월포동,경상사고,0,0,1,0,차대차 - 추돌 - 진행중,안전운전불이행,건조,맑음,단일로 - 기타,화물,남,54세,상해없음,화물,남,47세,경상
2015080400100347,2015년 8월 4일 14시,화요일,경상남도 거창군 거창읍,경상사고,0,0,1,0,차대차 - 측면직각충돌,교차로운행방법위반,건조,맑음,교차로 - 교차로안,이륜,남,64세,경상,승용,여,66세,상해없음
2015080400100348,2015년 8월 4일 14시,화요일,경상남도 의령군 봉수면,경상사고,0,0,1,0,차량단독 - 도로외이탈 - 기타,안전운전불이행,건조,맑음,단일로 - 기타,이륜,남,74세,경상,,,,
2015080400100349,2015년 8월 4일 14시,화요일,경상남도 함안군 칠원읍,중상사고,0,3,4,3,차대차 - 추돌 - 진행중,안전운전불이행,건조,맑음,단일로 - 기타,승합,남,58세,기타불명,승용,남,41세,경상
2015080400100421,2015년 8월 4일 16시,화요일,경상남도 사천시 사천읍,경상사고,0,0,4,1,차대차 - 측면직각충돌,직진우회전진행방해,건조,맑음,교차로 - 교차로안,승용,여,48세,경상,승용,여,39세,경상