사고번호,사고일시,요일,시군구,사고내용,사망자수,중상자수,경상자수,부상신고자수,사고유형,법규위반,노면상태,기상상태,도로형태,가해운전자 차종,가해운전자 성별,가해운전자 연령,가해운전자 상해정도,피해운전자 차종,피해운전자 성별,피해운전자 연령,피해운전자 상해정도
2015080400100422,2015년 8월 4일 16시,화요일,경상남도 양산시 상북면,부상신고사고,0,0,0,1,차대차 - 측면직각충돌,안전거리미확보,건조,맑음,단일로 - 기타,승용,남,73세,부상신고,승용,남,37세,상해없음
2015080400100460,2015년 8월 4일 17시,화요일,경상남도 창원시 성산구 반림동,중상사고,0,2,0,0,차대차 - 기타,중앙선침범,건조,맑음,단일로 - 횡단보도부근,승용,남,34세,상해없음,승용,남,29세,중상
2015080400100461,2015년 8월 4일 17시,화요일,경상남도 창원시 마산회원구 석전동,중상사고,0,1,0,0,차대차 - 추돌 - 진행중,안전운전불이행,건조,맑음,교차로 - 교차로안,승용,남,59세,상해없음,원동기,남,46세,중상
2015080400100506,2015년 8월 4일 18시,화요일,경상남도 사천시 사남면,경상사고,0,0,2,0,차대차 - 정면충돌,직진우회전진행방해,건조,맑음,교차로 - 교차로안,승용,여,55세,경상,승용,남,61세,경상
2015080400100507,2015년 8월 4일 18시,화요일,경상남도 거창군 주상면,경상사고,0,0,1,0,차대사람 - 차도통행중,안전운전불이행,건조,맑음,교차로 - 교차로안,화물,남,56세,상해없음,보행자,여,28세,경상
2015080400100508,2015년 8월 4일 18시,화요일,경상남도 함양군 병곡면,중상사고,0,3,0,0,차대차 - 정면충돌,교차로운행방법위반,건조,맑음,교차로 - 교차로안,승용,남,36세,중상,화물,남,50세,중상
2015080400100509,2015년 8월 4일 18시,화요일,경상남도 남해군 삼동면,경상사고,0,0,2,0,차대차 - 측면직각충돌,안전운전불이행,건조,맑음,단일로 - 기타,원동기,여,54세,경상,화물,남,69세,상해없음
2015080400100510,2015년 8월 4일 18시,화요일,경상남도 하동군 진교면,경상사고,0,0,5,0,차대차 - 추돌 - 진행중,안전운전불이행,건조,맑음,단일로 - 기타,승용,남,51세,경상,승용,남,56세,상해없음
2015080400100533,2015년 8월 4일 19시,화요일,경상남도 함양군 지곡면,중상사고,0,3,0,0,차대차 - 추돌 - 진행중,안전운전불이행,건조,맑음,단일로 - 기타,승용,남,48세,상해없음,승용,남,44세,중상
2015080400100540,2015년 8월 4일 19시,화요일,경상남도 창원시 진해구 자은동,경상사고,0,0,1,0,차대차 - 기타,안전운전불이행,건조,맑음,교차로 - 교차로부근,승용,남,52세,상해없음,승용,여,24세,경상
2015080400100582,2015년 8월 4일 20시,화요일,경상남도 진주시 수정동,중상사고,0,1,0,0,차대사람 - 횡단중,안전운전불이행,건조,맑음,단일로 - 기타,승용,남,56세,상해없음,보행자,남,71세,중상
2015080400100583,2015년 8월 4일 20시,화요일,경상남도 창원시 마산회원구 합성동,중상사고,0,1,0,0,차대사람 - 기타,안전운전불이행,건조,맑음,단일로 - 기타,승용,여,23세,상해없음,보행자,여,59세,중상
2015080400100584,2015년 8월 4일 20시,화요일,경상남도 창원시 마산회원구 회원동,경상사고,0,0,2,0,차대사람 - 길가장자리구역통행중,안전운전불이행,건조,맑음,교차로 - 교차로부근,화물,남,47세,상해없음,보행자,남,68세,경상
2015080400100619,2015년 8월 4일 21시,화요일,경상남도 고성군 하일면,중상사고,0,1,0,0,차대사람 - 횡단중,안전운전불이행,건조,맑음,교차로 - 교차로안,승용,남,58세,상해없음,보행자,여,67세,중상
2015080400100647,2015년 8월 4일 22시,화요일,경상남도 창원시 진해구 용원동,중상사고,0,3,0,0,차대차 - 기타,교차로운행방법위반,건조,맑음,교차로 - 교차로안,승용,남,23세,기타불명,승용,여,30세,중상
2015080400100648,2015년 8월 4일 22시,화요일,경상남도 통영시 도천동,중상사고,0,1,0,0,차대차 - 측면직각충돌,중앙선침범,건조,맑음,단일로 - 기타,화물,남,37세,상해없음,이륜,남,23세,중상
2015080400100649,2015년 8월 4일 22시,화요일,경상남도 거제시 연초면,경상사고,0,0,2,0,차대차 - 추돌 - 진행중,안전거리미확보,건조,맑음,단일로 - 기타,화물,남,55세,상해없음,승용,남,28세,경상
2015080400100677,2015년 8월 4일 23시,화요일,경상남도 창원시 마산합포구 월영동,중상사고,0,1,3,0,차대차 - 측면직각충돌,안전운전불이행,건조,맑음,교차로 - 교차로부근,승용,여,52세,상해없음,승용,남,64세,경상
2015080500100125,2015년 8월 5일 08시,수요일,경상남도 창원시 진해구 용원동,중상사고,0,2,4,0,차대차 - 측면직각충돌,신호위반,건조,맑음,교차로 - 교차로안,승용,남,56세,상해없음,승합,남,43세,중상
2015080500100126,2015년 8월 5일 08시,수요일,경상남도 김해시 삼정동,경상사고,0,0,1,0,차대차 - 추돌 - 진행중,안전운전불이행,건조,맑음,단일로 - 기타,화물,남,46세,상해없음,승용,남,47세,경상
2015080500100162,2015년 8월 5일 09시,수요일,경상남도 양산시 북부동,사망사고,1,0,0,0,차대사람 - 기타,안전운전불이행,건조,맑음,기타 - 기타,승용,여,49세,상해없음,보행자,여,90세 이상,사망
2015080500100178,2015년 8월 5일 10시,수요일,경상남도 김해시 삼정동,경상사고,0,0,1,0,차대차 - 측면직각충돌,차로위반,건조,맑음,단일로 - 기타,승용,여,27세,상해없음,승용,남,27세,경상
2015080500100203,2015년 8월 5일 10시,수요일,경상남도 통영시 광도면,경상사고,0,0,2,0,차대차 - 추돌 - 진행중,안전운전불이행,건조,맑음,교차로 - 교차로부근,승용,남,45세,상해없음,승용,남,68세,경상
2015080500100204,2015년 8월 5일 10시,수요일,경상남도 창녕군 남지읍,중상사고,0,1,0,0,차대차 - 기타,중앙선침범,건조,맑음,단일로 - 기타,승용,여,63세,상해없음,승용,남,35세,상해없음
2015080500100205,2015년 8월 5일 10시,수요일,경상남도 거제시 고현동,중상사고,0,1,0,0,차대차 - 기타,교차로운행방법위반,건조,맑음,교차로 - 교차로안,승용,여,55세,상해없음,이륜,남,54세,중상
2015080500100206,2015년 8월 5일 10시,수요일,경상남도 창원시 의창구 도계동,중상사고,0,2,2,0,차대차 - 추돌 - 주정차중,안전운전불이행,건조,맑음,교차로 - 교차로부근,건설기계,남,46세,상해없음,승용,남,30세,경상
2015080500100228,2015년 8월 5일 11시,수요일,경상남도 진주시 가좌동,중상사고,0,1,0,0,차대차 - 측면직각충돌,신호위반,건조,맑음,교차로 - 교차로안,승합,남,49세,상해없음,화물,남,35세,상해없음
2015080500100229,2015년 8월 5일 11시,수요일,경상남도 창녕군 남지읍,경상사고,0,0,3,0,차대차 - 측면직각충돌,직진우회전진행방해,건조,맑음,교차로 - 교차로안,승용,여,41세,경상,승용,남,57세,경상
2015080500100230,2015년 8월 5일 11시,수요일,경상남도 의령군 봉수면,중상사고,0,1,0,0,차량단독 - 전도전복,안전운전불이행,건조,맑음,단일로 - 기타,이륜,남,78세,중상,,,,
2015080500100231,2015년 8월 5일 11시,수요일,경상남도 김해시 장유면,사망사고,1,0,0,0,차대차 - 기타,중앙선침범,건조,맑음,단일로 - 기타,승용,남,24세,상해없음,승용,여,29세,사망
2015080500100248,2015년 8월 5일 12시,수요일,경상남도 김해시 부원동,경상사고,0,0,1,0,차대차 - 측면직각충돌,직진우회전진행방해,건조,맑음,교차로 - 교차로안,이륜,여,47세,경상,승용,여,52세,상해없음
2015080500100283,2015년 8월 5일 13시,수요일,경상남도 창원시 진해구 자은동,경상사고,0,0,4,0,차대차 - 측면직각충돌,교차로운행방법위반,건조,맑음,교차로 - 교차로안,승용,남,49세,상해없음,승용,여,63세,경상
2015080500100284,2015년 8월 5일 13시,수요일,경상남도 사천시 사남면,중상사고,0,2,3,2,차대차 - 추돌 - 진행중,안전운전불이행,건조,맑음,단일로 - 기타,화물,남,57세,부상신고,승용,남,31세,경상
2015080500100323,2015년 8월 5일 14시,수요일,경상남도 사천시 대방동,중상사고,0,1,0,0,차대사람 - 횡단중,보행자보호의무위반,건조,맑음,교차로 - 교차로부근,승용,남,54세,상해없음,보행자,여,73세,중상
2015080500100324,2015년 8월 5일 14시,수요일,경상남도 양산시 물금읍,경상사고,0,0,5,0,차대차 - 측면직각충돌,신호위반,건조,맑음,교차로 - 교차로안,승용,여,36세,상해없음,승용,여,41세,경상
2015080500100325,2015년 8월 5일 14시,수요일,경상남도 창원시 마산회원구 내서읍,경상사고,0,0,1,0,차대차 - 추돌 - 진행중,안전운전불이행,건조,맑음,교차로 - 교차로부근,화물,남,46세,상해없음,승용,여,51세,경상
2015080500100392,2015년 8월 5일 16시,수요일,경상남도 김해시 구산동,경상사고,0,0,1,0,차대차 - 정면충돌,중앙선침범,건조,맑음,교차로 - 교차로부근,이륜,남,17세,상해없음,승용,여,36세,경상
2015080500100393,2015년 8월 5일 16시,수요일,경상남도 의령군 칠곡면,경상사고,0,0,1,0,차대차 - 측면직각충돌,교차로운행방법위반,건조,맑음,교차로 - 교차로안,승용,남,44세,상해없음,승용,남,46세,경상
2015080500100439,2015년 8월 5일 17시,수요일,경상남도 창원시 의창구 봉곡동,중상사고,0,1,0,0,차대차 - 기타,안전운전불이행,건조,맑음,단일로 - 기타,화물,남,49세,상해없음,자전거,여,40세,중상
2015080500100440,2015년 8월 5일 17시,수요일,경상남도 함안군 칠원읍,경상사고,0,0,3,0,차대차 - 추돌 - 진행중,안전운전불이행,건조,맑음,단일로 - 기타,승용,남,31세,기타불명,승용,남,55세,경상
2015080500100487,2015년 8월 5일 18시,수요일,경상남도 진주시 가좌동,경상사고,0,0,1,0,차대차 - 추돌 - 주정차중,안전운전불이행,건조,맑음,교차로 - 교차로부근,승용,남,52세,상해없음,승용,남,37세,상해없음
2015080500100488,2015년 8월 5일 18시,수요일,경상남도 창녕군 창녕읍,중상사고,0,1,0,0,차량단독 - 전도전복,안전운전불이행,건조,맑음,단일로 - 기타,이륜,남,50세,중상,,,,
2015080500100520,2015년 8월 5일 19시,수요일,경상남도 김해시 구산동,중상사고,0,1,0,0,차대차 - 측면직각충돌,안전운전불이행,건조,맑음,단일로 - 기타,승용,남,25세,상해없음,자전거,남,13세,중상
2015080500100549,2015년 8월 5일 20시,수요일,경상남도 양산시 중부동,부상신고사고,0,0,0,1,차대차 - 측면직각충돌,안전운전불이행,건조,맑음,기타 - 기타,원동기,남,18세,부상신고,승용,여,25세,상해없음
2015080500100550,2015년 8월 5일 20시,수요일,경상남도 창원시 의창구 북면,중상사고,0,1,0,0,차대사람 - 횡단중,안전운전불이행,건조,맑음,교차로 - 교차로안,이륜,남,70세,상해없음,보행자,여,62세,중상
2015080500100583,2015년 8월 5일 21시,수요일,경상남도 창원시 마산합포구 진동면,경상사고,0,0,2,0,차대차 - 추돌 - 진행중,기타,건조,맑음,단일로 - 기타,승용,남,27세,상해없음,승용,남,28세,경상
2015080500100584,2015년 8월 5일 21시,수요일,경상남도 김해시 어방동,경상사고,0,0,1,0,차대차 - 측면직각충돌,중앙선침범,건조,맑음,단일로 - 기타,원동기,남,18세,경상,승용,남,25세,상해없음
2015080500100585,2015년 8월 5일 21시,수요일,경상남도 양산시 원동면,중상사고,0,1,0,0,차대차 - 측면직각충돌,안전운전불이행,건조,맑음,기타 - 기타,원동기,남,60세,중상,화물,남,68세,상해없음
2015080500100619,2015년 8월 5일 22시,수요일,경상남도 거제시 고현동,경상사고,0,0,1,0,차대사람 - 횡단중,교차로운행방법위반,건조,맑음,교차로 - 교차로안,승용,남,56세,상해없음,보행자,남,57세,경상
2015080500100620,2015년 8월 5일 22시,수요일,경상남도 함안군 산인면,경상사고,0,0,1,0,차대차 - 기타,안전운전불이행,건조,맑음,단일로 - 교량,기타불명,기타불명,기타불명,기타불명,승용,여,34세,경상
2015080500100644,2015년 8월 5일 23시,수요일,경상남도 창원시 마산합포구 월영동,경상사고,0,0,1,0,차대차 - 추돌 - 주정차중,안전거리미확보,건조,맑음,교차로 - 교차로부근,화물,남,29세,상해없음,승용,남,41세,경상
2015080500100645,2015년 8월 5일 23시,수요일,경상남도 김해시 한림면,중상사고,0,1,0,0,차량단독 - 공작물충돌,안전운전불이행,건조,맑음,교차로 - 교차로안,승용,여,27세,중상,,,,
2015080600100016,2015년 8월 6일 00시,목요일,경상남도 김해시 지내동,경상사고,0,0,1,0,차대차 - 추돌 - 주정차중,안전운전불이행,건조,맑음,단일로 - 기타,승용,남,27세,상해없음,승용,남,43세,경상
2015080600100037,2015년 8월 6일 02시,목요일,경상남도 창원시 진해구 자은동,경상사고,0,0,1,0,차대차 - 측면직각충돌,중앙선침범,건조,맑음,교차로 - 교차로부근,이륜,남,46세,경상,승용,남,49세,상해없음
2015080600100053,2015년 8월 6일 04시,목요일,경상남도 밀양시 상남면,사망사고,1,0,0,0,차대사람 - 횡단중,보행자보호의무위반,건조,맑음,교차로 - 교차로안,화물,남,58세,상해없음,보행자,여,76세,사망
2015080600100074,2015년 8월 6일 06시,목요일,경상남도 진주시 유곡동,중상사고,0,1,0,0,차대차 - 추돌 - 주정차중,안전운전불이행,습기,안개,단일로 - 기타,화물,남,41세,상해없음,화물,여,58세,중상
2015080600100075,2015년 8월 6일 06시,목요일,경상남도 통영시 도천동,중상사고,0,1,0,0,차대사람 - 횡단중,보행자보호의무위반,건조,맑음,교차로 - 교차로안,승용,여,64세,상해없음,보행자,여,32세,중상
2015080600100093,2015년 8월 6일 07시,목요일,경상남도 김해시 대동면,중상사고,0,1,0,0,차대차 - 정면충돌,안전운전불이행,건조,맑음,교차로 - 교차로안,화물,남,64세,상해없음,화물,남,62세,중상
2015080600100125,2015년 8월 6일 08시,목요일,경상남도 창녕군 창녕읍,중상사고,0,3,4,0,차대차 - 측면직각충돌,교차로운행방법위반,건조,맑음,교차로 - 교차로안,승용,여,65세,경상,승합,남,49세,상해없음
2015080600100126,2015년 8월 6일 08시,목요일,경상남도 양산시 유산동,경상사고,0,0,1,0,차대차 - 기타,안전운전불이행,건조,맑음,단일로 - 횡단보도부근,건설기계,남,65세,상해없음,승용,남,56세,경상
2015080600100157,2015년 8월 6일 09시,목요일,경상남도 창원시 마산회원구 내서읍,중상사고,0,2,0,0,차대차 - 추돌 - 진행중,안전운전불이행,건조,맑음,단일로 - 기타,승용,남,59세,상해없음,승용,여,58세,중상
2015080600100183,2015년 8월 6일 10시,목요일,경상남도 통영시 정량동,경상사고,0,0,1,0,차대차 - 추돌 - 주정차중,안전운전불이행,건조,맑음,단일로 - 기타,승용,남,40세,상해없음,승용,남,49세,경상
2015080600100228,2015년 8월 6일 11시,목요일,경상남도 산청군 단성면,중상사고,0,1,0,0,차대차 - 측면직각충돌,신호위반,건조,맑음,교차로 - 교차로안,승용,남,37세,상해없음,승용,남,39세,중상
2015080600100253,2015년 8월 6일 12시,목요일,경상남도 통영시 인평동,중상사고,0,1,0,0,차대차 - 측면직각충돌,신호위반,건조,맑음,교차로 - 교차로안,승용,남,46세,상해없음,승용,여,45세,중상
2015080600100254,2015년 8월 6일 12시,목요일,경상남도 합천군 삼가면,사망사고,1,1,0,0,차대차 - 정면충돌,중앙선침범,건조,맑음,단일로 - 기타,화물,남,53세,사망,화물,남,44세,중상
2015080600100283,2015년 8월 6일 13시,목요일,경상남도 양산시 어곡동,부상신고사고,0,0,0,1,차대차 - 측면직각충돌,안전운전불이행,건조,맑음,단일로 - 기타,기타불명,기타불명,기타불명,기타불명,원동기,남,19세,부상신고
2015080600100284,2015년 8월 6일 13시,목요일,경상남도 남해군 고현면,경상사고,0,0,2,0,차대차 - 기타,기타,건조,맑음,교차로 - 교차로안,승용,여,42세,상해없음,승용,여,42세,경상
2015080600100285,2015년 8월 6일 13시,목요일,경상남도 산청군 차황면,부상신고사고,0,0,0,1,차대차 - 측면직각충돌,중앙선침범,건조,맑음,단일로 - 기타,승용,남,58세,부상신고,건설기계,남,46세,상해없음
2015080600100319,2015년 8월 6일 14시,목요일,경상남도 고성군 거류면,중상사고,0,1,0,0,차대차 - 추돌 - 진행중,안전운전불이행,건조,맑음,단일로 - 기타,승용,남,56세,상해없음,원동기,남,66세,중상
2015080600100320,2015년 8월 6일 14시,목요일,경상남도 김해시 장유면,중상사고,0,1,0,0,차대차 - 측면직각충돌,불법유턴,건조,맑음,단일로 - 교량,자전거,남,79세,중상,승용,남,35세,상해없음
2015080600100358,2015년 8월 6일 15시,목요일,경상남도 사천시 용현면,경상사고,0,0,1,0,차대차 - 측면직각충돌,안전운전불이행,건조,맑음,교차로 - 교차로부근,승용,남,77세,상해없음,원동기,남,75세,경상
2015080600100359,2015년 8월 6일 15시,목요일,경상남도 함양군 함양읍,경상사고,0,0,1,0,차대차 - 측면직각충돌,교차로운행방법위반,건조,맑음,교차로 - 교차로안,승용,여,26세,상해없음,승용,여,36세,경상
2015080600100360,2015년 8월 6일 15시,목요일,경상남도 양산시 동면,경상사고,0,0,2,0,차대차 - 측면직각충돌,안전거리미확보,건조,맑음,교차로 - 교차로부근,승용,남,33세,경상,건설기계,남,66세,경상
2015080600100361,2015년 8월 6일 15시,목요일,경상남도 양산시 중부동,중상사고,0,1,0,0,차대사람 - 횡단중,신호위반,건조,맑음,교차로 - 교차로부근,승용,여,37세,상해없음,보행자,여,73세,중상
2015080600100362,2015년 8월 6일 15시,목요일,경상남도 고성군 회화면,중상사고,0,1,0,0,차대차 - 추돌 - 진행중,직진우회전진행방해,건조,맑음,교차로 - 교차로안,승용,남,44세,상해없음,원동기,남,77세,중상
2015080600100363,2015년 8월 6일 15시,목요일,경상남도 거제시 일운면,중상사고,0,2,0,0,차대차 - 기타,중앙선침범,건조,맑음,단일로 - 기타,화물,남,50세,상해없음,화물,남,58세,중상
2015080600100364,2015년 8월 6일 15시,목요일,경상남도 창원시 의창구 팔용동,경상사고,0,0,1,0,차대사람 - 횡단중,안전운전불이행,건조,맑음,교차로 - 교차로안,승용,남,32세,상해없음,보행자,여,32세,경상
2015080600100409,2015년 8월 6일 16시,목요일,경상남도 창원시 마산합포구 중앙동1가,중상사고,0,1,0,0,차대사람 - 기타,안전운전불이행,건조,맑음,단일로 - 기타,화물,남,22세,상해없음,보행자,남,7세,중상
2015080600100410,2015년 8월 6일 16시,목요일,경상남도 통영시 도천동,중상사고,0,1,0,0,차대차 - 측면직각충돌,안전운전불이행,건조,맑음,단일로 - 기타,승용,남,51세,상해없음,승용,여,41세,중상
2015080600100411,2015년 8월 6일 16시,목요일,경상남도 양산시 남부동,중상사고,0,1,0,0,차대사람 - 횡단중,안전운전불이행,건조,맑음,교차로 - 교차로부근,승용,여,48세,상해없음,보행자,여,72세,중상
2015080600100451,2015년 8월 6일 17시,목요일,경상남도 거창군 거창읍,부상신고사고,0,0,0,1,차대차 - 측면직각충돌,안전운전불이행,건조,맑음,단일로 - 기타,자전거,남,50세,부상신고,원동기,남,16세,상해없음
2015080600100494,2015년 8월 6일 18시,목요일,경상남도 진주시 대안동,중상사고,0,3,0,0,차대차 - 추돌 - 진행중,안전운전불이행,건조,맑음,단일로 - 기타,승합,남,57세,상해없음,승용,남,41세,상해없음
2015080600100495,2015년 8월 6일 18시,목요일,경상남도 진주시 강남동,경상사고,0,0,1,0,차대차 - 기타,안전운전불이행,건조,맑음,단일로 - 기타,자전거,남,47세,경상,승합,남,51세,상해없음
2015080600100590,2015년 8월 6일 20시,목요일,경상남도 창원시 의창구 중동,중상사고,0,1,0,0,차대차 - 측면직각충돌,안전운전불이행,습기,비,교차로 - 교차로부근,승용,남,46세,상해없음,자전거,남,24세,중상
2015080600100632,2015년 8월 6일 21시,목요일,경상남도 양산시 물금읍,경상사고,0,0,1,0,차대차 - 기타,교차로운행방법위반,건조,맑음,교차로 - 교차로안,승용,남,47세,상해없음,승용,여,52세,상해없음
2015080600100660,2015년 8월 6일 22시,목요일,경상남도 김해시 진영읍,경상사고,0,0,1,0,차대차 - 측면직각충돌,교차로운행방법위반,건조,맑음,교차로 - 교차로부근,화물,남,42세,상해없음,승용,남,21세,경상
2015080600100680,2015년 8월 6일 23시,목요일,경상남도 함안군 산인면,중상사고,0,3,0,0,차대차 - 측면직각충돌,안전운전불이행,건조,맑음,단일로 - 기타,승용,여,30세,상해없음,승용,여,28세,중상
2015080700100018,2015년 8월 7일 00시,금요일,경상남도 창원시 마산회원구 구암동,중상사고,0,2,0,0,차대차 - 정면충돌,신호위반,건조,맑음,교차로 - 교차로안,승용,여,30세,상해없음,승용,남,60세,중상
2015080700100034,2015년 8월 7일 01시,금요일,경상남도 창원시 의창구 용호동,경상사고,0,0,1,0,차대차 - 기타,신호위반,건조,맑음,교차로 - 교차로안,승용,남,44세,상해없음,승용,남,67세,경상
2015080700100141,2015년 8월 7일 08시,금요일,경상남도 사천시 사천읍,부상신고사고,0,0,0,1,차대차 - 측면직각충돌,교차로운행방법위반,건조,맑음,교차로 - 교차로안,승용,남,32세,상해없음,승용,여,47세,상해없음
2015080700100142,2015년 8월 7일 08시,금요일,경상남도 함양군 함양읍,부상신고사고,0,0,0,1,차대차 - 추돌 - 진행중,안전운전불이행,건조,맑음,교차로 - 교차로부근,이륜,남,38세,부상신고,승용,남,44세,상해없음
2015080700100143,2015년 8월 7일 08시,금요일,경상남도 하동군 북천면,중상사고,0,1,0,1,차대차 - 측면직각충돌,안전운전불이행,건조,맑음,단일로 - 기타,이륜,남,40세,부상신고,승용,남,58세,상해없음
2015080700100144,2015년 8월 7일 08시,금요일,경상남도 남해군 미조면,중상사고,0,1,0,0,차대사람 - 기타,안전운전불이행,건조,맑음,단일로 - 기타,화물,남,54세,상해없음,보행자,여,90세 이상,중상
2015080700100213,2015년 8월 7일 10시,금요일,경상남도 양산시 평산동,경상사고,0,0,1,0,차대사람 - 기타,기타,건조,맑음,교차로 - 교차로부근,승용,여,67세,상해없음,보행자,여,74세,경상
2015080700100241,2015년 8월 7일 11시,금요일,경상남도 통영시 중앙동,중상사고,0,1,0,0,차대사람 - 횡단중,안전운전불이행,건조,맑음,단일로 - 횡단보도상,승용,남,40세,상해없음,보행자,여,69세,중상
2015080700100276,2015년 8월 7일 12시,금요일,경상남도 양산시 명동,부상신고사고,0,0,0,1,차대차 - 기타,교차로운행방법위반,건조,맑음,교차로 - 교차로안,화물,여,50세,부상신고,승용,남,41세,상해없음
2015080700100307,2015년 8월 7일 13시,금요일,경상남도 진주시 수곡면,중상사고,0,1,0,0,차대사람 - 차도통행중,안전운전불이행,건조,맑음,단일로 - 기타,화물,남,45세,상해없음,보행자,여,62세,중상
2015080700100308,2015년 8월 7일 13시,금요일,경상남도 밀양시 하남읍,중상사고,0,2,0,0,차대차 - 정면충돌,교차로운행방법위반,건조,맑음,교차로 - 교차로안,화물,여,45세,상해없음,이륜,남,80세,중상
2015080700100338,2015년 8월 7일 14시,금요일,경상남도 거제시 고현동,경상사고,0,0,3,0,차대차 - 기타,교차로운행방법위반,건조,맑음,교차로 - 교차로부근,승용,여,36세,경상,승용,여,43세,상해없음
2015080700100339,2015년 8월 7일 14시,금요일,경상남도 창원시 마산합포구 산호동,경상사고,0,0,1,0,차대사람 - 기타,안전운전불이행,건조,맑음,단일로 - 기타,승용,남,55세,상해없음,보행자,남,3세,경상
2015080700100368,2015년 8월 7일 15시,금요일,경상남도 진주시 내동면,중상사고,0,1,0,0,차대차 - 측면직각충돌,신호위반,건조,맑음,교차로 - 교차로안,원동기,남,83세,중상,승용,여,53세,상해없음
2015080700100369,2015년 8월 7일 15시,금요일,경상남도 거제시 장평동,경상사고,0,0,1,0,차대차 - 기타,교차로운행방법위반,건조,맑음,교차로 - 교차로안,승용,남,29세,상해없음,이륜,남,62세,경상
2015080700100370,2015년 8월 7일 15시,금요일,경상남도 진주시 사봉면,중상사고,0,1,0,0,차대차 - 기타,안전운전불이행,건조,맑음,단일로 - 기타,화물,남,45세,상해없음,승용,남,44세,중상
2015080700100406,2015년 8월 7일 16시,금요일,경상남도 밀양시 하남읍,중상사고,0,1,0,0,차대차 - 추돌 - 진행중,안전운전불이행,습기,비,단일로 - 기타,승용,남,44세,상해없음,승용,남,34세,중상
2015080700100407,2015년 8월 7일 16시,금요일,경상남도 김해시 서상동,경상사고,0,0,1,0,차대사람 - 기타,안전운전불이행,건조,맑음,단일로 - 기타,승용,남,53세,상해없음,보행자,여,73세,경상
2015080700100408,2015년 8월 7일 16시,금요일,경상남도 양산시 물금읍,부상신고사고,0,0,0,1,차량단독 - 공작물충돌,안전운전불이행,건조,맑음,단일로 - 기타,건설기계,남,50세,부상신고,,,,
2015080700100409,2015년 8월 7일 16시,금요일,경상남도 함안군 칠북면,중상사고,0,1,1,0,차대차 - 정면충돌,중앙선침범,건조,맑음,교차로 - 교차로부근,승용,남,44세,경상,승용,남,37세,중상
2015080700100497,2015년 8월 7일 18시,금요일,경상남도 김해시 삼계동,중상사고,0,1,0,0,차대사람 - 횡단중,보행자보호의무위반,건조,맑음,교차로 - 교차로안,승용,남,45세,상해없음,보행자,여,6세,중상
2015080700100498,2015년 8월 7일 18시,금요일,경상남도 양산시 명동,사망사고,1,1,0,0,차량단독 - 공작물충돌,안전운전불이행,건조,맑음,교차로 - 교차로안,원동기,남,19세,사망,,,,
2015080700100499,2015년 8월 7일 18시,금요일,경상남도 고성군 하이면,경상사고,0,0,1,0,차대차 - 측면직각충돌,신호위반,건조,맑음,교차로 - 교차로안,승용,여,33세,상해없음,원동기,남,57세,경상
2015080700100500,2015년 8월 7일 18시,금요일,경상남도 창원시 의창구 소계동,중상사고,0,1,0,0,차대차 - 기타,교차로운행방법위반,건조,맑음,교차로 - 교차로안,화물,남,50세,상해없음,이륜,남,51세,중상
2015080700100525,2015년 8월 7일 19시,금요일,경상남도 진주시 명석면,경상사고,0,0,1,0,차대차 - 측면직각충돌,중앙선침범,건조,맑음,단일로 - 기타,승용,여,58세,상해없음,자전거,남,45세,경상
2015080700100526,2015년 8월 7일 19시,금요일,경상남도 김해시 삼계동,경상사고,0,0,1,0,차대차 - 기타,신호위반,건조,맑음,교차로 - 교차로안,승용,남,62세,상해없음,승용,남,48세,상해없음
2015080700100527,2015년 8월 7일 19시,금요일,경상남도 함양군 함양읍,중상사고,0,1,0,0,차대차 - 측면직각충돌,교차로운행방법위반,건조,맑음,교차로 - 교차로안,승용,여,43세,중상,승용,남,44세,상해없음
2015080700100562,2015년 8월 7일 20시,금요일,경상남도 함안군 칠서면,중상사고,0,1,1,0,차대차 - 측면직각충돌,중앙선침범,건조,맑음,교차로 - 교차로안,승용,남,23세,상해없음,승용,남,56세,중상
2015080700100601,2015년 8월 7일 21시,금요일,경상남도 진주시 상대동,중상사고,0,1,0,0,차대차 - 정면충돌,중앙선침범,건조,맑음,미분류 - 미분류,승용,남,50세,상해없음,승용,남,31세,중상
2015080700100631,2015년 8월 7일 22시,금요일,경상남도 고성군 대가면,경상사고,0,0,3,0,차대차 - 측면직각충돌,안전운전불이행,건조,맑음,기타 - 기타,승용,남,35세,기타불명,승용,남,29세,상해없음
2015080800100040,2015년 8월 8일 01시,토요일,경상남도 양산시 물금읍,부상신고사고,0,0,0,1,차대차 - 측면직각충돌,신호위반,건조,맑음,교차로 - 교차로안,승용,남,70세,상해없음,승합,남,55세,상해없음
2015080800100041,2015년 8월 8일 01시,토요일,경상남도 창원시 성산구 가음정동,중상사고,0,2,0,0,차대차 - 측면직각충돌,신호위반,건조,맑음,교차로 - 교차로안,승합,남,54세,상해없음,승용,남,40세,중상
2015080800100042,2015년 8월 8일 01시,토요일,경상남도 창원시 의창구 소계동,중상사고,0,2,0,0,차량단독 - 전도전복,안전운전불이행,건조,맑음,단일로 - 기타,이륜,남,21세,중상,,,,
2015080800100092,2015년 8월 8일 04시,토요일,경상남도 김해시 부원동,중상사고,0,1,0,0,차대사람 - 차도통행중,안전운전불이행,건조,맑음,교차로 - 교차로부근,승용,남,24세,상해없음,보행자,남,28세,중상