사고번호,사고일시,요일,시군구,사고내용,사망자수,중상자수,경상자수,부상신고자수,사고유형,법규위반,노면상태,기상상태,도로형태,가해운전자 차종,가해운전자 성별,가해운전자 연령,가해운전자 상해정도,피해운전자 차종,피해운전자 성별,피해운전자 연령,피해운전자 상해정도
2015081100100498,2015년 8월 11일 18시,화요일,경상남도 김해시 풍유동,경상사고,0,0,4,0,차대차 - 측면직각충돌,교차로운행방법위반,건조,맑음,교차로 - 교차로안,승용,남,55세,상해없음,승용,남,34세,경상
2015081100100535,2015년 8월 11일 19시,화요일,경상남도 통영시 광도면,중상사고,0,1,0,0,차대사람 - 횡단중,안전운전불이행,건조,맑음,교차로 - 교차로부근,승용,남,56세,상해없음,보행자,여,41세,중상
2015081100100536,2015년 8월 11일 19시,화요일,경상남도 창원시 의창구 대산면,사망사고,1,0,0,0,차대사람 - 횡단중,안전운전불이행,습기,비,단일로 - 기타,승합,남,56세,상해없음,보행자,여,66세,사망
2015081100100578,2015년 8월 11일 20시,화요일,경상남도 진주시 가좌동,중상사고,0,1,0,0,차대사람 - 횡단중,보행자보호의무위반,습기,비,교차로 - 교차로안,승용,여,38세,상해없음,보행자,남,18세,중상
2015081100100579,2015년 8월 11일 20시,화요일,경상남도 사천시 축동면,중상사고,0,1,0,0,차량단독 - 공작물충돌,안전운전불이행,습기,비,교차로 - 교차로부근,승용,여,31세,중상,,,,
2015081100100630,2015년 8월 11일 21시,화요일,경상남도 거제시 상동동,경상사고,0,0,1,0,차대차 - 기타,안전거리미확보,건조,맑음,단일로 - 기타,이륜,남,55세,상해없음,승용,여,37세,경상
2015081100100631,2015년 8월 11일 21시,화요일,경상남도 창원시 의창구 동읍,경상사고,0,0,1,0,차대차 - 추돌 - 주정차중,안전운전불이행,건조,맑음,단일로 - 기타,승용,여,40세,상해없음,승용,남,56세,상해없음
2015081100100632,2015년 8월 11일 21시,화요일,경상남도 창원시 의창구 명서동,경상사고,0,0,1,0,차대차 - 추돌 - 주정차중,안전운전불이행,건조,맑음,단일로 - 기타,승용,남,51세,상해없음,승용,남,39세,경상
2015081100100666,2015년 8월 11일 22시,화요일,경상남도 진주시 상대동,중상사고,0,1,0,0,차대사람 - 횡단중,안전거리미확보,습기,비,교차로 - 교차로안,이륜,남,16세,상해없음,보행자,여,44세,중상
2015081100100667,2015년 8월 11일 22시,화요일,경상남도 김해시 삼계동,경상사고,0,0,1,0,차대차 - 추돌 - 주정차중,안전운전불이행,습기,비,단일로 - 기타,승용,남,39세,상해없음,승용,남,43세,경상
2015081100100668,2015년 8월 11일 22시,화요일,경상남도 양산시 신기동,경상사고,0,0,1,1,차대차 - 측면직각충돌,직진우회전진행방해,건조,맑음,교차로 - 교차로안,승용,남,60세,상해없음,승용,여,52세,경상
2015081100100669,2015년 8월 11일 22시,화요일,경상남도 거제시 고현동,경상사고,0,0,1,0,차대차 - 기타,신호위반,습기,비,교차로 - 교차로안,농기계,남,54세,상해없음,승용,여,28세,경상
2015081100100670,2015년 8월 11일 22시,화요일,경상남도 창원시 의창구 봉곡동,경상사고,0,0,1,0,차량단독 - 공작물충돌,안전운전불이행,습기,비,단일로 - 기타,화물,남,62세,경상,,,,
2015081100100671,2015년 8월 11일 22시,화요일,경상남도 김해시 장유면,중상사고,0,1,0,0,차대사람 - 횡단중,안전운전불이행,습기,비,단일로 - 횡단보도상,화물,여,46세,상해없음,보행자,여,17세,중상
2015081100100705,2015년 8월 11일 23시,화요일,경상남도 창원시 마산합포구 창동,경상사고,0,0,1,0,차대사람 - 횡단중,신호위반,습기,비,단일로 - 횡단보도상,승용,남,48세,상해없음,보행자,여,6세,경상
2015081100100706,2015년 8월 11일 23시,화요일,경상남도 진주시 상봉동,경상사고,0,0,2,0,차대사람 - 횡단중,안전운전불이행,습기,비,단일로 - 기타,이륜,남,16세,경상,보행자,여,45세,경상
2015081100100707,2015년 8월 11일 23시,화요일,경상남도 김해시 삼계동,경상사고,0,0,1,0,차대차 - 측면직각충돌,신호위반,습기,비,교차로 - 교차로안,승용,남,34세,상해없음,승용,남,50세,경상
2015081100100708,2015년 8월 11일 23시,화요일,경상남도 김해시 어방동,경상사고,0,0,2,0,차대차 - 추돌 - 주정차중,안전운전불이행,건조,맑음,교차로 - 교차로부근,승용,남,23세,상해없음,승용,남,40세,경상
2015081100100709,2015년 8월 11일 23시,화요일,경상남도 양산시 평산동,부상신고사고,0,0,0,2,차대차 - 기타,교차로운행방법위반,습기,비,교차로 - 교차로안,승용,여,47세,상해없음,승용,남,46세,부상신고
2015081100100710,2015년 8월 11일 23시,화요일,경상남도 거제시 고현동,중상사고,0,1,0,0,차대차 - 정면충돌,신호위반,건조,맑음,교차로 - 교차로안,승용,여,56세,상해없음,승용,여,52세,중상
2015081200100013,2015년 8월 12일 00시,수요일,경상남도 창원시 마산회원구 내서읍,사망사고,1,0,0,0,차대사람 - 길가장자리구역통행중,보행자보호의무위반,습기,비,교차로 - 교차로안,화물,남,52세,상해없음,보행자,여,44세,사망
2015081200100037,2015년 8월 12일 02시,수요일,경상남도 양산시 물금읍,중상사고,0,1,0,0,차대차 - 측면직각충돌,안전운전불이행,건조,맑음,교차로 - 교차로안,화물,남,65세,상해없음,승용,남,27세,중상
2015081200100071,2015년 8월 12일 05시,수요일,경상남도 사천시 용현면,경상사고,0,0,1,0,차량단독 - 전도전복,안전운전불이행,습기,비,교차로 - 교차로안,승용,여,55세,경상,,,,
2015081200100072,2015년 8월 12일 05시,수요일,경상남도 창원시 마산회원구 양덕동,경상사고,0,0,2,0,차대차 - 측면직각충돌,신호위반,건조,맑음,교차로 - 교차로안,화물,남,55세,상해없음,승용,남,57세,경상
2015081200100083,2015년 8월 12일 06시,수요일,경상남도 거창군 거창읍,경상사고,0,0,1,0,차대차 - 측면직각충돌,교차로운행방법위반,건조,맑음,교차로 - 교차로안,승용,남,73세,경상,건설기계,남,55세,상해없음
2015081200100084,2015년 8월 12일 06시,수요일,경상남도 양산시 어곡동,중상사고,0,1,0,0,차대차 - 측면직각충돌,안전운전불이행,건조,맑음,단일로 - 기타,승용,남,32세,중상,화물,남,60세,상해없음
2015081200100099,2015년 8월 12일 07시,수요일,경상남도 창원시 마산회원구 회성동,경상사고,0,0,2,0,차대차 - 측면직각충돌,안전운전불이행,건조,맑음,단일로 - 기타,승용,여,39세,상해없음,승용,남,27세,경상
2015081200100100,2015년 8월 12일 07시,수요일,경상남도 창원시 의창구 소답동,경상사고,0,0,2,0,차대차 - 기타,안전운전불이행,습기,흐림,단일로 - 기타,승용,남,37세,상해없음,화물,남,43세,경상
2015081200100161,2015년 8월 12일 09시,수요일,경상남도 양산시 명곡동,중상사고,0,1,0,0,차대사람 - 기타,기타,습기,비,단일로 - 기타,승합,남,43세,상해없음,보행자,여,56세,중상
2015081200100190,2015년 8월 12일 10시,수요일,경상남도 창원시 성산구 성주동,중상사고,0,1,0,0,차대차 - 기타,안전운전불이행,건조,맑음,교차로 - 교차로안,승용,남,22세,상해없음,승용,남,41세,중상
2015081200100290,2015년 8월 12일 13시,수요일,경상남도 고성군 상리면,경상사고,0,0,2,0,차대차 - 추돌 - 주정차중,안전거리미확보,건조,흐림,단일로 - 기타,승용,남,49세,상해없음,승용,남,67세,경상
2015081200100291,2015년 8월 12일 13시,수요일,경상남도 거제시 거제면,경상사고,0,0,1,0,차대차 - 정면충돌,교차로운행방법위반,건조,맑음,교차로 - 교차로안,승용,여,53세,상해없음,건설기계,남,48세,경상
2015081200100327,2015년 8월 12일 14시,수요일,경상남도 양산시 동면,중상사고,0,1,4,1,차대차 - 기타,중앙선침범,건조,맑음,교차로 - 교차로부근,승용,남,48세,부상신고,승용,남,45세,경상
2015081200100362,2015년 8월 12일 15시,수요일,경상남도 고성군 동해면,사망사고,1,0,0,0,차대사람 - 길가장자리구역통행중,안전운전불이행,습기,흐림,단일로 - 기타,승용,남,29세,상해없음,보행자,여,78세,사망
2015081200100401,2015년 8월 12일 16시,수요일,경상남도 통영시 광도면,중상사고,0,1,1,0,차대차 - 측면직각충돌,직진우회전진행방해,건조,흐림,교차로 - 교차로안,승합,남,65세,상해없음,승용,여,34세,중상
2015081200100402,2015년 8월 12일 16시,수요일,경상남도 양산시 동면,경상사고,0,0,2,0,차대차 - 추돌 - 진행중,안전운전불이행,건조,맑음,단일로 - 기타,승합,남,41세,상해없음,승용,여,28세,경상
2015081200100403,2015년 8월 12일 16시,수요일,경상남도 양산시 삼호동,중상사고,0,1,0,0,차대차 - 기타,직진우회전진행방해,습기,비,교차로 - 교차로안,화물,남,37세,상해없음,승용,남,41세,중상
2015081200100444,2015년 8월 12일 17시,수요일,경상남도 창원시 의창구 명서동,중상사고,0,1,0,0,차대차 - 측면직각충돌,안전운전불이행,건조,맑음,교차로 - 교차로안,승용,남,57세,상해없음,승용,여,59세,중상
2015081200100482,2015년 8월 12일 18시,수요일,경상남도 밀양시 가곡동,중상사고,0,1,2,0,차대차 - 측면직각충돌,안전운전불이행,건조,맑음,교차로 - 교차로안,승용,남,72세,상해없음,승용,여,41세,경상
2015081200100483,2015년 8월 12일 18시,수요일,경상남도 고성군 거류면,경상사고,0,0,1,0,차대차 - 측면직각충돌,기타,습기,흐림,단일로 - 기타,승합,남,51세,상해없음,승합,남,39세,경상
2015081200100518,2015년 8월 12일 19시,수요일,경상남도 진주시 가좌동,경상사고,0,0,1,0,차대차 - 측면직각충돌,신호위반,건조,맑음,교차로 - 교차로부근,자전거,남,8세,경상,승용,남,54세,상해없음
2015081200100519,2015년 8월 12일 19시,수요일,경상남도 진주시 신안동,경상사고,0,0,2,0,차대차 - 측면직각충돌,신호위반,건조,맑음,교차로 - 교차로안,승용,여,25세,상해없음,승용,남,40세,경상
2015081200100520,2015년 8월 12일 19시,수요일,경상남도 창원시 진해구 자은동,중상사고,0,1,1,0,차대사람 - 기타,안전운전불이행,건조,맑음,단일로 - 기타,승용,남,41세,상해없음,보행자,여,6세,중상
2015081200100521,2015년 8월 12일 19시,수요일,경상남도 김해시 풍유동,중상사고,0,1,0,0,차대차 - 측면직각충돌,안전운전불이행,습기,맑음,교차로 - 교차로안,승용,남,49세,상해없음,자전거,남,55세,중상
2015081200100563,2015년 8월 12일 20시,수요일,경상남도 통영시 항남동,중상사고,0,1,0,0,차대차 - 추돌 - 진행중,안전운전불이행,건조,맑음,단일로 - 기타,이륜,남,21세,중상,승용,남,44세,상해없음
2015081200100600,2015년 8월 12일 21시,수요일,경상남도 김해시 대성동,중상사고,0,1,0,0,차대차 - 측면직각충돌,안전운전불이행,건조,맑음,단일로 - 기타,승용,남,54세,상해없음,승용,여,56세,중상
2015081200100601,2015년 8월 12일 21시,수요일,경상남도 창녕군 남지읍,경상사고,0,0,1,0,차대차 - 기타,중앙선침범,건조,맑음,단일로 - 기타,자전거,여,45세,경상,승용,남,37세,상해없음
2015081200100626,2015년 8월 12일 22시,수요일,경상남도 창원시 진해구 여좌동,경상사고,0,0,1,0,차대차 - 측면직각충돌,안전운전불이행,건조,맑음,단일로 - 기타,승용,남,55세,상해없음,승용,남,31세,경상
2015081200100627,2015년 8월 12일 22시,수요일,경상남도 밀양시 내일동,중상사고,0,1,0,0,차대차 - 측면직각충돌,안전운전불이행,건조,맑음,교차로 - 교차로안,승용,남,31세,상해없음,이륜,남,17세,중상
2015081200100656,2015년 8월 12일 23시,수요일,경상남도 창원시 성산구 천선동,사망사고,1,1,1,0,차량단독 - 공작물충돌,안전운전불이행,건조,맑음,단일로 - 기타,승용,남,34세,사망,,,,
2015081300100076,2015년 8월 13일 05시,목요일,경상남도 거창군 거창읍,중상사고,0,1,0,0,차대차 - 추돌 - 진행중,안전운전불이행,건조,맑음,교차로 - 교차로부근,승용,남,32세,기타불명,승용,여,46세,중상
2015081300100087,2015년 8월 13일 06시,목요일,경상남도 함양군 안의면,중상사고,0,1,0,1,차대차 - 추돌 - 진행중,안전운전불이행,건조,맑음,단일로 - 기타,승용,남,34세,부상신고,승용,여,38세,중상
2015081300100109,2015년 8월 13일 07시,목요일,경상남도 김해시 삼방동,중상사고,0,1,0,4,차대차 - 추돌 - 주정차중,안전거리미확보,건조,맑음,단일로 - 기타,승용,남,35세,상해없음,승용,남,57세,중상
2015081300100110,2015년 8월 13일 07시,목요일,경상남도 창원시 성산구 내동,경상사고,0,0,1,0,차대차 - 기타,교차로운행방법위반,건조,맑음,교차로 - 교차로안,승용,남,47세,상해없음,승용,남,54세,경상
2015081300100138,2015년 8월 13일 08시,목요일,경상남도 하동군 옥종면,중상사고,0,1,0,0,차대차 - 정면충돌,안전운전불이행,건조,맑음,단일로 - 기타,이륜,여,75세,상해없음,농기계,남,77세,중상
2015081300100139,2015년 8월 13일 08시,목요일,경상남도 창원시 의창구 명서동,경상사고,0,0,2,0,차대차 - 정면충돌,신호위반,건조,맑음,교차로 - 교차로안,승용,여,48세,상해없음,승용,여,43세,경상
2015081300100140,2015년 8월 13일 08시,목요일,경상남도 창원시 의창구 팔용동,경상사고,0,0,1,0,차대사람 - 기타,중앙선침범,건조,맑음,단일로 - 기타,이륜,남,20세,상해없음,보행자,여,60세,경상
2015081300100141,2015년 8월 13일 08시,목요일,경상남도 김해시 장유면,경상사고,0,0,2,0,차대차 - 측면직각충돌,신호위반,건조,맑음,교차로 - 교차로안,승용,남,53세,경상,승용,남,62세,경상
2015081300100181,2015년 8월 13일 09시,목요일,경상남도 진주시 가좌동,중상사고,0,1,0,0,차대차 - 측면직각충돌,차로위반,건조,맑음,단일로 - 기타,이륜,남,69세,상해없음,승용,여,40세,상해없음
2015081300100182,2015년 8월 13일 09시,목요일,경상남도 창원시 마산회원구 양덕동,경상사고,0,0,1,0,차대사람 - 횡단중,중앙선침범,건조,맑음,교차로 - 교차로부근,승용,남,64세,상해없음,보행자,여,40세,경상
2015081300100202,2015년 8월 13일 10시,목요일,경상남도 창원시 마산합포구 상남동,경상사고,0,0,2,0,차대차 - 추돌 - 주정차중,안전운전불이행,건조,맑음,교차로 - 교차로부근,화물,남,64세,상해없음,승용,여,45세,경상
2015081300100203,2015년 8월 13일 10시,목요일,경상남도 김해시 진영읍,경상사고,0,0,1,0,차대차 - 측면직각충돌,신호위반,건조,맑음,교차로 - 교차로안,승합,남,37세,상해없음,승용,남,72세,경상
2015081300100233,2015년 8월 13일 11시,목요일,경상남도 밀양시 내이동,경상사고,0,0,1,0,차대사람 - 횡단중,안전운전불이행,건조,맑음,교차로 - 교차로안,화물,남,47세,상해없음,보행자,여,76세,경상
2015081300100272,2015년 8월 13일 12시,목요일,경상남도 창원시 의창구 봉곡동,중상사고,0,1,0,0,차대차 - 측면직각충돌,교차로운행방법위반,건조,맑음,교차로 - 교차로안,승용,여,60세,상해없음,이륜,남,49세,중상
2015081300100301,2015년 8월 13일 13시,목요일,경상남도 함양군 마천면,부상신고사고,0,0,0,1,차대차 - 측면직각충돌,안전운전불이행,건조,맑음,단일로 - 기타,자전거,남,31세,부상신고,승합,여,49세,상해없음
2015081300100302,2015년 8월 13일 13시,목요일,경상남도 거제시 고현동,경상사고,0,0,1,0,차대차 - 측면직각충돌,신호위반,건조,맑음,교차로 - 교차로안,승용,남,24세,상해없음,승용,남,56세,경상
2015081300100303,2015년 8월 13일 13시,목요일,경상남도 창원시 의창구 대산면,중상사고,0,2,2,0,차대차 - 기타,안전거리미확보,건조,맑음,단일로 - 기타,건설기계,남,46세,상해없음,화물,남,57세,상해없음
2015081300100335,2015년 8월 13일 14시,목요일,경상남도 진주시 수정동,중상사고,0,1,0,0,차대사람 - 횡단중,보행자보호의무위반,건조,맑음,교차로 - 교차로부근,화물,남,68세,상해없음,보행자,여,71세,중상
2015081300100336,2015년 8월 13일 14시,목요일,경상남도 김해시 구산동,중상사고,0,1,0,0,차대사람 - 횡단중,신호위반,건조,맑음,단일로 - 횡단보도상,승용,여,44세,상해없음,보행자,남,37세,중상
2015081300100337,2015년 8월 13일 14시,목요일,경상남도 창원시 의창구 동읍,사망사고,1,1,0,0,차대차 - 기타,안전운전불이행,건조,맑음,단일로 - 기타,승용,여,51세,사망,화물,남,37세,상해없음
2015081300100372,2015년 8월 13일 15시,목요일,경상남도 양산시 하북면,중상사고,0,1,0,0,차대사람 - 기타,보행자보호의무위반,건조,맑음,단일로 - 횡단보도부근,승용,남,52세,기타불명,보행자,남,7세,중상
2015081300100373,2015년 8월 13일 15시,목요일,경상남도 창원시 성산구 가음동,경상사고,0,0,1,0,차대차 - 측면직각충돌,안전운전불이행,건조,맑음,교차로 - 교차로안,승용,여,49세,상해없음,원동기,남,22세,경상
2015081300100374,2015년 8월 13일 15시,목요일,경상남도 창원시 마산회원구 양덕동,중상사고,0,1,0,0,차대사람 - 횡단중,신호위반,건조,맑음,교차로 - 교차로부근,승합,남,61세,상해없음,보행자,남,8세,중상
2015081300100410,2015년 8월 13일 16시,목요일,경상남도 창녕군 고암면,경상사고,0,0,1,0,차대차 - 측면직각충돌,기타,건조,맑음,교차로 - 교차로안,특수,남,48세,상해없음,승용,남,51세,경상
2015081300100443,2015년 8월 13일 17시,목요일,경상남도 진주시 상대동,중상사고,0,1,0,0,차대사람 - 기타,안전운전불이행,건조,맑음,단일로 - 기타,승용,남,30세,상해없음,보행자,여,68세,중상
2015081300100445,2015년 8월 13일 17시,목요일,경상남도 함양군 백전면,부상신고사고,0,0,0,1,차량단독 - 공작물충돌,안전운전불이행,건조,맑음,단일로 - 기타,승용,남,62세,부상신고,,,,
2015081300100446,2015년 8월 13일 17시,목요일,경상남도 양산시 삼호동,경상사고,0,0,1,0,차대차 - 기타,직진우회전진행방해,건조,맑음,교차로 - 교차로안,승용,남,41세,상해없음,원동기,남,70세,경상
2015081300100549,2015년 8월 13일 19시,목요일,경상남도 거제시 덕포동,중상사고,0,1,0,0,차대차 - 기타,안전운전불이행,건조,맑음,단일로 - 기타,이륜,남,37세,상해없음,승용,남,29세,중상
2015081300100550,2015년 8월 13일 19시,목요일,경상남도 거제시 사등면,부상신고사고,0,0,0,1,차대사람 - 기타,안전운전불이행,건조,맑음,단일로 - 기타,승용,여,49세,상해없음,보행자,남,68세,부상신고
2015081300100551,2015년 8월 13일 19시,목요일,경상남도 김해시 진영읍,사망사고,1,0,0,0,차대사람 - 기타,안전운전불이행,건조,맑음,단일로 - 기타,승용,남,52세,상해없음,보행자,여,64세,사망
2015081300100660,2015년 8월 13일 22시,목요일,경상남도 창원시 성산구 대방동,중상사고,0,1,0,0,차대사람 - 횡단중,안전운전불이행,건조,맑음,단일로 - 기타,승용,남,52세,상해없음,보행자,남,17세,중상
2015081300100696,2015년 8월 13일 23시,목요일,경상남도 진주시 봉곡동,경상사고,0,0,1,0,차대사람 - 횡단중,보행자보호의무위반,건조,맑음,단일로 - 횡단보도상,승용,남,38세,상해없음,보행자,남,22세,경상
2015081300100697,2015년 8월 13일 23시,목요일,경상남도 김해시 장유면,중상사고,0,1,0,0,차대차 - 측면직각충돌,교차로운행방법위반,건조,맑음,교차로 - 교차로안,승용,남,29세,상해없음,이륜,남,17세,중상
2015081400100021,2015년 8월 14일 00시,금요일,경상남도 거제시 연초면,경상사고,0,0,1,0,차대차 - 추돌 - 주정차중,안전운전불이행,건조,맑음,교차로 - 교차로부근,승용,남,41세,상해없음,승용,여,24세,경상
2015081400100064,2015년 8월 14일 02시,금요일,경상남도 진주시 강남동,중상사고,0,1,0,1,차대차 - 측면직각충돌,신호위반,건조,맑음,교차로 - 교차로안,승용,여,60세,부상신고,승용,여,25세,중상
2015081400100087,2015년 8월 14일 04시,금요일,경상남도 사천시 동금동,중상사고,0,1,2,0,차대차 - 측면직각충돌,신호위반,건조,맑음,교차로 - 교차로안,승용,남,27세,상해없음,화물,여,80세,중상
2015081400100099,2015년 8월 14일 05시,금요일,경상남도 창원시 마산회원구 회성동,중상사고,0,1,0,0,차대사람 - 횡단중,안전운전불이행,건조,맑음,교차로 - 교차로부근,승용,남,61세,상해없음,보행자,여,61세,중상
2015081400100113,2015년 8월 14일 06시,금요일,경상남도 김해시 삼계동,중상사고,0,1,0,0,차대차 - 기타,안전운전불이행,건조,맑음,단일로 - 횡단보도상,승용,남,59세,상해없음,자전거,남,73세,중상
2015081400100114,2015년 8월 14일 06시,금요일,경상남도 합천군 삼가면,중상사고,0,1,0,0,차대사람 - 기타,안전운전불이행,건조,맑음,단일로 - 기타,화물,남,32세,상해없음,보행자,여,74세,중상
2015081400100163,2015년 8월 14일 09시,금요일,경상남도 양산시 물금읍,중상사고,0,1,0,0,차대차 - 기타,안전거리미확보,건조,맑음,단일로 - 기타,승용,남,38세,상해없음,화물,남,50세,중상
2015081400100181,2015년 8월 14일 09시,금요일,경상남도 창녕군 유어면,중상사고,0,2,0,0,차대차 - 기타,안전운전불이행,건조,맑음,단일로 - 기타,농기계,남,66세,중상,승용,여,63세,중상
2015081400100210,2015년 8월 14일 10시,금요일,경상남도 창원시 마산합포구 부림동,중상사고,0,1,0,0,차대차 - 기타,안전거리미확보,건조,맑음,단일로 - 기타,승용,여,56세,상해없음,이륜,남,72세,중상
2015081400100211,2015년 8월 14일 10시,금요일,경상남도 창원시 성산구 중앙동,중상사고,0,1,0,0,차대차 - 기타,안전운전불이행,건조,맑음,교차로 - 교차로안,화물,남,48세,상해없음,자전거,남,79세,중상
2015081400100242,2015년 8월 14일 11시,금요일,경상남도 창원시 마산합포구 신포동1가,경상사고,0,0,1,0,차대사람 - 기타,안전운전불이행,건조,맑음,단일로 - 기타,승용,남,62세,상해없음,보행자,여,66세,경상
2015081400100243,2015년 8월 14일 11시,금요일,경상남도 의령군 부림면,경상사고,0,0,1,0,차대차 - 기타,안전운전불이행,건조,맑음,교차로 - 교차로부근,승용,남,62세,기타불명,자전거,남,80세,경상
2015081400100244,2015년 8월 14일 11시,금요일,경상남도 창원시 마산합포구 산호동,경상사고,0,0,3,0,차량단독 - 기타,안전운전불이행,건조,맑음,단일로 - 기타,승합,남,41세,상해없음,,,,
2015081400100245,2015년 8월 14일 11시,금요일,경상남도 김해시 풍유동,중상사고,0,1,0,0,차대차 - 측면직각충돌,안전거리미확보,건조,맑음,단일로 - 기타,승용,여,58세,상해없음,승용,남,64세,중상
2015081400100246,2015년 8월 14일 11시,금요일,경상남도 김해시 장유면,중상사고,0,1,0,0,차대사람 - 횡단중,보행자보호의무위반,건조,맑음,교차로 - 교차로부근,승용,여,62세,기타불명,보행자,남,11세,중상
2015081400100247,2015년 8월 14일 11시,금요일,경상남도 거창군 남상면,중상사고,0,4,3,0,차대차 - 추돌 - 진행중,중앙선침범,건조,맑음,단일로 - 기타,승용,남,71세,중상,승용,남,43세,경상
2015081400100283,2015년 8월 14일 12시,금요일,경상남도 밀양시 내이동,경상사고,0,0,4,0,차대차 - 측면직각충돌,안전운전불이행,건조,맑음,단일로 - 기타,승용,남,55세,상해없음,승용,남,60세,경상
2015081400100325,2015년 8월 14일 13시,금요일,경상남도 양산시 상북면,부상신고사고,0,0,0,1,차량단독 - 공작물충돌,안전운전불이행,건조,맑음,단일로 - 기타,화물,남,45세,부상신고,,,,
2015081400100326,2015년 8월 14일 13시,금요일,경상남도 양산시 용당동,경상사고,0,0,1,0,차대차 - 추돌 - 주정차중,안전거리미확보,습기,비,단일로 - 기타,화물,남,59세,상해없음,승용,여,56세,경상
2015081400100327,2015년 8월 14일 13시,금요일,경상남도 거제시 양정동,중상사고,0,1,2,6,차대차 - 추돌 - 진행중,안전거리미확보,건조,맑음,단일로 - 기타,승용,남,54세,상해없음,승용,남,31세,중상
2015081400100328,2015년 8월 14일 13시,금요일,경상남도 함안군 법수면,사망사고,1,0,1,0,차대차 - 정면충돌,중앙선침범,건조,맑음,단일로 - 기타,자전거,남,88세,사망,원동기,남,79세,경상
2015081400100329,2015년 8월 14일 13시,금요일,경상남도 김해시 풍유동,경상사고,0,0,3,0,차대차 - 측면직각충돌,교차로운행방법위반,건조,맑음,교차로 - 교차로안,화물,남,55세,경상,화물,남,45세,경상
2015081400100330,2015년 8월 14일 13시,금요일,경상남도 함안군 칠원읍,경상사고,0,0,1,0,차대차 - 추돌 - 진행중,안전운전불이행,건조,맑음,단일로 - 기타,승용,남,22세,기타불명,승용,남,25세,경상
2015081400100360,2015년 8월 14일 14시,금요일,경상남도 창원시 마산합포구 진동면,경상사고,0,0,2,0,차대차 - 기타,안전운전불이행,건조,맑음,단일로 - 기타,승합,남,60세,상해없음,승용,여,67세,기타불명
2015081400100361,2015년 8월 14일 14시,금요일,경상남도 통영시 광도면,중상사고,0,1,0,0,차대차 - 추돌 - 주정차중,안전운전불이행,건조,맑음,단일로 - 기타,화물,남,62세,상해없음,승용,여,52세,중상
2015081400100400,2015년 8월 14일 15시,금요일,경상남도 하동군 하동읍,중상사고,0,1,0,0,차대차 - 측면직각충돌,교차로운행방법위반,건조,맑음,교차로 - 교차로안,화물,남,74세,상해없음,이륜,남,33세,중상
2015081400100401,2015년 8월 14일 15시,금요일,경상남도 거제시 고현동,경상사고,0,0,1,0,차대차 - 기타,신호위반,건조,맑음,교차로 - 교차로안,승용,여,21세,상해없음,승용,여,53세,경상
2015081400100402,2015년 8월 14일 15시,금요일,경상남도 창원시 성산구 신촌동,경상사고,0,0,1,0,차대차 - 기타,안전운전불이행,건조,맑음,교차로 - 교차로안,화물,남,35세,상해없음,승용,남,46세,경상
2015081400100403,2015년 8월 14일 15시,금요일,경상남도 김해시 장유면,중상사고,0,1,0,0,차대차 - 추돌 - 진행중,안전운전불이행,건조,맑음,단일로 - 기타,승용,남,24세,상해없음,화물,여,47세,중상
2015081400100424,2015년 8월 14일 16시,금요일,경상남도 양산시 다방동,경상사고,0,0,4,0,차대차 - 기타,차로위반,건조,맑음,단일로 - 기타,화물,남,52세,상해없음,승용,남,33세,경상
2015081400100447,2015년 8월 14일 16시,금요일,경상남도 거창군 거창읍,중상사고,0,2,0,0,차대차 - 측면직각충돌,신호위반,건조,맑음,교차로 - 교차로안,승용,남,21세,상해없음,승용,남,39세,중상
2015081400100486,2015년 8월 14일 17시,금요일,경상남도 창원시 마산합포구 중앙동3가,중상사고,0,1,1,0,차대차 - 기타,안전운전불이행,건조,맑음,단일로 - 기타,승합,남,56세,상해없음,승용,여,48세,중상
2015081400100487,2015년 8월 14일 17시,금요일,경상남도 창녕군 남지읍,중상사고,0,2,4,0,차대차 - 추돌 - 진행중,안전운전불이행,건조,맑음,단일로 - 기타,승용,여,55세,상해없음,승용,여,40세,중상
2015081400100518,2015년 8월 14일 18시,금요일,경상남도 창원시 진해구 제덕동,중상사고,0,1,3,0,차대차 - 측면직각충돌,교차로운행방법위반,건조,맑음,교차로 - 교차로안,승용,남,44세,중상,승용,남,49세,경상
2015081400100519,2015년 8월 14일 18시,금요일,경상남도 거제시 고현동,중상사고,0,1,0,0,차대차 - 기타,교차로운행방법위반,건조,맑음,교차로 - 교차로안,승용,남,57세,상해없음,자전거,남,8세,중상
2015081400100555,2015년 8월 14일 19시,금요일,경상남도 김해시 외동,중상사고,0,1,0,0,차대차 - 측면직각충돌,신호위반,건조,맑음,교차로 - 교차로안,승용,남,72세,상해없음,원동기,남,18세,중상
2015081400100556,2015년 8월 14일 19시,금요일,경상남도 양산시 동면,경상사고,0,0,1,0,차대차 - 기타,안전거리미확보,건조,맑음,단일로 - 기타,승용,남,33세,상해없음,원동기,남,16세,경상
2015081400100557,2015년 8월 14일 19시,금요일,경상남도 거제시 고현동,중상사고,0,1,0,0,차대사람 - 횡단중,보행자보호의무위반,건조,맑음,단일로 - 횡단보도상,이륜,남,17세,상해없음,보행자,남,54세,중상