사고번호,사고일시,요일,시군구,사고내용,사망자수,중상자수,경상자수,부상신고자수,사고유형,법규위반,노면상태,기상상태,도로형태,가해운전자 차종,가해운전자 성별,가해운전자 연령,가해운전자 상해정도,피해운전자 차종,피해운전자 성별,피해운전자 연령,피해운전자 상해정도
2015081400100633,2015년 8월 14일 21시,금요일,경상남도 창원시 의창구 북면,중상사고,0,1,0,0,차대사람 - 차도통행중,안전운전불이행,건조,맑음,단일로 - 기타,승용,남,50세,상해없음,보행자,남,52세,중상
2015081400100688,2015년 8월 14일 23시,금요일,경상남도 밀양시 내이동,경상사고,0,0,1,0,차대차 - 측면직각충돌,신호위반,건조,맑음,교차로 - 교차로안,승용,남,42세,상해없음,승용,남,28세,경상
2015081400100689,2015년 8월 14일 23시,금요일,경상남도 함양군 함양읍,부상신고사고,0,0,0,1,차대차 - 측면직각충돌,교차로운행방법위반,건조,맑음,교차로 - 교차로안,승용,남,33세,상해없음,승용,남,34세,상해없음
2015081400100690,2015년 8월 14일 23시,금요일,경상남도 거제시 능포동,중상사고,0,1,0,0,차대사람 - 기타,안전운전불이행,건조,맑음,단일로 - 기타,기타불명,기타불명,기타불명,기타불명,보행자,남,32세,중상
2015081400100691,2015년 8월 14일 23시,금요일,경상남도 거제시 아주동,중상사고,0,1,0,0,차대차 - 기타,신호위반,건조,맑음,교차로 - 교차로안,기타불명,기타불명,기타불명,기타불명,원동기,남,34세,중상
2015081500100021,2015년 8월 15일 00시,토요일,경상남도 사천시 선구동,경상사고,0,0,2,1,차대차 - 측면직각충돌,직진우회전진행방해,건조,맑음,교차로 - 교차로안,승용,남,32세,상해없음,승용,남,57세,경상
2015081500100022,2015년 8월 15일 00시,토요일,경상남도 남해군 이동면,중상사고,0,2,0,1,차대차 - 정면충돌,중앙선침범,건조,맑음,단일로 - 기타,승용,남,60세,부상신고,승용,남,33세,중상
2015081500100040,2015년 8월 15일 01시,토요일,경상남도 거제시 고현동,중상사고,0,1,1,0,차대차 - 기타,신호위반,건조,맑음,교차로 - 교차로안,승용,남,38세,상해없음,승용,남,54세,경상
2015081500100064,2015년 8월 15일 03시,토요일,경상남도 사천시 벌리동,중상사고,0,1,1,0,차대차 - 측면직각충돌,직진우회전진행방해,건조,맑음,교차로 - 교차로안,승합,남,65세,상해없음,승용,남,58세,경상
2015081500100065,2015년 8월 15일 03시,토요일,경상남도 김해시 동상동,사망사고,1,0,0,0,차대차 - 추돌 - 진행중,안전운전불이행,건조,맑음,교차로 - 교차로부근,이륜,남,19세,사망,승합,남,48세,상해없음
2015081500100066,2015년 8월 15일 03시,토요일,경상남도 김해시 지내동,경상사고,0,0,1,0,차대차 - 기타,안전운전불이행,건조,맑음,교차로 - 교차로부근,승용,여,53세,기타불명,승용,여,43세,경상
2015081500100082,2015년 8월 15일 04시,토요일,경상남도 창원시 마산회원구 합성동,경상사고,0,0,2,0,차량단독 - 기타,안전운전불이행,건조,맑음,교차로 - 교차로부근,승용,남,55세,상해없음,,,,
2015081500100109,2015년 8월 15일 06시,토요일,경상남도 통영시 무전동,중상사고,0,1,0,0,차대차 - 측면직각충돌,교차로운행방법위반,건조,맑음,교차로 - 교차로안,승용,남,33세,상해없음,이륜,남,35세,중상
2015081500100110,2015년 8월 15일 06시,토요일,경상남도 거제시 장목면,경상사고,0,0,1,0,차대차 - 추돌 - 주정차중,안전운전불이행,건조,맑음,단일로 - 기타,승용,남,65세,상해없음,승용,여,43세,경상
2015081500100122,2015년 8월 15일 07시,토요일,경상남도 김해시 주촌면,경상사고,0,0,1,0,차대차 - 추돌 - 주정차중,안전운전불이행,건조,맑음,교차로 - 교차로부근,승용,남,24세,기타불명,승용,남,59세,경상
2015081500100139,2015년 8월 15일 08시,토요일,경상남도 통영시 명정동,중상사고,0,1,1,0,차대차 - 측면직각충돌,안전운전불이행,건조,맑음,단일로 - 기타,승용,남,76세,경상,화물,남,57세,중상
2015081500100140,2015년 8월 15일 08시,토요일,경상남도 산청군 신안면,사망사고,1,1,0,0,차대차 - 측면직각충돌,안전운전불이행,건조,맑음,단일로 - 기타,승용,남,88세,사망,화물,남,43세,중상
2015081500100141,2015년 8월 15일 08시,토요일,경상남도 창원시 마산회원구 내서읍,경상사고,0,0,1,0,차대차 - 추돌 - 진행중,안전운전불이행,건조,맑음,교차로 - 교차로부근,승용,남,27세,상해없음,승용,남,63세,경상
2015081500100165,2015년 8월 15일 09시,토요일,경상남도 창원시 의창구 동읍,경상사고,0,0,4,0,차대차 - 기타,안전운전불이행,건조,맑음,단일로 - 기타,승용,남,33세,상해없음,승용,남,60세,경상
2015081500100191,2015년 8월 15일 10시,토요일,경상남도 의령군 의령읍,중상사고,0,1,0,0,차대사람 - 차도통행중,안전운전불이행,건조,맑음,단일로 - 기타,승용,여,57세,상해없음,보행자,여,75세,중상
2015081500100253,2015년 8월 15일 13시,토요일,경상남도 양산시 하북면,중상사고,0,2,1,0,차대차 - 기타,안전운전불이행,건조,맑음,단일로 - 기타,승용,남,30세,중상,승용,여,36세,중상
2015081500100322,2015년 8월 15일 15시,토요일,경상남도 창원시 마산합포구 상남동,중상사고,0,1,0,0,차대차 - 기타,안전운전불이행,건조,맑음,단일로 - 기타,승용,남,40세,상해없음,원동기,남,26세,중상
2015081500100323,2015년 8월 15일 15시,토요일,경상남도 거제시 고현동,중상사고,0,1,1,0,차대차 - 기타,기타,건조,맑음,교차로 - 교차로안,이륜,남,17세,경상,승용,남,24세,상해없음
2015081500100324,2015년 8월 15일 15시,토요일,경상남도 거제시 거제면,경상사고,0,0,3,0,차대차 - 기타,교차로운행방법위반,건조,맑음,교차로 - 교차로안,승용,남,29세,경상,승용,남,52세,경상
2015081500100352,2015년 8월 15일 16시,토요일,경상남도 양산시 상북면,경상사고,0,0,5,0,차량단독 - 전도전복,안전운전불이행,건조,맑음,단일로 - 기타,승용,여,46세,경상,,,,
2015081500100414,2015년 8월 15일 18시,토요일,경상남도 진주시 신안동,중상사고,0,1,0,0,차대사람 - 횡단중,보행자보호의무위반,건조,맑음,단일로 - 기타,승용,남,58세,상해없음,보행자,여,64세,중상
2015081500100415,2015년 8월 15일 18시,토요일,경상남도 남해군 상주면,경상사고,0,0,1,0,차대사람 - 기타,안전운전불이행,기타,맑음,단일로 - 기타,원동기,남,17세,상해없음,보행자,여,47세,경상
2015081500100451,2015년 8월 15일 19시,토요일,경상남도 김해시 부원동,경상사고,0,0,1,0,차대차 - 기타,중앙선침범,건조,맑음,단일로 - 기타,자전거,남,68세,경상,승용,여,55세,상해없음
2015081500100452,2015년 8월 15일 19시,토요일,경상남도 거창군 남하면,경상사고,0,0,1,0,차대차 - 정면충돌,중앙선침범,건조,맑음,단일로 - 기타,승용,남,25세,상해없음,승용,남,55세,경상
2015081500100453,2015년 8월 15일 19시,토요일,경상남도 양산시 하북면,경상사고,0,0,1,0,차대차 - 측면직각충돌,신호위반,건조,맑음,교차로 - 교차로안,승용,남,70세,상해없음,승용,남,39세,경상
2015081500100454,2015년 8월 15일 19시,토요일,경상남도 남해군 고현면,사망사고,1,2,0,1,차대차 - 측면직각충돌,중앙선침범,건조,맑음,단일로 - 기타,화물,남,22세,부상신고,승용,남,72세,중상
2015081500100473,2015년 8월 15일 20시,토요일,경상남도 김해시 생림면,경상사고,0,0,2,0,차대차 - 기타,안전운전불이행,건조,맑음,단일로 - 터널,승용,남,40세,상해없음,승용,남,48세,경상
2015081500100493,2015년 8월 15일 20시,토요일,경상남도 밀양시 내이동,경상사고,0,0,1,0,차대차 - 측면직각충돌,안전운전불이행,건조,맑음,교차로 - 교차로안,승용,여,32세,상해없음,이륜,남,68세,경상
2015081500100494,2015년 8월 15일 20시,토요일,경상남도 양산시 남부동,경상사고,0,0,1,0,차대사람 - 횡단중,보행자보호의무위반,건조,맑음,단일로 - 기타,승용,여,27세,상해없음,보행자,남,46세,경상
2015081500100525,2015년 8월 15일 21시,토요일,경상남도 창원시 진해구 자은동,경상사고,0,0,1,0,차대차 - 측면직각충돌,직진우회전진행방해,건조,맑음,교차로 - 교차로안,승용,남,23세,상해없음,원동기,남,18세,경상
2015081500100526,2015년 8월 15일 21시,토요일,경상남도 김해시 부원동,중상사고,0,1,0,0,차대차 - 추돌 - 진행중,안전운전불이행,건조,맑음,단일로 - 기타,승용,남,53세,상해없음,승용,남,61세,상해없음
2015081500100549,2015년 8월 15일 22시,토요일,경상남도 김해시 진영읍,중상사고,0,1,0,0,차대사람 - 횡단중,안전운전불이행,건조,맑음,단일로 - 기타,승용,남,53세,상해없음,보행자,여,25세,중상
2015081500100577,2015년 8월 15일 23시,토요일,경상남도 진주시 강남동,경상사고,0,0,1,0,차대사람 - 길가장자리구역통행중,안전운전불이행,건조,맑음,단일로 - 기타,승용,남,29세,상해없음,보행자,남,22세,경상
2015081500100578,2015년 8월 15일 23시,토요일,경상남도 김해시 구산동,중상사고,0,1,0,0,차대차 - 정면충돌,중앙선침범,건조,맑음,단일로 - 기타,승용,남,25세,상해없음,원동기,남,36세,중상
2015081600100020,2015년 8월 16일 00시,일요일,경상남도 사천시 정동면,경상사고,0,0,1,0,차대차 - 기타,안전운전불이행,건조,맑음,교차로 - 교차로부근,승용,여,36세,상해없음,승용,여,47세,기타불명
2015081600100030,2015년 8월 16일 01시,일요일,경상남도 거창군 가조면,중상사고,0,1,0,0,차대차 - 기타,중앙선침범,건조,맑음,단일로 - 기타,승용,남,50세,기타불명,승용,남,52세,중상
2015081600100045,2015년 8월 16일 02시,일요일,경상남도 창원시 의창구 팔용동,중상사고,0,1,0,0,차량단독 - 기타,안전운전불이행,건조,맑음,단일로 - 기타,승용,남,45세,상해없음,,,,
2015081600100052,2015년 8월 16일 03시,일요일,경상남도 진주시 동성동,경상사고,0,0,2,0,차대차 - 정면충돌,안전운전불이행,건조,맑음,교차로 - 교차로안,승용,남,41세,상해없음,승용,남,46세,경상
2015081600100053,2015년 8월 16일 03시,일요일,경상남도 창원시 마산회원구 합성동,중상사고,0,1,0,0,차대사람 - 차도통행중,안전운전불이행,건조,맑음,단일로 - 횡단보도부근,승용,남,59세,기타불명,보행자,남,54세,중상
2015081600100073,2015년 8월 16일 05시,일요일,경상남도 김해시 생림면,중상사고,0,1,0,0,차량단독 - 공작물충돌,안전운전불이행,건조,맑음,단일로 - 기타,승용,여,47세,중상,,,,
2015081600100100,2015년 8월 16일 07시,일요일,경상남도 거제시 고현동,경상사고,0,0,1,0,차대차 - 기타,신호위반,건조,맑음,교차로 - 교차로안,승용,남,31세,상해없음,승용,남,50세,경상
2015081600100113,2015년 8월 16일 08시,일요일,경상남도 고성군 고성읍,중상사고,0,1,0,0,차대차 - 측면직각충돌,교차로운행방법위반,건조,맑음,교차로 - 교차로안,승용,남,57세,상해없음,원동기,남,73세,중상
2015081600100114,2015년 8월 16일 08시,일요일,경상남도 김해시 장유면,중상사고,0,1,0,0,차대차 - 추돌 - 주정차중,안전운전불이행,건조,맑음,단일로 - 기타,승용,남,30세,상해없음,승용,남,44세,중상
2015081600100130,2015년 8월 16일 09시,일요일,경상남도 거제시 장평동,경상사고,0,0,1,0,차대사람 - 횡단중,보행자보호의무위반,건조,맑음,단일로 - 횡단보도상,승용,여,39세,상해없음,보행자,남,7세,경상
2015081600100154,2015년 8월 16일 10시,일요일,경상남도 창원시 마산합포구 신포동2가,중상사고,0,2,0,1,차대차 - 측면직각충돌,신호위반,건조,맑음,교차로 - 교차로안,승용,남,58세,부상신고,화물,남,53세,중상
2015081600100155,2015년 8월 16일 10시,일요일,경상남도 양산시 동면,경상사고,0,0,1,0,차대차 - 기타,직진우회전진행방해,건조,맑음,교차로 - 교차로안,승용,남,54세,상해없음,원동기,남,55세,경상
2015081600100237,2015년 8월 16일 13시,일요일,경상남도 김해시 장유면,중상사고,0,1,0,0,차대차 - 측면직각충돌,안전운전불이행,건조,맑음,교차로 - 교차로부근,승용,여,58세,상해없음,이륜,남,70세,상해없음
2015081600100269,2015년 8월 16일 14시,일요일,경상남도 거제시 동부면,중상사고,0,1,0,0,차대사람 - 횡단중,보행자보호의무위반,건조,맑음,단일로 - 기타,승용,남,26세,상해없음,보행자,여,9세,중상
2015081600100270,2015년 8월 16일 14시,일요일,경상남도 거제시 아주동,경상사고,0,0,1,0,차대차 - 추돌 - 진행중,안전운전불이행,건조,맑음,단일로 - 기타,이륜,남,27세,상해없음,자전거,남,7세,경상
2015081600100271,2015년 8월 16일 14시,일요일,경상남도 산청군 단성면,중상사고,0,3,1,0,차량단독 - 공작물충돌,안전운전불이행,건조,맑음,단일로 - 기타,승용,남,66세,경상,,,,
2015081600100338,2015년 8월 16일 16시,일요일,경상남도 진주시 계동,중상사고,0,1,0,0,차대사람 - 기타,안전운전불이행,건조,맑음,단일로 - 기타,승용,남,28세,상해없음,보행자,여,50세,중상
2015081600100339,2015년 8월 16일 16시,일요일,경상남도 양산시 남부동,경상사고,0,0,2,0,차대차 - 기타,중앙선침범,건조,맑음,단일로 - 기타,승용,남,39세,상해없음,승용,여,47세,경상
2015081600100340,2015년 8월 16일 16시,일요일,경상남도 산청군 시천면,부상신고사고,0,0,0,1,차량단독 - 전도전복,안전운전불이행,건조,맑음,단일로 - 기타,이륜,남,76세,부상신고,,,,
2015081600100415,2015년 8월 16일 18시,일요일,경상남도 산청군 산청읍,중상사고,0,1,1,0,차대차 - 측면직각충돌,기타,건조,흐림,교차로 - 교차로안,이륜,남,17세,경상,승용,여,44세,상해없음
2015081600100448,2015년 8월 16일 19시,일요일,경상남도 창원시 마산합포구 월남동5가,중상사고,0,1,0,0,차대차 - 측면직각충돌,신호위반,습기,비,교차로 - 교차로안,승용,남,42세,상해없음,이륜,남,24세,중상
2015081600100495,2015년 8월 16일 20시,일요일,경상남도 창원시 성산구 중앙동,중상사고,0,1,0,0,차대사람 - 기타,안전운전불이행,습기,비,교차로 - 교차로부근,승용,여,26세,상해없음,보행자,남,72세,중상
2015081600100532,2015년 8월 16일 21시,일요일,경상남도 사천시 사천읍,경상사고,0,0,2,4,차대차 - 추돌 - 주정차중,안전운전불이행,건조,맑음,교차로 - 교차로부근,승용,남,53세,경상,승용,남,54세,경상
2015081600100565,2015년 8월 16일 22시,일요일,경상남도 거제시 옥포동,중상사고,0,2,0,0,차대차 - 추돌 - 주정차중,안전운전불이행,건조,맑음,단일로 - 기타,승용,남,49세,상해없음,화물,남,40세,기타불명
2015081700100027,2015년 8월 17일 02시,월요일,경상남도 창원시 마산합포구 해운동,중상사고,0,1,0,0,차대사람 - 횡단중,안전운전불이행,습기,비,단일로 - 기타,승용,남,47세,상해없음,보행자,여,72세,중상
2015081700100057,2015년 8월 17일 06시,월요일,경상남도 양산시 삼호동,중상사고,0,1,0,0,차대차 - 기타,기타,건조,맑음,교차로 - 교차로안,승합,남,46세,상해없음,승용,남,27세,중상
2015081700100080,2015년 8월 17일 07시,월요일,경상남도 창원시 마산합포구 남성동,경상사고,0,0,1,0,차대차 - 측면직각충돌,교차로운행방법위반,건조,맑음,교차로 - 교차로안,이륜,남,49세,경상,화물,남,54세,상해없음
2015081700100081,2015년 8월 17일 07시,월요일,경상남도 창녕군 창녕읍,중상사고,0,1,0,0,차대차 - 기타,교차로운행방법위반,건조,맑음,교차로 - 교차로안,승용,여,47세,상해없음,화물,남,53세,중상
2015081700100145,2015년 8월 17일 09시,월요일,경상남도 양산시 남부동,경상사고,0,0,1,0,차대차 - 기타,안전운전불이행,건조,맑음,단일로 - 기타,자전거,여,56세,경상,승용,남,46세,상해없음
2015081700100146,2015년 8월 17일 09시,월요일,경상남도 고성군 고성읍,중상사고,0,1,1,0,차대차 - 측면직각충돌,교차로운행방법위반,건조,맑음,교차로 - 교차로안,승용,남,49세,상해없음,승용,여,46세,경상
2015081700100181,2015년 8월 17일 10시,월요일,경상남도 김해시 동상동,중상사고,0,1,0,0,차대차 - 기타,안전운전불이행,건조,맑음,단일로 - 기타,승용,남,55세,상해없음,원동기,남,59세,중상
2015081700100182,2015년 8월 17일 10시,월요일,경상남도 창원시 의창구 동읍,경상사고,0,0,1,0,차대차 - 기타,안전운전불이행,건조,맑음,단일로 - 기타,기타불명,기타불명,기타불명,기타불명,승용,여,44세,경상
2015081700100222,2015년 8월 17일 11시,월요일,경상남도 김해시 삼방동,중상사고,0,1,0,0,차대사람 - 기타,안전운전불이행,건조,맑음,교차로 - 교차로안,승용,남,36세,상해없음,보행자,여,67세,중상
2015081700100223,2015년 8월 17일 11시,월요일,경상남도 창녕군 이방면,경상사고,0,0,1,0,차대차 - 측면직각충돌,안전운전불이행,건조,맑음,단일로 - 기타,화물,남,68세,상해없음,승용,여,57세,경상
2015081700100224,2015년 8월 17일 11시,월요일,경상남도 남해군 남면,경상사고,0,0,1,0,차량단독 - 전도전복,안전운전불이행,건조,맑음,단일로 - 기타,농기계,남,75세,경상,,,,
2015081700100262,2015년 8월 17일 12시,월요일,경상남도 창원시 마산합포구 남성동,중상사고,0,1,0,0,차대사람 - 기타,안전운전불이행,건조,맑음,단일로 - 기타,승용,남,68세,상해없음,보행자,여,66세,중상
2015081700100347,2015년 8월 17일 14시,월요일,경상남도 남해군 남해읍,중상사고,0,1,0,0,차대차 - 추돌 - 진행중,안전운전불이행,건조,맑음,교차로 - 교차로부근,건설기계,남,54세,상해없음,승용,남,29세,중상
2015081700100378,2015년 8월 17일 15시,월요일,경상남도 창원시 성산구 대방동,중상사고,0,1,0,0,차대차 - 측면직각충돌,신호위반,건조,맑음,단일로 - 횡단보도상,승용,여,44세,상해없음,자전거,남,13세,중상
2015081700100430,2015년 8월 17일 16시,월요일,경상남도 김해시 대동면,중상사고,0,1,0,0,차대차 - 측면직각충돌,안전운전불이행,습기,흐림,단일로 - 기타,승용,남,52세,상해없음,승용,남,66세,중상
2015081700100431,2015년 8월 17일 16시,월요일,경상남도 합천군 삼가면,경상사고,0,0,1,0,차량단독 - 기타,안전운전불이행,건조,맑음,교차로 - 교차로부근,이륜,남,75세,경상,,,,
2015081700100474,2015년 8월 17일 17시,월요일,경상남도 창원시 마산합포구 중앙동3가,중상사고,0,1,0,0,차대사람 - 기타,안전운전불이행,건조,맑음,교차로 - 교차로안,승용,남,46세,상해없음,보행자,여,57세,중상
2015081700100475,2015년 8월 17일 17시,월요일,경상남도 김해시 삼방동,경상사고,0,0,1,0,차대사람 - 횡단중,안전운전불이행,건조,맑음,교차로 - 교차로안,화물,남,34세,상해없음,보행자,여,74세,경상
2015081700100476,2015년 8월 17일 17시,월요일,경상남도 창원시 의창구 봉곡동,경상사고,0,0,1,0,차대차 - 추돌 - 진행중,안전운전불이행,건조,맑음,교차로 - 교차로안,승용,남,42세,상해없음,승용,여,57세,경상
2015081700100532,2015년 8월 17일 18시,월요일,경상남도 양산시 중부동,경상사고,0,0,1,0,차대사람 - 기타,안전운전불이행,건조,맑음,단일로 - 기타,승용,여,52세,상해없음,보행자,여,42세,경상
2015081700100533,2015년 8월 17일 18시,월요일,경상남도 거제시 장평동,경상사고,0,0,1,0,차대사람 - 횡단중,신호위반,건조,맑음,교차로 - 교차로안,승용,남,34세,상해없음,보행자,여,10세,경상
2015081700100534,2015년 8월 17일 18시,월요일,경상남도 거제시 두모동,중상사고,0,1,0,0,차대차 - 추돌 - 진행중,교차로운행방법위반,건조,맑음,교차로 - 교차로안,이륜,남,56세,상해없음,자전거,남,37세,중상
2015081700100535,2015년 8월 17일 18시,월요일,경상남도 남해군 창선면,경상사고,0,0,1,0,차대차 - 측면직각충돌,안전운전불이행,건조,맑음,단일로 - 기타,승용,남,22세,상해없음,승용,여,34세,경상
2015081700100574,2015년 8월 17일 19시,월요일,경상남도 창원시 마산합포구 상남동,경상사고,0,0,1,0,차대차 - 측면직각충돌,안전운전불이행,습기,비,교차로 - 교차로안,원동기,남,75세,경상,승용,남,71세,상해없음
2015081700100575,2015년 8월 17일 19시,월요일,경상남도 창원시 진해구 이동,경상사고,0,0,1,0,차대차 - 측면직각충돌,직진우회전진행방해,습기,비,교차로 - 교차로안,화물,남,38세,상해없음,승용,여,44세,경상
2015081700100576,2015년 8월 17일 19시,월요일,경상남도 창녕군 남지읍,중상사고,0,1,0,0,차대차 - 정면충돌,직진우회전진행방해,건조,맑음,교차로 - 교차로안,자전거,남,73세,중상,화물,남,50세,상해없음
2015081700100577,2015년 8월 17일 19시,월요일,경상남도 창원시 마산회원구 내서읍,경상사고,0,0,1,0,차대차 - 추돌 - 주정차중,안전운전불이행,건조,맑음,단일로 - 기타,승용,남,48세,상해없음,승용,남,73세,경상
2015081700100603,2015년 8월 17일 20시,월요일,경상남도 김해시 흥동,중상사고,0,1,1,0,차대차 - 측면직각충돌,안전거리미확보,건조,맑음,단일로 - 기타,승용,남,51세,상해없음,승용,여,21세,중상
2015081700100624,2015년 8월 17일 20시,월요일,경상남도 창원시 마산합포구 진북면,경상사고,0,0,2,0,차대차 - 정면충돌,안전운전불이행,건조,맑음,단일로 - 기타,화물,남,71세,상해없음,승용,남,53세,경상
2015081700100625,2015년 8월 17일 20시,월요일,경상남도 김해시 삼정동,경상사고,0,0,2,0,차대사람 - 기타,안전운전불이행,건조,맑음,단일로 - 기타,승용,남,63세,상해없음,보행자,여,14세,경상
2015081700100652,2015년 8월 17일 21시,월요일,경상남도 창원시 마산합포구 가포동,경상사고,0,0,1,0,차량단독 - 도로외이탈 - 기타,안전운전불이행,건조,맑음,단일로 - 기타,화물,남,62세,경상,,,,
2015081700100653,2015년 8월 17일 21시,월요일,경상남도 창녕군 남지읍,중상사고,0,1,0,0,차대차 - 측면직각충돌,안전운전불이행,건조,맑음,교차로 - 교차로부근,자전거,기타불명,15세,기타불명,자전거,남,25세,중상
2015081700100654,2015년 8월 17일 21시,월요일,경상남도 양산시 하북면,중상사고,0,1,1,0,차대차 - 기타,중앙선침범,건조,맑음,교차로 - 교차로부근,승용,남,56세,상해없음,승용,여,46세,중상
2015081700100655,2015년 8월 17일 21시,월요일,경상남도 거제시 고현동,경상사고,0,0,1,0,차대사람 - 횡단중,보행자보호의무위반,건조,맑음,교차로 - 교차로부근,승합,남,38세,상해없음,보행자,여,46세,경상
2015081700100656,2015년 8월 17일 21시,월요일,경상남도 창원시 의창구 소답동,경상사고,0,0,2,0,차대차 - 추돌 - 진행중,신호위반,건조,맑음,교차로 - 교차로부근,승용,남,35세,경상,승용,남,27세,경상
2015081700100691,2015년 8월 17일 22시,월요일,경상남도 밀양시 하남읍,중상사고,0,1,0,0,차대사람 - 보도통행중,안전운전불이행,건조,맑음,단일로 - 기타,승용,남,53세,상해없음,보행자,남,67세,중상
2015081800100038,2015년 8월 18일 03시,화요일,경상남도 양산시 중부동,중상사고,0,1,6,0,차대차 - 측면직각충돌,직진우회전진행방해,건조,맑음,교차로 - 교차로안,승용,여,49세,상해없음,화물,남,53세,경상
2015081800100062,2015년 8월 18일 05시,화요일,경상남도 김해시 외동,중상사고,0,1,0,0,차대차 - 추돌 - 주정차중,안전운전불이행,건조,맑음,교차로 - 교차로안,승용,남,43세,상해없음,화물,남,50세,중상
2015081800100103,2015년 8월 18일 07시,화요일,경상남도 김해시 상동면,부상신고사고,0,0,0,1,차대차 - 측면직각충돌,안전운전불이행,건조,맑음,교차로 - 교차로안,화물,남,46세,상해없음,승용,남,29세,부상신고
2015081800100104,2015년 8월 18일 07시,화요일,경상남도 양산시 북정동,중상사고,0,1,0,0,차대차 - 기타,신호위반,건조,맑음,교차로 - 교차로안,승용,남,63세,상해없음,승용,남,26세,중상
2015081800100105,2015년 8월 18일 07시,화요일,경상남도 창원시 성산구 가음동,중상사고,0,1,0,0,차대사람 - 횡단중,안전운전불이행,건조,맑음,단일로 - 기타,승용,여,55세,상해없음,보행자,남,8세,중상
2015081800100121,2015년 8월 18일 08시,화요일,경상남도 김해시 상동면,경상사고,0,0,1,0,차대차 - 추돌 - 주정차중,안전운전불이행,건조,맑음,단일로 - 기타,화물,남,42세,상해없음,화물,남,56세,경상
2015081800100143,2015년 8월 18일 08시,화요일,경상남도 양산시 물금읍,중상사고,0,1,2,0,차대차 - 기타,신호위반,건조,맑음,교차로 - 교차로안,승용,여,44세,상해없음,승용,남,26세,경상
2015081800100184,2015년 8월 18일 09시,화요일,경상남도 김해시 지내동,경상사고,0,0,1,0,차대차 - 측면직각충돌,안전운전불이행,건조,맑음,교차로 - 교차로안,화물,남,64세,상해없음,승용,남,33세,경상
2015081800100185,2015년 8월 18일 09시,화요일,경상남도 창원시 성산구 대방동,중상사고,0,1,0,0,차대사람 - 기타,안전운전불이행,건조,맑음,단일로 - 기타,승용,여,35세,상해없음,보행자,여,81세,중상
2015081800100216,2015년 8월 18일 10시,화요일,경상남도 김해시 상동면,경상사고,0,0,1,0,차대차 - 추돌 - 진행중,안전거리미확보,건조,맑음,교차로 - 교차로안,승용,남,55세,상해없음,승용,남,63세,경상
2015081800100217,2015년 8월 18일 10시,화요일,경상남도 함양군 함양읍,중상사고,0,1,0,0,차대차 - 추돌 - 주정차중,안전운전불이행,건조,맑음,단일로 - 기타,화물,남,49세,상해없음,승용,여,58세,중상
2015081800100247,2015년 8월 18일 11시,화요일,경상남도 창원시 진해구 경화동,중상사고,0,1,0,0,차대차 - 기타,안전운전불이행,건조,맑음,단일로 - 기타,승용,여,43세,상해없음,자전거,남,75세,중상
2015081800100248,2015년 8월 18일 11시,화요일,경상남도 창원시 성산구 귀곡동,중상사고,0,1,0,0,차대차 - 기타,안전운전불이행,건조,맑음,단일로 - 기타,승용,남,24세,상해없음,화물,남,33세,중상
2015081800100353,2015년 8월 18일 14시,화요일,경상남도 김해시 어방동,중상사고,0,1,0,0,차대차 - 측면직각충돌,안전운전불이행,건조,맑음,교차로 - 교차로안,이륜,남,57세,중상,승용,남,55세,상해없음
2015081800100387,2015년 8월 18일 15시,화요일,경상남도 거제시 하청면,중상사고,0,1,0,0,차대사람 - 기타,안전운전불이행,건조,맑음,단일로 - 기타,화물,남,50세,상해없음,보행자,여,34세,중상
2015081800100423,2015년 8월 18일 16시,화요일,경상남도 창원시 진해구 풍호동,경상사고,0,0,1,0,차대사람 - 기타,안전운전불이행,건조,맑음,단일로 - 기타,승용,남,63세,상해없음,보행자,남,42세,경상
2015081800100424,2015년 8월 18일 16시,화요일,경상남도 사천시 사천읍,경상사고,0,0,1,0,차대차 - 측면직각충돌,안전운전불이행,건조,맑음,교차로 - 교차로안,원동기,남,56세,경상,승용,여,47세,상해없음
2015081800100461,2015년 8월 18일 17시,화요일,경상남도 진주시 동성동,중상사고,0,2,0,0,차대차 - 기타,안전운전불이행,건조,맑음,단일로 - 기타,화물,남,49세,상해없음,원동기,여,49세,중상
2015081800100462,2015년 8월 18일 17시,화요일,경상남도 통영시 명정동,중상사고,0,1,0,0,차대사람 - 횡단중,안전운전불이행,건조,맑음,교차로 - 교차로부근,승용,남,45세,상해없음,보행자,남,6세,중상
2015081800100496,2015년 8월 18일 18시,화요일,경상남도 거창군 고제면,부상신고사고,0,0,0,1,차대차 - 정면충돌,안전운전불이행,건조,맑음,단일로 - 기타,원동기,여,51세,부상신고,화물,남,59세,상해없음
2015081800100497,2015년 8월 18일 18시,화요일,경상남도 양산시 북부동,중상사고,0,1,0,0,차대사람 - 기타,보행자보호의무위반,건조,맑음,교차로 - 교차로부근,화물,남,27세,상해없음,보행자,여,43세,중상
2015081800100498,2015년 8월 18일 18시,화요일,경상남도 거제시 옥포동,경상사고,0,0,1,0,차대차 - 추돌 - 진행중,교차로운행방법위반,건조,맑음,교차로 - 교차로안,승용,남,58세,상해없음,이륜,남,37세,경상
2015081800100499,2015년 8월 18일 18시,화요일,경상남도 거제시 일운면,경상사고,0,0,3,0,차대차 - 측면직각충돌,신호위반,건조,맑음,교차로 - 교차로안,승합,여,51세,상해없음,승용,남,45세,경상