사고번호,사고일시,요일,시군구,사고내용,사망자수,중상자수,경상자수,부상신고자수,사고유형,법규위반,노면상태,기상상태,도로형태,가해운전자 차종,가해운전자 성별,가해운전자 연령,가해운전자 상해정도,피해운전자 차종,피해운전자 성별,피해운전자 연령,피해운전자 상해정도
2015081800100536,2015년 8월 18일 19시,화요일,경상남도 창원시 마산합포구 중앙동2가,중상사고,0,1,5,0,차대차 - 추돌 - 주정차중,안전운전불이행,건조,맑음,단일로 - 기타,승합,남,48세,상해없음,승합,남,48세,상해없음
2015081800100537,2015년 8월 18일 19시,화요일,경상남도 거제시 고현동,경상사고,0,0,1,0,차대사람 - 기타,안전운전불이행,건조,맑음,교차로 - 교차로안,화물,남,43세,상해없음,보행자,여,19세,경상
2015081800100566,2015년 8월 18일 20시,화요일,경상남도 진주시 평안동,경상사고,0,0,1,0,차대차 - 기타,안전운전불이행,건조,맑음,단일로 - 기타,승합,남,49세,상해없음,승합,남,49세,상해없음
2015081800100567,2015년 8월 18일 20시,화요일,경상남도 산청군 시천면,부상신고사고,0,0,0,1,차대사람 - 길가장자리구역통행중,중앙선침범,건조,맑음,단일로 - 기타,기타불명,기타불명,기타불명,기타불명,보행자,남,59세,부상신고
2015081800100568,2015년 8월 18일 20시,화요일,경상남도 창원시 마산회원구 회성동,경상사고,0,0,1,0,차량단독 - 기타,안전운전불이행,건조,맑음,단일로 - 기타,이륜,남,49세,경상,,,,
2015081800100589,2015년 8월 18일 21시,화요일,경상남도 창녕군 창녕읍,경상사고,0,0,1,0,차대차 - 기타,안전운전불이행,건조,맑음,단일로 - 기타,승용,남,23세,상해없음,승용,남,54세,경상
2015081800100616,2015년 8월 18일 22시,화요일,경상남도 창원시 마산합포구 진북면,중상사고,0,1,0,0,차량단독 - 전도전복,안전운전불이행,건조,맑음,단일로 - 기타,승용,여,46세,중상,,,,
2015081800100640,2015년 8월 18일 23시,화요일,경상남도 김해시 진영읍,중상사고,0,1,0,0,차대사람 - 횡단중,안전운전불이행,건조,맑음,단일로 - 횡단보도상,승용,남,56세,상해없음,보행자,남,44세,중상
2015081900100013,2015년 8월 19일 00시,수요일,경상남도 거제시 사등면,경상사고,0,0,1,0,차대차 - 기타,안전운전불이행,건조,맑음,단일로 - 기타,승용,남,49세,상해없음,승용,남,36세,경상
2015081900100050,2015년 8월 19일 03시,수요일,경상남도 거제시 고현동,경상사고,0,0,2,0,차대차 - 기타,신호위반,건조,맑음,교차로 - 교차로안,승용,남,41세,상해없음,승용,남,51세,경상
2015081900100082,2015년 8월 19일 06시,수요일,경상남도 김해시 진영읍,경상사고,0,0,1,0,차대차 - 기타,안전운전불이행,건조,맑음,단일로 - 기타,화물,남,53세,상해없음,자전거,남,70세,경상
2015081900100103,2015년 8월 19일 07시,수요일,경상남도 창원시 진해구 광화동,경상사고,0,0,1,0,차대차 - 기타,교차로운행방법위반,건조,맑음,교차로 - 교차로안,승용,남,54세,상해없음,승용,남,33세,경상
2015081900100104,2015년 8월 19일 07시,수요일,경상남도 고성군 회화면,경상사고,0,0,1,0,차대차 - 추돌 - 주정차중,안전거리미확보,건조,맑음,단일로 - 횡단보도부근,화물,남,26세,상해없음,화물,남,56세,상해없음
2015081900100105,2015년 8월 19일 07시,수요일,경상남도 거제시 장평동,중상사고,0,1,0,0,차대차 - 기타,안전운전불이행,건조,맑음,단일로 - 기타,이륜,남,47세,상해없음,이륜,남,39세,중상
2015081900100198,2015년 8월 19일 10시,수요일,경상남도 김해시 외동,중상사고,0,1,0,0,차대사람 - 기타,안전운전불이행,건조,맑음,교차로 - 교차로안,승용,남,69세,상해없음,보행자,여,71세,중상
2015081900100227,2015년 8월 19일 11시,수요일,경상남도 거창군 거창읍,경상사고,0,0,1,0,차대차 - 측면직각충돌,교차로운행방법위반,건조,맑음,교차로 - 교차로안,원동기,남,78세,경상,승용,여,49세,상해없음
2015081900100228,2015년 8월 19일 11시,수요일,경상남도 함안군 군북면,중상사고,0,1,0,0,차대차 - 기타,안전운전불이행,건조,맑음,단일로 - 기타,화물,남,28세,상해없음,자전거,여,71세,중상
2015081900100253,2015년 8월 19일 12시,수요일,경상남도 사천시 동금동,경상사고,0,0,1,0,차대사람 - 기타,안전운전불이행,건조,맑음,교차로 - 교차로부근,이륜,기타불명,기타불명,기타불명,보행자,여,65세,경상
2015081900100254,2015년 8월 19일 12시,수요일,경상남도 고성군 거류면,경상사고,0,0,1,0,차대차 - 측면직각충돌,안전거리미확보,건조,맑음,교차로 - 교차로부근,화물,남,33세,상해없음,승용,남,38세,경상
2015081900100321,2015년 8월 19일 14시,수요일,경상남도 창녕군 창녕읍,중상사고,0,1,0,0,차대사람 - 기타,안전운전불이행,건조,맑음,교차로 - 교차로안,승용,남,34세,상해없음,보행자,여,10세,중상
2015081900100357,2015년 8월 19일 15시,수요일,경상남도 통영시 무전동,중상사고,0,1,0,0,차대차 - 측면직각충돌,직진우회전진행방해,건조,맑음,교차로 - 교차로안,승용,남,62세,상해없음,승용,여,39세,중상
2015081900100358,2015년 8월 19일 15시,수요일,경상남도 밀양시 상남면,부상신고사고,0,0,0,3,차대차 - 추돌 - 진행중,안전운전불이행,건조,맑음,단일로 - 기타,승용,남,58세,상해없음,승용,여,47세,부상신고
2015081900100359,2015년 8월 19일 15시,수요일,경상남도 하동군 진교면,중상사고,0,1,0,0,차대차 - 기타,안전운전불이행,건조,맑음,단일로 - 기타,이륜,여,72세,상해없음,농기계,남,77세,중상
2015081900100397,2015년 8월 19일 16시,수요일,경상남도 김해시 내동,경상사고,0,0,1,0,차대차 - 측면직각충돌,안전운전불이행,건조,맑음,단일로 - 기타,승용,여,49세,상해없음,이륜,남,17세,경상
2015081900100398,2015년 8월 19일 16시,수요일,경상남도 김해시 대동면,경상사고,0,0,3,0,차대차 - 정면충돌,중앙선침범,건조,맑음,단일로 - 기타,화물,남,44세,경상,화물,남,49세,경상
2015081900100435,2015년 8월 19일 17시,수요일,경상남도 밀양시 상남면,중상사고,0,1,2,0,차대차 - 추돌 - 주정차중,안전운전불이행,건조,맑음,단일로 - 기타,화물,남,53세,상해없음,화물,남,38세,중상
2015081900100436,2015년 8월 19일 17시,수요일,경상남도 김해시 주촌면,중상사고,0,1,1,0,차대차 - 추돌 - 주정차중,안전운전불이행,건조,맑음,단일로 - 터널,승용,남,57세,상해없음,승용,남,32세,경상
2015081900100477,2015년 8월 19일 18시,수요일,경상남도 진주시 봉곡동,중상사고,0,1,0,0,차대차 - 추돌 - 진행중,안전운전불이행,건조,맑음,단일로 - 기타,승용,여,47세,상해없음,승용,여,46세,중상
2015081900100478,2015년 8월 19일 18시,수요일,경상남도 통영시 광도면,경상사고,0,0,1,0,차대차 - 추돌 - 진행중,안전거리미확보,건조,맑음,단일로 - 기타,승용,남,53세,상해없음,승용,남,28세,경상
2015081900100479,2015년 8월 19일 18시,수요일,경상남도 밀양시 내이동,중상사고,0,1,0,0,차대차 - 측면직각충돌,안전운전불이행,건조,맑음,교차로 - 교차로안,화물,남,42세,상해없음,자전거,남,15세,중상
2015081900100480,2015년 8월 19일 18시,수요일,경상남도 양산시 동면,중상사고,0,1,0,0,차대차 - 측면직각충돌,신호위반,건조,맑음,단일로 - 기타,원동기,남,65세,중상,승용,여,48세,상해없음
2015081900100481,2015년 8월 19일 18시,수요일,경상남도 함안군 법수면,중상사고,0,2,2,0,차대차 - 측면직각충돌,안전운전불이행,건조,맑음,교차로 - 교차로안,승용,남,70세,경상,승용,남,45세,중상
2015081900100519,2015년 8월 19일 19시,수요일,경상남도 창원시 진해구 이동,경상사고,0,0,1,0,차대차 - 측면직각충돌,중앙선침범,건조,맑음,교차로 - 교차로안,승용,남,32세,상해없음,원동기,남,34세,경상
2015081900100520,2015년 8월 19일 19시,수요일,경상남도 양산시 물금읍,부상신고사고,0,0,0,1,차대차 - 측면직각충돌,신호위반,건조,맑음,교차로 - 교차로안,승용,남,47세,상해없음,자전거,남,59세,부상신고
2015081900100521,2015년 8월 19일 19시,수요일,경상남도 양산시 명동,부상신고사고,0,0,0,1,차대차 - 기타,안전운전불이행,건조,맑음,단일로 - 기타,원동기,남,29세,부상신고,승용,남,20세,상해없음
2015081900100522,2015년 8월 19일 19시,수요일,경상남도 창원시 의창구 소답동,경상사고,0,0,1,0,차량단독 - 기타,안전운전불이행,건조,맑음,교차로 - 교차로부근,승용,남,61세,상해없음,,,,
2015081900100551,2015년 8월 19일 20시,수요일,경상남도 진주시 충무공동,경상사고,0,0,1,0,차대차 - 측면직각충돌,직진우회전진행방해,건조,맑음,교차로 - 교차로안,승용,남,61세,상해없음,승용,남,50세,경상
2015081900100552,2015년 8월 19일 20시,수요일,경상남도 진주시 금산면,경상사고,0,0,2,0,차대차 - 측면직각충돌,안전운전불이행,건조,흐림,교차로 - 교차로안,승용,남,42세,상해없음,승용,남,53세,경상
2015081900100553,2015년 8월 19일 20시,수요일,경상남도 김해시 삼방동,중상사고,0,1,0,0,차대사람 - 횡단중,신호위반,건조,맑음,교차로 - 교차로부근,승용,남,62세,상해없음,보행자,남,53세,중상
2015081900100554,2015년 8월 19일 20시,수요일,경상남도 창원시 마산회원구 회성동,경상사고,0,0,1,0,차대차 - 측면직각충돌,안전운전불이행,건조,맑음,단일로 - 기타,승용,남,63세,상해없음,승용,남,58세,경상
2015081900100555,2015년 8월 19일 20시,수요일,경상남도 창원시 마산회원구 양덕동,중상사고,0,1,1,0,차대차 - 측면직각충돌,신호위반,건조,맑음,교차로 - 교차로안,승용,남,49세,경상,승용,남,56세,중상
2015081900100596,2015년 8월 19일 21시,수요일,경상남도 거제시 연초면,경상사고,0,0,2,0,차대차 - 추돌 - 진행중,안전거리미확보,건조,맑음,교차로 - 교차로부근,승용,남,41세,상해없음,승용,남,29세,경상
2015081900100649,2015년 8월 19일 23시,수요일,경상남도 창원시 의창구 동읍,경상사고,0,0,1,0,차대차 - 추돌 - 주정차중,안전운전불이행,건조,맑음,교차로 - 교차로안,승용,남,33세,상해없음,승용,여,35세,경상
2015082000100027,2015년 8월 20일 01시,목요일,경상남도 창원시 진해구 광화동,중상사고,0,1,0,0,차대사람 - 횡단중,보행자보호의무위반,건조,맑음,단일로 - 기타,승용,남,26세,상해없음,보행자,남,57세,중상
2015082000100028,2015년 8월 20일 01시,목요일,경상남도 창원시 의창구 봉곡동,중상사고,0,1,0,0,차대사람 - 길가장자리구역통행중,안전운전불이행,건조,맑음,교차로 - 교차로안,승용,남,65세,상해없음,보행자,남,30세,중상
2015082000100036,2015년 8월 20일 02시,목요일,경상남도 통영시 도천동,경상사고,0,0,1,0,차대사람 - 횡단중,보행자보호의무위반,건조,맑음,단일로 - 횡단보도상,승용,남,55세,상해없음,보행자,여,22세,경상
2015082000100037,2015년 8월 20일 02시,목요일,경상남도 창원시 성산구 상남동,사망사고,1,0,0,0,차량단독 - 공작물충돌,안전운전불이행,건조,맑음,교차로 - 교차로부근,승용,남,37세,사망,,,,
2015082000100061,2015년 8월 20일 05시,목요일,경상남도 진주시 대안동,중상사고,0,1,0,0,차대사람 - 횡단중,안전운전불이행,건조,맑음,교차로 - 교차로안,승용,남,45세,상해없음,보행자,남,72세,중상
2015082000100062,2015년 8월 20일 05시,목요일,경상남도 창녕군 창녕읍,경상사고,0,0,1,0,차대차 - 추돌 - 주정차중,중앙선침범,건조,맑음,단일로 - 기타,승용,남,56세,경상,승합,남,55세,상해없음
2015082000100079,2015년 8월 20일 06시,목요일,경상남도 창원시 진해구 남양동,경상사고,0,0,1,0,차대차 - 기타,중앙선침범,건조,맑음,교차로 - 교차로부근,원동기,남,22세,경상,승용,남,63세,상해없음
2015082000100102,2015년 8월 20일 07시,목요일,경상남도 양산시 상북면,중상사고,0,1,0,0,차대차 - 측면직각충돌,안전운전불이행,건조,맑음,교차로 - 교차로안,승용,여,61세,상해없음,승용,남,38세,상해없음
2015082000100147,2015년 8월 20일 08시,목요일,경상남도 합천군 용주면,사망사고,1,0,0,0,차량단독 - 전도전복,안전운전불이행,습기,비,단일로 - 기타,농기계,남,53세,사망,,,,
2015082000100175,2015년 8월 20일 09시,목요일,경상남도 밀양시 무안면,중상사고,0,1,0,0,차대사람 - 기타,안전운전불이행,건조,맑음,단일로 - 기타,기타불명,기타불명,기타불명,기타불명,보행자,여,63세,중상
2015082000100205,2015년 8월 20일 10시,목요일,경상남도 김해시 서상동,중상사고,0,1,0,0,차대사람 - 횡단중,안전운전불이행,건조,맑음,단일로 - 횡단보도부근,승용,남,43세,상해없음,보행자,여,65세,중상
2015082000100206,2015년 8월 20일 10시,목요일,경상남도 거제시 아주동,부상신고사고,0,0,0,1,차대차 - 측면직각충돌,교차로운행방법위반,건조,맑음,교차로 - 교차로안,승용,여,30세,상해없음,승용,여,34세,부상신고
2015082000100236,2015년 8월 20일 11시,목요일,경상남도 통영시 도산면,중상사고,0,2,0,0,차대차 - 측면직각충돌,신호위반,건조,맑음,교차로 - 교차로안,승용,남,61세,상해없음,화물,남,47세,중상
2015082000100237,2015년 8월 20일 11시,목요일,경상남도 밀양시 삼랑진읍,경상사고,0,0,1,0,차대차 - 정면충돌,중앙선침범,건조,맑음,단일로 - 기타,화물,남,27세,상해없음,화물,남,59세,경상
2015082000100264,2015년 8월 20일 12시,목요일,경상남도 진주시 칠암동,중상사고,0,1,0,0,차대사람 - 기타,신호위반,습기,비,단일로 - 기타,승용,남,58세,상해없음,보행자,남,6세,중상
2015082000100334,2015년 8월 20일 14시,목요일,경상남도 창원시 마산합포구 자산동,경상사고,0,0,1,0,차대차 - 기타,기타,건조,흐림,단일로 - 기타,화물,남,63세,상해없음,승용,여,35세,경상
2015082000100335,2015년 8월 20일 14시,목요일,경상남도 밀양시 상남면,중상사고,0,2,0,0,차대차 - 정면충돌,중앙선침범,습기,비,단일로 - 기타,화물,남,55세,상해없음,화물,남,35세,중상
2015082000100336,2015년 8월 20일 14시,목요일,경상남도 밀양시 가곡동,중상사고,0,1,0,0,차대차 - 추돌 - 진행중,안전운전불이행,습기,비,단일로 - 교량,승용,남,61세,상해없음,승용,남,60세,중상
2015082000100337,2015년 8월 20일 14시,목요일,경상남도 김해시 삼계동,중상사고,0,1,0,0,차대사람 - 횡단중,안전운전불이행,건조,맑음,단일로 - 기타,승용,여,41세,상해없음,보행자,여,77세,중상
2015082000100372,2015년 8월 20일 15시,목요일,경상남도 통영시 광도면,경상사고,0,0,1,0,차대차 - 측면직각충돌,신호위반,습기,흐림,교차로 - 교차로안,승용,남,34세,상해없음,승용,남,34세,경상
2015082000100373,2015년 8월 20일 15시,목요일,경상남도 밀양시 내이동,경상사고,0,0,1,0,차대차 - 측면직각충돌,안전운전불이행,습기,비,교차로 - 교차로안,승용,여,43세,상해없음,화물,남,30세,경상
2015082000100413,2015년 8월 20일 16시,목요일,경상남도 밀양시 초동면,중상사고,0,2,0,0,차대차 - 측면직각충돌,교차로운행방법위반,건조,맑음,교차로 - 교차로안,승용,남,58세,중상,승용,남,73세,중상
2015082000100414,2015년 8월 20일 16시,목요일,경상남도 창원시 의창구 팔용동,중상사고,0,1,0,0,차대사람 - 기타,안전운전불이행,습기,비,단일로 - 횡단보도상,승용,여,31세,상해없음,보행자,남,59세,중상
2015082000100450,2015년 8월 20일 17시,목요일,경상남도 김해시 흥동,중상사고,0,1,0,0,차대차 - 기타,교차로운행방법위반,습기,흐림,교차로 - 교차로안,승용,여,43세,상해없음,원동기,남,66세,중상
2015082000100489,2015년 8월 20일 18시,목요일,경상남도 사천시 사천읍,경상사고,0,0,3,0,차대차 - 추돌 - 진행중,안전운전불이행,건조,맑음,단일로 - 기타,승용,남,58세,상해없음,승용,여,42세,경상
2015082000100490,2015년 8월 20일 18시,목요일,경상남도 양산시 평산동,경상사고,0,0,1,0,차대차 - 측면직각충돌,교차로운행방법위반,습기,비,교차로 - 교차로안,승용,기타불명,기타불명,기타불명,승용,남,46세,경상
2015082000100491,2015년 8월 20일 18시,목요일,경상남도 거제시 아주동,경상사고,0,0,1,0,차대사람 - 기타,안전운전불이행,건조,맑음,단일로 - 기타,승용,여,38세,상해없음,보행자,여,7세,경상
2015082000100519,2015년 8월 20일 19시,목요일,경상남도 진주시 명석면,부상신고사고,0,0,0,1,차대차 - 추돌 - 주정차중,안전거리미확보,습기,비,단일로 - 기타,화물,남,63세,부상신고,승용,남,56세,상해없음
2015082000100520,2015년 8월 20일 19시,목요일,경상남도 거제시 장평동,중상사고,0,1,0,0,차대차 - 측면직각충돌,신호위반,건조,맑음,교차로 - 교차로안,이륜,남,47세,상해없음,이륜,남,33세,중상
2015082000100563,2015년 8월 20일 20시,목요일,경상남도 김해시 진영읍,경상사고,0,0,1,1,차대차 - 측면직각충돌,안전운전불이행,습기,비,교차로 - 교차로안,승용,남,44세,부상신고,승용,남,38세,경상
2015082000100596,2015년 8월 20일 21시,목요일,경상남도 사천시 용현면,경상사고,0,0,3,0,차대차 - 추돌 - 주정차중,안전운전불이행,습기,비,단일로 - 기타,화물,남,53세,상해없음,승용,여,36세,경상
2015082000100626,2015년 8월 20일 22시,목요일,경상남도 김해시 어방동,경상사고,0,0,1,0,차대사람 - 횡단중,안전운전불이행,건조,맑음,교차로 - 교차로부근,승용,남,54세,상해없음,보행자,여,20세,경상
2015082000100627,2015년 8월 20일 22시,목요일,경상남도 양산시 남부동,중상사고,0,2,3,0,차대차 - 정면충돌,중앙선침범,건조,맑음,교차로 - 교차로부근,승용,남,36세,중상,승용,남,39세,중상
2015082000100628,2015년 8월 20일 22시,목요일,경상남도 거제시 옥포동,중상사고,0,1,0,0,차대차 - 측면직각충돌,교차로운행방법위반,건조,맑음,교차로 - 교차로안,승용,남,69세,상해없음,승용,남,42세,상해없음
2015082100100040,2015년 8월 21일 01시,금요일,경상남도 양산시 중부동,중상사고,0,2,0,0,차대차 - 추돌 - 진행중,안전운전불이행,건조,맑음,단일로 - 기타,승용,남,41세,상해없음,승용,여,52세,중상
2015082100100060,2015년 8월 21일 02시,금요일,경상남도 거제시 일운면,경상사고,0,0,1,0,차대차 - 추돌 - 진행중,안전운전불이행,건조,맑음,단일로 - 기타,승용,남,53세,상해없음,승용,여,58세,경상
2015082100100072,2015년 8월 21일 03시,금요일,경상남도 거제시 고현동,경상사고,0,0,1,0,차대차 - 측면직각충돌,교차로운행방법위반,건조,맑음,교차로 - 교차로안,승용,남,41세,상해없음,승용,남,63세,경상
2015082100100102,2015년 8월 21일 05시,금요일,경상남도 함안군 가야읍,중상사고,0,1,0,0,차대차 - 기타,안전운전불이행,습기,비,단일로 - 기타,화물,남,60세,상해없음,화물,남,41세,상해없음
2015082100100110,2015년 8월 21일 06시,금요일,경상남도 양산시 동면,사망사고,1,1,0,0,차량단독 - 전도전복,안전운전불이행,습기,비,단일로 - 기타,승용,남,49세,사망,,,,
2015082100100133,2015년 8월 21일 07시,금요일,경상남도 창원시 진해구 석동,경상사고,0,0,1,0,차대사람 - 횡단중,신호위반,습기,비,교차로 - 교차로안,승용,여,47세,상해없음,보행자,여,12세,경상
2015082100100134,2015년 8월 21일 07시,금요일,경상남도 창원시 의창구 신월동,경상사고,0,0,2,0,차대차 - 기타,신호위반,습기,비,교차로 - 교차로안,승용,남,54세,상해없음,승용,남,59세,상해없음
2015082100100135,2015년 8월 21일 07시,금요일,경상남도 김해시 진례면,경상사고,0,0,1,0,차량단독 - 공작물충돌,안전운전불이행,습기,비,단일로 - 기타,승용,남,40세,상해없음,,,,
2015082100100174,2015년 8월 21일 08시,금요일,경상남도 창원시 마산회원구 합성동,경상사고,0,0,2,0,차대차 - 추돌 - 진행중,안전운전불이행,습기,비,교차로 - 교차로부근,화물,남,57세,상해없음,승용,여,39세,경상
2015082100100207,2015년 8월 21일 09시,금요일,경상남도 양산시 하북면,중상사고,0,1,0,0,차대차 - 추돌 - 주정차중,안전운전불이행,건조,맑음,기타 - 기타,화물,남,54세,중상,화물,남,70세,상해없음
2015082100100208,2015년 8월 21일 09시,금요일,경상남도 하동군 고전면,중상사고,0,1,0,0,차량단독 - 전도전복,안전운전불이행,습기,비,단일로 - 기타,화물,남,72세,상해없음,,,,
2015082100100209,2015년 8월 21일 09시,금요일,경상남도 창원시 마산회원구 회성동,중상사고,0,2,0,0,차대차 - 측면직각충돌,안전운전불이행,습기,비,교차로 - 교차로부근,건설기계,남,53세,상해없음,승용,남,48세,중상
2015082100100210,2015년 8월 21일 09시,금요일,경상남도 김해시 장유면,중상사고,0,1,0,0,차대차 - 측면직각충돌,안전운전불이행,건조,맑음,교차로 - 교차로안,화물,남,54세,상해없음,승용,여,42세,중상
2015082100100237,2015년 8월 21일 10시,금요일,경상남도 사천시 사천읍,경상사고,0,0,2,0,차대차 - 추돌 - 주정차중,안전운전불이행,습기,비,교차로 - 교차로부근,화물,남,25세,상해없음,승용,여,41세,경상
2015082100100238,2015년 8월 21일 10시,금요일,경상남도 산청군 산청읍,중상사고,0,1,0,0,차대사람 - 횡단중,안전운전불이행,건조,흐림,단일로 - 기타,화물,남,62세,상해없음,보행자,여,73세,중상
2015082100100239,2015년 8월 21일 10시,금요일,경상남도 산청군 신안면,중상사고,0,1,0,0,차대사람 - 길가장자리구역통행중,안전운전불이행,건조,흐림,단일로 - 기타,승용,여,55세,상해없음,보행자,여,70세,중상
2015082100100240,2015년 8월 21일 10시,금요일,경상남도 창원시 마산회원구 양덕동,경상사고,0,0,1,0,차대차 - 추돌 - 주정차중,안전운전불이행,건조,맑음,단일로 - 기타,승용,남,37세,상해없음,화물,남,60세,경상
2015082100100241,2015년 8월 21일 10시,금요일,경상남도 김해시 장유면,경상사고,0,0,1,0,차대차 - 추돌 - 진행중,안전운전불이행,습기,비,단일로 - 기타,승용,여,36세,상해없음,승용,남,58세,상해없음
2015082100100350,2015년 8월 21일 14시,금요일,경상남도 김해시 상동면,경상사고,0,0,1,0,차량단독 - 공작물충돌,안전운전불이행,습기,비,단일로 - 기타,화물,남,50세,경상,,,,
2015082100100351,2015년 8월 21일 14시,금요일,경상남도 양산시 중부동,부상신고사고,0,0,0,1,차대차 - 측면직각충돌,직진우회전진행방해,건조,맑음,교차로 - 교차로안,승용,여,31세,부상신고,승용,남,45세,상해없음
2015082100100389,2015년 8월 21일 15시,금요일,경상남도 함양군 함양읍,중상사고,0,1,0,0,차대차 - 측면직각충돌,안전운전불이행,건조,맑음,단일로 - 기타,화물,남,61세,상해없음,승용,남,53세,중상
2015082100100429,2015년 8월 21일 16시,금요일,경상남도 사천시 사남면,경상사고,0,0,1,0,차대차 - 추돌 - 진행중,안전운전불이행,건조,맑음,교차로 - 교차로부근,승용,남,54세,상해없음,승용,남,46세,경상
2015082100100468,2015년 8월 21일 17시,금요일,경상남도 창원시 마산합포구 창포동2가,경상사고,0,0,1,0,차대사람 - 기타,안전운전불이행,건조,맑음,교차로 - 교차로안,승용,남,66세,상해없음,보행자,여,21세,경상
2015082100100469,2015년 8월 21일 17시,금요일,경상남도 창원시 성산구 대방동,중상사고,0,1,0,0,차대사람 - 횡단중,안전운전불이행,건조,맑음,단일로 - 기타,승용,남,36세,상해없음,보행자,남,12세,중상
2015082100100509,2015년 8월 21일 18시,금요일,경상남도 진주시 봉곡동,중상사고,0,1,0,0,차대차 - 측면직각충돌,기타,건조,맑음,단일로 - 기타,자전거,남,58세,중상,승합,남,54세,상해없음
2015082100100540,2015년 8월 21일 19시,금요일,경상남도 진주시 옥봉동,경상사고,0,0,1,0,차대차 - 측면직각충돌,안전운전불이행,건조,맑음,교차로 - 교차로안,승용,여,53세,상해없음,승용,여,64세,상해없음
2015082100100541,2015년 8월 21일 19시,금요일,경상남도 창원시 진해구 충무동,경상사고,0,0,1,0,차대사람 - 횡단중,신호위반,건조,맑음,교차로 - 교차로부근,이륜,남,24세,상해없음,보행자,남,63세,경상
2015082100100542,2015년 8월 21일 19시,금요일,경상남도 김해시 삼방동,경상사고,0,0,1,1,차대사람 - 횡단중,안전운전불이행,건조,맑음,단일로 - 기타,원동기,남,19세,부상신고,보행자,여,27세,경상
2015082100100543,2015년 8월 21일 19시,금요일,경상남도 거제시 옥포동,경상사고,0,0,1,0,차대차 - 기타,안전운전불이행,건조,맑음,단일로 - 기타,승용,남,57세,상해없음,원동기,남,48세,경상
2015082100100585,2015년 8월 21일 20시,금요일,경상남도 거창군 거창읍,경상사고,0,0,1,0,차대차 - 측면직각충돌,불법유턴,건조,맑음,단일로 - 기타,승용,남,30세,기타불명,원동기,남,52세,경상
2015082100100586,2015년 8월 21일 20시,금요일,경상남도 거창군 거창읍,중상사고,0,1,0,0,차대차 - 추돌 - 진행중,안전운전불이행,건조,맑음,교차로 - 교차로부근,승용,남,46세,상해없음,승용,남,58세,중상
2015082100100587,2015년 8월 21일 20시,금요일,경상남도 양산시 중부동,중상사고,0,1,1,0,차대차 - 측면직각충돌,안전거리미확보,건조,맑음,교차로 - 교차로부근,승용,여,43세,상해없음,승용,여,38세,중상
2015082100100588,2015년 8월 21일 20시,금요일,경상남도 거제시 아주동,중상사고,0,1,1,0,차대사람 - 횡단중,신호위반,건조,맑음,단일로 - 기타,승용,남,22세,상해없음,보행자,여,41세,중상
2015082100100625,2015년 8월 21일 21시,금요일,경상남도 창원시 진해구 석동,중상사고,0,1,0,0,차대차 - 측면직각충돌,신호위반,건조,맑음,교차로 - 교차로안,승용,여,53세,상해없음,이륜,남,17세,중상
2015082100100626,2015년 8월 21일 21시,금요일,경상남도 창원시 진해구 안골동,경상사고,0,0,1,0,차대차 - 추돌 - 주정차중,안전운전불이행,건조,맑음,기타 - 기타,승용,남,33세,상해없음,승용,남,47세,상해없음
2015082100100663,2015년 8월 21일 22시,금요일,경상남도 사천시 선구동,부상신고사고,0,0,0,1,차대사람 - 차도통행중,안전운전불이행,건조,맑음,단일로 - 기타,승용,남,52세,상해없음,보행자,남,56세,부상신고
2015082100100664,2015년 8월 21일 22시,금요일,경상남도 거제시 연초면,경상사고,0,0,2,0,차대차 - 기타,중앙선침범,건조,맑음,단일로 - 기타,승용,남,42세,상해없음,승용,남,43세,경상
2015082100100697,2015년 8월 21일 23시,금요일,경상남도 창원시 진해구 석동,경상사고,0,0,2,0,차대차 - 추돌 - 주정차중,안전운전불이행,건조,맑음,단일로 - 기타,승용,여,45세,상해없음,승용,여,50세,경상
2015082100100698,2015년 8월 21일 23시,금요일,경상남도 양산시 물금읍,경상사고,0,0,1,0,차대사람 - 횡단중,보행자보호의무위반,건조,맑음,단일로 - 횡단보도상,승용,남,52세,상해없음,보행자,남,22세,경상
2015082100100699,2015년 8월 21일 23시,금요일,경상남도 창원시 의창구 팔용동,중상사고,0,1,0,0,차대차 - 측면직각충돌,안전거리미확보,건조,맑음,교차로 - 교차로부근,승용,남,31세,상해없음,승합,남,45세,상해없음
2015082200100016,2015년 8월 22일 00시,토요일,경상남도 창원시 의창구 두대동,중상사고,0,1,0,0,차량단독 - 공작물충돌,안전운전불이행,습기,흐림,단일로 - 기타,이륜,남,25세,중상,,,,
2015082200100017,2015년 8월 22일 00시,토요일,경상남도 창원시 성산구 남산동,경상사고,0,0,8,2,차대차 - 추돌 - 진행중,안전운전불이행,건조,맑음,단일로 - 터널,승용,남,38세,상해없음,승합,남,53세,경상
2015082200100035,2015년 8월 22일 01시,토요일,경상남도 창원시 마산합포구 월남동5가,부상신고사고,0,0,0,1,차대차 - 측면직각충돌,안전운전불이행,건조,맑음,단일로 - 기타,승용,남,57세,상해없음,이륜,남,33세,부상신고
2015082200100036,2015년 8월 22일 01시,토요일,경상남도 창원시 마산합포구 자산동,경상사고,0,0,1,0,차대사람 - 횡단중,신호위반,건조,맑음,단일로 - 횡단보도상,승합,남,61세,상해없음,보행자,남,39세,경상