사고번호,사고일시,요일,시군구,사고내용,사망자수,중상자수,경상자수,부상신고자수,사고유형,법규위반,노면상태,기상상태,도로형태,가해운전자 차종,가해운전자 성별,가해운전자 연령,가해운전자 상해정도,피해운전자 차종,피해운전자 성별,피해운전자 연령,피해운전자 상해정도
2015082200100065,2015년 8월 22일 03시,토요일,경상남도 함안군 가야읍,사망사고,1,0,0,0,차대사람 - 기타,안전운전불이행,건조,맑음,교차로 - 교차로안,승용,남,26세,상해없음,보행자,남,46세,사망
2015082200100077,2015년 8월 22일 04시,토요일,경상남도 김해시 내동,중상사고,0,1,1,0,차대차 - 측면직각충돌,신호위반,건조,흐림,교차로 - 교차로안,승용,남,66세,상해없음,승용,남,54세,중상
2015082200100078,2015년 8월 22일 04시,토요일,경상남도 김해시 내동,경상사고,0,0,1,0,차대사람 - 횡단중,안전운전불이행,건조,맑음,단일로 - 횡단보도상,이륜,남,16세,상해없음,보행자,남,23세,경상
2015082200100079,2015년 8월 22일 04시,토요일,경상남도 고성군 회화면,경상사고,0,0,1,0,차대차 - 추돌 - 진행중,안전운전불이행,건조,흐림,단일로 - 기타,승용,남,34세,상해없음,승용,남,60세,경상
2015082200100117,2015년 8월 22일 06시,토요일,경상남도 창원시 마산회원구 양덕동,경상사고,0,0,1,0,차대차 - 추돌 - 주정차중,안전운전불이행,건조,맑음,교차로 - 교차로부근,승용,남,25세,상해없음,승용,남,58세,경상
2015082200100137,2015년 8월 22일 07시,토요일,경상남도 합천군 용주면,중상사고,0,1,0,0,차대차 - 기타,교차로운행방법위반,건조,맑음,교차로 - 교차로안,이륜,남,76세,중상,화물,남,25세,상해없음
2015082200100138,2015년 8월 22일 07시,토요일,경상남도 진주시 명석면,경상사고,0,0,1,0,차대차 - 추돌 - 진행중,안전운전불이행,건조,맑음,단일로 - 기타,승용,남,23세,상해없음,화물,남,54세,경상
2015082200100183,2015년 8월 22일 09시,토요일,경상남도 거제시 장평동,경상사고,0,0,1,0,차대차 - 기타,교차로운행방법위반,건조,맑음,교차로 - 교차로안,승용,남,26세,상해없음,이륜,남,22세,경상
2015082200100211,2015년 8월 22일 10시,토요일,경상남도 밀양시 삼랑진읍,경상사고,0,0,1,0,차대사람 - 기타,안전운전불이행,건조,맑음,단일로 - 기타,화물,남,53세,상해없음,보행자,남,44세,경상
2015082200100212,2015년 8월 22일 10시,토요일,경상남도 고성군 마암면,경상사고,0,0,5,0,차대차 - 추돌 - 진행중,안전거리미확보,건조,맑음,단일로 - 기타,화물,남,58세,상해없음,승용,남,33세,경상
2015082200100243,2015년 8월 22일 11시,토요일,경상남도 김해시 부원동,중상사고,0,1,0,2,차대차 - 추돌 - 주정차중,안전거리미확보,건조,흐림,단일로 - 기타,승용,남,35세,중상,화물,남,57세,상해없음
2015082200100275,2015년 8월 22일 12시,토요일,경상남도 사천시 정동면,경상사고,0,0,1,0,차대사람 - 기타,안전운전불이행,건조,맑음,단일로 - 기타,승용,여,37세,상해없음,보행자,여,82세,경상
2015082200100276,2015년 8월 22일 12시,토요일,경상남도 하동군 횡천면,중상사고,0,3,0,0,차량단독 - 도로외이탈 - 추락,안전운전불이행,건조,맑음,단일로 - 기타,승용,남,76세,중상,,,,
2015082200100307,2015년 8월 22일 13시,토요일,경상남도 창원시 의창구 동정동,경상사고,0,0,1,0,차대차 - 측면직각충돌,안전운전불이행,건조,맑음,단일로 - 기타,승용,여,53세,상해없음,이륜,남,45세,경상
2015082200100345,2015년 8월 22일 14시,토요일,경상남도 양산시 북부동,경상사고,0,0,1,0,차대차 - 기타,교차로운행방법위반,건조,맑음,교차로 - 교차로안,원동기,남,34세,경상,승용,남,31세,상해없음
2015082200100346,2015년 8월 22일 14시,토요일,경상남도 거제시 하청면,경상사고,0,0,2,0,차대차 - 측면직각충돌,교차로운행방법위반,건조,맑음,교차로 - 교차로안,승용,남,46세,상해없음,승용,남,46세,경상
2015082200100347,2015년 8월 22일 14시,토요일,경상남도 함안군 가야읍,사망사고,1,0,0,0,차대사람 - 횡단중,보행자보호의무위반,건조,맑음,교차로 - 교차로안,건설기계,남,47세,상해없음,보행자,여,70세,사망
2015082200100421,2015년 8월 22일 16시,토요일,경상남도 통영시 산양읍,중상사고,0,1,0,0,차대사람 - 차도통행중,안전운전불이행,건조,맑음,단일로 - 기타,승용,남,51세,상해없음,보행자,남,10세,중상
2015082200100422,2015년 8월 22일 16시,토요일,경상남도 밀양시 교동,경상사고,0,0,1,0,차대사람 - 횡단중,기타,건조,맑음,단일로 - 기타,승용,여,41세,상해없음,보행자,남,4세,경상
2015082200100423,2015년 8월 22일 16시,토요일,경상남도 거제시 사등면,부상신고사고,0,0,0,1,차대차 - 추돌 - 진행중,안전거리미확보,건조,맑음,단일로 - 기타,승용,남,28세,상해없음,승용,남,35세,상해없음
2015082200100456,2015년 8월 22일 17시,토요일,경상남도 합천군 야로면,경상사고,0,0,2,0,차대차 - 기타,안전운전불이행,건조,맑음,단일로 - 기타,화물,남,63세,상해없음,승용,여,44세,경상
2015082200100457,2015년 8월 22일 17시,토요일,경상남도 거제시 수월동,중상사고,0,1,1,0,차대차 - 추돌 - 주정차중,안전거리미확보,건조,흐림,단일로 - 기타,화물,남,64세,상해없음,승용,남,50세,중상
2015082200100458,2015년 8월 22일 17시,토요일,경상남도 창원시 성산구 남산동,경상사고,0,0,1,0,차대사람 - 기타,안전운전불이행,건조,맑음,단일로 - 기타,승합,남,56세,상해없음,보행자,남,60세,경상
2015082200100486,2015년 8월 22일 18시,토요일,경상남도 함양군 병곡면,사망사고,1,4,0,0,차대차 - 정면충돌,중앙선침범,건조,맑음,단일로 - 기타,승용,남,54세,사망,승용,남,42세,중상
2015082200100491,2015년 8월 22일 18시,토요일,경상남도 김해시 진영읍,중상사고,0,1,0,0,차대차 - 측면직각충돌,불법유턴,건조,맑음,교차로 - 교차로부근,자전거,남,53세,중상,승용,여,24세,상해없음
2015082200100517,2015년 8월 22일 19시,토요일,경상남도 창녕군 창녕읍,중상사고,0,1,0,0,차대차 - 기타,안전운전불이행,건조,맑음,교차로 - 교차로안,승용,남,53세,상해없음,원동기,남,59세,중상
2015082200100518,2015년 8월 22일 19시,토요일,경상남도 양산시 명곡동,중상사고,0,2,0,0,차대차 - 기타,안전운전불이행,건조,맑음,단일로 - 기타,승용,남,67세,상해없음,승용,남,52세,상해없음
2015082200100519,2015년 8월 22일 19시,토요일,경상남도 함안군 군북면,사망사고,1,0,0,0,차량단독 - 도로외이탈 - 기타,안전운전불이행,건조,맑음,단일로 - 기타,승용,남,55세,사망,,,,
2015082200100520,2015년 8월 22일 19시,토요일,경상남도 김해시 전하동,중상사고,0,1,0,0,차대차 - 추돌 - 진행중,안전운전불이행,건조,맑음,단일로 - 기타,승용,여,27세,상해없음,승용,남,55세,중상
2015082200100554,2015년 8월 22일 20시,토요일,경상남도 고성군 고성읍,중상사고,0,1,0,0,차대사람 - 횡단중,안전운전불이행,건조,맑음,단일로 - 기타,승용,남,45세,기타불명,보행자,남,54세,중상
2015082200100555,2015년 8월 22일 20시,토요일,경상남도 함안군 칠북면,경상사고,0,0,1,0,차대차 - 추돌 - 주정차중,안전운전불이행,건조,맑음,단일로 - 기타,승용,여,48세,기타불명,승용,여,55세,경상
2015082200100585,2015년 8월 22일 21시,토요일,경상남도 통영시 무전동,경상사고,0,0,2,0,차대차 - 측면직각충돌,안전운전불이행,건조,맑음,교차로 - 교차로부근,승용,남,43세,상해없음,승용,남,19세,경상
2015082200100586,2015년 8월 22일 21시,토요일,경상남도 밀양시 상남면,경상사고,0,0,1,0,차대차 - 추돌 - 진행중,기타,건조,맑음,단일로 - 기타,원동기,남,68세,경상,승용,남,45세,상해없음
2015082200100587,2015년 8월 22일 21시,토요일,경상남도 창원시 마산회원구 양덕동,중상사고,0,1,0,0,차대차 - 추돌 - 진행중,안전운전불이행,건조,맑음,교차로 - 교차로부근,승용,남,29세,상해없음,승용,남,33세,중상
2015082200100612,2015년 8월 22일 22시,토요일,경상남도 밀양시 내이동,경상사고,0,0,1,0,차대차 - 측면직각충돌,신호위반,건조,맑음,교차로 - 교차로안,승용,여,52세,상해없음,승용,남,37세,경상
2015082200100644,2015년 8월 22일 23시,토요일,경상남도 김해시 장유면,중상사고,0,1,0,0,차대차 - 측면직각충돌,신호위반,습기,비,교차로 - 교차로안,승용,여,42세,상해없음,이륜,남,19세,중상
2015082300100055,2015년 8월 23일 02시,일요일,경상남도 거제시 연초면,사망사고,1,0,0,0,차량단독 - 공작물충돌,안전운전불이행,건조,맑음,교차로 - 교차로부근,승용,남,31세,사망,,,,
2015082300100069,2015년 8월 23일 03시,일요일,경상남도 창원시 성산구 상남동,부상신고사고,0,0,0,1,차대사람 - 길가장자리구역통행중,기타,건조,맑음,단일로 - 기타,승용,여,46세,상해없음,보행자,남,26세,부상신고
2015082300100090,2015년 8월 23일 05시,일요일,경상남도 사천시 용현면,사망사고,1,0,0,0,차대차 - 추돌 - 진행중,안전운전불이행,건조,맑음,단일로 - 기타,승용,남,33세,상해없음,자전거,남,63세,사망
2015082300100103,2015년 8월 23일 06시,일요일,경상남도 거제시 문동동,경상사고,0,0,2,0,차대차 - 추돌 - 진행중,안전운전불이행,건조,맑음,단일로 - 기타,승용,남,21세,상해없음,승용,남,58세,경상
2015082300100127,2015년 8월 23일 08시,일요일,경상남도 양산시 하북면,경상사고,0,0,1,0,차대차 - 측면직각충돌,신호위반,건조,맑음,교차로 - 교차로안,승용,남,27세,상해없음,승용,여,52세,경상
2015082300100162,2015년 8월 23일 10시,일요일,경상남도 통영시 도산면,중상사고,0,1,0,0,차대차 - 기타,직진우회전진행방해,건조,맑음,교차로 - 교차로안,승용,남,39세,상해없음,자전거,남,53세,중상
2015082300100163,2015년 8월 23일 10시,일요일,경상남도 김해시 부원동,경상사고,0,0,2,0,차대차 - 측면직각충돌,차로위반,건조,맑음,교차로 - 교차로안,승용,남,62세,상해없음,승용,남,36세,경상
2015082300100181,2015년 8월 23일 11시,일요일,경상남도 양산시 상북면,부상신고사고,0,0,0,1,차량단독 - 전도전복,안전운전불이행,건조,맑음,단일로 - 기타,승용,남,50세,부상신고,,,,
2015082300100205,2015년 8월 23일 12시,일요일,경상남도 거제시 남부면,중상사고,0,1,2,0,차대차 - 기타,안전운전불이행,건조,맑음,단일로 - 기타,이륜,남,51세,중상,승용,남,24세,경상
2015082300100233,2015년 8월 23일 13시,일요일,경상남도 창원시 마산합포구 구산면,중상사고,0,1,0,0,차대사람 - 횡단중,안전운전불이행,건조,맑음,단일로 - 기타,승용,남,35세,상해없음,보행자,여,35세,중상
2015082300100234,2015년 8월 23일 13시,일요일,경상남도 창녕군 창녕읍,중상사고,0,1,0,0,차대차 - 추돌 - 진행중,안전운전불이행,건조,맑음,교차로 - 교차로안,원동기,남,75세,상해없음,승용,남,58세,상해없음
2015082300100235,2015년 8월 23일 13시,일요일,경상남도 거제시 고현동,경상사고,0,0,1,0,차대차 - 기타,안전운전불이행,건조,맑음,단일로 - 기타,승용,남,50세,상해없음,승용,남,53세,경상
2015082300100257,2015년 8월 23일 14시,일요일,경상남도 진주시 문산읍,중상사고,0,2,0,0,차대차 - 정면충돌,중앙선침범,건조,맑음,단일로 - 기타,승용,여,51세,중상,화물,남,80세,중상
2015082300100258,2015년 8월 23일 14시,일요일,경상남도 창녕군 장마면,중상사고,0,1,0,0,차량단독 - 공작물충돌,안전운전불이행,건조,맑음,교차로 - 교차로부근,원동기,남,28세,중상,,,,
2015082300100259,2015년 8월 23일 14시,일요일,경상남도 고성군 대가면,경상사고,0,0,6,0,차대차 - 측면직각충돌,교차로운행방법위반,건조,맑음,교차로 - 교차로안,승용,여,46세,상해없음,승용,남,59세,경상
2015082300100260,2015년 8월 23일 14시,일요일,경상남도 거제시 거제면,경상사고,0,0,1,0,차대차 - 기타,안전운전불이행,건조,맑음,단일로 - 기타,승용,남,62세,상해없음,승용,여,41세,경상
2015082300100261,2015년 8월 23일 14시,일요일,경상남도 창원시 성산구 반지동,경상사고,0,0,1,0,차대차 - 측면직각충돌,안전운전불이행,건조,맑음,교차로 - 교차로안,승용,남,32세,상해없음,원동기,남,28세,경상
2015082300100262,2015년 8월 23일 14시,일요일,경상남도 창원시 의창구 서상동,경상사고,0,0,1,0,차대차 - 정면충돌,안전운전불이행,건조,맑음,단일로 - 기타,승용,남,58세,상해없음,화물,남,54세,상해없음
2015082300100297,2015년 8월 23일 15시,일요일,경상남도 고성군 마암면,중상사고,0,1,1,0,차대차 - 측면직각충돌,교차로운행방법위반,건조,맑음,교차로 - 교차로안,승용,남,32세,상해없음,승용,남,58세,경상
2015082300100332,2015년 8월 23일 16시,일요일,경상남도 창원시 마산합포구 진동면,부상신고사고,0,0,0,1,차량단독 - 도로외이탈 - 기타,안전운전불이행,건조,맑음,단일로 - 기타,승용,여,46세,부상신고,,,,
2015082300100333,2015년 8월 23일 16시,일요일,경상남도 양산시 북부동,부상신고사고,0,0,0,2,차대차 - 측면직각충돌,안전운전불이행,건조,흐림,교차로 - 교차로안,화물,남,53세,상해없음,화물,남,62세,부상신고
2015082300100376,2015년 8월 23일 17시,일요일,경상남도 양산시 덕계동,경상사고,0,0,1,0,차대차 - 측면직각충돌,직진우회전진행방해,건조,맑음,교차로 - 교차로안,승용,여,31세,상해없음,원동기,남,23세,경상
2015082300100377,2015년 8월 23일 17시,일요일,경상남도 창원시 성산구 중앙동,경상사고,0,0,2,0,차대차 - 측면직각충돌,안전운전불이행,건조,맑음,교차로 - 교차로안,승용,남,27세,상해없음,승용,여,33세,경상
2015082300100433,2015년 8월 23일 19시,일요일,경상남도 진주시 하대동,경상사고,0,0,4,0,차대차 - 추돌 - 진행중,안전운전불이행,건조,맑음,교차로 - 교차로부근,승용,남,33세,상해없음,승용,남,39세,경상
2015082300100434,2015년 8월 23일 19시,일요일,경상남도 통영시 무전동,중상사고,0,1,0,0,차대차 - 측면직각충돌,안전운전불이행,건조,맑음,교차로 - 교차로안,승용,남,64세,상해없음,원동기,남,16세,중상
2015082300100435,2015년 8월 23일 19시,일요일,경상남도 김해시 진영읍,중상사고,0,1,0,0,차대차 - 정면충돌,안전운전불이행,건조,맑음,교차로 - 교차로안,승용,남,50세,상해없음,이륜,남,19세,중상
2015082300100477,2015년 8월 23일 20시,일요일,경상남도 김해시 외동,경상사고,0,0,1,0,차대사람 - 기타,안전운전불이행,건조,맑음,교차로 - 교차로안,화물,남,40세,상해없음,보행자,여,17세,경상
2015082300100478,2015년 8월 23일 20시,일요일,경상남도 양산시 물금읍,부상신고사고,0,0,0,1,차대차 - 측면직각충돌,불법유턴,건조,맑음,단일로 - 횡단보도상,자전거,남,61세,부상신고,승용,여,36세,상해없음
2015082300100535,2015년 8월 23일 22시,일요일,경상남도 하동군 진교면,중상사고,0,2,0,0,차대차 - 기타,신호위반,건조,맑음,교차로 - 교차로안,승용,남,61세,상해없음,승용,여,48세,중상
2015082400100050,2015년 8월 24일 05시,월요일,경상남도 하동군 하동읍,중상사고,0,1,0,0,차대사람 - 차도통행중,안전운전불이행,습기,안개,교차로 - 교차로부근,화물,남,78세,상해없음,보행자,여,84세,중상
2015082400100059,2015년 8월 24일 06시,월요일,경상남도 창원시 마산합포구 진북면,중상사고,0,1,0,0,차대차 - 측면직각충돌,교차로운행방법위반,건조,맑음,교차로 - 교차로안,승용,남,41세,상해없음,원동기,남,45세,중상
2015082400100060,2015년 8월 24일 06시,월요일,경상남도 창원시 마산합포구 진동면,경상사고,0,0,1,0,차대사람 - 기타,안전운전불이행,건조,맑음,단일로 - 횡단보도상,승용,여,46세,상해없음,보행자,여,17세,경상
2015082400100081,2015년 8월 24일 07시,월요일,경상남도 김해시 동상동,경상사고,0,0,1,0,차대차 - 측면직각충돌,직진우회전진행방해,건조,맑음,교차로 - 교차로안,원동기,남,56세,경상,승용,남,56세,상해없음
2015082400100082,2015년 8월 24일 07시,월요일,경상남도 창원시 의창구 대원동,경상사고,0,0,2,0,차대차 - 추돌 - 주정차중,안전운전불이행,건조,맑음,미분류 - 미분류,승용,여,24세,상해없음,승용,남,34세,경상
2015082400100083,2015년 8월 24일 07시,월요일,경상남도 창원시 마산회원구 내서읍,중상사고,0,1,1,0,차대차 - 정면충돌,안전운전불이행,건조,맑음,교차로 - 교차로안,승용,여,42세,중상,승용,남,27세,경상
2015082400100120,2015년 8월 24일 08시,월요일,경상남도 진주시 칠암동,중상사고,0,1,0,0,차대사람 - 기타,안전운전불이행,건조,맑음,단일로 - 횡단보도부근,화물,남,67세,기타불명,보행자,여,19세,중상
2015082400100121,2015년 8월 24일 08시,월요일,경상남도 창원시 진해구 석동,경상사고,0,0,1,0,차대차 - 측면직각충돌,안전거리미확보,건조,맑음,단일로 - 기타,건설기계,남,41세,상해없음,승용,남,38세,경상
2015082400100122,2015년 8월 24일 08시,월요일,경상남도 통영시 광도면,경상사고,0,0,2,0,차대차 - 측면직각충돌,직진우회전진행방해,건조,맑음,교차로 - 교차로안,승용,여,43세,상해없음,승용,남,64세,경상
2015082400100123,2015년 8월 24일 08시,월요일,경상남도 김해시 대동면,경상사고,0,0,1,0,차대차 - 측면직각충돌,안전운전불이행,건조,맑음,교차로 - 교차로안,승합,남,64세,상해없음,건설기계,남,36세,상해없음
2015082400100124,2015년 8월 24일 08시,월요일,경상남도 창원시 의창구 대산면,중상사고,0,1,0,0,차량단독 - 전도전복,안전운전불이행,건조,흐림,단일로 - 기타,화물,남,49세,상해없음,,,,
2015082400100125,2015년 8월 24일 08시,월요일,경상남도 김해시 진영읍,경상사고,0,0,1,0,차대차 - 기타,안전운전불이행,건조,맑음,단일로 - 기타,화물,남,51세,상해없음,승용,남,28세,경상
2015082400100160,2015년 8월 24일 09시,월요일,경상남도 창녕군 장마면,중상사고,0,1,0,0,차대차 - 추돌 - 진행중,안전운전불이행,건조,맑음,단일로 - 기타,승용,여,56세,상해없음,승용,남,48세,중상
2015082400100187,2015년 8월 24일 10시,월요일,경상남도 양산시 북부동,부상신고사고,0,0,0,1,차대차 - 기타,직진우회전진행방해,습기,비,교차로 - 교차로안,승용,남,51세,상해없음,승용,여,27세,부상신고
2015082400100219,2015년 8월 24일 11시,월요일,경상남도 밀양시 내이동,경상사고,0,0,1,0,차대차 - 측면직각충돌,안전운전불이행,건조,맑음,교차로 - 교차로안,승합,남,49세,상해없음,이륜,남,67세,경상
2015082400100266,2015년 8월 24일 13시,월요일,경상남도 밀양시 삼랑진읍,중상사고,0,3,0,0,차대차 - 추돌 - 주정차중,안전운전불이행,건조,맑음,단일로 - 기타,화물,남,59세,상해없음,화물,남,62세,중상
2015082400100278,2015년 8월 24일 13시,월요일,경상남도 창원시 마산회원구 회원동,경상사고,0,0,1,0,차대사람 - 길가장자리구역통행중,중앙선침범,건조,맑음,단일로 - 기타,화물,남,67세,상해없음,보행자,여,81세,경상
2015082400100301,2015년 8월 24일 14시,월요일,경상남도 양산시 중부동,경상사고,0,0,1,0,차대사람 - 횡단중,안전운전불이행,습기,비,단일로 - 기타,승용,남,50세,상해없음,보행자,여,24세,경상
2015082400100302,2015년 8월 24일 14시,월요일,경상남도 산청군 시천면,중상사고,0,3,0,0,차대차 - 측면직각충돌,중앙선침범,건조,흐림,단일로 - 기타,승용,여,54세,중상,승용,남,54세,중상
2015082400100303,2015년 8월 24일 14시,월요일,경상남도 김해시 강동,중상사고,0,1,0,0,차대차 - 측면직각충돌,안전운전불이행,습기,흐림,교차로 - 교차로안,화물,남,34세,상해없음,이륜,남,29세,중상
2015082400100352,2015년 8월 24일 15시,월요일,경상남도 거제시 사등면,경상사고,0,0,1,0,차대차 - 측면직각충돌,안전운전불이행,건조,맑음,단일로 - 기타,건설기계,남,54세,상해없음,승용,여,59세,경상
2015082400100393,2015년 8월 24일 16시,월요일,경상남도 창원시 마산합포구 월영동,경상사고,0,0,1,0,차대차 - 측면직각충돌,안전운전불이행,습기,비,단일로 - 기타,화물,남,42세,상해없음,승합,남,50세,경상
2015082400100394,2015년 8월 24일 16시,월요일,경상남도 함양군 지곡면,중상사고,0,3,0,0,차대차 - 측면직각충돌,중앙선침범,건조,맑음,단일로 - 기타,화물,남,75세,중상,화물,남,66세,상해없음
2015082400100395,2015년 8월 24일 16시,월요일,경상남도 양산시 용당동,중상사고,0,2,1,1,차대차 - 기타,신호위반,습기,비,교차로 - 교차로안,승용,남,56세,부상신고,승용,남,46세,중상
2015082400100430,2015년 8월 24일 17시,월요일,경상남도 진주시 이반성면,사망사고,1,0,0,0,차대사람 - 길가장자리구역통행중,안전운전불이행,습기,흐림,단일로 - 기타,화물,남,45세,상해없음,보행자,남,82세,사망
2015082400100431,2015년 8월 24일 17시,월요일,경상남도 고성군 영현면,중상사고,0,1,0,0,차대사람 - 기타,안전운전불이행,건조,맑음,단일로 - 기타,승용,남,22세,상해없음,보행자,남,76세,중상
2015082400100432,2015년 8월 24일 17시,월요일,경상남도 함안군 군북면,중상사고,0,2,0,0,차대차 - 측면직각충돌,불법유턴,습기,비,교차로 - 교차로부근,화물,남,28세,상해없음,승용,남,54세,중상
2015082400100433,2015년 8월 24일 17시,월요일,경상남도 창원시 성산구 상남동,중상사고,0,1,2,0,차대차 - 측면직각충돌,안전운전불이행,건조,맑음,단일로 - 기타,승용,남,76세,상해없음,승합,남,41세,경상
2015082400100434,2015년 8월 24일 17시,월요일,경상남도 창원시 마산회원구 구암동,중상사고,0,1,1,0,차대차 - 추돌 - 진행중,안전운전불이행,건조,맑음,단일로 - 기타,승용,남,57세,상해없음,승합,남,61세,경상
2015082400100460,2015년 8월 24일 18시,월요일,경상남도 남해군 이동면,부상신고사고,0,0,0,1,차대차 - 기타,안전운전불이행,건조,맑음,교차로 - 교차로안,자전거,여,62세,부상신고,승용,여,22세,상해없음
2015082400100461,2015년 8월 24일 18시,월요일,경상남도 창원시 의창구 사림동,중상사고,0,1,0,0,차대차 - 측면직각충돌,안전운전불이행,건조,맑음,교차로 - 교차로안,승용,남,53세,기타불명,승용,남,26세,중상
2015082400100502,2015년 8월 24일 19시,월요일,경상남도 진주시 상봉동,경상사고,0,0,1,0,차대사람 - 횡단중,안전운전불이행,습기,비,교차로 - 교차로안,승용,여,26세,상해없음,보행자,여,58세,경상
2015082400100503,2015년 8월 24일 19시,월요일,경상남도 창녕군 계성면,사망사고,1,0,0,0,차량단독 - 공작물충돌,안전운전불이행,건조,맑음,단일로 - 기타,원동기,남,55세,사망,,,,
2015082400100542,2015년 8월 24일 20시,월요일,경상남도 거제시 장평동,중상사고,0,1,0,0,차대사람 - 횡단중,신호위반,건조,맑음,교차로 - 교차로안,이륜,여,54세,상해없음,보행자,여,50세,중상
2015082400100543,2015년 8월 24일 20시,월요일,경상남도 의령군 의령읍,경상사고,0,0,3,0,차대차 - 기타,신호위반,건조,맑음,교차로 - 교차로안,승용,남,50세,경상,승용,남,31세,경상
2015082400100565,2015년 8월 24일 21시,월요일,경상남도 통영시 광도면,경상사고,0,0,2,0,차대차 - 추돌 - 주정차중,안전운전불이행,습기,비,교차로 - 교차로부근,승용,남,58세,상해없음,승용,남,36세,경상
2015082400100566,2015년 8월 24일 21시,월요일,경상남도 김해시 외동,경상사고,0,0,1,0,차대사람 - 기타,안전운전불이행,건조,맑음,단일로 - 기타,승합,남,41세,상해없음,보행자,여,65세,경상
2015082400100618,2015년 8월 24일 23시,월요일,경상남도 김해시 삼계동,경상사고,0,0,1,0,차대사람 - 횡단중,보행자보호의무위반,습기,비,단일로 - 횡단보도상,승용,남,24세,상해없음,보행자,여,26세,경상
2015082500100018,2015년 8월 25일 00시,화요일,경상남도 진주시 신안동,중상사고,0,1,0,0,차대차 - 측면직각충돌,신호위반,습기,비,교차로 - 교차로안,승용,남,48세,상해없음,승용,남,31세,중상
2015082500100019,2015년 8월 25일 00시,화요일,경상남도 사천시 사천읍,경상사고,0,0,3,0,차대차 - 추돌 - 진행중,안전거리미확보,습기,비,단일로 - 기타,승용,남,45세,경상,승용,남,45세,경상
2015082500100039,2015년 8월 25일 01시,화요일,경상남도 통영시 광도면,경상사고,0,0,3,0,차대차 - 측면직각충돌,신호위반,습기,비,교차로 - 교차로안,승용,남,58세,상해없음,승용,남,59세,경상
2015082500100040,2015년 8월 25일 01시,화요일,경상남도 함안군 칠원읍,경상사고,0,0,1,0,차대차 - 측면직각충돌,교차로운행방법위반,습기,비,교차로 - 교차로안,승용,남,43세,상해없음,승용,남,42세,경상
2015082500100041,2015년 8월 25일 01시,화요일,경상남도 창원시 의창구 명서동,경상사고,0,0,3,0,차대차 - 측면직각충돌,교차로운행방법위반,습기,비,교차로 - 교차로안,승용,남,21세,상해없음,승용,남,35세,상해없음
2015082500100052,2015년 8월 25일 02시,화요일,경상남도 함안군 산인면,경상사고,0,0,1,0,차량단독 - 공작물충돌,안전운전불이행,건조,맑음,단일로 - 기타,승용,남,20세,상해없음,,,,
2015082500100105,2015년 8월 25일 07시,화요일,경상남도 사천시 신벽동,부상신고사고,0,0,0,2,차대차 - 기타,기타,습기,비,교차로 - 교차로안,승용,남,60세,상해없음,화물,남,65세,부상신고
2015082500100106,2015년 8월 25일 07시,화요일,경상남도 사천시 용현면,중상사고,0,1,0,1,차대차 - 추돌 - 주정차중,안전운전불이행,습기,비,단일로 - 기타,승용,남,41세,부상신고,승용,남,38세,상해없음
2015082500100107,2015년 8월 25일 07시,화요일,경상남도 사천시 정동면,경상사고,0,0,1,0,차대차 - 측면직각충돌,교차로운행방법위반,습기,비,교차로 - 교차로안,화물,남,48세,상해없음,승용,여,34세,경상
2015082500100108,2015년 8월 25일 07시,화요일,경상남도 사천시 사남면,경상사고,0,0,1,0,차대차 - 측면직각충돌,신호위반,습기,비,교차로 - 교차로안,승용,남,42세,상해없음,자전거,남,23세,경상
2015082500100109,2015년 8월 25일 07시,화요일,경상남도 김해시 삼방동,경상사고,0,0,1,0,차대차 - 측면직각충돌,중앙선침범,습기,비,교차로 - 교차로부근,승용,남,58세,상해없음,승용,여,47세,경상
2015082500100176,2015년 8월 25일 09시,화요일,경상남도 진주시 신안동,중상사고,0,1,0,0,차대사람 - 길가장자리구역통행중,안전운전불이행,습기,비,교차로 - 교차로부근,승용,남,33세,상해없음,보행자,여,43세,중상
2015082500100268,2015년 8월 25일 12시,화요일,경상남도 통영시 광도면,중상사고,0,1,0,0,차대차 - 기타,안전운전불이행,습기,비,교차로 - 교차로안,승용,여,43세,상해없음,이륜,남,32세,중상
2015082500100306,2015년 8월 25일 13시,화요일,경상남도 진주시 금산면,중상사고,0,1,0,0,차대차 - 측면직각충돌,신호위반,습기,비,교차로 - 교차로안,승용,남,53세,상해없음,승용,여,30세,중상
2015082500100338,2015년 8월 25일 14시,화요일,경상남도 창원시 마산합포구 오동동,경상사고,0,0,1,0,차대차 - 기타,안전운전불이행,습기,비,기타 - 기타,원동기,남,22세,경상,승용,여,36세,상해없음
2015082500100339,2015년 8월 25일 14시,화요일,경상남도 함안군 칠원읍,중상사고,0,2,0,0,차대차 - 측면직각충돌,신호위반,건조,맑음,교차로 - 교차로안,화물,남,62세,상해없음,승용,남,40세,중상
2015082500100373,2015년 8월 25일 15시,화요일,경상남도 사천시 용현면,중상사고,0,1,1,0,차대차 - 기타,중앙선침범,건조,맑음,교차로 - 교차로안,화물,남,29세,상해없음,승용,여,53세,중상
2015082500100374,2015년 8월 25일 15시,화요일,경상남도 사천시 동금동,중상사고,0,1,0,0,차대차 - 측면직각충돌,신호위반,습기,비,교차로 - 교차로안,승용,남,49세,상해없음,승용,남,53세,중상