사고번호,사고일시,요일,시군구,사고내용,사망자수,중상자수,경상자수,부상신고자수,사고유형,법규위반,노면상태,기상상태,도로형태,가해운전자 차종,가해운전자 성별,가해운전자 연령,가해운전자 상해정도,피해운전자 차종,피해운전자 성별,피해운전자 연령,피해운전자 상해정도
2015082800100526,2015년 8월 28일 18시,금요일,경상남도 사천시 사천읍,경상사고,0,0,1,0,차대차 - 기타,안전운전불이행,건조,맑음,교차로 - 교차로부근,승합,남,53세,상해없음,화물,남,64세,상해없음
2015082800100571,2015년 8월 28일 19시,금요일,경상남도 김해시 장유면,경상사고,0,0,1,0,차대차 - 추돌 - 진행중,기타,건조,맑음,단일로 - 기타,승용,남,36세,상해없음,승용,남,49세,상해없음
2015082800100603,2015년 8월 28일 20시,금요일,경상남도 통영시 용남면,중상사고,0,1,0,0,차대차 - 기타,안전운전불이행,건조,맑음,단일로 - 기타,승용,남,43세,중상,승용,여,43세,기타불명
2015082800100604,2015년 8월 28일 20시,금요일,경상남도 창원시 성산구 중앙동,중상사고,0,1,0,0,차대차 - 측면직각충돌,안전운전불이행,건조,맑음,교차로 - 교차로부근,승용,남,34세,상해없음,자전거,여,43세,중상
2015082800100660,2015년 8월 28일 22시,금요일,경상남도 진주시 상평동,중상사고,0,1,0,0,차대사람 - 횡단중,신호위반,건조,맑음,단일로 - 기타,원동기,남,30세,기타불명,보행자,여,60세,중상
2015082800100661,2015년 8월 28일 22시,금요일,경상남도 밀양시 삼랑진읍,경상사고,0,0,1,0,차대차 - 측면직각충돌,중앙선침범,건조,맑음,단일로 - 기타,승용,남,42세,상해없음,승합,여,20세,경상
2015082800100662,2015년 8월 28일 22시,금요일,경상남도 양산시 남부동,경상사고,0,0,1,0,차대차 - 측면직각충돌,교차로운행방법위반,건조,맑음,교차로 - 교차로안,승용,남,36세,상해없음,승용,남,27세,경상
2015082800100688,2015년 8월 28일 23시,금요일,경상남도 창원시 성산구 남양동,경상사고,0,0,1,0,차대사람 - 횡단중,보행자보호의무위반,건조,맑음,단일로 - 횡단보도상,승용,남,47세,상해없음,보행자,여,38세,경상
2015082900100034,2015년 8월 29일 01시,토요일,경상남도 창원시 의창구 동읍,중상사고,0,2,1,0,차대차 - 측면직각충돌,신호위반,건조,맑음,교차로 - 교차로안,승용,남,57세,상해없음,승용,남,51세,경상
2015082900100063,2015년 8월 29일 03시,토요일,경상남도 거제시 고현동,중상사고,0,2,0,0,차대차 - 측면직각충돌,신호위반,건조,맑음,교차로 - 교차로안,승용,남,19세,상해없음,승용,남,55세,중상
2015082900100081,2015년 8월 29일 04시,토요일,경상남도 창원시 의창구 소계동,중상사고,0,1,0,0,차대차 - 정면충돌,중앙선침범,건조,맑음,단일로 - 기타,승용,남,45세,상해없음,승용,남,48세,중상
2015082900100108,2015년 8월 29일 06시,토요일,경상남도 밀양시 내이동,중상사고,0,1,0,0,차대차 - 측면직각충돌,신호위반,건조,맑음,교차로 - 교차로안,승용,여,31세,상해없음,화물,남,73세,상해없음
2015082900100109,2015년 8월 29일 06시,토요일,경상남도 양산시 동면,경상사고,0,0,1,0,차대차 - 추돌 - 주정차중,안전운전불이행,건조,맑음,교차로 - 교차로부근,승합,남,48세,상해없음,승용,여,52세,경상
2015082900100151,2015년 8월 29일 08시,토요일,경상남도 창원시 마산회원구 석전동,중상사고,0,1,0,0,차대사람 - 차도통행중,안전운전불이행,건조,맑음,단일로 - 기타,화물,남,63세,상해없음,보행자,여,49세,중상
2015082900100152,2015년 8월 29일 08시,토요일,경상남도 창원시 의창구 동정동,중상사고,0,1,3,0,차량단독 - 공작물충돌,안전운전불이행,건조,맑음,단일로 - 기타,승합,남,32세,상해없음,,,,
2015082900100153,2015년 8월 29일 08시,토요일,경상남도 김해시 진영읍,경상사고,0,0,3,0,차대차 - 추돌 - 진행중,안전운전불이행,건조,흐림,교차로 - 교차로안,화물,남,61세,경상,승용,남,33세,상해없음
2015082900100212,2015년 8월 29일 10시,토요일,경상남도 진주시 칠암동,중상사고,0,1,0,0,차대차 - 측면직각충돌,안전거리미확보,건조,맑음,단일로 - 기타,승용,여,23세,상해없음,승용,여,47세,중상
2015082900100213,2015년 8월 29일 10시,토요일,경상남도 진주시 정촌면,중상사고,0,2,0,0,차대차 - 측면직각충돌,안전거리미확보,건조,맑음,단일로 - 기타,승용,남,38세,상해없음,승용,여,34세,상해없음
2015082900100214,2015년 8월 29일 10시,토요일,경상남도 김해시 삼방동,경상사고,0,0,1,0,차대차 - 측면직각충돌,신호위반,건조,맑음,교차로 - 교차로안,승합,남,52세,상해없음,승합,여,51세,경상
2015082900100215,2015년 8월 29일 10시,토요일,경상남도 산청군 삼장면,중상사고,0,1,0,0,차대차 - 기타,안전운전불이행,건조,맑음,단일로 - 기타,승용,남,55세,상해없음,이륜,남,78세,중상
2015082900100251,2015년 8월 29일 11시,토요일,경상남도 김해시 삼계동,중상사고,0,1,0,0,차량단독 - 공작물충돌,안전운전불이행,건조,맑음,단일로 - 기타,승용,여,42세,상해없음,,,,
2015082900100252,2015년 8월 29일 11시,토요일,경상남도 거창군 고제면,부상신고사고,0,0,0,1,차대차 - 정면충돌,중앙선침범,건조,맑음,단일로 - 기타,원동기,남,86세,부상신고,승합,남,55세,상해없음
2015082900100293,2015년 8월 29일 12시,토요일,경상남도 창원시 마산합포구 서성동,중상사고,0,1,0,0,차대사람 - 기타,안전운전불이행,건조,맑음,교차로 - 교차로안,승용,남,70세,상해없음,보행자,남,33세,중상
2015082900100294,2015년 8월 29일 12시,토요일,경상남도 창녕군 남지읍,경상사고,0,0,1,0,차대차 - 측면직각충돌,신호위반,건조,맑음,교차로 - 교차로안,원동기,남,72세,경상,화물,남,55세,상해없음
2015082900100342,2015년 8월 29일 13시,토요일,경상남도 진주시 상봉동,중상사고,0,2,0,0,차대차 - 기타,안전운전불이행,건조,맑음,기타 - 기타,화물,남,61세,상해없음,승용,남,64세,중상
2015082900100343,2015년 8월 29일 13시,토요일,경상남도 진주시 금산면,중상사고,0,1,0,0,차대차 - 추돌 - 진행중,안전운전불이행,건조,맑음,단일로 - 기타,승용,여,46세,상해없음,원동기,남,73세,중상
2015082900100344,2015년 8월 29일 13시,토요일,경상남도 사천시 사천읍,경상사고,0,0,1,0,차대차 - 측면직각충돌,직진우회전진행방해,건조,맑음,교차로 - 교차로안,승용,여,49세,상해없음,승용,여,36세,경상
2015082900100345,2015년 8월 29일 13시,토요일,경상남도 밀양시 단장면,경상사고,0,0,1,0,차량단독 - 공작물충돌,안전운전불이행,건조,맑음,단일로 - 기타,원동기,남,49세,경상,,,,
2015082900100346,2015년 8월 29일 13시,토요일,경상남도 거창군 거창읍,경상사고,0,0,2,0,차대차 - 기타,신호위반,건조,맑음,교차로 - 교차로안,승용,여,63세,경상,화물,남,75세,경상
2015082900100347,2015년 8월 29일 13시,토요일,경상남도 거창군 남하면,중상사고,0,1,0,0,차대차 - 정면충돌,중앙선침범,건조,맑음,단일로 - 기타,건설기계,남,47세,상해없음,승합,남,60세,중상
2015082900100388,2015년 8월 29일 14시,토요일,경상남도 통영시 무전동,중상사고,0,2,1,0,차대차 - 추돌 - 진행중,안전운전불이행,건조,맑음,단일로 - 기타,승용,여,38세,상해없음,승용,여,45세,경상
2015082900100389,2015년 8월 29일 14시,토요일,경상남도 창녕군 창녕읍,경상사고,0,0,1,0,차대차 - 측면직각충돌,직진우회전진행방해,건조,맑음,교차로 - 교차로안,원동기,남,78세,경상,승용,남,26세,상해없음
2015082900100390,2015년 8월 29일 14시,토요일,경상남도 고성군 고성읍,중상사고,0,1,0,0,차대사람 - 보도통행중,보행자보호의무위반,건조,맑음,단일로 - 횡단보도상,승용,남,32세,상해없음,보행자,여,6세,중상
2015082900100563,2015년 8월 29일 18시,토요일,경상남도 진주시 평거동,사망사고,1,0,0,0,차대차 - 기타,안전운전불이행,건조,맑음,기타 - 기타,화물,남,36세,상해없음,자전거,남,11세,사망
2015082900100564,2015년 8월 29일 18시,토요일,경상남도 진주시 대곡면,중상사고,0,1,0,0,차대사람 - 횡단중,안전운전불이행,건조,맑음,단일로 - 기타,승용,남,29세,상해없음,보행자,남,13세,중상
2015082900100565,2015년 8월 29일 18시,토요일,경상남도 양산시 덕계동,중상사고,0,1,0,0,차대사람 - 기타,안전운전불이행,건조,맑음,기타 - 기타,승용,남,44세,상해없음,보행자,남,48세,중상
2015082900100566,2015년 8월 29일 18시,토요일,경상남도 창원시 의창구 대산면,중상사고,0,1,0,0,차대차 - 정면충돌,안전운전불이행,건조,맑음,단일로 - 기타,승용,여,48세,상해없음,이륜,남,57세,중상
2015082900100567,2015년 8월 29일 18시,토요일,경상남도 김해시 진영읍,경상사고,0,0,3,0,차대차 - 측면직각충돌,교차로운행방법위반,건조,맑음,교차로 - 교차로안,승용,남,59세,경상,승용,남,27세,경상
2015082900100608,2015년 8월 29일 19시,토요일,경상남도 양산시 삼호동,경상사고,0,0,1,0,차대차 - 기타,중앙선침범,건조,맑음,교차로 - 교차로부근,화물,남,29세,상해없음,원동기,남,16세,경상
2015082900100646,2015년 8월 29일 20시,토요일,경상남도 하동군 북천면,경상사고,0,0,1,1,차대차 - 정면충돌,중앙선침범,건조,맑음,단일로 - 기타,화물,남,50세,부상신고,승용,남,57세,경상
2015082900100709,2015년 8월 29일 22시,토요일,경상남도 진주시 문산읍,경상사고,0,0,1,0,차대차 - 측면직각충돌,안전운전불이행,건조,맑음,단일로 - 횡단보도상,승용,남,42세,상해없음,자전거,남,14세,경상
2015083000100021,2015년 8월 30일 00시,일요일,경상남도 거제시 일운면,경상사고,0,0,1,0,차대차 - 기타,중앙선침범,건조,맑음,단일로 - 기타,승용,남,42세,상해없음,승용,남,48세,경상
2015083000100022,2015년 8월 30일 00시,일요일,경상남도 산청군 시천면,중상사고,0,1,0,0,차량단독 - 공작물충돌,안전운전불이행,건조,맑음,교차로 - 교차로부근,화물,남,55세,중상,,,,
2015083000100041,2015년 8월 30일 01시,일요일,경상남도 거제시 고현동,경상사고,0,0,1,0,차대사람 - 기타,안전운전불이행,건조,맑음,단일로 - 기타,승용,남,50세,상해없음,보행자,남,22세,경상
2015083000100073,2015년 8월 30일 03시,일요일,경상남도 거제시 아주동,경상사고,0,0,1,0,차대차 - 기타,안전운전불이행,건조,맑음,단일로 - 기타,승용,남,30세,상해없음,승용,남,36세,경상
2015083000100086,2015년 8월 30일 04시,일요일,경상남도 진주시 평거동,경상사고,0,0,1,0,차대차 - 측면직각충돌,신호위반,건조,맑음,교차로 - 교차로안,승용,남,24세,상해없음,승용,남,24세,경상
2015083000100100,2015년 8월 30일 05시,일요일,경상남도 김해시 외동,중상사고,0,1,0,0,차대차 - 측면직각충돌,중앙선침범,건조,맑음,단일로 - 기타,자전거,남,73세,중상,승용,남,28세,상해없음
2015083000100133,2015년 8월 30일 07시,일요일,경상남도 남해군 남해읍,중상사고,0,1,0,0,차대사람 - 기타,안전운전불이행,건조,맑음,단일로 - 기타,화물,남,62세,상해없음,보행자,여,68세,중상
2015083000100160,2015년 8월 30일 09시,일요일,경상남도 거제시 고현동,중상사고,0,1,1,0,차대차 - 측면직각충돌,안전운전불이행,건조,맑음,단일로 - 기타,승합,남,57세,상해없음,자전거,남,18세,중상
2015083000100161,2015년 8월 30일 09시,일요일,경상남도 산청군 단성면,중상사고,0,1,0,0,차대차 - 기타,안전운전불이행,건조,맑음,단일로 - 기타,화물,남,55세,상해없음,이륜,여,72세,중상
2015083000100211,2015년 8월 30일 11시,일요일,경상남도 함안군 칠원읍,경상사고,0,0,2,0,차대차 - 추돌 - 진행중,안전운전불이행,건조,맑음,단일로 - 기타,승용,여,45세,상해없음,승용,남,54세,경상
2015083000100231,2015년 8월 30일 12시,일요일,경상남도 양산시 덕계동,중상사고,0,1,6,11,차대차 - 추돌 - 주정차중,안전거리미확보,건조,맑음,단일로 - 기타,승합,여,53세,경상,화물,남,50세,경상
2015083000100260,2015년 8월 30일 13시,일요일,경상남도 거제시 수월동,경상사고,0,0,2,2,차대차 - 측면직각충돌,교차로운행방법위반,건조,흐림,교차로 - 교차로안,승용,남,26세,상해없음,승용,여,38세,경상
2015083000100289,2015년 8월 30일 14시,일요일,경상남도 진주시 가좌동,경상사고,0,0,1,0,차대차 - 측면직각충돌,교차로운행방법위반,건조,맑음,교차로 - 교차로안,승용,남,53세,상해없음,승용,남,31세,상해없음
2015083000100290,2015년 8월 30일 14시,일요일,경상남도 통영시 정량동,중상사고,0,1,0,0,차대사람 - 기타,안전운전불이행,건조,맑음,단일로 - 기타,승용,여,38세,상해없음,보행자,여,86세,중상
2015083000100291,2015년 8월 30일 14시,일요일,경상남도 통영시 항남동,경상사고,0,0,2,0,차대차 - 측면직각충돌,안전운전불이행,건조,맑음,교차로 - 교차로안,이륜,남,25세,경상,승용,남,59세,경상
2015083000100292,2015년 8월 30일 14시,일요일,경상남도 사천시 정동면,경상사고,0,0,1,0,차대차 - 측면직각충돌,안전운전불이행,건조,맑음,단일로 - 기타,승용,남,33세,상해없음,승용,여,66세,경상
2015083000100322,2015년 8월 30일 15시,일요일,경상남도 통영시 정량동,중상사고,0,1,2,0,차대차 - 측면직각충돌,신호위반,건조,맑음,교차로 - 교차로안,승용,여,35세,상해없음,승용,남,56세,경상
2015083000100323,2015년 8월 30일 15시,일요일,경상남도 통영시 광도면,중상사고,0,1,1,0,차대차 - 추돌 - 진행중,안전운전불이행,건조,맑음,단일로 - 기타,승용,남,24세,상해없음,승용,남,60세,경상
2015083000100324,2015년 8월 30일 15시,일요일,경상남도 양산시 교동,경상사고,0,0,1,0,차대차 - 측면직각충돌,신호위반,건조,맑음,교차로 - 교차로안,승용,남,49세,상해없음,승용,남,28세,경상
2015083000100325,2015년 8월 30일 15시,일요일,경상남도 거제시 사등면,중상사고,0,4,1,0,차대차 - 정면충돌,중앙선침범,건조,맑음,단일로 - 기타,승용,남,61세,상해없음,화물,남,71세,중상
2015083000100326,2015년 8월 30일 15시,일요일,경상남도 의령군 낙서면,중상사고,0,1,0,0,차대차 - 측면직각충돌,안전운전불이행,건조,맑음,단일로 - 기타,화물,남,53세,상해없음,원동기,남,76세,중상
2015083000100355,2015년 8월 30일 16시,일요일,경상남도 사천시 벌리동,부상신고사고,0,0,0,1,차대차 - 측면직각충돌,직진우회전진행방해,건조,맑음,교차로 - 교차로안,이륜,남,70세,부상신고,승용,여,46세,상해없음
2015083000100398,2015년 8월 30일 17시,일요일,경상남도 양산시 동면,경상사고,0,0,1,0,차대사람 - 기타,안전운전불이행,건조,맑음,단일로 - 기타,승용,여,55세,상해없음,보행자,남,53세,경상
2015083000100465,2015년 8월 30일 19시,일요일,경상남도 사천시 사남면,경상사고,0,0,2,0,차대차 - 측면직각충돌,직진우회전진행방해,건조,맑음,교차로 - 교차로안,승용,남,38세,상해없음,이륜,남,38세,경상
2015083000100466,2015년 8월 30일 19시,일요일,경상남도 거창군 거창읍,경상사고,0,0,1,0,차대사람 - 횡단중,보행자보호의무위반,건조,맑음,교차로 - 교차로안,승용,여,47세,상해없음,보행자,남,54세,경상
2015083000100467,2015년 8월 30일 19시,일요일,경상남도 창녕군 대합면,중상사고,0,1,1,0,차량단독 - 도로외이탈 - 추락,안전운전불이행,건조,맑음,단일로 - 기타,농기계,남,73세,경상,,,,
2015083000100468,2015년 8월 30일 19시,일요일,경상남도 남해군 고현면,중상사고,0,1,0,0,차대차 - 측면직각충돌,중앙선침범,건조,맑음,단일로 - 기타,승용,남,37세,상해없음,승용,남,37세,중상
2015083000100469,2015년 8월 30일 19시,일요일,경상남도 함안군 가야읍,경상사고,0,0,4,0,차대차 - 추돌 - 진행중,안전운전불이행,건조,흐림,단일로 - 기타,승용,남,27세,경상,승용,남,64세,경상
2015083000100505,2015년 8월 30일 20시,일요일,경상남도 창원시 마산합포구 진동면,사망사고,1,0,0,0,차대사람 - 차도통행중,안전운전불이행,건조,맑음,단일로 - 기타,승용,남,58세,상해없음,보행자,남,60세,사망
2015083000100552,2015년 8월 30일 22시,일요일,경상남도 창원시 성산구 귀곡동,사망사고,1,0,0,0,차량단독 - 기타,안전운전불이행,건조,맑음,단일로 - 기타,승용,남,26세,사망,,,,
2015083000100553,2015년 8월 30일 22시,일요일,경상남도 창원시 의창구 팔용동,경상사고,0,0,1,0,차대사람 - 기타,안전운전불이행,건조,맑음,교차로 - 교차로안,승용,남,48세,상해없음,보행자,남,37세,경상
2015083100100015,2015년 8월 31일 00시,월요일,경상남도 양산시 북부동,중상사고,0,1,0,0,차량단독 - 공작물충돌,안전운전불이행,건조,맑음,교차로 - 교차로안,승용,남,33세,상해없음,,,,
2015083100100023,2015년 8월 31일 01시,월요일,경상남도 창원시 의창구 명서동,경상사고,0,0,1,0,차대차 - 측면직각충돌,신호위반,건조,맑음,교차로 - 교차로안,승용,남,20세,상해없음,승용,남,24세,경상
2015083100100045,2015년 8월 31일 04시,월요일,경상남도 김해시 부원동,경상사고,0,0,1,0,차대사람 - 차도통행중,안전운전불이행,건조,맑음,단일로 - 기타,화물,남,64세,상해없음,보행자,남,39세,경상
2015083100100055,2015년 8월 31일 05시,월요일,경상남도 통영시 무전동,경상사고,0,0,1,0,차대차 - 측면직각충돌,안전운전불이행,건조,흐림,교차로 - 교차로부근,승용,여,39세,상해없음,승용,남,36세,경상
2015083100100064,2015년 8월 31일 06시,월요일,경상남도 김해시 삼정동,중상사고,0,1,0,0,차대차 - 기타,안전거리미확보,건조,흐림,단일로 - 기타,승용,기타불명,기타불명,기타불명,승용,여,55세,중상
2015083100100101,2015년 8월 31일 07시,월요일,경상남도 김해시 삼정동,경상사고,0,0,2,0,차대차 - 측면직각충돌,안전운전불이행,건조,맑음,교차로 - 교차로안,승용,남,35세,경상,승용,남,53세,경상
2015083100100145,2015년 8월 31일 08시,월요일,경상남도 김해시 삼정동,경상사고,0,0,1,0,차대차 - 기타,기타,건조,맑음,단일로 - 기타,기타불명,기타불명,기타불명,기타불명,승용,남,48세,경상
2015083100100146,2015년 8월 31일 08시,월요일,경상남도 거제시 능포동,경상사고,0,0,1,0,차대차 - 추돌 - 진행중,차로위반,건조,맑음,단일로 - 기타,자전거,남,47세,상해없음,이륜,남,33세,경상
2015083100100184,2015년 8월 31일 09시,월요일,경상남도 김해시 장유면,중상사고,0,1,0,0,차대차 - 추돌 - 주정차중,안전운전불이행,건조,맑음,교차로 - 교차로부근,화물,남,32세,상해없음,승용,남,52세,중상
2015083100100209,2015년 8월 31일 10시,월요일,경상남도 김해시 대동면,중상사고,0,1,1,0,차대차 - 추돌 - 진행중,중앙선침범,건조,맑음,단일로 - 기타,기타불명,기타불명,기타불명,기타불명,화물,남,62세,중상
2015083100100210,2015년 8월 31일 10시,월요일,경상남도 김해시 내동,중상사고,0,1,0,0,차량단독 - 기타,기타,건조,맑음,단일로 - 기타,승합,남,46세,상해없음,,,,
2015083100100226,2015년 8월 31일 11시,월요일,경상남도 양산시 하북면,사망사고,2,0,0,0,차대차 - 추돌 - 주정차중,안전운전불이행,건조,맑음,단일로 - 기타,승용,남,53세,상해없음,화물,남,62세,기타불명
2015083100100240,2015년 8월 31일 11시,월요일,경상남도 진주시 옥봉동,중상사고,0,1,0,0,차대차 - 추돌 - 진행중,안전거리미확보,건조,맑음,단일로 - 기타,승용,여,28세,상해없음,이륜,남,57세,중상
2015083100100242,2015년 8월 31일 11시,월요일,경상남도 함안군 가야읍,중상사고,0,1,0,0,차대차 - 측면직각충돌,직진우회전진행방해,건조,맑음,교차로 - 교차로안,승용,남,19세,상해없음,승용,여,27세,중상
2015083100100243,2015년 8월 31일 11시,월요일,경상남도 의령군 의령읍,중상사고,0,1,0,0,차대차 - 기타,안전운전불이행,건조,흐림,단일로 - 기타,승용,남,53세,상해없음,자전거,남,86세,중상
2015083100100272,2015년 8월 31일 12시,월요일,경상남도 진주시 본성동,중상사고,0,1,0,0,차대차 - 측면직각충돌,안전운전불이행,건조,맑음,단일로 - 기타,승용,남,37세,상해없음,자전거,남,80세,중상
2015083100100273,2015년 8월 31일 12시,월요일,경상남도 통영시 북신동,경상사고,0,0,2,0,차대차 - 측면직각충돌,안전운전불이행,건조,맑음,단일로 - 기타,승용,남,51세,상해없음,승용,남,26세,경상
2015083100100274,2015년 8월 31일 12시,월요일,경상남도 밀양시 내이동,중상사고,0,1,0,0,차대차 - 측면직각충돌,안전운전불이행,건조,맑음,교차로 - 교차로안,승용,남,42세,상해없음,원동기,여,42세,중상
2015083100100275,2015년 8월 31일 12시,월요일,경상남도 함양군 수동면,부상신고사고,0,0,0,2,차대차 - 측면직각충돌,교차로운행방법위반,건조,맑음,교차로 - 교차로안,화물,남,58세,부상신고,화물,남,55세,부상신고
2015083100100304,2015년 8월 31일 13시,월요일,경상남도 창원시 진해구 여좌동,경상사고,0,0,1,0,차대차 - 정면충돌,안전거리미확보,건조,맑음,교차로 - 교차로안,승용,여,42세,경상,화물,남,21세,상해없음
2015083100100305,2015년 8월 31일 13시,월요일,경상남도 양산시 물금읍,부상신고사고,0,0,0,1,차대차 - 측면직각충돌,교차로운행방법위반,건조,맑음,교차로 - 교차로안,승용,남,57세,상해없음,승합,여,47세,부상신고
2015083100100306,2015년 8월 31일 13시,월요일,경상남도 거제시 고현동,중상사고,0,1,0,0,차대사람 - 횡단중,안전운전불이행,건조,맑음,교차로 - 교차로안,승용,여,53세,상해없음,보행자,남,43세,중상
2015083100100344,2015년 8월 31일 14시,월요일,경상남도 진주시 명석면,중상사고,0,1,0,0,차대사람 - 기타,안전운전불이행,건조,맑음,단일로 - 기타,화물,남,53세,상해없음,보행자,남,62세,중상
2015083100100376,2015년 8월 31일 15시,월요일,경상남도 김해시 내동,경상사고,0,0,1,0,차대차 - 측면직각충돌,직진우회전진행방해,건조,맑음,교차로 - 교차로안,승용,남,56세,상해없음,승용,남,34세,경상
2015083100100377,2015년 8월 31일 15시,월요일,경상남도 김해시 부원동,중상사고,0,1,0,0,차대사람 - 기타,안전운전불이행,건조,맑음,교차로 - 교차로안,승용,남,60세,상해없음,보행자,남,54세,중상
2015083100100378,2015년 8월 31일 15시,월요일,경상남도 거창군 거창읍,부상신고사고,0,0,0,1,차대차 - 측면직각충돌,교차로운행방법위반,건조,맑음,교차로 - 교차로안,원동기,남,59세,부상신고,화물,남,54세,상해없음
2015083100100379,2015년 8월 31일 15시,월요일,경상남도 함안군 칠원읍,중상사고,0,1,0,0,차대사람 - 횡단중,안전운전불이행,건조,맑음,교차로 - 교차로부근,화물,남,37세,상해없음,보행자,여,74세,중상
2015083100100446,2015년 8월 31일 17시,월요일,경상남도 하동군 진교면,중상사고,0,1,0,0,차대사람 - 차도통행중,안전운전불이행,건조,맑음,단일로 - 기타,승용,남,52세,상해없음,보행자,여,73세,중상
2015083100100447,2015년 8월 31일 17시,월요일,경상남도 남해군 남해읍,중상사고,0,1,0,0,차대사람 - 차도통행중,안전운전불이행,건조,맑음,단일로 - 기타,화물,남,23세,상해없음,보행자,여,56세,중상
2015083100100530,2015년 8월 31일 19시,월요일,경상남도 거제시 아주동,중상사고,0,1,0,0,차대사람 - 횡단중,안전운전불이행,건조,맑음,교차로 - 교차로안,승용,남,37세,상해없음,보행자,남,38세,중상
2015083100100531,2015년 8월 31일 19시,월요일,경상남도 김해시 진영읍,중상사고,0,1,0,0,차대사람 - 횡단중,보행자보호의무위반,건조,맑음,단일로 - 횡단보도상,승용,남,59세,상해없음,보행자,여,57세,중상
2015083100100565,2015년 8월 31일 20시,월요일,경상남도 하동군 금남면,중상사고,0,1,0,0,차대차 - 측면직각충돌,중앙선침범,건조,맑음,단일로 - 기타,승용,남,30세,상해없음,승용,여,31세,중상
2015083100100592,2015년 8월 31일 21시,월요일,경상남도 거제시 아주동,경상사고,0,0,1,0,차대차 - 기타,신호위반,건조,맑음,교차로 - 교차로부근,승용,남,49세,상해없음,승용,남,43세,상해없음
2015083100100593,2015년 8월 31일 21시,월요일,경상남도 거제시 일운면,경상사고,0,0,2,0,차대차 - 기타,중앙선침범,건조,맑음,단일로 - 기타,승용,여,59세,상해없음,승용,남,34세,경상
2015083100100594,2015년 8월 31일 21시,월요일,경상남도 김해시 풍유동,부상신고사고,0,0,0,1,차대차 - 측면직각충돌,신호위반,건조,맑음,교차로 - 교차로안,자전거,남,25세,부상신고,승용,남,43세,상해없음
2015083100100620,2015년 8월 31일 22시,월요일,경상남도 창원시 의창구 사림동,경상사고,0,0,1,0,차대사람 - 횡단중,보행자보호의무위반,건조,맑음,교차로 - 교차로부근,승용,남,55세,상해없음,보행자,여,21세,경상
2015083100100648,2015년 8월 31일 23시,월요일,경상남도 사천시 사천읍,경상사고,0,0,1,0,차대차 - 측면직각충돌,안전운전불이행,건조,맑음,교차로 - 교차로안,승용,남,28세,상해없음,승용,남,47세,경상
2015083100100649,2015년 8월 31일 23시,월요일,경상남도 김해시 삼계동,중상사고,0,1,0,0,차대사람 - 차도통행중,안전운전불이행,습기,비,단일로 - 기타,승용,남,45세,상해없음,보행자,남,55세,중상
2015083100100650,2015년 8월 31일 23시,월요일,경상남도 하동군 진교면,중상사고,0,1,0,0,차대차 - 측면직각충돌,신호위반,건조,맑음,교차로 - 교차로안,승용,여,28세,상해없음,승용,남,63세,중상
2015083100100651,2015년 8월 31일 23시,월요일,경상남도 거제시 아주동,경상사고,0,0,1,0,차대사람 - 기타,안전운전불이행,건조,맑음,단일로 - 기타,자전거,남,36세,상해없음,보행자,남,46세,경상
2015090100100084,2015년 9월 1일 05시,화요일,경상남도 창원시 성산구 사파동,경상사고,0,0,3,0,차대차 - 추돌 - 주정차중,안전운전불이행,습기,비,교차로 - 교차로부근,승용,남,36세,상해없음,승용,여,52세,경상
2015090100100102,2015년 9월 1일 06시,화요일,경상남도 창원시 진해구 풍호동,중상사고,0,1,0,0,차대차 - 측면직각충돌,안전운전불이행,건조,맑음,단일로 - 기타,원동기,여,68세,중상,승용,남,48세,상해없음
2015090100100103,2015년 9월 1일 06시,화요일,경상남도 거제시 고현동,경상사고,0,0,1,0,차대차 - 기타,교차로운행방법위반,습기,비,교차로 - 교차로안,승용,여,64세,상해없음,이륜,남,39세,경상
2015090100100126,2015년 9월 1일 07시,화요일,경상남도 고성군 고성읍,경상사고,0,0,1,0,차대차 - 측면직각충돌,차로위반,습기,흐림,교차로 - 교차로안,승합,남,65세,상해없음,자전거,남,13세,경상
2015090100100168,2015년 9월 1일 08시,화요일,경상남도 사천시 용강동,경상사고,0,0,1,0,차대차 - 측면직각충돌,신호위반,건조,맑음,교차로 - 교차로안,승용,남,41세,상해없음,화물,남,58세,상해없음
2015090100100305,2015년 9월 1일 12시,화요일,경상남도 창원시 진해구 광화동,경상사고,0,0,1,0,차대사람 - 횡단중,보행자보호의무위반,건조,맑음,단일로 - 기타,승용,남,60세,상해없음,보행자,여,24세,경상
2015090100100335,2015년 9월 1일 13시,화요일,경상남도 창녕군 창녕읍,중상사고,0,2,1,0,차대차 - 측면직각충돌,교차로운행방법위반,건조,맑음,교차로 - 교차로안,승용,남,79세,경상,승용,여,45세,중상
2015090100100397,2015년 9월 1일 15시,화요일,경상남도 김해시 외동,중상사고,0,3,0,0,차대차 - 추돌 - 주정차중,안전거리미확보,건조,흐림,교차로 - 교차로부근,승용,남,50세,상해없음,화물,남,51세,중상
2015090100100398,2015년 9월 1일 15시,화요일,경상남도 고성군 고성읍,중상사고,0,2,0,0,차대차 - 측면직각충돌,신호위반,건조,맑음,교차로 - 교차로안,승용,남,57세,상해없음,이륜,남,81세,중상
2015090100100399,2015년 9월 1일 15시,화요일,경상남도 창원시 의창구 도계동,중상사고,0,7,10,0,차대차 - 추돌 - 진행중,안전운전불이행,건조,맑음,단일로 - 기타,승합,남,41세,상해없음,승합,남,52세,중상