사고번호,사고일시,요일,시군구,사고내용,사망자수,중상자수,경상자수,부상신고자수,사고유형,법규위반,노면상태,기상상태,도로형태,가해운전자 차종,가해운전자 성별,가해운전자 연령,가해운전자 상해정도,피해운전자 차종,피해운전자 성별,피해운전자 연령,피해운전자 상해정도
2015090400100303,2015년 9월 4일 13시,금요일,경상남도 함안군 칠서면,중상사고,0,1,0,0,차량단독 - 기타,안전운전불이행,건조,맑음,단일로 - 기타,원동기,남,59세,중상,,,,
2015090400100372,2015년 9월 4일 15시,금요일,경상남도 하동군 옥종면,경상사고,0,0,1,0,차대차 - 기타,안전운전불이행,건조,맑음,단일로 - 기타,농기계,남,80세,상해없음,이륜,남,76세,경상
2015090400100373,2015년 9월 4일 15시,금요일,경상남도 하동군 하동읍,중상사고,0,1,0,0,차대차 - 기타,중앙선침범,건조,맑음,단일로 - 기타,화물,여,51세,상해없음,이륜,남,59세,중상
2015090400100374,2015년 9월 4일 15시,금요일,경상남도 하동군 하동읍,경상사고,0,0,1,0,차대차 - 추돌 - 주정차중,안전운전불이행,건조,맑음,단일로 - 기타,화물,남,48세,상해없음,승용,남,38세,경상
2015090400100415,2015년 9월 4일 16시,금요일,경상남도 김해시 서상동,중상사고,0,1,0,0,차대차 - 측면직각충돌,안전운전불이행,건조,맑음,교차로 - 교차로부근,원동기,남,32세,상해없음,자전거,남,69세,중상
2015090400100416,2015년 9월 4일 16시,금요일,경상남도 김해시 대성동,경상사고,0,0,1,0,차대차 - 측면직각충돌,중앙선침범,건조,맑음,교차로 - 교차로부근,승용,남,64세,상해없음,원동기,남,36세,경상
2015090400100460,2015년 9월 4일 17시,금요일,경상남도 양산시 산막동,부상신고사고,0,0,0,1,차대차 - 측면직각충돌,직진우회전진행방해,건조,맑음,교차로 - 교차로안,승용,남,30세,상해없음,승용,남,46세,부상신고
2015090400100461,2015년 9월 4일 17시,금요일,경상남도 함안군 산인면,중상사고,0,1,0,0,차대차 - 측면직각충돌,안전운전불이행,건조,맑음,단일로 - 기타,화물,남,65세,중상,화물,여,51세,기타불명
2015090400100462,2015년 9월 4일 17시,금요일,경상남도 김해시 진영읍,경상사고,0,0,3,0,차대차 - 추돌 - 진행중,안전운전불이행,건조,맑음,단일로 - 기타,승용,여,54세,경상,승용,남,75세,상해없음
2015090400100499,2015년 9월 4일 18시,금요일,경상남도 진주시 대곡면,중상사고,0,1,0,0,차대사람 - 차도통행중,안전운전불이행,건조,맑음,교차로 - 교차로안,승용,남,46세,상해없음,보행자,여,75세,중상
2015090400100633,2015년 9월 4일 21시,금요일,경상남도 창원시 마산회원구 내서읍,중상사고,0,1,0,0,차대차 - 측면직각충돌,신호위반,건조,맑음,교차로 - 교차로안,승용,여,39세,상해없음,자전거,남,31세,중상
2015090400100663,2015년 9월 4일 22시,금요일,경상남도 통영시 북신동,중상사고,0,1,0,0,차대차 - 측면직각충돌,교차로운행방법위반,건조,맑음,교차로 - 교차로안,승용,여,34세,상해없음,승합,여,46세,중상
2015090400100664,2015년 9월 4일 22시,금요일,경상남도 거제시 연초면,중상사고,0,1,0,0,차대차 - 정면충돌,중앙선침범,건조,맑음,단일로 - 기타,승용,남,59세,상해없음,승용,여,50세,중상
2015090500100014,2015년 9월 5일 00시,토요일,경상남도 통영시 무전동,중상사고,0,1,0,0,차대차 - 측면직각충돌,안전운전불이행,건조,맑음,단일로 - 기타,승용,남,40세,상해없음,승용,남,47세,중상
2015090500100015,2015년 9월 5일 00시,토요일,경상남도 통영시 정량동,경상사고,0,0,1,0,차대차 - 측면직각충돌,안전운전불이행,건조,흐림,단일로 - 기타,기타불명,기타불명,기타불명,기타불명,자전거,남,62세,경상
2015090500100016,2015년 9월 5일 00시,토요일,경상남도 양산시 중부동,경상사고,0,0,1,0,차대차 - 측면직각충돌,신호위반,건조,맑음,교차로 - 교차로부근,승용,남,59세,상해없음,승용,여,44세,경상
2015090500100090,2015년 9월 5일 04시,토요일,경상남도 사천시 사남면,중상사고,0,1,0,0,차대차 - 측면직각충돌,신호위반,건조,맑음,교차로 - 교차로안,화물,남,54세,상해없음,승용,남,30세,중상
2015090500100091,2015년 9월 5일 04시,토요일,경상남도 거제시 거제면,경상사고,0,0,3,0,차대차 - 측면직각충돌,신호위반,건조,맑음,교차로 - 교차로안,승용,남,41세,상해없음,승용,여,39세,경상
2015090500100100,2015년 9월 5일 05시,토요일,경상남도 창원시 마산합포구 상남동,경상사고,0,0,2,0,차대차 - 측면직각충돌,신호위반,건조,흐림,교차로 - 교차로안,승용,남,26세,상해없음,승용,남,50세,경상
2015090500100109,2015년 9월 5일 06시,토요일,경상남도 김해시 장유면,중상사고,0,2,2,0,차대차 - 측면직각충돌,안전거리미확보,건조,맑음,단일로 - 기타,승용,남,46세,상해없음,승용,남,53세,경상
2015090500100139,2015년 9월 5일 07시,토요일,경상남도 양산시 주진동,부상신고사고,0,0,0,2,차대차 - 추돌 - 주정차중,안전거리미확보,건조,맑음,교차로 - 교차로부근,승용,여,28세,상해없음,승용,남,61세,부상신고
2015090500100158,2015년 9월 5일 08시,토요일,경상남도 진주시 봉곡동,중상사고,0,1,0,0,차대차 - 측면직각충돌,안전운전불이행,건조,흐림,단일로 - 기타,승용,남,55세,상해없음,이륜,남,76세,중상
2015090500100159,2015년 9월 5일 08시,토요일,경상남도 사천시 용현면,경상사고,0,0,1,0,차량단독 - 공작물충돌,안전운전불이행,건조,맑음,교차로 - 교차로안,화물,남,53세,경상,,,,
2015090500100194,2015년 9월 5일 09시,토요일,경상남도 거제시 장목면,경상사고,0,0,1,0,차대차 - 측면직각충돌,안전운전불이행,건조,흐림,단일로 - 기타,화물,남,28세,상해없음,화물,남,44세,상해없음
2015090500100223,2015년 9월 5일 10시,토요일,경상남도 김해시 삼방동,중상사고,0,1,0,0,차대사람 - 기타,안전운전불이행,건조,맑음,단일로 - 기타,화물,남,45세,상해없음,보행자,여,70세,중상
2015090500100224,2015년 9월 5일 10시,토요일,경상남도 거창군 거창읍,중상사고,0,2,0,0,차대차 - 측면직각충돌,교차로운행방법위반,건조,맑음,교차로 - 교차로안,승용,남,41세,상해없음,승용,남,66세,중상
2015090500100225,2015년 9월 5일 10시,토요일,경상남도 양산시 물금읍,중상사고,0,1,1,0,차대차 - 측면직각충돌,교차로운행방법위반,건조,맑음,교차로 - 교차로안,건설기계,남,70세,상해없음,승용,남,43세,경상
2015090500100256,2015년 9월 5일 11시,토요일,경상남도 창원시 마산합포구 완월동,중상사고,0,1,0,0,차대사람 - 차도통행중,안전운전불이행,건조,맑음,단일로 - 기타,화물,남,44세,상해없음,보행자,남,17세,중상
2015090500100257,2015년 9월 5일 11시,토요일,경상남도 거창군 거창읍,중상사고,0,1,0,0,차대차 - 측면직각충돌,교차로운행방법위반,건조,맑음,교차로 - 교차로안,승용,여,45세,상해없음,원동기,남,32세,중상
2015090500100258,2015년 9월 5일 11시,토요일,경상남도 고성군 영오면,중상사고,0,1,0,0,차대사람 - 기타,안전운전불이행,건조,흐림,단일로 - 기타,승용,남,35세,상해없음,보행자,여,82세,중상
2015090500100371,2015년 9월 5일 14시,토요일,경상남도 창원시 성산구 상남동,경상사고,0,0,1,0,차대차 - 측면직각충돌,직진우회전진행방해,건조,맑음,교차로 - 교차로안,승용,남,54세,상해없음,승용,여,42세,경상
2015090500100418,2015년 9월 5일 15시,토요일,경상남도 창녕군 창녕읍,중상사고,0,1,0,0,차대차 - 측면직각충돌,안전운전불이행,건조,맑음,교차로 - 교차로부근,승용,남,25세,상해없음,이륜,남,71세,중상
2015090500100419,2015년 9월 5일 15시,토요일,경상남도 양산시 물금읍,경상사고,0,0,1,0,차대차 - 기타,기타,건조,맑음,단일로 - 기타,승용,남,60세,상해없음,자전거,남,25세,경상
2015090500100420,2015년 9월 5일 15시,토요일,경상남도 남해군 서면,부상신고사고,0,0,0,1,차량단독 - 전도전복,안전운전불이행,습기,비,단일로 - 기타,농기계,남,80세,부상신고,,,,
2015090500100421,2015년 9월 5일 15시,토요일,경상남도 김해시 풍유동,중상사고,0,1,0,0,차대차 - 측면직각충돌,중앙선침범,건조,맑음,단일로 - 기타,화물,남,46세,상해없음,승용,여,27세,중상
2015090500100447,2015년 9월 5일 16시,토요일,경상남도 김해시 어방동,중상사고,0,1,0,0,차대차 - 추돌 - 주정차중,안전운전불이행,건조,맑음,교차로 - 교차로부근,원동기,남,21세,중상,승용,남,47세,상해없음
2015090500100485,2015년 9월 5일 17시,토요일,경상남도 창원시 마산합포구 자산동,경상사고,0,0,1,0,차대차 - 측면직각충돌,안전운전불이행,건조,맑음,교차로 - 교차로안,승용,남,47세,상해없음,이륜,남,54세,경상
2015090500100487,2015년 9월 5일 17시,토요일,경상남도 밀양시 상남면,경상사고,0,0,1,0,차대차 - 측면직각충돌,교차로운행방법위반,건조,맑음,교차로 - 교차로안,화물,남,56세,상해없음,승용,남,54세,경상
2015090500100527,2015년 9월 5일 18시,토요일,경상남도 통영시 중앙동,중상사고,0,1,0,0,차대차 - 측면직각충돌,안전운전불이행,습기,흐림,단일로 - 기타,원동기,남,62세,상해없음,승합,남,21세,상해없음
2015090500100528,2015년 9월 5일 18시,토요일,경상남도 창원시 의창구 도계동,경상사고,0,0,1,0,차대차 - 추돌 - 주정차중,안전운전불이행,건조,맑음,교차로 - 교차로안,승용,여,42세,상해없음,승용,남,53세,경상
2015090500100570,2015년 9월 5일 19시,토요일,경상남도 진주시 수정동,중상사고,0,1,0,0,차대사람 - 횡단중,안전운전불이행,습기,비,교차로 - 교차로안,화물,남,26세,상해없음,보행자,여,58세,중상
2015090500100571,2015년 9월 5일 19시,토요일,경상남도 진주시 상대동,중상사고,0,1,0,0,차대사람 - 기타,안전운전불이행,습기,비,교차로 - 교차로안,승용,남,57세,상해없음,보행자,남,78세,중상
2015090500100572,2015년 9월 5일 19시,토요일,경상남도 사천시 선구동,부상신고사고,0,0,0,1,차대차 - 측면직각충돌,교차로운행방법위반,습기,비,교차로 - 교차로안,승용,남,34세,상해없음,승용,남,36세,부상신고
2015090500100573,2015년 9월 5일 19시,토요일,경상남도 거창군 마리면,중상사고,0,2,0,0,차대차 - 추돌 - 진행중,안전운전불이행,건조,흐림,단일로 - 기타,화물,남,76세,상해없음,농기계,남,68세,중상
2015090500100574,2015년 9월 5일 19시,토요일,경상남도 거창군 거창읍,경상사고,0,0,1,0,차대차 - 기타,교차로운행방법위반,건조,흐림,교차로 - 교차로안,원동기,남,50세,경상,승용,여,48세,상해없음
2015090500100606,2015년 9월 5일 20시,토요일,경상남도 고성군 상리면,중상사고,0,3,0,0,차대차 - 정면충돌,신호위반,습기,비,교차로 - 교차로안,승용,남,31세,상해없음,화물,여,52세,중상
2015090500100640,2015년 9월 5일 21시,토요일,경상남도 통영시 광도면,경상사고,0,0,1,0,차량단독 - 도로외이탈 - 기타,안전운전불이행,습기,흐림,단일로 - 기타,승용,남,23세,상해없음,,,,
2015090500100641,2015년 9월 5일 21시,토요일,경상남도 합천군 대병면,사망사고,1,0,0,0,차량단독 - 도로외이탈 - 기타,안전운전불이행,습기,비,단일로 - 기타,승용,남,43세,사망,,,,
2015090500100643,2015년 9월 5일 21시,토요일,경상남도 창원시 의창구 신월동,경상사고,0,0,1,0,차대사람 - 횡단중,보행자보호의무위반,습기,비,교차로 - 교차로부근,이륜,남,16세,상해없음,보행자,여,19세,경상
2015090500100675,2015년 9월 5일 22시,토요일,경상남도 김해시 부원동,경상사고,0,0,1,0,차대차 - 측면직각충돌,안전거리미확보,습기,비,단일로 - 기타,승용,여,31세,경상,승용,남,48세,상해없음
2015090500100676,2015년 9월 5일 22시,토요일,경상남도 양산시 평산동,부상신고사고,0,0,0,3,차대차 - 추돌 - 주정차중,안전거리미확보,건조,맑음,단일로 - 기타,승용,남,64세,상해없음,승용,여,31세,부상신고
2015090500100677,2015년 9월 5일 22시,토요일,경상남도 창원시 마산회원구 회원동,중상사고,0,1,0,0,차대사람 - 횡단중,안전운전불이행,습기,비,단일로 - 기타,이륜,남,20세,상해없음,보행자,남,48세,중상
2015090500100678,2015년 9월 5일 22시,토요일,경상남도 김해시 장유면,중상사고,0,1,1,0,차대사람 - 횡단중,안전운전불이행,습기,비,교차로 - 교차로안,승용,여,42세,상해없음,보행자,남,19세,경상
2015090500100703,2015년 9월 5일 23시,토요일,경상남도 창원시 마산합포구 자산동,경상사고,0,0,1,0,차대차 - 기타,안전운전불이행,습기,비,단일로 - 기타,승용,남,67세,상해없음,승용,남,32세,경상
2015090500100704,2015년 9월 5일 23시,토요일,경상남도 진주시 가좌동,중상사고,0,1,0,0,차대사람 - 기타,안전운전불이행,습기,비,교차로 - 교차로안,승용,남,56세,상해없음,보행자,남,50세,중상
2015090500100705,2015년 9월 5일 23시,토요일,경상남도 김해시 구산동,경상사고,0,0,1,0,차량단독 - 공작물충돌,안전운전불이행,습기,비,교차로 - 교차로안,승용,여,34세,경상,,,,
2015090500100706,2015년 9월 5일 23시,토요일,경상남도 거제시 장승포동,경상사고,0,0,1,0,차대차 - 추돌 - 진행중,안전운전불이행,습기,비,교차로 - 교차로부근,승용,여,41세,상해없음,승용,남,53세,경상
2015090500100707,2015년 9월 5일 23시,토요일,경상남도 창원시 의창구 소답동,경상사고,0,0,1,0,차대차 - 추돌 - 진행중,교차로운행방법위반,습기,비,교차로 - 교차로안,승용,남,56세,상해없음,승용,남,44세,경상
2015090600100019,2015년 9월 6일 00시,일요일,경상남도 김해시 외동,중상사고,0,1,0,0,차대사람 - 횡단중,안전운전불이행,습기,비,단일로 - 기타,승용,남,38세,상해없음,보행자,남,57세,중상
2015090600100073,2015년 9월 6일 03시,일요일,경상남도 함양군 함양읍,중상사고,0,1,0,0,차대차 - 추돌 - 주정차중,안전운전불이행,습기,비,단일로 - 기타,화물,남,46세,상해없음,화물,남,90세 이상,기타불명
2015090600100087,2015년 9월 6일 04시,일요일,경상남도 창원시 마산합포구 남성동,중상사고,0,2,1,0,차대차 - 추돌 - 주정차중,안전운전불이행,습기,비,교차로 - 교차로부근,승용,남,27세,상해없음,승용,남,29세,경상
2015090600100098,2015년 9월 6일 05시,일요일,경상남도 창원시 마산합포구 월영동,중상사고,0,2,0,0,차대차 - 정면충돌,중앙선침범,건조,맑음,단일로 - 기타,승용,남,21세,상해없음,화물,남,62세,중상
2015090600100099,2015년 9월 6일 05시,일요일,경상남도 거창군 거창읍,경상사고,0,0,2,0,차대차 - 측면직각충돌,교차로운행방법위반,건조,맑음,교차로 - 교차로안,승용,여,62세,상해없음,승용,여,48세,경상
2015090600100125,2015년 9월 6일 07시,일요일,경상남도 창원시 마산회원구 봉암동,중상사고,0,1,2,0,차대차 - 추돌 - 진행중,안전운전불이행,습기,비,단일로 - 기타,승용,남,34세,상해없음,승용,남,66세,경상
2015090600100137,2015년 9월 6일 08시,일요일,경상남도 통영시 광도면,중상사고,0,3,1,1,차대차 - 측면직각충돌,신호위반,건조,맑음,교차로 - 교차로안,승용,남,75세,부상신고,승용,남,40세,중상
2015090600100151,2015년 9월 6일 09시,일요일,경상남도 창원시 마산합포구 현동,중상사고,0,1,1,0,차대차 - 추돌 - 진행중,안전거리미확보,건조,맑음,단일로 - 기타,승용,여,48세,상해없음,승용,남,41세,중상
2015090600100152,2015년 9월 6일 09시,일요일,경상남도 함안군 가야읍,중상사고,0,1,0,0,차대차 - 측면직각충돌,안전운전불이행,건조,맑음,교차로 - 교차로부근,승용,남,28세,상해없음,승용,여,34세,중상
2015090600100195,2015년 9월 6일 11시,일요일,경상남도 밀양시 삼문동,경상사고,0,0,1,0,차대사람 - 횡단중,안전운전불이행,건조,맑음,교차로 - 교차로안,승용,남,54세,상해없음,보행자,여,80세,경상
2015090600100196,2015년 9월 6일 11시,일요일,경상남도 거제시 덕포동,경상사고,0,0,1,0,차대차 - 기타,중앙선침범,건조,맑음,단일로 - 기타,승용,남,57세,상해없음,승용,남,29세,경상
2015090600100197,2015년 9월 6일 11시,일요일,경상남도 거제시 사등면,경상사고,0,0,1,0,차대차 - 추돌 - 진행중,안전운전불이행,건조,맑음,단일로 - 기타,승용,남,48세,상해없음,승용,남,50세,경상
2015090600100198,2015년 9월 6일 11시,일요일,경상남도 산청군 금서면,중상사고,0,1,0,0,차대차 - 측면직각충돌,교차로운행방법위반,건조,맑음,교차로 - 교차로안,승용,여,50세,상해없음,승용,남,82세,중상
2015090600100218,2015년 9월 6일 12시,일요일,경상남도 김해시 삼방동,중상사고,0,1,2,0,차대차 - 기타,신호위반,건조,맑음,교차로 - 교차로안,승용,남,53세,상해없음,승용,여,27세,경상
2015090600100249,2015년 9월 6일 13시,일요일,경상남도 사천시 대방동,경상사고,0,0,1,1,차대차 - 측면직각충돌,신호위반,건조,맑음,교차로 - 교차로안,승용,남,55세,상해없음,승용,여,28세,경상
2015090600100250,2015년 9월 6일 13시,일요일,경상남도 김해시 진영읍,경상사고,0,0,3,0,차대차 - 측면직각충돌,안전운전불이행,습기,비,단일로 - 기타,승합,남,58세,상해없음,화물,남,63세,경상
2015090600100281,2015년 9월 6일 14시,일요일,경상남도 사천시 동금동,경상사고,0,0,3,0,차대차 - 측면직각충돌,신호위반,건조,맑음,교차로 - 교차로안,승용,남,51세,상해없음,승용,남,37세,경상
2015090600100282,2015년 9월 6일 14시,일요일,경상남도 사천시 동림동,경상사고,0,0,1,2,차대차 - 측면직각충돌,직진우회전진행방해,건조,맑음,교차로 - 교차로안,승용,여,56세,상해없음,승용,남,49세,경상
2015090600100321,2015년 9월 6일 15시,일요일,경상남도 창원시 진해구 풍호동,경상사고,0,0,1,0,차대차 - 측면직각충돌,교차로운행방법위반,습기,비,교차로 - 교차로안,승용,남,40세,상해없음,화물,남,69세,경상
2015090600100322,2015년 9월 6일 15시,일요일,경상남도 사천시 대방동,경상사고,0,0,1,0,차대사람 - 기타,기타,건조,맑음,단일로 - 기타,기타불명,기타불명,기타불명,기타불명,보행자,여,33세,경상
2015090600100355,2015년 9월 6일 16시,일요일,경상남도 함안군 산인면,중상사고,0,2,2,0,차대차 - 추돌 - 진행중,안전운전불이행,건조,맑음,교차로 - 교차로안,화물,남,55세,상해없음,승용,남,29세,중상
2015090600100384,2015년 9월 6일 17시,일요일,경상남도 창원시 마산합포구 현동,경상사고,0,0,3,0,차대차 - 기타,기타,건조,맑음,단일로 - 기타,화물,남,49세,상해없음,승용,남,41세,경상
2015090600100385,2015년 9월 6일 17시,일요일,경상남도 창녕군 창녕읍,경상사고,0,0,2,0,차대차 - 기타,불법유턴,건조,맑음,교차로 - 교차로안,승용,여,65세,상해없음,승용,남,51세,경상
2015090600100386,2015년 9월 6일 17시,일요일,경상남도 하동군 하동읍,경상사고,0,0,1,0,차대차 - 측면직각충돌,교차로운행방법위반,건조,맑음,교차로 - 교차로안,승용,여,25세,상해없음,이륜,남,19세,경상
2015090600100413,2015년 9월 6일 18시,일요일,경상남도 함안군 가야읍,경상사고,0,0,2,0,차대차 - 측면직각충돌,중앙선침범,건조,맑음,교차로 - 교차로부근,화물,남,62세,상해없음,승용,여,30세,경상
2015090600100441,2015년 9월 6일 19시,일요일,경상남도 함안군 대산면,중상사고,0,1,0,0,차대사람 - 길가장자리구역통행중,안전운전불이행,건조,맑음,단일로 - 기타,승용,남,50세,상해없음,보행자,남,16세,중상
2015090600100472,2015년 9월 6일 20시,일요일,경상남도 양산시 북부동,경상사고,0,0,2,2,차대차 - 측면직각충돌,직진우회전진행방해,건조,맑음,교차로 - 교차로안,승용,남,58세,상해없음,승용,남,27세,경상
2015090600100473,2015년 9월 6일 20시,일요일,경상남도 창원시 의창구 동읍,경상사고,0,0,1,0,차대사람 - 차도통행중,안전운전불이행,건조,흐림,단일로 - 기타,승용,남,54세,상해없음,보행자,여,47세,경상
2015090600100502,2015년 9월 6일 21시,일요일,경상남도 김해시 부원동,경상사고,0,0,2,0,차대차 - 기타,신호위반,건조,흐림,교차로 - 교차로안,승용,여,60세,경상,승용,남,23세,경상
2015090600100527,2015년 9월 6일 22시,일요일,경상남도 창원시 성산구 상남동,경상사고,0,0,1,0,차대차 - 측면직각충돌,신호위반,건조,맑음,단일로 - 횡단보도부근,승용,남,62세,상해없음,자전거,여,29세,경상
2015090600100546,2015년 9월 6일 23시,일요일,경상남도 김해시 장유면,경상사고,0,0,2,0,차대차 - 측면직각충돌,안전운전불이행,건조,맑음,교차로 - 교차로안,승용,여,43세,상해없음,승용,남,50세,경상
2015090700100013,2015년 9월 7일 00시,월요일,경상남도 고성군 회화면,중상사고,0,3,1,0,차대차 - 추돌 - 주정차중,안전운전불이행,건조,흐림,단일로 - 기타,승용,남,52세,상해없음,승용,남,29세,경상
2015090700100152,2015년 9월 7일 08시,월요일,경상남도 통영시 한산면,중상사고,0,1,1,0,차대차 - 정면충돌,중앙선침범,건조,맑음,단일로 - 기타,화물,남,57세,상해없음,승용,남,66세,중상
2015090700100228,2015년 9월 7일 10시,월요일,경상남도 김해시 부원동,중상사고,0,1,0,0,차대사람 - 보도통행중,안전운전불이행,건조,맑음,단일로 - 기타,화물,남,40세,상해없음,보행자,여,53세,중상
2015090700100229,2015년 9월 7일 10시,월요일,경상남도 거창군 가조면,중상사고,0,1,0,0,차대차 - 측면직각충돌,교차로운행방법위반,건조,맑음,교차로 - 교차로안,승합,남,57세,상해없음,원동기,남,59세,중상
2015090700100261,2015년 9월 7일 11시,월요일,경상남도 김해시 서상동,경상사고,0,0,1,0,차대사람 - 기타,안전운전불이행,건조,맑음,단일로 - 기타,승합,남,49세,상해없음,보행자,남,70세,경상
2015090700100262,2015년 9월 7일 11시,월요일,경상남도 거제시 사등면,경상사고,0,0,1,0,차대차 - 측면직각충돌,중앙선침범,건조,맑음,단일로 - 기타,승용,남,59세,상해없음,승용,남,43세,경상
2015090700100297,2015년 9월 7일 12시,월요일,경상남도 밀양시 삼문동,경상사고,0,0,1,0,차대차 - 측면직각충돌,신호위반,건조,맑음,교차로 - 교차로안,승용,남,60세,상해없음,승용,여,48세,경상
2015090700100298,2015년 9월 7일 12시,월요일,경상남도 김해시 내동,경상사고,0,0,1,0,차량단독 - 기타,안전운전불이행,건조,맑음,단일로 - 기타,이륜,남,31세,경상,,,,
2015090700100299,2015년 9월 7일 12시,월요일,경상남도 양산시 하북면,부상신고사고,0,0,0,1,차대차 - 측면직각충돌,안전운전불이행,건조,맑음,단일로 - 기타,원동기,남,65세,부상신고,화물,남,56세,상해없음
2015090700100300,2015년 9월 7일 12시,월요일,경상남도 창원시 성산구 대방동,중상사고,0,3,0,0,차대차 - 기타,신호위반,건조,맑음,교차로 - 교차로안,승용,남,58세,상해없음,승용,남,50세,중상
2015090700100335,2015년 9월 7일 13시,월요일,경상남도 양산시 상북면,경상사고,0,0,1,0,차대차 - 기타,신호위반,건조,맑음,교차로 - 교차로안,승용,여,52세,상해없음,승용,남,36세,경상
2015090700100336,2015년 9월 7일 13시,월요일,경상남도 창원시 의창구 팔용동,중상사고,0,1,1,0,차대차 - 측면직각충돌,교차로운행방법위반,건조,맑음,교차로 - 교차로안,승용,남,41세,중상,승용,여,42세,경상
2015090700100370,2015년 9월 7일 14시,월요일,경상남도 통영시 항남동,중상사고,0,1,0,0,차대사람 - 차도통행중,안전운전불이행,건조,맑음,단일로 - 기타,승용,여,52세,상해없음,보행자,여,54세,중상
2015090700100421,2015년 9월 7일 15시,월요일,경상남도 사천시 용현면,경상사고,0,0,1,0,차대사람 - 횡단중,보행자보호의무위반,건조,맑음,교차로 - 교차로부근,화물,남,50세,상해없음,보행자,남,71세,경상
2015090700100459,2015년 9월 7일 16시,월요일,경상남도 밀양시 내이동,중상사고,0,1,0,0,차대차 - 측면직각충돌,안전운전불이행,건조,맑음,교차로 - 교차로안,승용,여,40세,상해없음,이륜,남,74세,중상
2015090700100460,2015년 9월 7일 16시,월요일,경상남도 김해시 외동,경상사고,0,0,2,0,차대차 - 추돌 - 주정차중,안전거리미확보,건조,맑음,교차로 - 교차로부근,승용,여,71세,상해없음,승용,남,45세,경상
2015090700100461,2015년 9월 7일 16시,월요일,경상남도 김해시 외동,중상사고,0,1,0,0,차대차 - 추돌 - 주정차중,안전거리미확보,건조,맑음,단일로 - 기타,승용,남,59세,상해없음,승용,여,42세,중상
2015090700100462,2015년 9월 7일 16시,월요일,경상남도 양산시 중부동,경상사고,0,0,1,0,차대사람 - 횡단중,신호위반,건조,맑음,교차로 - 교차로부근,승용,남,64세,상해없음,보행자,남,35세,경상
2015090700100515,2015년 9월 7일 17시,월요일,경상남도 김해시 봉황동,중상사고,0,1,0,0,차대차 - 정면충돌,중앙선침범,건조,맑음,단일로 - 기타,승용,여,36세,상해없음,자전거,남,33세,중상
2015090700100516,2015년 9월 7일 17시,월요일,경상남도 양산시 동면,경상사고,0,0,1,0,차대차 - 측면직각충돌,안전거리미확보,건조,맑음,단일로 - 기타,화물,남,60세,상해없음,승용,여,42세,경상
2015090700100562,2015년 9월 7일 18시,월요일,경상남도 진주시 상봉동,중상사고,0,1,0,0,차대사람 - 기타,기타,건조,맑음,교차로 - 교차로부근,승합,남,56세,상해없음,보행자,남,16세,중상
2015090700100563,2015년 9월 7일 18시,월요일,경상남도 양산시 물금읍,경상사고,0,0,2,0,차대차 - 측면직각충돌,직진우회전진행방해,건조,맑음,교차로 - 교차로안,원동기,남,18세,경상,원동기,남,16세,경상
2015090700100564,2015년 9월 7일 18시,월요일,경상남도 거제시 상동동,경상사고,0,0,2,0,차대차 - 측면직각충돌,신호위반,건조,맑음,교차로 - 교차로안,승용,여,37세,경상,승용,남,59세,경상
2015090700100565,2015년 9월 7일 18시,월요일,경상남도 김해시 진례면,중상사고,0,1,0,0,차량단독 - 공작물충돌,안전운전불이행,건조,맑음,단일로 - 기타,원동기,남,63세,상해없음,,,,
2015090700100610,2015년 9월 7일 19시,월요일,경상남도 진주시 상평동,경상사고,0,0,1,0,차대차 - 추돌 - 진행중,안전운전불이행,건조,맑음,단일로 - 기타,승용,남,40세,상해없음,원동기,남,33세,경상
2015090700100611,2015년 9월 7일 19시,월요일,경상남도 거창군 위천면,경상사고,0,0,1,0,차대차 - 측면직각충돌,안전운전불이행,건조,맑음,단일로 - 기타,화물,남,43세,상해없음,원동기,남,50세,경상
2015090700100650,2015년 9월 7일 20시,월요일,경상남도 진주시 장대동,중상사고,0,1,0,0,차대차 - 측면직각충돌,중앙선침범,건조,맑음,단일로 - 기타,승용,남,56세,상해없음,원동기,남,18세,중상
2015090700100651,2015년 9월 7일 20시,월요일,경상남도 김해시 삼정동,경상사고,0,0,1,0,차대차 - 추돌 - 진행중,안전운전불이행,건조,맑음,단일로 - 기타,승용,남,49세,상해없음,승용,여,49세,경상
2015090700100681,2015년 9월 7일 21시,월요일,경상남도 창원시 마산합포구 상남동,경상사고,0,0,1,0,차대차 - 추돌 - 주정차중,안전운전불이행,건조,맑음,교차로 - 교차로부근,화물,남,52세,상해없음,승용,여,52세,경상
2015090700100682,2015년 9월 7일 21시,월요일,경상남도 진주시 신안동,중상사고,0,1,2,0,차대차 - 추돌 - 주정차중,안전운전불이행,건조,맑음,단일로 - 기타,승용,남,58세,상해없음,승용,남,42세,상해없음
2015090700100683,2015년 9월 7일 21시,월요일,경상남도 김해시 장유면,중상사고,0,1,0,0,차대사람 - 횡단중,안전운전불이행,건조,맑음,교차로 - 교차로안,자전거,남,16세,상해없음,보행자,여,16세,중상
2015090700100703,2015년 9월 7일 22시,월요일,경상남도 창원시 진해구 덕산동,경상사고,0,0,1,0,차대차 - 측면직각충돌,신호위반,건조,맑음,교차로 - 교차로안,화물,남,57세,상해없음,승용,여,44세,경상
2015090700100704,2015년 9월 7일 22시,월요일,경상남도 김해시 구산동,경상사고,0,0,1,0,차대차 - 기타,안전운전불이행,건조,맑음,단일로 - 기타,승용,남,35세,상해없음,이륜,남,19세,경상
2015090800100084,2015년 9월 8일 06시,화요일,경상남도 창원시 마산합포구 진동면,경상사고,0,0,1,0,차대차 - 기타,신호위반,건조,맑음,단일로 - 기타,승용,여,52세,상해없음,승용,남,56세,경상