사고번호,사고일시,요일,시군구,사고내용,사망자수,중상자수,경상자수,부상신고자수,사고유형,법규위반,노면상태,기상상태,도로형태,가해운전자 차종,가해운전자 성별,가해운전자 연령,가해운전자 상해정도,피해운전자 차종,피해운전자 성별,피해운전자 연령,피해운전자 상해정도
2015091600100331,2015년 9월 16일 13시,수요일,경상남도 창원시 진해구 안골동,중상사고,0,1,0,0,차대차 - 측면직각충돌,안전운전불이행,건조,맑음,교차로 - 교차로안,승용,남,48세,상해없음,승합,여,44세,중상
2015091600100332,2015년 9월 16일 13시,수요일,경상남도 밀양시 부북면,중상사고,0,1,0,0,차대사람 - 기타,안전운전불이행,건조,맑음,단일로 - 기타,화물,기타불명,기타불명,기타불명,보행자,여,79세,중상
2015091600100360,2015년 9월 16일 14시,수요일,경상남도 사천시 사천읍,경상사고,0,0,1,0,차대차 - 측면직각충돌,교차로운행방법위반,건조,맑음,교차로 - 교차로안,승용,여,49세,상해없음,이륜,남,39세,경상
2015091600100361,2015년 9월 16일 14시,수요일,경상남도 양산시 물금읍,중상사고,0,1,0,0,차대차 - 측면직각충돌,직진우회전진행방해,건조,맑음,교차로 - 교차로안,건설기계,남,53세,상해없음,승용,여,45세,중상
2015091600100362,2015년 9월 16일 14시,수요일,경상남도 산청군 단성면,중상사고,0,2,0,0,차대차 - 측면직각충돌,안전운전불이행,건조,맑음,교차로 - 교차로부근,화물,남,77세,상해없음,이륜,남,54세,중상
2015091600100396,2015년 9월 16일 15시,수요일,경상남도 진주시 옥봉동,중상사고,0,1,0,0,차대사람 - 횡단중,보행자보호의무위반,건조,맑음,단일로 - 기타,화물,남,65세,상해없음,보행자,여,58세,중상
2015091600100397,2015년 9월 16일 15시,수요일,경상남도 양산시 남부동,경상사고,0,0,1,0,차대차 - 측면직각충돌,신호위반,건조,맑음,교차로 - 교차로안,승용,남,65세,상해없음,승용,남,57세,경상
2015091600100398,2015년 9월 16일 15시,수요일,경상남도 고성군 회화면,경상사고,0,0,1,0,차대차 - 추돌 - 주정차중,안전운전불이행,건조,흐림,단일로 - 기타,승용,남,53세,상해없음,승용,남,45세,경상
2015091600100434,2015년 9월 16일 16시,수요일,경상남도 창원시 진해구 용원동,중상사고,0,1,0,0,차대사람 - 길가장자리구역통행중,안전운전불이행,건조,맑음,교차로 - 교차로안,화물,남,57세,상해없음,보행자,여,56세,중상
2015091600100435,2015년 9월 16일 16시,수요일,경상남도 창원시 성산구 양곡동,경상사고,0,0,5,0,차대차 - 추돌 - 주정차중,안전거리미확보,건조,맑음,교차로 - 교차로부근,건설기계,남,54세,상해없음,승용,여,64세,경상
2015091600100519,2015년 9월 16일 18시,수요일,경상남도 창원시 진해구 안골동,경상사고,0,0,1,0,차대차 - 추돌 - 진행중,직진우회전진행방해,건조,흐림,교차로 - 교차로안,승용,남,45세,상해없음,승용,남,31세,경상
2015091600100520,2015년 9월 16일 18시,수요일,경상남도 김해시 대성동,중상사고,0,1,0,0,차대사람 - 기타,안전운전불이행,습기,비,단일로 - 기타,승용,남,75세,상해없음,보행자,여,74세,중상
2015091600100570,2015년 9월 16일 19시,수요일,경상남도 진주시 신안동,중상사고,0,1,0,0,차대차 - 정면충돌,교차로운행방법위반,습기,비,교차로 - 교차로안,승용,여,54세,상해없음,원동기,남,16세,중상
2015091600100571,2015년 9월 16일 19시,수요일,경상남도 창원시 진해구 자은동,경상사고,0,0,1,0,차대차 - 추돌 - 진행중,불법유턴,습기,비,교차로 - 교차로안,승용,남,64세,상해없음,승용,여,27세,경상
2015091600100572,2015년 9월 16일 19시,수요일,경상남도 창원시 진해구 여좌동,경상사고,0,0,1,0,차대차 - 측면직각충돌,신호위반,습기,비,교차로 - 교차로안,승용,남,40세,상해없음,승용,여,22세,경상
2015091600100573,2015년 9월 16일 19시,수요일,경상남도 통영시 광도면,경상사고,0,0,3,0,차대차 - 추돌 - 진행중,안전운전불이행,건조,맑음,교차로 - 교차로부근,승용,남,65세,상해없음,승용,여,48세,경상
2015091600100574,2015년 9월 16일 19시,수요일,경상남도 사천시 송포동,경상사고,0,0,1,0,차량단독 - 공작물충돌,안전운전불이행,습기,비,단일로 - 기타,승용,남,22세,경상,,,,
2015091600100575,2015년 9월 16일 19시,수요일,경상남도 함양군 함양읍,경상사고,0,0,1,1,차대사람 - 횡단중,안전운전불이행,건조,맑음,교차로 - 교차로안,이륜,남,62세,부상신고,보행자,여,59세,경상
2015091600100576,2015년 9월 16일 19시,수요일,경상남도 하동군 하동읍,경상사고,0,0,1,0,차대차 - 기타,중앙선침범,건조,맑음,교차로 - 교차로부근,이륜,여,65세,경상,승용,여,41세,상해없음
2015091600100577,2015년 9월 16일 19시,수요일,경상남도 창원시 성산구 남양동,중상사고,0,1,0,0,차대차 - 측면직각충돌,안전운전불이행,습기,비,교차로 - 교차로안,원동기,남,17세,상해없음,원동기,남,16세,중상
2015091600100611,2015년 9월 16일 20시,수요일,경상남도 진주시 가좌동,중상사고,0,1,0,0,차대사람 - 횡단중,보행자보호의무위반,습기,비,단일로 - 기타,승용,여,32세,상해없음,보행자,남,66세,중상
2015091600100612,2015년 9월 16일 20시,수요일,경상남도 진주시 신안동,중상사고,0,1,1,0,차대차 - 측면직각충돌,중앙선침범,습기,비,단일로 - 기타,승용,남,32세,상해없음,승용,남,53세,경상
2015091600100613,2015년 9월 16일 20시,수요일,경상남도 창원시 의창구 봉곡동,부상신고사고,0,0,0,1,차대사람 - 기타,안전운전불이행,습기,비,교차로 - 교차로안,화물,남,49세,상해없음,보행자,남,58세,부상신고
2015091600100652,2015년 9월 16일 21시,수요일,경상남도 창원시 마산합포구 상남동,경상사고,0,0,1,0,차대차 - 정면충돌,신호위반,습기,비,교차로 - 교차로안,승용,남,30세,상해없음,승용,남,35세,경상
2015091600100653,2015년 9월 16일 21시,수요일,경상남도 김해시 부원동,경상사고,0,0,1,0,차대차 - 기타,교차로운행방법위반,습기,흐림,교차로 - 교차로안,승용,여,35세,상해없음,승용,여,27세,경상
2015091600100654,2015년 9월 16일 21시,수요일,경상남도 양산시 하북면,부상신고사고,0,0,0,1,차대차 - 측면직각충돌,신호위반,습기,비,교차로 - 교차로안,승용,여,46세,상해없음,승용,남,53세,부상신고
2015091600100656,2015년 9월 16일 21시,수요일,경상남도 고성군 거류면,중상사고,0,1,0,0,차대차 - 정면충돌,중앙선침범,습기,비,단일로 - 기타,승용,여,34세,상해없음,승용,남,64세,중상
2015091600100657,2015년 9월 16일 21시,수요일,경상남도 김해시 진영읍,경상사고,0,0,1,0,차대차 - 추돌 - 주정차중,안전운전불이행,습기,비,교차로 - 교차로안,승용,남,59세,상해없음,승용,남,31세,경상
2015091600100702,2015년 9월 16일 22시,수요일,경상남도 창원시 진해구 청안동,중상사고,0,1,0,0,차대차 - 측면직각충돌,직진우회전진행방해,습기,비,교차로 - 교차로안,승용,남,30세,상해없음,승용,남,44세,중상
2015091600100703,2015년 9월 16일 22시,수요일,경상남도 양산시 물금읍,경상사고,0,0,1,1,차대차 - 측면직각충돌,신호위반,습기,비,교차로 - 교차로안,승용,남,39세,부상신고,원동기,남,17세,경상
2015091600100704,2015년 9월 16일 22시,수요일,경상남도 거제시 고현동,중상사고,0,1,0,0,차대사람 - 횡단중,안전운전불이행,습기,비,교차로 - 교차로부근,승합,남,34세,상해없음,보행자,여,70세,중상
2015091600100705,2015년 9월 16일 22시,수요일,경상남도 거제시 장평동,경상사고,0,0,3,0,차대차 - 기타,신호위반,습기,비,교차로 - 교차로안,승용,남,35세,상해없음,승용,남,45세,경상
2015091600100706,2015년 9월 16일 22시,수요일,경상남도 창원시 성산구 반림동,경상사고,0,0,2,0,차대차 - 측면직각충돌,안전운전불이행,습기,비,단일로 - 기타,승용,남,31세,상해없음,승용,남,60세,경상
2015091600100707,2015년 9월 16일 22시,수요일,경상남도 창원시 의창구 팔용동,중상사고,0,1,0,0,차대차 - 측면직각충돌,교차로운행방법위반,습기,비,교차로 - 교차로안,승용,남,32세,상해없음,승용,남,57세,중상
2015091700100020,2015년 9월 17일 00시,목요일,경상남도 통영시 무전동,중상사고,0,2,0,0,차대차 - 측면직각충돌,안전운전불이행,습기,비,교차로 - 교차로안,승용,남,57세,상해없음,승용,남,54세,중상
2015091700100021,2015년 9월 17일 00시,목요일,경상남도 창원시 의창구 명서동,경상사고,0,0,2,0,차대차 - 추돌 - 주정차중,안전운전불이행,습기,비,교차로 - 교차로부근,승용,남,41세,상해없음,승용,남,57세,경상
2015091700100022,2015년 9월 17일 00시,목요일,경상남도 창원시 의창구 소답동,중상사고,0,1,0,0,차대차 - 측면직각충돌,안전운전불이행,습기,비,교차로 - 교차로안,기타불명,기타불명,기타불명,기타불명,승용,남,45세,중상
2015091700100035,2015년 9월 17일 01시,목요일,경상남도 김해시 삼계동,부상신고사고,0,0,0,1,차량단독 - 공작물충돌,안전운전불이행,습기,비,단일로 - 기타,승용,남,55세,부상신고,,,,
2015091700100036,2015년 9월 17일 01시,목요일,경상남도 창원시 마산회원구 내서읍,중상사고,0,2,0,0,차대차 - 추돌 - 진행중,안전운전불이행,습기,비,단일로 - 터널,승용,남,51세,상해없음,승용,남,31세,중상
2015091700100047,2015년 9월 17일 02시,목요일,경상남도 김해시 어방동,경상사고,0,0,1,0,차대사람 - 횡단중,안전운전불이행,습기,비,단일로 - 기타,승용,남,55세,상해없음,보행자,남,56세,경상
2015091700100048,2015년 9월 17일 02시,목요일,경상남도 창원시 마산회원구 양덕동,경상사고,0,0,1,0,차대차 - 정면충돌,중앙선침범,습기,비,단일로 - 기타,승용,남,61세,상해없음,승용,남,58세,상해없음
2015091700100060,2015년 9월 17일 03시,목요일,경상남도 창원시 마산합포구 상남동,중상사고,0,1,0,0,차량단독 - 공작물충돌,안전운전불이행,습기,비,교차로 - 교차로안,승용,남,66세,중상,,,,
2015091700100061,2015년 9월 17일 03시,목요일,경상남도 창원시 마산회원구 회원동,중상사고,0,1,1,0,차대차 - 추돌 - 주정차중,안전운전불이행,습기,비,교차로 - 교차로부근,승용,남,49세,상해없음,승용,남,53세,중상
2015091700100101,2015년 9월 17일 06시,목요일,경상남도 창원시 진해구 여좌동,중상사고,0,1,9,0,차량단독 - 공작물충돌,안전운전불이행,습기,비,단일로 - 기타,승합,남,67세,상해없음,,,,
2015091700100102,2015년 9월 17일 06시,목요일,경상남도 하동군 진교면,중상사고,0,1,0,0,차대차 - 기타,안전운전불이행,건조,맑음,교차로 - 교차로안,승용,남,48세,상해없음,승용,남,35세,중상
2015091700100135,2015년 9월 17일 07시,목요일,경상남도 의령군 가례면,경상사고,0,0,1,0,차대차 - 기타,안전운전불이행,건조,맑음,단일로 - 기타,화물,남,72세,경상,건설기계,남,48세,상해없음
2015091700100189,2015년 9월 17일 08시,목요일,경상남도 진주시 진성면,중상사고,0,1,1,0,차대차 - 측면직각충돌,중앙선침범,건조,맑음,단일로 - 기타,승용,여,46세,상해없음,승용,남,60세,경상
2015091700100190,2015년 9월 17일 08시,목요일,경상남도 함양군 함양읍,경상사고,0,0,1,0,차대차 - 측면직각충돌,교차로운행방법위반,건조,맑음,교차로 - 교차로안,농기계,남,79세,경상,승용,남,44세,상해없음
2015091700100191,2015년 9월 17일 08시,목요일,경상남도 거제시 아주동,경상사고,0,0,1,0,차대차 - 기타,교차로운행방법위반,건조,맑음,교차로 - 교차로안,승용,남,58세,상해없음,승합,남,45세,경상
2015091700100192,2015년 9월 17일 08시,목요일,경상남도 창원시 의창구 명서동,경상사고,0,0,1,0,차대차 - 추돌 - 주정차중,안전운전불이행,습기,비,단일로 - 기타,승용,여,44세,상해없음,승용,남,30세,경상
2015091700100193,2015년 9월 17일 08시,목요일,경상남도 김해시 한림면,경상사고,0,0,1,0,차대차 - 측면직각충돌,중앙선침범,습기,비,단일로 - 기타,승용,남,53세,상해없음,승용,남,36세,경상
2015091700100232,2015년 9월 17일 09시,목요일,경상남도 하동군 금성면,중상사고,0,1,0,0,차대차 - 측면직각충돌,안전운전불이행,건조,맑음,교차로 - 교차로안,화물,남,56세,상해없음,건설기계,남,29세,상해없음
2015091700100269,2015년 9월 17일 10시,목요일,경상남도 함양군 함양읍,중상사고,0,1,0,0,차대사람 - 횡단중,보행자보호의무위반,건조,맑음,단일로 - 기타,승용,남,76세,상해없음,보행자,여,62세,중상
2015091700100270,2015년 9월 17일 10시,목요일,경상남도 거제시 옥포동,중상사고,0,2,0,0,차량단독 - 공작물충돌,안전운전불이행,건조,맑음,단일로 - 기타,이륜,남,18세,중상,,,,
2015091700100284,2015년 9월 17일 11시,목요일,경상남도 김해시 장유면,중상사고,0,2,0,0,차대차 - 추돌 - 진행중,안전운전불이행,습기,비,단일로 - 기타,승용,남,39세,상해없음,승용,남,36세,중상
2015091700100306,2015년 9월 17일 11시,목요일,경상남도 통영시 북신동,경상사고,0,0,1,0,차대사람 - 차도통행중,신호위반,습기,비,교차로 - 교차로안,화물,여,43세,상해없음,보행자,여,81세,경상
2015091700100307,2015년 9월 17일 11시,목요일,경상남도 김해시 장유면,경상사고,0,0,1,0,차대차 - 측면직각충돌,직진우회전진행방해,습기,비,교차로 - 교차로부근,승용,여,26세,상해없음,승용,남,78세,경상
2015091700100322,2015년 9월 17일 12시,목요일,경상남도 김해시 상동면,중상사고,0,1,1,0,차대차 - 기타,안전운전불이행,습기,비,단일로 - 기타,승용,남,33세,상해없음,화물,남,54세,경상
2015091700100339,2015년 9월 17일 12시,목요일,경상남도 밀양시 내이동,경상사고,0,0,4,0,차대차 - 추돌 - 주정차중,안전운전불이행,습기,비,교차로 - 교차로부근,화물,남,55세,상해없음,승용,여,31세,경상
2015091700100340,2015년 9월 17일 12시,목요일,경상남도 김해시 동상동,중상사고,0,1,0,0,차대차 - 정면충돌,안전운전불이행,습기,비,교차로 - 교차로안,승용,남,73세,상해없음,이륜,남,48세,중상
2015091700100392,2015년 9월 17일 14시,목요일,경상남도 양산시 상북면,중상사고,0,1,1,0,차대차 - 추돌 - 주정차중,안전운전불이행,습기,흐림,단일로 - 기타,승용,남,60세,상해없음,화물,남,50세,경상
2015091700100404,2015년 9월 17일 14시,목요일,경상남도 창원시 의창구 북면,중상사고,0,1,0,0,차량단독 - 기타,안전운전불이행,건조,맑음,단일로 - 기타,승합,남,48세,상해없음,,,,
2015091700100436,2015년 9월 17일 15시,목요일,경상남도 김해시 대동면,중상사고,0,1,0,0,차대차 - 측면직각충돌,안전운전불이행,습기,비,단일로 - 기타,승용,남,70세,상해없음,승합,남,50세,상해없음
2015091700100437,2015년 9월 17일 15시,목요일,경상남도 양산시 명곡동,경상사고,0,0,1,0,차대차 - 기타,중앙선침범,습기,비,교차로 - 교차로안,특수,남,47세,상해없음,승용,남,58세,경상
2015091700100438,2015년 9월 17일 15시,목요일,경상남도 창원시 의창구 봉곡동,중상사고,0,2,0,0,차대사람 - 기타,기타,건조,맑음,교차로 - 교차로안,승용,여,52세,상해없음,보행자,여,55세,중상
2015091700100476,2015년 9월 17일 16시,목요일,경상남도 통영시 북신동,중상사고,0,1,0,0,차대사람 - 횡단중,안전운전불이행,건조,맑음,교차로 - 교차로안,승합,여,31세,상해없음,보행자,여,67세,중상
2015091700100477,2015년 9월 17일 16시,목요일,경상남도 창녕군 이방면,중상사고,0,1,0,0,차대차 - 기타,안전운전불이행,건조,맑음,단일로 - 기타,자전거,남,11세,중상,화물,남,55세,상해없음
2015091700100478,2015년 9월 17일 16시,목요일,경상남도 창녕군 대지면,경상사고,0,0,1,0,차대차 - 측면직각충돌,교차로운행방법위반,습기,비,교차로 - 교차로안,승용,남,57세,기타불명,승용,여,40세,경상
2015091700100479,2015년 9월 17일 16시,목요일,경상남도 창원시 성산구 외동,중상사고,0,1,0,0,차대차 - 측면직각충돌,교차로운행방법위반,건조,맑음,교차로 - 교차로안,승용,남,70세,상해없음,승용,남,27세,중상
2015091700100497,2015년 9월 17일 17시,목요일,경상남도 김해시 강동,경상사고,0,0,2,0,차대차 - 기타,안전운전불이행,습기,비,단일로 - 기타,기타불명,기타불명,기타불명,기타불명,승용,여,45세,상해없음
2015091700100525,2015년 9월 17일 17시,목요일,경상남도 밀양시 상남면,경상사고,0,0,1,0,차대차 - 측면직각충돌,안전운전불이행,습기,비,기타 - 기타,화물,남,58세,상해없음,승용,여,34세,경상
2015091700100580,2015년 9월 17일 18시,목요일,경상남도 진주시 호탄동,중상사고,0,1,0,0,차대차 - 기타,신호위반,건조,맑음,교차로 - 교차로안,승합,남,54세,상해없음,승용,여,24세,중상
2015091700100581,2015년 9월 17일 18시,목요일,경상남도 사천시 용현면,경상사고,0,0,2,0,차대차 - 추돌 - 주정차중,안전운전불이행,건조,맑음,단일로 - 기타,승용,남,67세,상해없음,승용,여,33세,경상
2015091700100582,2015년 9월 17일 18시,목요일,경상남도 양산시 남부동,경상사고,0,0,1,0,차대차 - 기타,안전운전불이행,건조,맑음,단일로 - 기타,이륜,남,52세,상해없음,승용,남,53세,경상
2015091700100583,2015년 9월 17일 18시,목요일,경상남도 거제시 고현동,경상사고,0,0,1,0,차대차 - 기타,안전거리미확보,건조,맑음,교차로 - 교차로부근,승용,여,41세,기타불명,승용,여,36세,경상
2015091700100637,2015년 9월 17일 19시,목요일,경상남도 창원시 마산합포구 월포동,중상사고,0,1,3,1,차대차 - 추돌 - 주정차중,안전운전불이행,건조,맑음,단일로 - 기타,승용,남,73세,상해없음,승용,남,55세,경상
2015091700100638,2015년 9월 17일 19시,목요일,경상남도 양산시 북정동,중상사고,0,1,3,1,차대차 - 기타,차로위반,건조,맑음,단일로 - 기타,승용,남,54세,상해없음,승용,여,48세,중상
2015091700100639,2015년 9월 17일 19시,목요일,경상남도 거제시 고현동,경상사고,0,0,3,0,차대차 - 추돌 - 진행중,안전운전불이행,건조,맑음,교차로 - 교차로부근,승용,남,33세,상해없음,승용,남,46세,경상
2015091700100640,2015년 9월 17일 19시,목요일,경상남도 산청군 시천면,중상사고,0,1,0,0,차대사람 - 횡단중,안전운전불이행,건조,맑음,단일로 - 기타,화물,남,59세,상해없음,보행자,남,50세,중상
2015091700100678,2015년 9월 17일 20시,목요일,경상남도 함양군 안의면,부상신고사고,0,0,0,1,차대차 - 추돌 - 진행중,안전운전불이행,건조,맑음,단일로 - 기타,화물,남,64세,부상신고,화물,남,48세,상해없음
2015091700100712,2015년 9월 17일 21시,목요일,경상남도 양산시 물금읍,중상사고,0,1,0,0,차대사람 - 횡단중,안전운전불이행,건조,맑음,단일로 - 기타,승용,여,46세,상해없음,보행자,남,56세,중상
2015091700100751,2015년 9월 17일 22시,목요일,경상남도 김해시 진영읍,중상사고,0,1,0,0,차대사람 - 횡단중,안전운전불이행,건조,맑음,교차로 - 교차로안,원동기,남,22세,상해없음,보행자,여,29세,중상
2015091700100752,2015년 9월 17일 22시,목요일,경상남도 김해시 장유면,경상사고,0,0,1,0,차대사람 - 기타,안전운전불이행,건조,맑음,단일로 - 기타,승용,남,40세,상해없음,보행자,여,44세,경상
2015091700100786,2015년 9월 17일 23시,목요일,경상남도 진주시 칠암동,중상사고,0,1,0,0,차대차 - 기타,안전운전불이행,건조,맑음,교차로 - 교차로안,승용,여,48세,상해없음,원동기,남,26세,중상
2015091700100787,2015년 9월 17일 23시,목요일,경상남도 사천시 동금동,경상사고,0,0,1,0,차대사람 - 횡단중,안전운전불이행,건조,맑음,교차로 - 교차로부근,승용,남,31세,상해없음,보행자,여,59세,경상
2015091700100788,2015년 9월 17일 23시,목요일,경상남도 거제시 상동동,경상사고,0,0,1,0,차대차 - 측면직각충돌,안전운전불이행,건조,맑음,교차로 - 교차로안,승용,여,30세,상해없음,이륜,남,23세,경상
2015091800100032,2015년 9월 18일 01시,금요일,경상남도 창원시 성산구 상남동,중상사고,0,1,0,0,차대사람 - 차도통행중,신호위반,건조,맑음,교차로 - 교차로부근,승용,남,66세,상해없음,보행자,남,45세,중상
2015091800100092,2015년 9월 18일 06시,금요일,경상남도 거제시 아주동,경상사고,0,0,1,0,차대차 - 측면직각충돌,안전운전불이행,건조,맑음,단일로 - 기타,승용,남,37세,상해없음,이륜,남,53세,경상
2015091800100128,2015년 9월 18일 07시,금요일,경상남도 양산시 북정동,경상사고,0,0,1,0,차대차 - 측면직각충돌,교차로운행방법위반,건조,맑음,교차로 - 교차로안,승용,여,46세,상해없음,승용,여,50세,경상
2015091800100129,2015년 9월 18일 07시,금요일,경상남도 김해시 진영읍,중상사고,0,1,0,0,차대차 - 측면직각충돌,신호위반,건조,맑음,교차로 - 교차로안,승용,남,27세,상해없음,승용,여,63세,중상
2015091800100168,2015년 9월 18일 08시,금요일,경상남도 합천군 쌍책면,중상사고,0,1,0,0,차대차 - 추돌 - 진행중,안전운전불이행,건조,맑음,단일로 - 기타,승용,남,68세,상해없음,농기계,남,76세,중상
2015091800100169,2015년 9월 18일 08시,금요일,경상남도 하동군 화개면,사망사고,1,0,0,0,차대차 - 정면충돌,중앙선침범,건조,맑음,단일로 - 기타,이륜,남,65세,사망,건설기계,남,56세,기타불명
2015091800100170,2015년 9월 18일 08시,금요일,경상남도 창원시 성산구 남양동,중상사고,0,1,0,0,차대차 - 측면직각충돌,안전운전불이행,건조,맑음,교차로 - 교차로부근,승용,여,42세,상해없음,자전거,남,15세,중상
2015091800100171,2015년 9월 18일 08시,금요일,경상남도 창원시 의창구 북면,중상사고,0,1,0,0,차대차 - 측면직각충돌,안전운전불이행,건조,맑음,교차로 - 교차로안,화물,남,62세,상해없음,승용,남,54세,중상
2015091800100214,2015년 9월 18일 09시,금요일,경상남도 김해시 서상동,경상사고,0,0,2,0,차대차 - 측면직각충돌,신호위반,건조,맑음,교차로 - 교차로안,승용,남,53세,상해없음,승용,여,35세,경상
2015091800100215,2015년 9월 18일 09시,금요일,경상남도 창녕군 창녕읍,경상사고,0,0,1,0,차대사람 - 차도통행중,안전운전불이행,건조,맑음,단일로 - 기타,승용,여,52세,상해없음,보행자,여,76세,경상
2015091800100216,2015년 9월 18일 09시,금요일,경상남도 양산시 덕계동,경상사고,0,0,1,0,차대사람 - 길가장자리구역통행중,안전운전불이행,건조,맑음,단일로 - 기타,승용,남,37세,상해없음,보행자,여,3세,경상
2015091800100257,2015년 9월 18일 10시,금요일,경상남도 거제시 상동동,중상사고,0,1,0,0,차대차 - 측면직각충돌,신호위반,건조,맑음,교차로 - 교차로안,화물,남,50세,상해없음,승용,여,39세,중상
2015091800100287,2015년 9월 18일 11시,금요일,경상남도 양산시 소주동,경상사고,0,0,1,0,차대차 - 추돌 - 주정차중,안전운전불이행,건조,맑음,교차로 - 교차로안,화물,남,55세,상해없음,이륜,남,44세,경상
2015091800100288,2015년 9월 18일 11시,금요일,경상남도 창원시 마산회원구 양덕동,경상사고,0,0,1,0,차대차 - 측면직각충돌,안전운전불이행,건조,맑음,교차로 - 교차로부근,승용,남,59세,상해없음,승용,여,43세,경상
2015091800100324,2015년 9월 18일 12시,금요일,경상남도 양산시 하북면,경상사고,0,0,2,0,차대차 - 측면직각충돌,직진우회전진행방해,건조,맑음,교차로 - 교차로안,승용,여,59세,상해없음,승용,여,19세,경상
2015091800100359,2015년 9월 18일 13시,금요일,경상남도 창원시 마산합포구 해운동,경상사고,0,0,1,0,차량단독 - 기타,안전운전불이행,건조,맑음,단일로 - 기타,승합,남,46세,상해없음,,,,
2015091800100360,2015년 9월 18일 13시,금요일,경상남도 양산시 북정동,경상사고,0,0,1,0,차대차 - 측면직각충돌,안전거리미확보,건조,맑음,단일로 - 기타,화물,남,56세,상해없음,이륜,남,62세,경상
2015091800100361,2015년 9월 18일 13시,금요일,경상남도 거제시 아주동,경상사고,0,0,1,0,차대차 - 측면직각충돌,교차로운행방법위반,건조,맑음,교차로 - 교차로안,승용,남,44세,상해없음,승용,여,33세,경상
2015091800100399,2015년 9월 18일 14시,금요일,경상남도 양산시 동면,경상사고,0,0,1,0,차대차 - 추돌 - 주정차중,안전운전불이행,건조,맑음,단일로 - 기타,화물,남,52세,상해없음,화물,남,38세,경상
2015091800100416,2015년 9월 18일 15시,금요일,경상남도 김해시 장유면,경상사고,0,0,1,0,차대차 - 기타,안전거리미확보,건조,맑음,단일로 - 기타,화물,남,52세,상해없음,화물,남,34세,경상
2015091800100439,2015년 9월 18일 15시,금요일,경상남도 통영시 광도면,중상사고,0,1,0,0,차대차 - 기타,신호위반,건조,맑음,교차로 - 교차로부근,승용,남,33세,상해없음,이륜,남,30세,중상
2015091800100440,2015년 9월 18일 15시,금요일,경상남도 사천시 사남면,경상사고,0,0,1,0,차대차 - 측면직각충돌,안전운전불이행,건조,맑음,교차로 - 교차로부근,화물,남,57세,상해없음,승용,여,39세,경상
2015091800100441,2015년 9월 18일 15시,금요일,경상남도 합천군 대병면,중상사고,0,1,0,0,차대차 - 정면충돌,안전운전불이행,건조,맑음,단일로 - 기타,승합,여,55세,상해없음,화물,남,65세,상해없음
2015091800100442,2015년 9월 18일 15시,금요일,경상남도 거제시 장평동,경상사고,0,0,1,0,차대사람 - 보도통행중,안전운전불이행,건조,맑음,단일로 - 기타,화물,남,53세,상해없음,보행자,남,23세,경상
2015091800100443,2015년 9월 18일 15시,금요일,경상남도 창원시 의창구 소계동,부상신고사고,0,0,0,2,차대차 - 추돌 - 주정차중,안전운전불이행,건조,맑음,단일로 - 기타,승합,남,54세,상해없음,승용,여,49세,부상신고
2015091800100444,2015년 9월 18일 15시,금요일,경상남도 창원시 의창구 대산면,경상사고,0,0,1,0,차대차 - 측면직각충돌,안전운전불이행,건조,맑음,기타 - 기타,승용,여,55세,상해없음,승용,여,27세,경상
2015091800100490,2015년 9월 18일 16시,금요일,경상남도 고성군 동해면,경상사고,0,0,1,0,차대사람 - 기타,안전운전불이행,건조,맑음,기타 - 기타,화물,남,56세,상해없음,보행자,남,49세,경상
2015091800100536,2015년 9월 18일 17시,금요일,경상남도 진주시 인사동,중상사고,0,1,0,0,차대차 - 기타,안전운전불이행,건조,맑음,단일로 - 기타,승용,남,36세,상해없음,자전거,남,75세,중상
2015091800100537,2015년 9월 18일 17시,금요일,경상남도 김해시 상동면,중상사고,0,1,0,0,차량단독 - 기타,안전운전불이행,건조,맑음,교차로 - 교차로부근,화물,남,72세,상해없음,,,,
2015091800100538,2015년 9월 18일 17시,금요일,경상남도 김해시 한림면,중상사고,0,1,0,0,차대차 - 기타,안전운전불이행,건조,맑음,단일로 - 기타,승용,남,29세,상해없음,이륜,남,37세,중상
2015091800100581,2015년 9월 18일 18시,금요일,경상남도 밀양시 삼문동,경상사고,0,0,1,0,차대차 - 추돌 - 진행중,안전운전불이행,건조,맑음,교차로 - 교차로안,승용,여,64세,상해없음,승용,남,67세,경상
2015091800100582,2015년 9월 18일 18시,금요일,경상남도 양산시 물금읍,경상사고,0,0,1,0,차대차 - 기타,신호위반,건조,맑음,교차로 - 교차로안,승용,여,50세,상해없음,원동기,남,23세,경상
2015091800100606,2015년 9월 18일 19시,금요일,경상남도 김해시 대동면,경상사고,0,0,1,2,차대차 - 추돌 - 주정차중,안전운전불이행,건조,맑음,단일로 - 교량,승용,남,45세,경상,승용,남,60세,상해없음
2015091800100636,2015년 9월 18일 19시,금요일,경상남도 창원시 진해구 경화동,경상사고,0,0,1,0,차량단독 - 기타,기타,건조,맑음,단일로 - 기타,승합,남,57세,상해없음,,,,
2015091800100637,2015년 9월 18일 19시,금요일,경상남도 하동군 적량면,중상사고,0,1,0,0,차대차 - 측면직각충돌,중앙선침범,건조,맑음,단일로 - 기타,승용,남,50세,상해없음,화물,남,61세,중상