사고번호,사고일시,요일,시군구,사고내용,사망자수,중상자수,경상자수,부상신고자수,사고유형,법규위반,노면상태,기상상태,도로형태,가해운전자 차종,가해운전자 성별,가해운전자 연령,가해운전자 상해정도,피해운전자 차종,피해운전자 성별,피해운전자 연령,피해운전자 상해정도
2015092100100664,2015년 9월 21일 20시,월요일,경상남도 양산시 하북면,부상신고사고,0,0,0,2,차대차 - 측면직각충돌,교차로운행방법위반,건조,맑음,교차로 - 교차로안,승용,여,65세,상해없음,승합,남,60세,상해없음
2015092100100665,2015년 9월 21일 20시,월요일,경상남도 김해시 주촌면,사망사고,1,0,0,0,차대사람 - 횡단중,안전운전불이행,건조,맑음,단일로 - 기타,승용,남,63세,상해없음,보행자,남,57세,사망
2015092100100700,2015년 9월 21일 21시,월요일,경상남도 창원시 마산합포구 월영동,경상사고,0,0,1,0,차량단독 - 기타,안전운전불이행,건조,맑음,단일로 - 기타,승용,남,60세,상해없음,,,,
2015092200100025,2015년 9월 22일 01시,화요일,경상남도 통영시 광도면,경상사고,0,0,4,0,차대차 - 측면직각충돌,직진우회전진행방해,건조,맑음,교차로 - 교차로안,승용,여,33세,상해없음,승용,남,39세,경상
2015092200100096,2015년 9월 22일 07시,화요일,경상남도 사천시 벌리동,부상신고사고,0,0,0,1,차대차 - 측면직각충돌,직진우회전진행방해,건조,맑음,교차로 - 교차로안,화물,남,75세,상해없음,화물,남,35세,상해없음
2015092200100097,2015년 9월 22일 07시,화요일,경상남도 밀양시 상남면,중상사고,0,2,1,0,차대차 - 추돌 - 진행중,안전거리미확보,건조,맑음,단일로 - 기타,화물,남,47세,상해없음,승용,남,57세,중상
2015092200100098,2015년 9월 22일 07시,화요일,경상남도 김해시 화목동,중상사고,0,1,0,0,차대차 - 정면충돌,중앙선침범,건조,맑음,단일로 - 기타,승용,여,35세,상해없음,화물,남,33세,중상
2015092200100157,2015년 9월 22일 08시,화요일,경상남도 창원시 진해구 용원동,경상사고,0,0,1,0,차대차 - 추돌 - 진행중,안전운전불이행,건조,맑음,단일로 - 기타,화물,남,54세,상해없음,승용,여,46세,경상
2015092200100158,2015년 9월 22일 08시,화요일,경상남도 양산시 물금읍,경상사고,0,0,1,0,차대차 - 측면직각충돌,기타,건조,맑음,교차로 - 교차로안,승용,남,72세,상해없음,승용,여,31세,경상
2015092200100159,2015년 9월 22일 08시,화요일,경상남도 창원시 의창구 대산면,중상사고,0,1,0,0,차대차 - 측면직각충돌,안전운전불이행,건조,맑음,교차로 - 교차로부근,승용,여,58세,상해없음,이륜,여,64세,중상
2015092200100198,2015년 9월 22일 09시,화요일,경상남도 통영시 광도면,경상사고,0,0,1,0,차대차 - 측면직각충돌,안전운전불이행,건조,맑음,단일로 - 기타,승용,여,32세,상해없음,승용,남,43세,경상
2015092200100199,2015년 9월 22일 09시,화요일,경상남도 창원시 마산회원구 합성동,중상사고,0,1,0,0,차대차 - 측면직각충돌,중앙선침범,건조,맑음,교차로 - 교차로부근,승용,여,49세,상해없음,이륜,남,71세,중상
2015092200100200,2015년 9월 22일 09시,화요일,경상남도 창원시 의창구 봉곡동,경상사고,0,0,1,0,차대차 - 측면직각충돌,안전운전불이행,건조,맑음,교차로 - 교차로안,승용,남,73세,상해없음,자전거,남,47세,경상
2015092200100201,2015년 9월 22일 09시,화요일,경상남도 김해시 한림면,경상사고,0,0,2,0,차대차 - 측면직각충돌,교차로운행방법위반,건조,맑음,교차로 - 교차로안,승용,남,30세,상해없음,승용,남,43세,경상
2015092200100267,2015년 9월 22일 11시,화요일,경상남도 밀양시 교동,경상사고,0,0,2,0,차대차 - 추돌 - 주정차중,안전운전불이행,건조,맑음,단일로 - 기타,승용,남,43세,상해없음,승합,남,60세,상해없음
2015092200100296,2015년 9월 22일 12시,화요일,경상남도 진주시 가좌동,중상사고,0,1,0,0,차대차 - 측면직각충돌,안전운전불이행,건조,흐림,단일로 - 기타,자전거,남,25세,중상,승용,여,44세,기타불명
2015092200100297,2015년 9월 22일 12시,화요일,경상남도 김해시 대동면,경상사고,0,0,1,0,차대차 - 기타,안전운전불이행,건조,맑음,교차로 - 교차로안,승합,남,54세,상해없음,승합,남,63세,경상
2015092200100298,2015년 9월 22일 12시,화요일,경상남도 창원시 의창구 대산면,경상사고,0,0,1,0,차대차 - 측면직각충돌,안전운전불이행,건조,맑음,교차로 - 교차로안,승용,남,44세,상해없음,이륜,남,73세,경상
2015092200100299,2015년 9월 22일 12시,화요일,경상남도 김해시 주촌면,중상사고,0,1,0,0,차량단독 - 전도전복,안전운전불이행,건조,맑음,단일로 - 기타,화물,남,67세,중상,,,,
2015092200100341,2015년 9월 22일 13시,화요일,경상남도 창원시 진해구 용원동,중상사고,0,1,1,0,차대차 - 측면직각충돌,신호위반,건조,맑음,교차로 - 교차로안,승합,남,62세,중상,특수,남,50세,경상
2015092200100342,2015년 9월 22일 13시,화요일,경상남도 양산시 북부동,중상사고,0,1,0,0,차대차 - 측면직각충돌,안전운전불이행,건조,맑음,단일로 - 기타,승용,남,59세,상해없음,원동기,여,58세,중상
2015092200100343,2015년 9월 22일 13시,화요일,경상남도 창원시 마산회원구 합성동,중상사고,0,1,1,0,차대차 - 측면직각충돌,안전운전불이행,건조,맑음,단일로 - 기타,승용,남,71세,상해없음,이륜,남,60세,중상
2015092200100382,2015년 9월 22일 14시,화요일,경상남도 합천군 초계면,중상사고,0,1,0,0,차대차 - 측면직각충돌,교차로운행방법위반,건조,맑음,교차로 - 교차로안,건설기계,남,51세,상해없음,승용,여,45세,중상
2015092200100433,2015년 9월 22일 15시,화요일,경상남도 김해시 지내동,중상사고,0,1,0,0,차대차 - 기타,신호위반,건조,맑음,교차로 - 교차로안,화물,남,44세,상해없음,이륜,남,27세,중상
2015092200100434,2015년 9월 22일 15시,화요일,경상남도 김해시 내동,경상사고,0,0,1,0,차대차 - 기타,안전운전불이행,건조,맑음,교차로 - 교차로부근,이륜,여,58세,경상,승합,남,73세,상해없음
2015092200100479,2015년 9월 22일 16시,화요일,경상남도 진주시 내동면,중상사고,0,3,1,0,차대차 - 추돌 - 주정차중,과속,건조,맑음,교차로 - 교차로부근,승용,남,43세,상해없음,화물,남,49세,중상
2015092200100480,2015년 9월 22일 16시,화요일,경상남도 통영시 미수동,경상사고,0,0,1,0,차대차 - 추돌 - 주정차중,안전운전불이행,건조,맑음,단일로 - 기타,승용,남,64세,상해없음,승용,남,46세,경상
2015092200100481,2015년 9월 22일 16시,화요일,경상남도 밀양시 교동,중상사고,0,1,0,1,차대차 - 측면직각충돌,교차로운행방법위반,건조,맑음,교차로 - 교차로안,승용,여,60세,상해없음,승용,남,61세,부상신고
2015092200100482,2015년 9월 22일 16시,화요일,경상남도 창원시 마산회원구 구암동,중상사고,0,1,0,0,차대차 - 측면직각충돌,안전운전불이행,건조,맑음,단일로 - 기타,승용,여,28세,상해없음,자전거,남,35세,중상
2015092200100528,2015년 9월 22일 17시,화요일,경상남도 통영시 무전동,중상사고,0,1,0,0,차대사람 - 횡단중,보행자보호의무위반,건조,맑음,단일로 - 횡단보도상,승용,여,46세,상해없음,보행자,여,5세,중상
2015092200100529,2015년 9월 22일 17시,화요일,경상남도 거창군 가조면,부상신고사고,0,0,0,1,차대차 - 측면직각충돌,안전운전불이행,건조,맑음,교차로 - 교차로안,이륜,여,62세,부상신고,화물,남,55세,상해없음
2015092200100530,2015년 9월 22일 17시,화요일,경상남도 창원시 마산회원구 내서읍,경상사고,0,0,1,0,차대차 - 측면직각충돌,중앙선침범,건조,맑음,단일로 - 기타,승용,여,49세,상해없음,승용,남,33세,경상
2015092200100628,2015년 9월 22일 19시,화요일,경상남도 진주시 동성동,경상사고,0,0,1,0,차대차 - 측면직각충돌,신호위반,건조,맑음,교차로 - 교차로부근,승용,남,44세,상해없음,자전거,남,43세,경상
2015092200100629,2015년 9월 22일 19시,화요일,경상남도 창원시 진해구 안골동,경상사고,0,0,3,0,차대차 - 추돌 - 주정차중,안전운전불이행,건조,맑음,교차로 - 교차로부근,특수,남,48세,경상,특수,남,42세,경상
2015092200100630,2015년 9월 22일 19시,화요일,경상남도 통영시 광도면,경상사고,0,0,1,0,차대차 - 추돌 - 주정차중,안전운전불이행,건조,맑음,단일로 - 기타,승용,남,39세,상해없음,화물,남,35세,경상
2015092200100631,2015년 9월 22일 19시,화요일,경상남도 김해시 대성동,중상사고,0,1,0,0,차대차 - 추돌 - 주정차중,안전거리미확보,건조,맑음,단일로 - 기타,승용,남,40세,상해없음,승용,여,48세,중상
2015092200100632,2015년 9월 22일 19시,화요일,경상남도 창원시 의창구 용호동,중상사고,0,1,0,0,차대차 - 기타,안전운전불이행,건조,맑음,교차로 - 교차로부근,승용,여,26세,상해없음,자전거,여,60세,중상
2015092200100666,2015년 9월 22일 20시,화요일,경상남도 김해시 삼계동,경상사고,0,0,2,0,차대차 - 추돌 - 진행중,안전운전불이행,건조,맑음,교차로 - 교차로안,이륜,남,57세,경상,이륜,남,44세,경상
2015092200100667,2015년 9월 22일 20시,화요일,경상남도 창녕군 대지면,경상사고,0,0,5,0,차대차 - 측면직각충돌,직진우회전진행방해,건조,맑음,교차로 - 교차로안,화물,남,42세,경상,승용,남,22세,경상
2015092200100668,2015년 9월 22일 20시,화요일,경상남도 김해시 장유면,경상사고,0,0,1,0,차대사람 - 기타,안전운전불이행,건조,맑음,단일로 - 기타,승용,남,35세,상해없음,보행자,남,57세,경상
2015092200100707,2015년 9월 22일 21시,화요일,경상남도 김해시 어방동,중상사고,0,1,1,0,차대차 - 측면직각충돌,중앙선침범,건조,맑음,교차로 - 교차로부근,이륜,남,16세,경상,승용,남,45세,상해없음
2015092200100708,2015년 9월 22일 21시,화요일,경상남도 하동군 하동읍,사망사고,1,1,0,0,차대사람 - 차도통행중,안전운전불이행,건조,맑음,단일로 - 기타,원동기,남,50세,사망,보행자,남,26세,중상
2015092200100709,2015년 9월 22일 21시,화요일,경상남도 창원시 의창구 봉곡동,경상사고,0,0,2,0,차대차 - 측면직각충돌,안전운전불이행,건조,맑음,교차로 - 교차로부근,승용,남,36세,상해없음,승용,여,50세,경상
2015092200100737,2015년 9월 22일 22시,화요일,경상남도 사천시 향촌동,경상사고,0,0,4,0,차대차 - 측면직각충돌,신호위반,건조,맑음,교차로 - 교차로안,승용,여,23세,상해없음,승용,남,44세,경상
2015092200100738,2015년 9월 22일 22시,화요일,경상남도 창원시 의창구 대원동,중상사고,0,1,0,0,차대사람 - 횡단중,안전운전불이행,건조,맑음,단일로 - 기타,승용,남,30세,상해없음,보행자,여,29세,중상
2015092200100764,2015년 9월 22일 23시,화요일,경상남도 창원시 의창구 소답동,경상사고,0,0,1,0,차대사람 - 길가장자리구역통행중,안전운전불이행,건조,맑음,단일로 - 기타,승용,남,61세,상해없음,보행자,남,47세,경상
2015092300100012,2015년 9월 23일 00시,수요일,경상남도 거제시 양정동,중상사고,0,1,0,0,차대차 - 추돌 - 진행중,교차로운행방법위반,건조,맑음,교차로 - 교차로부근,승용,여,39세,상해없음,원동기,남,16세,중상
2015092300100044,2015년 9월 23일 03시,수요일,경상남도 사천시 벌리동,경상사고,0,0,1,0,차대차 - 측면직각충돌,안전운전불이행,건조,맑음,교차로 - 교차로안,승용,여,35세,상해없음,승용,여,51세,경상
2015092300100066,2015년 9월 23일 05시,수요일,경상남도 거제시 장목면,중상사고,0,1,1,0,차대차 - 기타,안전운전불이행,건조,맑음,단일로 - 기타,승용,남,24세,기타불명,화물,남,57세,중상
2015092300100067,2015년 9월 23일 05시,수요일,경상남도 창원시 마산회원구 양덕동,중상사고,0,1,0,0,차대사람 - 횡단중,안전운전불이행,건조,맑음,교차로 - 교차로부근,승용,여,58세,상해없음,보행자,여,81세,중상
2015092300100068,2015년 9월 23일 05시,수요일,경상남도 창원시 의창구 동읍,사망사고,1,0,0,0,차대차 - 추돌 - 진행중,안전운전불이행,건조,맑음,단일로 - 기타,화물,남,40세,기타불명,화물,남,44세,사망
2015092300100085,2015년 9월 23일 06시,수요일,경상남도 거제시 아양동,중상사고,0,1,0,0,차대차 - 기타,중앙선침범,건조,맑음,단일로 - 기타,승용,남,55세,상해없음,원동기,남,53세,중상
2015092300100094,2015년 9월 23일 07시,수요일,경상남도 밀양시 상남면,경상사고,0,0,1,0,차대차 - 추돌 - 진행중,안전거리미확보,습기,흐림,단일로 - 기타,승용,남,57세,상해없음,화물,남,54세,경상
2015092300100109,2015년 9월 23일 07시,수요일,경상남도 창원시 진해구 여좌동,경상사고,0,0,2,0,차대차 - 측면직각충돌,직진우회전진행방해,건조,맑음,교차로 - 교차로안,화물,남,50세,경상,자전거,남,17세,경상
2015092300100110,2015년 9월 23일 07시,수요일,경상남도 창원시 진해구 여좌동,경상사고,0,0,2,0,차대사람 - 횡단중,신호위반,습기,비,교차로 - 교차로안,승용,남,60세,상해없음,보행자,여,21세,경상
2015092300100155,2015년 9월 23일 08시,수요일,경상남도 김해시 동상동,경상사고,0,0,1,0,차대차 - 추돌 - 진행중,교차로운행방법위반,건조,흐림,교차로 - 교차로안,승용,남,51세,상해없음,승용,여,36세,경상
2015092300100156,2015년 9월 23일 08시,수요일,경상남도 창원시 의창구 대산면,경상사고,0,0,3,0,차대차 - 정면충돌,안전거리미확보,건조,맑음,교차로 - 교차로안,승용,남,38세,상해없음,승용,여,59세,경상
2015092300100219,2015년 9월 23일 10시,수요일,경상남도 함안군 칠원읍,중상사고,0,1,0,0,차대사람 - 기타,기타,건조,맑음,기타 - 기타,승합,남,55세,기타불명,보행자,여,87세,중상
2015092300100250,2015년 9월 23일 11시,수요일,경상남도 진주시 금산면,중상사고,0,1,0,0,차대사람 - 횡단중,보행자보호의무위반,건조,맑음,교차로 - 교차로안,화물,남,28세,상해없음,보행자,여,72세,중상
2015092300100251,2015년 9월 23일 11시,수요일,경상남도 사천시 향촌동,경상사고,0,0,1,1,차대차 - 측면직각충돌,직진우회전진행방해,습기,비,교차로 - 교차로안,화물,남,55세,상해없음,승용,남,44세,경상
2015092300100252,2015년 9월 23일 11시,수요일,경상남도 산청군 단성면,중상사고,0,1,0,0,차대차 - 측면직각충돌,안전운전불이행,습기,비,교차로 - 교차로부근,승용,남,61세,상해없음,이륜,여,73세,중상
2015092300100285,2015년 9월 23일 12시,수요일,경상남도 사천시 좌룡동,경상사고,0,0,2,0,차대차 - 추돌 - 주정차중,안전운전불이행,습기,비,단일로 - 기타,화물,남,45세,상해없음,승용,여,45세,경상
2015092300100286,2015년 9월 23일 12시,수요일,경상남도 양산시 삼호동,경상사고,0,0,1,0,차대사람 - 기타,안전운전불이행,건조,맑음,기타 - 기타,승용,여,50세,상해없음,보행자,여,67세,경상
2015092300100287,2015년 9월 23일 12시,수요일,경상남도 양산시 동면,중상사고,0,1,1,0,차량단독 - 공작물충돌,안전운전불이행,습기,비,교차로 - 교차로안,원동기,남,76세,경상,,,,
2015092300100288,2015년 9월 23일 12시,수요일,경상남도 하동군 진교면,경상사고,0,0,2,0,차대차 - 추돌 - 주정차중,안전운전불이행,습기,비,단일로 - 기타,화물,남,67세,상해없음,승용,여,62세,경상
2015092300100289,2015년 9월 23일 12시,수요일,경상남도 거제시 고현동,경상사고,0,0,1,0,차대차 - 기타,교차로운행방법위반,습기,비,교차로 - 교차로안,승용,여,26세,상해없음,이륜,남,36세,경상
2015092300100290,2015년 9월 23일 12시,수요일,경상남도 함안군 군북면,중상사고,0,1,0,0,차대차 - 측면직각충돌,신호위반,습기,비,교차로 - 교차로안,건설기계,남,45세,상해없음,화물,남,72세,중상
2015092300100291,2015년 9월 23일 12시,수요일,경상남도 김해시 진영읍,중상사고,0,1,2,0,차대차 - 측면직각충돌,신호위반,습기,비,교차로 - 교차로안,승용,남,47세,상해없음,승용,여,46세,상해없음
2015092300100328,2015년 9월 23일 13시,수요일,경상남도 통영시 무전동,경상사고,0,0,1,0,차대사람 - 기타,기타,습기,흐림,단일로 - 기타,승용,남,56세,상해없음,보행자,여,43세,경상
2015092300100329,2015년 9월 23일 13시,수요일,경상남도 합천군 청덕면,중상사고,0,2,0,0,차대차 - 정면충돌,교차로운행방법위반,습기,비,교차로 - 교차로안,화물,남,67세,중상,승용,남,34세,중상
2015092300100330,2015년 9월 23일 13시,수요일,경상남도 남해군 서면,중상사고,0,1,0,1,차대차 - 측면직각충돌,중앙선침범,습기,비,단일로 - 기타,승용,남,44세,부상신고,화물,남,71세,중상
2015092300100367,2015년 9월 23일 14시,수요일,경상남도 사천시 용강동,중상사고,0,2,1,0,차대차 - 추돌 - 주정차중,중앙선침범,습기,비,교차로 - 교차로안,승용,남,49세,상해없음,승용,여,71세,중상
2015092300100401,2015년 9월 23일 15시,수요일,경상남도 창원시 마산합포구 자산동,중상사고,0,1,0,0,차대사람 - 기타,안전운전불이행,건조,맑음,단일로 - 기타,화물,남,35세,상해없음,보행자,여,76세,중상
2015092300100402,2015년 9월 23일 15시,수요일,경상남도 거창군 거창읍,부상신고사고,0,0,0,1,차대차 - 측면직각충돌,안전운전불이행,건조,맑음,단일로 - 기타,자전거,여,75세,부상신고,승용,남,36세,상해없음
2015092300100403,2015년 9월 23일 15시,수요일,경상남도 하동군 금남면,중상사고,0,2,0,0,차대차 - 정면충돌,중앙선침범,습기,비,단일로 - 기타,승용,남,69세,상해없음,화물,남,66세,중상
2015092300100456,2015년 9월 23일 16시,수요일,경상남도 창원시 마산회원구 내서읍,경상사고,0,0,1,0,차대사람 - 기타,보행자보호의무위반,건조,맑음,교차로 - 교차로부근,화물,남,55세,상해없음,보행자,여,56세,경상
2015092300100501,2015년 9월 23일 17시,수요일,경상남도 양산시 명동,중상사고,0,1,0,1,차대차 - 추돌 - 주정차중,안전운전불이행,습기,비,교차로 - 교차로부근,승용,남,39세,상해없음,화물,남,62세,중상
2015092300100502,2015년 9월 23일 17시,수요일,경상남도 거제시 고현동,중상사고,0,1,0,0,차대차 - 기타,안전운전불이행,습기,비,단일로 - 기타,승용,남,32세,상해없음,이륜,남,40세,중상
2015092300100562,2015년 9월 23일 18시,수요일,경상남도 통영시 광도면,중상사고,0,1,0,0,차대차 - 측면직각충돌,안전운전불이행,습기,비,단일로 - 기타,승용,남,50세,상해없음,승용,남,50세,상해없음
2015092300100563,2015년 9월 23일 18시,수요일,경상남도 김해시 삼계동,경상사고,0,0,1,0,차대차 - 측면직각충돌,직진우회전진행방해,습기,비,교차로 - 교차로안,승용,남,34세,상해없음,승용,여,43세,경상
2015092300100564,2015년 9월 23일 18시,수요일,경상남도 양산시 중부동,중상사고,0,1,0,0,차대차 - 추돌 - 주정차중,안전거리미확보,습기,비,교차로 - 교차로부근,승용,여,42세,상해없음,승용,여,42세,중상
2015092300100565,2015년 9월 23일 18시,수요일,경상남도 거제시 옥포동,경상사고,0,0,1,0,차대사람 - 기타,안전운전불이행,습기,비,단일로 - 기타,기타불명,기타불명,기타불명,기타불명,보행자,여,23세,경상
2015092300100566,2015년 9월 23일 18시,수요일,경상남도 거제시 고현동,경상사고,0,0,1,0,차대사람 - 길가장자리구역통행중,안전운전불이행,습기,비,단일로 - 기타,기타불명,기타불명,기타불명,기타불명,보행자,남,16세,경상
2015092300100625,2015년 9월 23일 19시,수요일,경상남도 김해시 삼정동,중상사고,0,2,1,0,차대사람 - 횡단중,보행자보호의무위반,습기,비,단일로 - 횡단보도상,이륜,남,17세,중상,보행자,남,31세,중상
2015092300100626,2015년 9월 23일 19시,수요일,경상남도 창원시 의창구 팔용동,사망사고,1,0,1,0,차대차 - 추돌 - 진행중,안전운전불이행,습기,비,교차로 - 교차로안,특수,남,39세,상해없음,승용,남,65세,상해없음
2015092300100627,2015년 9월 23일 19시,수요일,경상남도 김해시 장유면,중상사고,0,1,0,0,차대사람 - 횡단중,보행자보호의무위반,습기,비,단일로 - 횡단보도상,승용,남,56세,상해없음,보행자,남,25세,중상
2015092300100680,2015년 9월 23일 20시,수요일,경상남도 김해시 내동,중상사고,0,1,0,0,차대차 - 측면직각충돌,차로위반,습기,비,단일로 - 기타,승용,남,59세,상해없음,이륜,남,23세,중상
2015092300100681,2015년 9월 23일 20시,수요일,경상남도 양산시 평산동,부상신고사고,0,0,0,1,차대차 - 측면직각충돌,직진우회전진행방해,습기,비,교차로 - 교차로안,원동기,남,27세,부상신고,승용,남,44세,상해없음
2015092300100682,2015년 9월 23일 20시,수요일,경상남도 창원시 성산구 중앙동,중상사고,0,4,3,0,차대차 - 기타,신호위반,습기,비,교차로 - 교차로안,승용,남,52세,경상,승용,남,36세,중상
2015092300100683,2015년 9월 23일 20시,수요일,경상남도 창원시 마산회원구 구암동,중상사고,0,1,0,0,차대사람 - 횡단중,안전운전불이행,습기,비,교차로 - 교차로부근,이륜,남,70세,상해없음,보행자,남,50세,중상
2015092300100728,2015년 9월 23일 21시,수요일,경상남도 창원시 마산합포구 덕동동,경상사고,0,0,1,0,차대차 - 기타,신호위반,건조,맑음,단일로 - 기타,승합,남,61세,상해없음,승용,여,45세,경상
2015092300100729,2015년 9월 23일 21시,수요일,경상남도 창원시 진해구 태백동,경상사고,0,0,1,0,차대차 - 추돌 - 주정차중,안전운전불이행,습기,비,단일로 - 기타,승용,남,55세,경상,승용,여,43세,상해없음
2015092300100730,2015년 9월 23일 21시,수요일,경상남도 사천시 정동면,부상신고사고,0,0,0,1,차대사람 - 기타,안전운전불이행,건조,맑음,교차로 - 교차로부근,기타불명,기타불명,기타불명,기타불명,보행자,남,22세,부상신고
2015092300100731,2015년 9월 23일 21시,수요일,경상남도 거제시 연초면,경상사고,0,0,1,1,차량단독 - 전도전복,안전운전불이행,습기,비,단일로 - 기타,승용,남,70세,상해없음,,,,
2015092300100732,2015년 9월 23일 21시,수요일,경상남도 거제시 아양동,경상사고,0,0,1,0,차대차 - 추돌 - 진행중,안전거리미확보,습기,비,단일로 - 기타,승용,남,49세,상해없음,승용,남,40세,경상
2015092300100733,2015년 9월 23일 21시,수요일,경상남도 창원시 의창구 팔용동,중상사고,0,1,0,0,차대차 - 정면충돌,안전운전불이행,습기,비,교차로 - 교차로안,승용,남,64세,상해없음,이륜,남,47세,중상
2015092300100775,2015년 9월 23일 22시,수요일,경상남도 창원시 진해구 인사동,중상사고,0,1,0,0,차대차 - 측면직각충돌,교차로운행방법위반,습기,비,교차로 - 교차로안,원동기,남,19세,중상,승용,남,55세,상해없음
2015092300100776,2015년 9월 23일 22시,수요일,경상남도 통영시 광도면,경상사고,0,0,3,0,차대차 - 정면충돌,중앙선침범,습기,비,단일로 - 기타,화물,남,53세,경상,승합,남,40세,경상
2015092300100777,2015년 9월 23일 22시,수요일,경상남도 양산시 중부동,중상사고,0,1,0,0,차대차 - 기타,신호위반,습기,비,교차로 - 교차로부근,승용,남,38세,상해없음,승용,남,60세,중상
2015092300100778,2015년 9월 23일 22시,수요일,경상남도 거제시 고현동,중상사고,0,1,0,0,차대차 - 측면직각충돌,교차로운행방법위반,습기,비,교차로 - 교차로안,승용,남,25세,상해없음,이륜,남,49세,중상
2015092300100779,2015년 9월 23일 22시,수요일,경상남도 김해시 장유면,중상사고,0,1,0,0,차대사람 - 횡단중,보행자보호의무위반,습기,비,교차로 - 교차로부근,승합,남,49세,상해없음,보행자,남,17세,중상
2015092300100806,2015년 9월 23일 23시,수요일,경상남도 김해시 삼계동,중상사고,0,1,0,0,차대차 - 기타,안전운전불이행,습기,흐림,교차로 - 교차로안,화물,남,50세,상해없음,이륜,남,38세,중상
2015092300100807,2015년 9월 23일 23시,수요일,경상남도 김해시 구산동,경상사고,0,0,2,0,차량단독 - 공작물충돌,안전운전불이행,습기,흐림,단일로 - 기타,화물,남,62세,경상,,,,
2015092300100808,2015년 9월 23일 23시,수요일,경상남도 거제시 일운면,중상사고,0,1,0,0,차대사람 - 횡단중,안전운전불이행,습기,비,단일로 - 기타,승용,여,44세,상해없음,보행자,남,58세,중상
2015092300100809,2015년 9월 23일 23시,수요일,경상남도 김해시 장유면,중상사고,0,1,0,0,차대사람 - 횡단중,안전운전불이행,건조,맑음,단일로 - 기타,원동기,남,45세,상해없음,보행자,여,45세,중상
2015092400100019,2015년 9월 24일 00시,목요일,경상남도 창원시 마산회원구 내서읍,중상사고,0,1,0,0,차대차 - 정면충돌,중앙선침범,습기,비,교차로 - 교차로부근,승용,남,38세,상해없음,승용,여,51세,중상
2015092400100130,2015년 9월 24일 07시,목요일,경상남도 진주시 수정동,중상사고,0,1,0,0,차대사람 - 횡단중,보행자보호의무위반,건조,흐림,교차로 - 교차로부근,승용,여,61세,상해없음,보행자,여,73세,중상
2015092400100131,2015년 9월 24일 07시,목요일,경상남도 김해시 구산동,경상사고,0,0,1,0,차대차 - 측면직각충돌,직진우회전진행방해,습기,흐림,교차로 - 교차로안,승용,남,31세,상해없음,승용,남,75세,경상
2015092400100166,2015년 9월 24일 08시,목요일,경상남도 김해시 삼방동,경상사고,0,0,1,0,차대사람 - 횡단중,보행자보호의무위반,건조,흐림,단일로 - 횡단보도상,승용,여,63세,상해없음,보행자,여,25세,경상
2015092400100167,2015년 9월 24일 08시,목요일,경상남도 김해시 진영읍,경상사고,0,0,1,0,차대차 - 정면충돌,중앙선침범,습기,흐림,단일로 - 교량,승용,남,43세,상해없음,승용,여,48세,경상
2015092400100211,2015년 9월 24일 09시,목요일,경상남도 사천시 벌리동,경상사고,0,0,1,0,차량단독 - 기타,안전운전불이행,건조,맑음,교차로 - 교차로안,승용,남,61세,상해없음,,,,
2015092400100212,2015년 9월 24일 09시,목요일,경상남도 양산시 덕계동,중상사고,0,1,0,0,차대차 - 추돌 - 진행중,안전거리미확보,건조,맑음,단일로 - 기타,화물,남,29세,상해없음,승용,여,24세,중상
2015092400100213,2015년 9월 24일 09시,목요일,경상남도 양산시 덕계동,부상신고사고,0,0,0,1,차대차 - 추돌 - 진행중,안전거리미확보,건조,맑음,단일로 - 기타,화물,남,40세,상해없음,승용,여,46세,부상신고
2015092400100214,2015년 9월 24일 09시,목요일,경상남도 창원시 의창구 북면,중상사고,0,1,1,0,차대차 - 정면충돌,중앙선침범,건조,맑음,단일로 - 기타,화물,남,57세,상해없음,화물,남,29세,경상
2015092400100245,2015년 9월 24일 10시,목요일,경상남도 김해시 삼정동,중상사고,0,1,0,0,차대차 - 측면직각충돌,안전운전불이행,건조,맑음,교차로 - 교차로안,승용,남,48세,상해없음,승용,남,54세,중상
2015092400100246,2015년 9월 24일 10시,목요일,경상남도 양산시 신기동,경상사고,0,0,1,0,차대차 - 추돌 - 진행중,안전거리미확보,습기,비,단일로 - 기타,화물,남,56세,상해없음,승용,여,49세,경상
2015092400100247,2015년 9월 24일 10시,목요일,경상남도 고성군 고성읍,경상사고,0,0,1,0,차대사람 - 횡단중,교차로운행방법위반,건조,맑음,교차로 - 교차로안,승용,남,57세,상해없음,보행자,여,76세,경상
2015092400100275,2015년 9월 24일 11시,목요일,경상남도 진주시 대곡면,중상사고,0,1,0,0,차대차 - 정면충돌,직진우회전진행방해,건조,흐림,교차로 - 교차로안,건설기계,남,53세,상해없음,이륜,남,68세,중상
2015092400100276,2015년 9월 24일 11시,목요일,경상남도 김해시 내동,중상사고,0,1,0,0,차대차 - 기타,안전운전불이행,습기,흐림,교차로 - 교차로부근,승용,남,35세,상해없음,자전거,남,71세,중상
2015092400100277,2015년 9월 24일 11시,목요일,경상남도 거제시 수월동,중상사고,0,1,0,0,차대사람 - 횡단중,신호위반,건조,맑음,교차로 - 교차로안,승용,여,42세,상해없음,보행자,여,78세,중상
2015092400100278,2015년 9월 24일 11시,목요일,경상남도 창원시 성산구 신촌동,경상사고,0,0,2,0,차대차 - 측면직각충돌,신호위반,건조,맑음,교차로 - 교차로안,승용,여,32세,상해없음,화물,남,26세,경상