사고번호,사고일시,요일,시군구,사고내용,사망자수,중상자수,경상자수,부상신고자수,사고유형,법규위반,노면상태,기상상태,도로형태,가해운전자 차종,가해운전자 성별,가해운전자 연령,가해운전자 상해정도,피해운전자 차종,피해운전자 성별,피해운전자 연령,피해운전자 상해정도
2015092400100308,2015년 9월 24일 12시,목요일,경상남도 진주시 문산읍,중상사고,0,1,1,0,차량단독 - 기타,안전운전불이행,건조,맑음,교차로 - 교차로부근,승용,남,59세,경상,,,,
2015092400100309,2015년 9월 24일 12시,목요일,경상남도 밀양시 가곡동,중상사고,0,1,0,0,차대사람 - 횡단중,안전운전불이행,건조,맑음,교차로 - 교차로안,화물,남,63세,상해없음,보행자,남,82세,중상
2015092400100310,2015년 9월 24일 12시,목요일,경상남도 김해시 장유면,중상사고,0,1,0,0,차대차 - 추돌 - 진행중,중앙선침범,습기,비,교차로 - 교차로부근,화물,남,42세,상해없음,승용,남,62세,중상
2015092400100340,2015년 9월 24일 13시,목요일,경상남도 창원시 마산합포구 월영동,경상사고,0,0,1,0,차대사람 - 기타,안전운전불이행,건조,맑음,교차로 - 교차로안,승용,남,45세,상해없음,보행자,남,70세,경상
2015092400100341,2015년 9월 24일 13시,목요일,경상남도 창원시 진해구 남양동,경상사고,0,0,2,0,차대차 - 추돌 - 진행중,안전운전불이행,건조,맑음,단일로 - 기타,승용,남,57세,상해없음,승용,여,56세,경상
2015092400100342,2015년 9월 24일 13시,목요일,경상남도 창원시 마산회원구 합성동,중상사고,0,1,0,0,차대사람 - 길가장자리구역통행중,안전운전불이행,건조,맑음,단일로 - 기타,승용,여,48세,상해없음,보행자,남,69세,중상
2015092400100371,2015년 9월 24일 14시,목요일,경상남도 합천군 봉산면,경상사고,0,0,1,0,차대차 - 측면직각충돌,안전운전불이행,건조,맑음,교차로 - 교차로안,화물,남,62세,상해없음,화물,남,46세,경상
2015092400100372,2015년 9월 24일 14시,목요일,경상남도 창녕군 성산면,경상사고,0,0,1,0,차대차 - 추돌 - 진행중,안전운전불이행,건조,맑음,단일로 - 기타,농기계,남,76세,경상,승용,여,48세,상해없음
2015092400100410,2015년 9월 24일 15시,목요일,경상남도 양산시 평산동,부상신고사고,0,0,0,2,차대차 - 추돌 - 주정차중,안전거리미확보,습기,비,단일로 - 기타,화물,남,68세,상해없음,승용,여,40세,상해없음
2015092400100461,2015년 9월 24일 16시,목요일,경상남도 통영시 광도면,경상사고,0,0,1,0,차대사람 - 기타,안전운전불이행,건조,흐림,기타 - 기타,승용,여,52세,상해없음,보행자,남,2세,경상
2015092400100462,2015년 9월 24일 16시,목요일,경상남도 양산시 원동면,경상사고,0,0,1,0,차대사람 - 횡단중,안전운전불이행,건조,맑음,단일로 - 기타,화물,남,45세,상해없음,보행자,여,77세,경상
2015092400100463,2015년 9월 24일 16시,목요일,경상남도 함안군 군북면,사망사고,1,0,0,0,차대차 - 기타,안전운전불이행,건조,맑음,단일로 - 기타,화물,남,58세,상해없음,이륜,남,69세,사망
2015092400100464,2015년 9월 24일 16시,목요일,경상남도 창원시 마산합포구 산호동,경상사고,0,0,1,0,차대차 - 추돌 - 주정차중,안전운전불이행,건조,맑음,교차로 - 교차로부근,승용,남,45세,상해없음,화물,남,38세,경상
2015092400100504,2015년 9월 24일 17시,목요일,경상남도 통영시 산양읍,경상사고,0,0,1,0,차대차 - 측면직각충돌,중앙선침범,건조,흐림,단일로 - 기타,화물,남,35세,상해없음,화물,남,69세,경상
2015092400100505,2015년 9월 24일 17시,목요일,경상남도 양산시 동면,중상사고,0,1,1,1,차대차 - 측면직각충돌,안전거리미확보,습기,비,단일로 - 기타,승용,남,55세,상해없음,화물,남,42세,부상신고
2015092400100506,2015년 9월 24일 17시,목요일,경상남도 양산시 삼호동,경상사고,0,0,1,1,차대차 - 측면직각충돌,직진우회전진행방해,건조,맑음,교차로 - 교차로안,승용,남,67세,부상신고,화물,남,64세,경상
2015092400100553,2015년 9월 24일 18시,목요일,경상남도 창원시 진해구 이동,경상사고,0,0,1,0,차대사람 - 길가장자리구역통행중,안전운전불이행,건조,맑음,단일로 - 기타,화물,남,29세,상해없음,보행자,남,56세,경상
2015092400100554,2015년 9월 24일 18시,목요일,경상남도 밀양시 가곡동,경상사고,0,0,1,0,차대차 - 측면직각충돌,교차로운행방법위반,건조,맑음,교차로 - 교차로안,승용,남,59세,상해없음,승용,여,40세,경상
2015092400100555,2015년 9월 24일 18시,목요일,경상남도 김해시 대동면,부상신고사고,0,0,0,1,차대차 - 기타,신호위반,습기,비,교차로 - 교차로안,이륜,남,63세,부상신고,화물,남,42세,기타불명
2015092400100606,2015년 9월 24일 19시,목요일,경상남도 창원시 마산합포구 중앙동2가,경상사고,0,0,1,0,차대사람 - 보도통행중,기타,건조,맑음,기타 - 기타,이륜,남,66세,상해없음,보행자,남,4세,경상
2015092400100607,2015년 9월 24일 19시,목요일,경상남도 거창군 거창읍,경상사고,0,0,1,0,차대차 - 추돌 - 주정차중,안전운전불이행,건조,맑음,교차로 - 교차로부근,승용,여,41세,경상,승용,여,39세,상해없음
2015092400100608,2015년 9월 24일 19시,목요일,경상남도 창원시 성산구 대방동,중상사고,0,1,0,0,차대차 - 측면직각충돌,안전운전불이행,건조,맑음,교차로 - 교차로안,승용,여,39세,상해없음,원동기,남,49세,중상
2015092400100657,2015년 9월 24일 20시,목요일,경상남도 창원시 성산구 상남동,경상사고,0,0,1,0,차대차 - 측면직각충돌,과속,건조,맑음,단일로 - 기타,승용,남,23세,상해없음,승용,여,40세,경상
2015092400100658,2015년 9월 24일 20시,목요일,경상남도 김해시 외동,중상사고,0,1,1,0,차대차 - 추돌 - 주정차중,안전운전불이행,건조,맑음,단일로 - 기타,승용,남,22세,상해없음,승용,남,53세,경상
2015092400100659,2015년 9월 24일 20시,목요일,경상남도 김해시 진영읍,중상사고,0,1,0,0,차량단독 - 공작물충돌,안전운전불이행,건조,맑음,단일로 - 기타,이륜,남,45세,상해없음,,,,
2015092400100697,2015년 9월 24일 21시,목요일,경상남도 창원시 마산합포구 서성동,경상사고,0,0,2,0,차대차 - 기타,신호위반,건조,맑음,교차로 - 교차로안,승합,남,55세,상해없음,승용,여,50세,경상
2015092400100698,2015년 9월 24일 21시,목요일,경상남도 사천시 용강동,경상사고,0,0,1,0,차량단독 - 공작물충돌,안전운전불이행,건조,맑음,교차로 - 교차로안,승용,여,50세,경상,,,,
2015092400100699,2015년 9월 24일 21시,목요일,경상남도 창원시 의창구 서상동,사망사고,1,0,1,0,차대차 - 추돌 - 주정차중,안전운전불이행,건조,맑음,단일로 - 횡단보도상,승용,남,29세,상해없음,이륜,남,50세,사망
2015092400100740,2015년 9월 24일 22시,목요일,경상남도 김해시 동상동,중상사고,0,1,1,0,차대차 - 추돌 - 진행중,안전운전불이행,건조,맑음,교차로 - 교차로부근,승용,남,29세,상해없음,승합,남,54세,상해없음
2015092400100741,2015년 9월 24일 22시,목요일,경상남도 산청군 시천면,중상사고,0,1,0,0,차대사람 - 길가장자리구역통행중,안전운전불이행,건조,맑음,단일로 - 기타,화물,남,50세,상해없음,보행자,남,50세,중상
2015092400100742,2015년 9월 24일 22시,목요일,경상남도 창원시 성산구 가음동,중상사고,0,1,0,0,차대차 - 측면직각충돌,안전운전불이행,건조,맑음,교차로 - 교차로안,승용,여,50세,상해없음,원동기,남,42세,중상
2015092400100770,2015년 9월 24일 23시,목요일,경상남도 진주시 신안동,중상사고,0,1,0,0,차대차 - 측면직각충돌,중앙선침범,건조,맑음,교차로 - 교차로부근,승용,남,46세,상해없음,이륜,남,26세,중상
2015092400100771,2015년 9월 24일 23시,목요일,경상남도 함안군 가야읍,경상사고,0,0,1,0,차대사람 - 횡단중,안전운전불이행,건조,맑음,교차로 - 교차로안,승용,남,25세,상해없음,보행자,남,21세,경상
2015092400100772,2015년 9월 24일 23시,목요일,경상남도 김해시 장유면,중상사고,0,1,0,0,차대차 - 측면직각충돌,신호위반,건조,맑음,교차로 - 교차로안,승용,여,23세,상해없음,승용,남,26세,중상
2015092400100773,2015년 9월 24일 23시,목요일,경상남도 김해시 장유면,경상사고,0,0,1,0,차대차 - 기타,안전운전불이행,건조,맑음,단일로 - 기타,승용,남,45세,상해없음,승용,남,41세,경상
2015092500100067,2015년 9월 25일 03시,금요일,경상남도 진주시 대안동,경상사고,0,0,1,0,차대사람 - 횡단중,안전운전불이행,건조,맑음,단일로 - 기타,승용,남,53세,상해없음,보행자,여,80세,경상
2015092500100076,2015년 9월 25일 04시,금요일,경상남도 김해시 삼계동,부상신고사고,0,0,0,1,차대차 - 추돌 - 주정차중,안전운전불이행,건조,맑음,단일로 - 기타,승용,남,43세,부상신고,화물,남,42세,상해없음
2015092500100090,2015년 9월 25일 05시,금요일,경상남도 창원시 의창구 서상동,중상사고,0,1,0,0,차대차 - 추돌 - 주정차중,안전운전불이행,건조,맑음,교차로 - 교차로부근,원동기,남,33세,중상,승합,남,60세,기타불명
2015092500100106,2015년 9월 25일 06시,금요일,경상남도 거제시 고현동,중상사고,0,1,0,0,차대차 - 측면직각충돌,차로위반,건조,맑음,교차로 - 교차로안,화물,남,67세,상해없음,이륜,남,49세,중상
2015092500100130,2015년 9월 25일 07시,금요일,경상남도 함안군 칠서면,중상사고,0,1,0,2,차대차 - 측면직각충돌,안전운전불이행,건조,맑음,교차로 - 교차로안,승용,남,52세,상해없음,승용,남,45세,중상
2015092500100131,2015년 9월 25일 07시,금요일,경상남도 창원시 성산구 성산동,경상사고,0,0,1,0,차대사람 - 차도통행중,안전운전불이행,건조,맑음,교차로 - 교차로부근,승용,남,29세,상해없음,보행자,남,58세,경상
2015092500100132,2015년 9월 25일 07시,금요일,경상남도 창원시 마산회원구 내서읍,중상사고,0,1,1,0,차대차 - 측면직각충돌,신호위반,건조,맑음,교차로 - 교차로안,승용,남,59세,상해없음,원동기,남,56세,중상
2015092500100133,2015년 9월 25일 07시,금요일,경상남도 창원시 의창구 중동,경상사고,0,0,1,0,차대차 - 측면직각충돌,안전운전불이행,건조,맑음,교차로 - 교차로안,자전거,여,29세,경상,승용,남,34세,상해없음
2015092500100176,2015년 9월 25일 08시,금요일,경상남도 진주시 초전동,경상사고,0,0,1,0,차대사람 - 횡단중,보행자보호의무위반,건조,맑음,교차로 - 교차로안,승용,남,26세,상해없음,보행자,남,7세,경상
2015092500100209,2015년 9월 25일 09시,금요일,경상남도 밀양시 내이동,경상사고,0,0,1,0,차대차 - 정면충돌,교차로운행방법위반,건조,맑음,교차로 - 교차로안,승용,여,32세,상해없음,자전거,남,53세,경상
2015092500100210,2015년 9월 25일 09시,금요일,경상남도 김해시 주촌면,중상사고,0,2,0,0,차대차 - 추돌 - 진행중,안전거리미확보,건조,맑음,단일로 - 기타,승용,남,40세,중상,승용,여,47세,중상
2015092500100247,2015년 9월 25일 10시,금요일,경상남도 함양군 함양읍,중상사고,0,1,0,0,차대차 - 측면직각충돌,안전운전불이행,건조,맑음,교차로 - 교차로부근,승용,남,54세,상해없음,이륜,남,83세,중상
2015092500100248,2015년 9월 25일 10시,금요일,경상남도 함안군 칠원읍,중상사고,0,1,0,0,차대사람 - 기타,안전운전불이행,건조,맑음,교차로 - 교차로부근,화물,남,72세,상해없음,보행자,남,73세,중상
2015092500100290,2015년 9월 25일 11시,금요일,경상남도 창원시 진해구 장천동,중상사고,0,1,0,0,차대차 - 추돌 - 진행중,안전운전불이행,건조,맑음,기타 - 기타,승용,남,63세,상해없음,승용,남,35세,중상
2015092500100291,2015년 9월 25일 11시,금요일,경상남도 통영시 문화동,중상사고,0,1,1,0,차대차 - 측면직각충돌,직진우회전진행방해,건조,맑음,교차로 - 교차로안,승용,남,56세,상해없음,승용,여,53세,중상
2015092500100292,2015년 9월 25일 11시,금요일,경상남도 거창군 거창읍,사망사고,1,0,0,0,차대사람 - 길가장자리구역통행중,안전운전불이행,건조,맑음,단일로 - 기타,승용,남,74세,상해없음,보행자,여,71세,사망
2015092500100293,2015년 9월 25일 11시,금요일,경상남도 창원시 마산회원구 석전동,경상사고,0,0,1,0,차대사람 - 횡단중,보행자보호의무위반,건조,맑음,단일로 - 기타,승용,여,52세,상해없음,보행자,여,26세,경상
2015092500100329,2015년 9월 25일 12시,금요일,경상남도 김해시 동상동,중상사고,0,1,0,0,차대사람 - 횡단중,안전운전불이행,건조,맑음,단일로 - 기타,원동기,남,18세,상해없음,보행자,여,67세,중상
2015092500100380,2015년 9월 25일 13시,금요일,경상남도 창원시 진해구 성내동,경상사고,0,0,1,0,차대차 - 추돌 - 진행중,안전운전불이행,건조,맑음,기타 - 기타,화물,남,45세,상해없음,승용,남,29세,경상
2015092500100381,2015년 9월 25일 13시,금요일,경상남도 양산시 중부동,경상사고,0,0,1,0,차대차 - 측면직각충돌,중앙선침범,건조,맑음,단일로 - 기타,승용,남,59세,상해없음,승용,남,58세,경상
2015092500100422,2015년 9월 25일 14시,금요일,경상남도 진주시 계동,경상사고,0,0,1,0,차대사람 - 길가장자리구역통행중,안전운전불이행,건조,맑음,단일로 - 기타,승용,여,41세,상해없음,보행자,남,76세,경상
2015092500100423,2015년 9월 25일 14시,금요일,경상남도 김해시 구산동,부상신고사고,0,0,0,1,차대차 - 측면직각충돌,안전운전불이행,건조,맑음,단일로 - 기타,승용,여,33세,상해없음,원동기,남,21세,부상신고
2015092500100424,2015년 9월 25일 14시,금요일,경상남도 양산시 남부동,경상사고,0,0,1,0,차대사람 - 기타,안전운전불이행,건조,맑음,단일로 - 기타,자전거,남,17세,상해없음,보행자,남,50세,경상
2015092500100425,2015년 9월 25일 14시,금요일,경상남도 창원시 의창구 동읍,부상신고사고,0,0,0,1,차량단독 - 공작물충돌,안전운전불이행,건조,맑음,단일로 - 기타,원동기,남,69세,부상신고,,,,
2015092500100479,2015년 9월 25일 15시,금요일,경상남도 통영시 동호동,중상사고,0,1,0,0,차대사람 - 기타,안전운전불이행,건조,맑음,단일로 - 기타,화물,남,36세,상해없음,보행자,남,63세,중상
2015092500100480,2015년 9월 25일 15시,금요일,경상남도 거제시 능포동,경상사고,0,0,1,0,차대사람 - 길가장자리구역통행중,안전운전불이행,건조,맑음,단일로 - 기타,승용,남,55세,상해없음,보행자,여,69세,경상
2015092500100481,2015년 9월 25일 15시,금요일,경상남도 창원시 성산구 반림동,중상사고,0,1,1,0,차대차 - 추돌 - 주정차중,안전운전불이행,건조,맑음,교차로 - 교차로부근,승용,여,65세,상해없음,승용,남,32세,경상
2015092500100482,2015년 9월 25일 15시,금요일,경상남도 창원시 의창구 팔용동,경상사고,0,0,1,0,차대차 - 추돌 - 주정차중,안전운전불이행,건조,맑음,기타 - 기타,승용,남,53세,상해없음,승용,남,33세,경상
2015092500100534,2015년 9월 25일 16시,금요일,경상남도 창원시 성산구 상남동,경상사고,0,0,1,0,차대차 - 측면직각충돌,직진우회전진행방해,건조,맑음,교차로 - 교차로안,승용,남,61세,상해없음,자전거,남,46세,경상
2015092500100535,2015년 9월 25일 16시,금요일,경상남도 창원시 성산구 반림동,경상사고,0,0,1,1,차대차 - 추돌 - 주정차중,안전거리미확보,건조,맑음,단일로 - 기타,승용,남,25세,상해없음,승용,남,52세,경상
2015092500100586,2015년 9월 25일 17시,금요일,경상남도 통영시 용남면,경상사고,0,0,1,0,차대차 - 측면직각충돌,안전운전불이행,건조,맑음,단일로 - 기타,이륜,남,35세,경상,승용,남,39세,상해없음
2015092500100587,2015년 9월 25일 17시,금요일,경상남도 밀양시 가곡동,경상사고,0,0,1,0,차대차 - 추돌 - 진행중,안전운전불이행,건조,맑음,단일로 - 교량,승용,여,55세,상해없음,승용,여,42세,경상
2015092500100588,2015년 9월 25일 17시,금요일,경상남도 하동군 금남면,중상사고,0,1,0,1,차대차 - 추돌 - 주정차중,안전운전불이행,건조,맑음,단일로 - 기타,승용,여,69세,부상신고,승용,여,54세,중상
2015092500100589,2015년 9월 25일 17시,금요일,경상남도 창원시 의창구 신월동,중상사고,0,2,0,0,차대차 - 측면직각충돌,안전운전불이행,건조,맑음,단일로 - 기타,승용,여,54세,상해없음,승용,남,40세,중상
2015092500100653,2015년 9월 25일 18시,금요일,경상남도 통영시 동호동,중상사고,0,1,0,0,차대차 - 측면직각충돌,안전거리미확보,건조,맑음,단일로 - 기타,승합,여,38세,상해없음,이륜,남,34세,중상
2015092500100654,2015년 9월 25일 18시,금요일,경상남도 밀양시 내이동,경상사고,0,0,1,0,차대사람 - 차도통행중,안전운전불이행,건조,흐림,단일로 - 기타,승용,남,42세,상해없음,보행자,남,52세,경상
2015092500100655,2015년 9월 25일 18시,금요일,경상남도 밀양시 내이동,중상사고,0,1,0,0,차대사람 - 횡단중,보행자보호의무위반,건조,흐림,단일로 - 횡단보도상,승용,남,81세,상해없음,보행자,남,28세,중상
2015092500100719,2015년 9월 25일 19시,금요일,경상남도 창원시 마산합포구 상남동,중상사고,0,1,4,1,차대차 - 추돌 - 진행중,안전운전불이행,건조,맑음,단일로 - 기타,승용,남,54세,부상신고,승용,남,75세,중상
2015092500100720,2015년 9월 25일 19시,금요일,경상남도 거창군 거창읍,중상사고,0,1,0,0,차대사람 - 기타,안전운전불이행,건조,흐림,단일로 - 횡단보도부근,화물,남,46세,상해없음,보행자,여,71세,중상
2015092500100721,2015년 9월 25일 19시,금요일,경상남도 창원시 성산구 외동,경상사고,0,0,2,0,차대차 - 측면직각충돌,안전거리미확보,건조,맑음,교차로 - 교차로안,화물,남,64세,상해없음,승용,남,39세,상해없음
2015092500100722,2015년 9월 25일 19시,금요일,경상남도 김해시 장유면,중상사고,0,1,0,0,차대차 - 측면직각충돌,직진우회전진행방해,건조,맑음,교차로 - 교차로안,승용,여,60세,상해없음,이륜,남,17세,중상
2015092500100766,2015년 9월 25일 20시,금요일,경상남도 창원시 진해구 자은동,경상사고,0,0,1,0,차대사람 - 차도통행중,기타,건조,맑음,기타 - 기타,원동기,남,53세,상해없음,보행자,남,11세,경상
2015092500100767,2015년 9월 25일 20시,금요일,경상남도 창원시 성산구 상남동,경상사고,0,0,2,0,차대차 - 추돌 - 진행중,안전운전불이행,건조,맑음,단일로 - 기타,승용,남,60세,상해없음,승용,남,51세,경상
2015092500100850,2015년 9월 25일 22시,금요일,경상남도 창원시 마산합포구 장군동4가,경상사고,0,0,1,0,차대사람 - 차도통행중,안전운전불이행,건조,맑음,교차로 - 교차로안,화물,남,61세,상해없음,보행자,남,64세,경상
2015092500100851,2015년 9월 25일 22시,금요일,경상남도 김해시 봉황동,중상사고,0,1,0,0,차대사람 - 횡단중,안전운전불이행,건조,맑음,교차로 - 교차로부근,승용,여,32세,상해없음,보행자,여,48세,중상
2015092500100872,2015년 9월 25일 23시,금요일,경상남도 통영시 북신동,경상사고,0,0,1,0,차대차 - 정면충돌,중앙선침범,건조,맑음,교차로 - 교차로부근,승용,남,36세,상해없음,승용,여,45세,경상
2015092600100019,2015년 9월 26일 00시,토요일,경상남도 진주시 초전동,경상사고,0,0,1,0,차대차 - 측면직각충돌,안전운전불이행,건조,맑음,교차로 - 교차로안,승용,여,42세,상해없음,자전거,남,47세,경상
2015092600100020,2015년 9월 26일 00시,토요일,경상남도 밀양시 부북면,중상사고,0,1,0,0,차대차 - 측면직각충돌,안전운전불이행,건조,맑음,교차로 - 교차로안,승용,남,57세,상해없음,승용,남,31세,중상
2015092600100021,2015년 9월 26일 00시,토요일,경상남도 김해시 삼계동,경상사고,0,0,1,0,차대차 - 추돌 - 주정차중,안전운전불이행,건조,맑음,교차로 - 교차로부근,화물,남,34세,상해없음,승용,남,30세,경상
2015092600100044,2015년 9월 26일 01시,토요일,경상남도 창원시 마산회원구 구암동,중상사고,0,1,2,0,차대차 - 측면직각충돌,신호위반,건조,맑음,교차로 - 교차로안,승용,여,55세,상해없음,승용,남,50세,경상
2015092600100059,2015년 9월 26일 02시,토요일,경상남도 창원시 성산구 반림동,경상사고,0,0,1,0,차대차 - 측면직각충돌,안전거리미확보,건조,맑음,단일로 - 기타,승용,남,22세,상해없음,승용,남,34세,상해없음
2015092600100060,2015년 9월 26일 02시,토요일,경상남도 창원시 마산회원구 석전동,중상사고,0,1,0,0,차대사람 - 횡단중,안전운전불이행,건조,맑음,단일로 - 기타,승용,남,44세,상해없음,보행자,남,55세,중상
2015092600100104,2015년 9월 26일 04시,토요일,경상남도 창원시 진해구 두동,경상사고,0,0,1,0,차대차 - 정면충돌,직진우회전진행방해,건조,맑음,교차로 - 교차로안,승용,남,27세,상해없음,승용,남,47세,경상
2015092600100105,2015년 9월 26일 04시,토요일,경상남도 김해시 부원동,경상사고,0,0,1,0,차대차 - 추돌 - 진행중,중앙선침범,건조,맑음,단일로 - 기타,승용,남,17세,상해없음,승용,여,40세,경상
2015092600100134,2015년 9월 26일 06시,토요일,경상남도 김해시 장유면,중상사고,0,1,0,0,차대차 - 측면직각충돌,신호위반,건조,맑음,단일로 - 횡단보도상,승용,남,43세,상해없음,자전거,남,7세,중상
2015092600100141,2015년 9월 26일 07시,토요일,경상남도 김해시 부원동,경상사고,0,0,1,0,차대차 - 기타,안전운전불이행,건조,맑음,단일로 - 기타,승용,남,25세,상해없음,승용,남,27세,경상
2015092600100148,2015년 9월 26일 07시,토요일,경상남도 진주시 문산읍,사망사고,1,0,0,0,차대차 - 기타,안전운전불이행,건조,맑음,단일로 - 기타,승용,남,65세,상해없음,화물,남,43세,사망
2015092600100193,2015년 9월 26일 09시,토요일,경상남도 하동군 옥종면,중상사고,0,1,0,0,차대차 - 기타,안전운전불이행,건조,맑음,단일로 - 기타,화물,남,49세,상해없음,이륜,여,65세,중상
2015092600100225,2015년 9월 26일 10시,토요일,경상남도 김해시 외동,사망사고,1,0,0,0,차대사람 - 횡단중,안전운전불이행,건조,맑음,단일로 - 기타,화물,남,24세,상해없음,보행자,여,82세,사망
2015092600100226,2015년 9월 26일 10시,토요일,경상남도 양산시 용당동,경상사고,0,0,2,0,차대차 - 기타,신호위반,건조,맑음,교차로 - 교차로안,승용,남,19세,상해없음,승용,남,35세,경상
2015092600100227,2015년 9월 26일 10시,토요일,경상남도 남해군 고현면,부상신고사고,0,0,0,1,차대차 - 추돌 - 주정차중,안전운전불이행,건조,맑음,단일로 - 기타,이륜,남,84세,부상신고,화물,남,59세,상해없음
2015092600100284,2015년 9월 26일 12시,토요일,경상남도 사천시 벌리동,경상사고,0,0,2,0,차대차 - 측면직각충돌,교차로운행방법위반,건조,맑음,교차로 - 교차로안,승용,남,72세,상해없음,승용,남,45세,상해없음
2015092600100285,2015년 9월 26일 12시,토요일,경상남도 거제시 동부면,중상사고,0,1,0,0,차대차 - 추돌 - 진행중,안전거리미확보,건조,맑음,단일로 - 기타,승용,남,68세,상해없음,승용,여,46세,중상
2015092600100286,2015년 9월 26일 12시,토요일,경상남도 창녕군 창녕읍,사망사고,1,1,1,0,차량단독 - 도로외이탈 - 추락,안전운전불이행,건조,맑음,단일로 - 기타,승용,남,32세,상해없음,,,,
2015092600100314,2015년 9월 26일 13시,토요일,경상남도 진주시 상대동,경상사고,0,0,3,0,차대차 - 추돌 - 진행중,안전운전불이행,건조,맑음,단일로 - 교량,승용,남,52세,상해없음,승용,남,43세,경상
2015092600100315,2015년 9월 26일 13시,토요일,경상남도 창녕군 남지읍,중상사고,0,1,0,0,차대차 - 기타,직진우회전진행방해,건조,맑음,교차로 - 교차로안,승용,여,46세,중상,화물,남,53세,상해없음
2015092600100326,2015년 9월 26일 14시,토요일,경상남도 밀양시 산외면,경상사고,0,0,1,0,차대사람 - 기타,안전운전불이행,건조,맑음,단일로 - 교량,승용,남,67세,상해없음,보행자,여,29세,경상
2015092600100343,2015년 9월 26일 14시,토요일,경상남도 창원시 마산합포구 완월동,중상사고,0,1,0,0,차대차 - 추돌 - 진행중,안전운전불이행,건조,맑음,교차로 - 교차로부근,승용,남,56세,상해없음,원동기,남,31세,중상
2015092600100344,2015년 9월 26일 14시,토요일,경상남도 창녕군 영산면,중상사고,0,1,0,0,차대사람 - 보도통행중,안전운전불이행,건조,맑음,기타 - 기타,화물,남,57세,상해없음,보행자,남,14세,중상
2015092600100345,2015년 9월 26일 14시,토요일,경상남도 함양군 함양읍,부상신고사고,0,0,0,1,차대차 - 측면직각충돌,안전운전불이행,건조,맑음,교차로 - 교차로부근,자전거,남,79세,부상신고,화물,남,43세,상해없음
2015092600100366,2015년 9월 26일 15시,토요일,경상남도 남해군 고현면,경상사고,0,0,2,0,차대차 - 추돌 - 진행중,안전운전불이행,건조,맑음,단일로 - 기타,승용,여,25세,상해없음,화물,남,23세,경상
2015092600100367,2015년 9월 26일 15시,토요일,경상남도 함안군 가야읍,경상사고,0,0,1,0,차대차 - 측면직각충돌,안전운전불이행,건조,맑음,교차로 - 교차로안,승용,남,56세,상해없음,승용,여,46세,경상
2015092600100368,2015년 9월 26일 15시,토요일,경상남도 창원시 의창구 팔용동,경상사고,0,0,1,0,차량단독 - 기타,안전운전불이행,건조,맑음,단일로 - 기타,이륜,남,67세,경상,,,,
2015092600100398,2015년 9월 26일 16시,토요일,경상남도 창원시 마산합포구 진동면,경상사고,0,0,1,0,차량단독 - 전도전복,안전운전불이행,건조,맑음,단일로 - 터널,원동기,남,77세,경상,,,,
2015092600100399,2015년 9월 26일 16시,토요일,경상남도 사천시 선구동,중상사고,0,1,0,0,차량단독 - 전도전복,안전운전불이행,건조,맑음,단일로 - 기타,이륜,남,74세,상해없음,,,,
2015092600100400,2015년 9월 26일 16시,토요일,경상남도 사천시 사남면,중상사고,0,1,0,0,차대사람 - 횡단중,안전운전불이행,건조,흐림,단일로 - 기타,승용,남,39세,상해없음,보행자,여,9세,중상
2015092600100424,2015년 9월 26일 17시,토요일,경상남도 함양군 함양읍,부상신고사고,0,0,0,1,차대차 - 측면직각충돌,중앙선침범,건조,맑음,단일로 - 기타,이륜,여,69세,부상신고,승합,남,53세,상해없음
2015092600100425,2015년 9월 26일 17시,토요일,경상남도 창원시 마산회원구 합성동,경상사고,0,0,2,0,차대차 - 측면직각충돌,안전운전불이행,건조,맑음,단일로 - 기타,화물,남,51세,상해없음,승용,여,29세,경상
2015092600100475,2015년 9월 26일 19시,토요일,경상남도 김해시 어방동,중상사고,0,1,0,1,차대차 - 기타,안전운전불이행,건조,맑음,교차로 - 교차로안,승용,남,37세,상해없음,승용,남,67세,부상신고
2015092600100476,2015년 9월 26일 19시,토요일,경상남도 의령군 가례면,중상사고,0,1,0,0,차대사람 - 차도통행중,안전운전불이행,건조,맑음,단일로 - 기타,승용,남,62세,상해없음,보행자,남,70세,중상
2015092600100498,2015년 9월 26일 20시,토요일,경상남도 창원시 성산구 가음정동,중상사고,0,1,0,0,차대차 - 측면직각충돌,신호위반,건조,맑음,교차로 - 교차로안,자전거,남,12세,중상,승용,여,27세,상해없음
2015092600100515,2015년 9월 26일 21시,토요일,경상남도 통영시 용남면,경상사고,0,0,1,0,차대차 - 기타,안전운전불이행,건조,맑음,교차로 - 교차로부근,승용,남,52세,상해없음,승용,여,25세,경상
2015092600100532,2015년 9월 26일 22시,토요일,경상남도 진주시 인사동,중상사고,0,1,0,0,차대차 - 추돌 - 주정차중,안전운전불이행,건조,맑음,교차로 - 교차로부근,승용,남,39세,상해없음,승용,여,35세,중상
2015092600100546,2015년 9월 26일 23시,토요일,경상남도 사천시 용현면,중상사고,0,2,1,1,차대차 - 측면직각충돌,신호위반,건조,맑음,교차로 - 교차로안,승용,여,36세,부상신고,승용,남,30세,경상
2015092600100547,2015년 9월 26일 23시,토요일,경상남도 거제시 고현동,경상사고,0,0,1,0,차대차 - 측면직각충돌,안전운전불이행,건조,맑음,교차로 - 교차로안,화물,남,39세,상해없음,승용,여,32세,경상