사고번호,사고일시,요일,시군구,사고내용,사망자수,중상자수,경상자수,부상신고자수,사고유형,법규위반,노면상태,기상상태,도로형태,가해운전자 차종,가해운전자 성별,가해운전자 연령,가해운전자 상해정도,피해운전자 차종,피해운전자 성별,피해운전자 연령,피해운전자 상해정도
2015093000100423,2015년 9월 30일 16시,수요일,경상남도 김해시 동상동,중상사고,0,1,1,0,차대사람 - 횡단중,안전운전불이행,건조,맑음,단일로 - 기타,원동기,남,18세,경상,보행자,남,15세,중상
2015093000100461,2015년 9월 30일 17시,수요일,경상남도 함안군 칠원읍,중상사고,0,1,0,0,차대차 - 측면직각충돌,안전운전불이행,건조,흐림,단일로 - 기타,화물,남,40세,상해없음,승용,여,53세,중상
2015093000100513,2015년 9월 30일 18시,수요일,경상남도 진주시 신안동,중상사고,0,1,0,0,차대차 - 추돌 - 주정차중,안전운전불이행,건조,맑음,교차로 - 교차로부근,화물,남,53세,상해없음,화물,남,48세,중상
2015093000100514,2015년 9월 30일 18시,수요일,경상남도 진주시 강남동,중상사고,0,1,0,0,차대사람 - 횡단중,안전운전불이행,건조,맑음,단일로 - 기타,승용,남,48세,상해없음,보행자,여,6세,중상
2015093000100515,2015년 9월 30일 18시,수요일,경상남도 창원시 진해구 석동,경상사고,0,0,1,0,차대차 - 측면직각충돌,안전거리미확보,건조,맑음,단일로 - 기타,화물,남,30세,상해없음,승용,남,23세,경상
2015093000100516,2015년 9월 30일 18시,수요일,경상남도 창녕군 대지면,경상사고,0,0,4,0,차대차 - 측면직각충돌,직진우회전진행방해,건조,흐림,교차로 - 교차로안,승합,남,52세,상해없음,승용,남,40세,상해없음
2015093000100517,2015년 9월 30일 18시,수요일,경상남도 양산시 북정동,경상사고,0,0,2,0,차대차 - 측면직각충돌,직진우회전진행방해,건조,맑음,교차로 - 교차로안,승용,여,29세,상해없음,승용,남,46세,경상
2015093000100518,2015년 9월 30일 18시,수요일,경상남도 창원시 성산구 사파동,경상사고,0,0,1,0,차대사람 - 횡단중,보행자보호의무위반,건조,맑음,단일로 - 횡단보도상,화물,남,57세,상해없음,보행자,남,6세,경상
2015093000100548,2015년 9월 30일 19시,수요일,경상남도 진주시 대안동,중상사고,0,1,0,0,차대차 - 측면직각충돌,안전거리미확보,건조,흐림,교차로 - 교차로안,승용,남,32세,상해없음,이륜,남,60세,중상
2015093000100549,2015년 9월 30일 19시,수요일,경상남도 양산시 동면,경상사고,0,0,2,0,차대차 - 추돌 - 주정차중,안전운전불이행,건조,맑음,단일로 - 기타,승용,남,49세,상해없음,승합,남,58세,경상
2015093000100550,2015년 9월 30일 19시,수요일,경상남도 거제시 옥포동,중상사고,0,2,0,0,차대차 - 기타,신호위반,건조,맑음,교차로 - 교차로안,승용,남,53세,상해없음,승용,남,68세,중상
2015093000100590,2015년 9월 30일 20시,수요일,경상남도 김해시 삼방동,중상사고,0,1,0,0,차대사람 - 횡단중,안전운전불이행,건조,맑음,단일로 - 기타,승용,남,46세,상해없음,보행자,남,60세,중상
2015093000100617,2015년 9월 30일 21시,수요일,경상남도 사천시 동금동,경상사고,0,0,1,0,차대차 - 측면직각충돌,신호위반,습기,비,교차로 - 교차로안,승용,남,63세,상해없음,승용,남,60세,경상
2015093000100645,2015년 9월 30일 22시,수요일,경상남도 창원시 진해구 덕산동,경상사고,0,0,2,0,차대차 - 추돌 - 진행중,안전거리미확보,건조,맑음,교차로 - 교차로부근,승용,남,56세,상해없음,승용,남,56세,상해없음
2015093000100646,2015년 9월 30일 22시,수요일,경상남도 양산시 삼호동,중상사고,0,1,0,0,차대사람 - 횡단중,안전운전불이행,건조,맑음,교차로 - 교차로부근,승용,남,30세,상해없음,보행자,여,42세,중상
2015100100100022,2015년 10월 1일 00시,목요일,경상남도 창원시 마산합포구 남성동,경상사고,0,0,1,0,차대사람 - 보도통행중,보행자보호의무위반,습기,비,단일로 - 횡단보도상,승용,남,41세,상해없음,보행자,여,53세,경상
2015100100100023,2015년 10월 1일 00시,목요일,경상남도 양산시 북정동,부상신고사고,0,0,0,1,차대차 - 기타,교차로운행방법위반,건조,맑음,교차로 - 교차로안,원동기,남,22세,부상신고,승용,남,46세,상해없음
2015100100100024,2015년 10월 1일 00시,목요일,경상남도 거제시 사등면,중상사고,0,1,0,0,차대사람 - 횡단중,보행자보호의무위반,습기,비,단일로 - 횡단보도상,승용,남,67세,상해없음,보행자,남,52세,중상
2015100100100062,2015년 10월 1일 02시,목요일,경상남도 창원시 성산구 상남동,부상신고사고,0,0,0,1,차대차 - 측면직각충돌,신호위반,건조,맑음,교차로 - 교차로안,승용,남,28세,상해없음,승용,남,50세,부상신고
2015100100100070,2015년 10월 1일 03시,목요일,경상남도 창원시 마산회원구 양덕동,경상사고,0,0,1,0,차대차 - 측면직각충돌,안전운전불이행,건조,맑음,교차로 - 교차로안,이륜,남,19세,경상,승용,남,58세,상해없음
2015100100100071,2015년 10월 1일 03시,목요일,경상남도 창원시 마산회원구 내서읍,경상사고,0,0,2,0,차대차 - 측면직각충돌,안전운전불이행,건조,맑음,교차로 - 교차로안,승용,남,45세,상해없음,특수,남,42세,경상
2015100100100112,2015년 10월 1일 06시,목요일,경상남도 고성군 상리면,경상사고,0,0,1,0,차량단독 - 기타,안전운전불이행,습기,비,단일로 - 기타,승용,남,45세,상해없음,,,,
2015100100100113,2015년 10월 1일 06시,목요일,경상남도 창원시 마산회원구 내서읍,중상사고,0,1,0,0,차대사람 - 횡단중,신호위반,습기,비,교차로 - 교차로안,승용,남,33세,상해없음,보행자,남,41세,중상
2015100100100212,2015년 10월 1일 09시,목요일,경상남도 양산시 물금읍,경상사고,0,0,2,0,차대차 - 추돌 - 주정차중,안전거리미확보,건조,맑음,교차로 - 교차로부근,건설기계,남,58세,상해없음,화물,남,69세,경상
2015100100100213,2015년 10월 1일 09시,목요일,경상남도 거제시 덕포동,경상사고,0,0,1,0,차량단독 - 공작물충돌,안전운전불이행,습기,비,단일로 - 기타,승용,남,48세,상해없음,,,,
2015100100100214,2015년 10월 1일 09시,목요일,경상남도 창원시 의창구 북면,경상사고,0,0,1,0,차대사람 - 기타,안전운전불이행,습기,비,단일로 - 기타,승합,남,61세,상해없음,보행자,여,45세,경상
2015100100100215,2015년 10월 1일 09시,목요일,경상남도 진주시 금곡면,중상사고,0,2,0,0,차량단독 - 기타,안전운전불이행,습기,비,단일로 - 기타,승용,남,44세,중상,,,,
2015100100100238,2015년 10월 1일 10시,목요일,경상남도 진주시 사봉면,사망사고,2,2,0,0,차대차 - 정면충돌,중앙선침범,습기,비,단일로 - 기타,승합,남,66세,중상,화물,남,65세,사망
2015100100100239,2015년 10월 1일 10시,목요일,경상남도 통영시 무전동,경상사고,0,0,2,0,차대차 - 추돌 - 진행중,안전운전불이행,습기,비,단일로 - 기타,승용,남,43세,상해없음,승합,남,45세,경상
2015100100100262,2015년 10월 1일 11시,목요일,경상남도 의령군 의령읍,부상신고사고,0,0,0,1,차대차 - 측면직각충돌,교차로운행방법위반,습기,비,교차로 - 교차로안,원동기,남,70세,부상신고,승용,여,41세,상해없음
2015100100100296,2015년 10월 1일 12시,목요일,경상남도 사천시 축동면,중상사고,0,2,1,0,차대차 - 측면직각충돌,중앙선침범,습기,비,교차로 - 교차로부근,승용,남,58세,경상,승용,남,21세,중상
2015100100100297,2015년 10월 1일 12시,목요일,경상남도 창원시 의창구 사림동,경상사고,0,0,2,0,차대차 - 추돌 - 주정차중,안전운전불이행,건조,맑음,교차로 - 교차로안,화물,남,59세,상해없음,승용,여,27세,경상
2015100100100326,2015년 10월 1일 13시,목요일,경상남도 밀양시 무안면,중상사고,0,1,0,0,차대사람 - 보도통행중,보행자보호의무위반,습기,비,단일로 - 횡단보도상,화물,남,64세,상해없음,보행자,여,71세,중상
2015100100100327,2015년 10월 1일 13시,목요일,경상남도 김해시 삼방동,경상사고,0,0,1,0,차량단독 - 공작물충돌,안전운전불이행,습기,비,단일로 - 기타,화물,남,46세,경상,,,,
2015100100100328,2015년 10월 1일 13시,목요일,경상남도 김해시 삼계동,중상사고,0,1,4,0,차대차 - 추돌 - 주정차중,안전운전불이행,습기,비,교차로 - 교차로부근,승용,남,50세,상해없음,승용,남,49세,경상
2015100100100329,2015년 10월 1일 13시,목요일,경상남도 김해시 주촌면,경상사고,0,0,1,0,차대차 - 측면직각충돌,신호위반,습기,비,교차로 - 교차로안,화물,남,54세,상해없음,승용,남,32세,경상
2015100100100360,2015년 10월 1일 14시,목요일,경상남도 창원시 마산회원구 양덕동,경상사고,0,0,2,0,차대차 - 추돌 - 진행중,안전운전불이행,습기,비,교차로 - 교차로부근,승합,남,59세,상해없음,승용,남,34세,경상
2015100100100373,2015년 10월 1일 15시,목요일,경상남도 김해시 장유면,경상사고,0,0,1,1,차대차 - 측면직각충돌,안전운전불이행,습기,비,단일로 - 기타,화물,남,45세,부상신고,화물,남,34세,경상
2015100100100374,2015년 10월 1일 15시,목요일,경상남도 김해시 삼정동,경상사고,0,0,1,0,차대차 - 기타,기타,습기,비,단일로 - 기타,화물,남,30세,상해없음,승용,남,37세,상해없음
2015100100100399,2015년 10월 1일 15시,목요일,경상남도 창원시 진해구 안골동,중상사고,0,1,1,0,차대차 - 측면직각충돌,안전운전불이행,건조,맑음,단일로 - 기타,승용,여,26세,중상,승용,여,56세,경상
2015100100100400,2015년 10월 1일 15시,목요일,경상남도 고성군 고성읍,경상사고,0,0,1,0,차대사람 - 횡단중,보행자보호의무위반,습기,비,교차로 - 교차로안,승용,남,60세,상해없음,보행자,여,11세,경상
2015100100100401,2015년 10월 1일 15시,목요일,경상남도 창원시 의창구 동읍,경상사고,0,0,1,0,차대사람 - 기타,기타,건조,흐림,교차로 - 교차로안,승합,남,61세,상해없음,보행자,여,41세,경상
2015100100100424,2015년 10월 1일 16시,목요일,경상남도 김해시 어방동,경상사고,0,0,1,0,차대차 - 기타,안전운전불이행,건조,맑음,교차로 - 교차로안,승용,남,19세,경상,화물,남,54세,상해없음
2015100100100497,2015년 10월 1일 18시,목요일,경상남도 진주시 이현동,중상사고,0,1,0,0,차대사람 - 횡단중,안전운전불이행,건조,맑음,단일로 - 기타,승용,남,53세,상해없음,보행자,남,11세,중상
2015100100100498,2015년 10월 1일 18시,목요일,경상남도 사천시 사천읍,경상사고,0,0,3,0,차대차 - 추돌 - 진행중,안전운전불이행,습기,비,단일로 - 기타,승용,남,40세,상해없음,승용,남,50세,경상
2015100100100533,2015년 10월 1일 19시,목요일,경상남도 통영시 명정동,중상사고,0,1,0,0,차대사람 - 횡단중,보행자보호의무위반,건조,흐림,단일로 - 횡단보도상,승용,남,40세,상해없음,보행자,남,67세,중상
2015100100100534,2015년 10월 1일 19시,목요일,경상남도 창원시 마산회원구 합성동,중상사고,0,1,0,0,차대차 - 측면직각충돌,안전운전불이행,습기,흐림,교차로 - 교차로안,승용,남,50세,상해없음,이륜,남,20세,중상
2015100100100562,2015년 10월 1일 20시,목요일,경상남도 창원시 성산구 내동,중상사고,0,1,1,0,차대차 - 기타,안전운전불이행,건조,맑음,단일로 - 기타,승용,남,56세,상해없음,원동기,남,27세,경상
2015100100100591,2015년 10월 1일 21시,목요일,경상남도 창원시 진해구 용원동,경상사고,0,0,1,0,차대차 - 추돌 - 진행중,안전운전불이행,건조,맑음,교차로 - 교차로부근,승용,남,27세,상해없음,승용,남,37세,경상
2015100100100618,2015년 10월 1일 22시,목요일,경상남도 창원시 마산합포구 동성동,경상사고,0,0,1,0,차대차 - 측면직각충돌,안전운전불이행,건조,맑음,단일로 - 기타,자전거,남,18세,경상,기타불명,기타불명,기타불명,기타불명
2015100100100619,2015년 10월 1일 22시,목요일,경상남도 김해시 불암동,경상사고,0,0,2,0,차량단독 - 도로외이탈 - 추락,안전운전불이행,습기,흐림,단일로 - 기타,승용,남,41세,경상,,,,
2015100100100620,2015년 10월 1일 22시,목요일,경상남도 창원시 의창구 봉곡동,경상사고,0,0,3,0,차대차 - 측면직각충돌,신호위반,건조,맑음,교차로 - 교차로안,승용,여,51세,경상,승용,남,49세,경상
2015100200100008,2015년 10월 2일 00시,금요일,경상남도 김해시 장유면,경상사고,0,0,1,0,차대차 - 측면직각충돌,신호위반,습기,비,교차로 - 교차로안,승용,남,20세,상해없음,승용,여,22세,경상
2015100200100024,2015년 10월 2일 01시,금요일,경상남도 창원시 마산회원구 내서읍,경상사고,0,0,3,0,차대차 - 추돌 - 주정차중,안전운전불이행,건조,맑음,단일로 - 횡단보도부근,승용,여,42세,상해없음,승용,남,31세,경상
2015100200100052,2015년 10월 2일 04시,금요일,경상남도 김해시 진영읍,중상사고,0,1,0,0,차대차 - 측면직각충돌,안전운전불이행,건조,맑음,교차로 - 교차로부근,화물,남,31세,중상,화물,남,42세,상해없음
2015100200100059,2015년 10월 2일 05시,금요일,경상남도 창원시 마산회원구 회원동,경상사고,0,0,3,0,차대차 - 추돌 - 진행중,안전운전불이행,건조,맑음,교차로 - 교차로부근,승용,남,54세,상해없음,승용,여,52세,경상
2015100200100099,2015년 10월 2일 07시,금요일,경상남도 창원시 진해구 여좌동,중상사고,0,1,0,0,차대사람 - 횡단중,신호위반,건조,맑음,교차로 - 교차로부근,승용,남,51세,기타불명,보행자,여,78세,중상
2015100200100100,2015년 10월 2일 07시,금요일,경상남도 창원시 의창구 팔용동,경상사고,0,0,1,0,차대차 - 기타,안전운전불이행,건조,맑음,단일로 - 기타,승용,여,60세,상해없음,승용,남,46세,경상
2015100200100145,2015년 10월 2일 08시,금요일,경상남도 창녕군 도천면,중상사고,0,1,5,0,차대차 - 기타,안전운전불이행,건조,맑음,단일로 - 기타,승용,여,52세,상해없음,승용,남,56세,경상
2015100200100146,2015년 10월 2일 08시,금요일,경상남도 양산시 신기동,경상사고,0,0,1,0,차대차 - 측면직각충돌,안전운전불이행,건조,맑음,단일로 - 기타,승용,남,23세,상해없음,승용,남,36세,상해없음
2015100200100147,2015년 10월 2일 08시,금요일,경상남도 하동군 하동읍,경상사고,0,0,1,0,차대차 - 추돌 - 주정차중,안전운전불이행,건조,맑음,단일로 - 기타,승용,여,41세,상해없음,승용,남,55세,경상
2015100200100148,2015년 10월 2일 08시,금요일,경상남도 거제시 고현동,부상신고사고,0,0,0,3,차대차 - 측면직각충돌,안전운전불이행,건조,맑음,단일로 - 기타,승용,여,39세,상해없음,승용,여,36세,부상신고
2015100200100149,2015년 10월 2일 08시,금요일,경상남도 함안군 칠북면,경상사고,0,0,1,0,차대차 - 측면직각충돌,안전운전불이행,건조,맑음,단일로 - 기타,건설기계,남,56세,상해없음,승용,여,28세,경상
2015100200100150,2015년 10월 2일 08시,금요일,경상남도 창원시 성산구 사파동,경상사고,0,0,1,0,차대사람 - 횡단중,안전운전불이행,건조,맑음,교차로 - 교차로부근,승용,여,33세,상해없음,보행자,여,29세,경상
2015100200100190,2015년 10월 2일 09시,금요일,경상남도 사천시 벌리동,중상사고,0,1,0,0,차대차 - 측면직각충돌,교차로운행방법위반,건조,맑음,교차로 - 교차로안,화물,남,58세,상해없음,이륜,남,43세,중상
2015100200100191,2015년 10월 2일 09시,금요일,경상남도 밀양시 내이동,경상사고,0,0,1,0,차대사람 - 기타,안전운전불이행,건조,맑음,단일로 - 기타,화물,남,50세,상해없음,보행자,남,78세,경상
2015100200100192,2015년 10월 2일 09시,금요일,경상남도 양산시 동면,경상사고,0,0,1,0,차대차 - 기타,신호위반,건조,맑음,교차로 - 교차로안,승용,여,37세,상해없음,승용,여,26세,경상
2015100200100193,2015년 10월 2일 09시,금요일,경상남도 하동군 금남면,경상사고,0,0,1,0,차대차 - 기타,안전운전불이행,건조,맑음,교차로 - 교차로안,화물,남,58세,상해없음,승용,남,39세,경상
2015100200100194,2015년 10월 2일 09시,금요일,경상남도 거제시 남부면,경상사고,0,0,1,0,차량단독 - 공작물충돌,안전운전불이행,건조,맑음,단일로 - 기타,승용,여,61세,상해없음,,,,
2015100200100232,2015년 10월 2일 10시,금요일,경상남도 진주시 진성면,중상사고,0,1,0,0,차량단독 - 기타,안전운전불이행,건조,맑음,단일로 - 기타,승용,여,58세,중상,,,,
2015100200100233,2015년 10월 2일 10시,금요일,경상남도 김해시 내동,중상사고,0,1,0,0,차대차 - 기타,신호위반,건조,맑음,단일로 - 기타,승용,여,62세,상해없음,자전거,남,72세,중상
2015100200100234,2015년 10월 2일 10시,금요일,경상남도 창원시 마산회원구 합성동,사망사고,1,0,0,0,차대차 - 측면직각충돌,신호위반,건조,맑음,교차로 - 교차로안,이륜,남,74세,사망,승합,남,46세,상해없음
2015100200100258,2015년 10월 2일 11시,금요일,경상남도 창원시 진해구 충무동,경상사고,0,0,1,0,차대사람 - 횡단중,보행자보호의무위반,건조,맑음,교차로 - 교차로안,승용,남,41세,상해없음,보행자,남,86세,경상
2015100200100259,2015년 10월 2일 11시,금요일,경상남도 밀양시 삼문동,중상사고,0,1,0,0,차대차 - 측면직각충돌,안전운전불이행,건조,맑음,단일로 - 기타,승용,남,49세,상해없음,자전거,남,48세,중상
2015100200100260,2015년 10월 2일 11시,금요일,경상남도 창원시 성산구 신촌동,중상사고,0,1,0,0,차대사람 - 길가장자리구역통행중,안전운전불이행,건조,맑음,단일로 - 기타,승용,남,70세,상해없음,보행자,남,77세,중상
2015100200100261,2015년 10월 2일 11시,금요일,경상남도 창원시 의창구 중동,경상사고,0,0,1,0,차대사람 - 기타,기타,건조,맑음,교차로 - 교차로부근,승합,남,63세,상해없음,보행자,여,80세,경상
2015100200100293,2015년 10월 2일 12시,금요일,경상남도 통영시 무전동,경상사고,0,0,2,0,차대차 - 측면직각충돌,직진우회전진행방해,건조,맑음,교차로 - 교차로안,승용,여,47세,상해없음,승용,남,59세,상해없음
2015100200100335,2015년 10월 2일 13시,금요일,경상남도 김해시 대동면,사망사고,1,0,0,0,차대차 - 측면직각충돌,안전운전불이행,건조,맑음,교차로 - 교차로안,화물,남,53세,상해없음,원동기,남,73세,사망
2015100200100336,2015년 10월 2일 13시,금요일,경상남도 김해시 서상동,중상사고,0,1,0,0,차대차 - 기타,안전운전불이행,건조,맑음,교차로 - 교차로부근,화물,남,39세,상해없음,자전거,여,66세,중상
2015100200100337,2015년 10월 2일 13시,금요일,경상남도 산청군 신안면,중상사고,0,2,1,0,차량단독 - 공작물충돌,안전운전불이행,건조,맑음,단일로 - 기타,화물,남,58세,경상,,,,
2015100200100378,2015년 10월 2일 14시,금요일,경상남도 사천시 좌룡동,부상신고사고,0,0,0,1,차대차 - 추돌 - 주정차중,안전운전불이행,건조,맑음,단일로 - 기타,승용,남,55세,상해없음,승용,여,44세,부상신고
2015100200100379,2015년 10월 2일 14시,금요일,경상남도 의령군 봉수면,중상사고,0,1,0,0,차량단독 - 공작물충돌,안전운전불이행,건조,맑음,단일로 - 기타,화물,남,65세,중상,,,,
2015100200100431,2015년 10월 2일 15시,금요일,경상남도 거창군 거창읍,중상사고,0,1,0,0,차대차 - 추돌 - 진행중,안전운전불이행,건조,맑음,단일로 - 기타,화물,남,52세,상해없음,원동기,남,86세,중상
2015100200100471,2015년 10월 2일 16시,금요일,경상남도 진주시 옥봉동,경상사고,0,0,1,0,차량단독 - 기타,안전운전불이행,건조,맑음,교차로 - 교차로부근,승합,남,56세,상해없음,,,,
2015100200100472,2015년 10월 2일 16시,금요일,경상남도 김해시 불암동,중상사고,0,1,0,0,차대차 - 추돌 - 진행중,안전거리미확보,건조,맑음,단일로 - 기타,화물,남,56세,상해없음,화물,남,63세,중상
2015100200100473,2015년 10월 2일 16시,금요일,경상남도 창녕군 대지면,경상사고,0,0,1,0,차량단독 - 전도전복,안전운전불이행,건조,맑음,단일로 - 기타,원동기,남,75세,경상,,,,
2015100200100474,2015년 10월 2일 16시,금요일,경상남도 양산시 용당동,부상신고사고,0,0,0,1,차대차 - 정면충돌,중앙선침범,건조,맑음,단일로 - 기타,화물,남,67세,상해없음,화물,남,63세,부상신고
2015100200100475,2015년 10월 2일 16시,금요일,경상남도 하동군 악양면,중상사고,0,1,0,0,차량단독 - 전도전복,안전운전불이행,건조,맑음,단일로 - 기타,기타불명,여,58세,상해없음,,,,
2015100200100476,2015년 10월 2일 16시,금요일,경상남도 거제시 고현동,경상사고,0,0,1,0,차대차 - 측면직각충돌,안전운전불이행,건조,맑음,교차로 - 교차로부근,승용,남,70세,상해없음,승용,여,43세,경상
2015100200100477,2015년 10월 2일 16시,금요일,경상남도 창원시 성산구 남양동,중상사고,0,1,0,0,차대사람 - 차도통행중,안전운전불이행,건조,맑음,교차로 - 교차로안,승용,여,32세,상해없음,보행자,여,45세,중상
2015100200100512,2015년 10월 2일 17시,금요일,경상남도 진주시 하대동,중상사고,0,1,0,0,차대사람 - 횡단중,안전운전불이행,건조,맑음,단일로 - 기타,승용,여,48세,상해없음,보행자,여,53세,중상
2015100200100513,2015년 10월 2일 17시,금요일,경상남도 창원시 진해구 서중동,경상사고,0,0,1,0,차대차 - 추돌 - 진행중,안전거리미확보,건조,맑음,교차로 - 교차로부근,승합,남,20세,상해없음,승용,남,68세,경상
2015100200100514,2015년 10월 2일 17시,금요일,경상남도 고성군 회화면,경상사고,0,0,2,0,차대차 - 추돌 - 진행중,안전거리미확보,건조,맑음,단일로 - 기타,승용,남,39세,상해없음,승용,남,54세,경상
2015100200100515,2015년 10월 2일 17시,금요일,경상남도 창원시 의창구 북면,경상사고,0,0,2,0,차대차 - 측면직각충돌,안전운전불이행,건조,맑음,단일로 - 기타,승용,남,64세,상해없음,화물,남,53세,경상
2015100200100516,2015년 10월 2일 17시,금요일,경상남도 창원시 의창구 북면,경상사고,0,0,3,0,차대차 - 측면직각충돌,안전운전불이행,건조,맑음,교차로 - 교차로안,승용,남,53세,상해없음,승용,여,46세,경상
2015100200100517,2015년 10월 2일 17시,금요일,경상남도 김해시 화목동,중상사고,0,1,0,0,차대차 - 측면직각충돌,안전운전불이행,건조,맑음,단일로 - 기타,승용,남,49세,상해없음,자전거,남,76세,중상
2015100200100564,2015년 10월 2일 18시,금요일,경상남도 하동군 옥종면,중상사고,0,1,0,0,차대사람 - 길가장자리구역통행중,안전운전불이행,건조,맑음,단일로 - 기타,승용,남,37세,상해없음,보행자,남,65세,중상
2015100200100565,2015년 10월 2일 18시,금요일,경상남도 거제시 수월동,경상사고,0,0,1,0,차대차 - 기타,안전거리미확보,건조,맑음,교차로 - 교차로안,승용,남,47세,상해없음,원동기,남,32세,경상
2015100200100566,2015년 10월 2일 18시,금요일,경상남도 거제시 연초면,경상사고,0,0,1,0,차대차 - 측면직각충돌,안전거리미확보,건조,맑음,교차로 - 교차로안,승합,남,59세,상해없음,화물,남,63세,경상
2015100200100621,2015년 10월 2일 19시,금요일,경상남도 창원시 마산회원구 양덕동,중상사고,0,1,0,0,차대차 - 정면충돌,안전운전불이행,건조,맑음,단일로 - 기타,승용,남,46세,상해없음,이륜,남,61세,중상
2015100200100661,2015년 10월 2일 20시,금요일,경상남도 창원시 마산합포구 진북면,중상사고,0,1,0,0,차대사람 - 기타,안전운전불이행,건조,맑음,단일로 - 기타,화물,남,68세,상해없음,보행자,남,50세,중상
2015100200100662,2015년 10월 2일 20시,금요일,경상남도 양산시 덕계동,부상신고사고,0,0,0,3,차대차 - 측면직각충돌,직진우회전진행방해,건조,맑음,교차로 - 교차로안,승용,남,56세,상해없음,승용,남,54세,상해없음
2015100200100663,2015년 10월 2일 20시,금요일,경상남도 창원시 의창구 봉곡동,중상사고,0,3,0,0,차대차 - 추돌 - 주정차중,안전운전불이행,건조,맑음,교차로 - 교차로안,승용,남,46세,상해없음,승용,남,40세,중상
2015100200100702,2015년 10월 2일 21시,금요일,경상남도 창원시 마산합포구 중앙동3가,중상사고,0,1,0,0,차대사람 - 기타,안전운전불이행,건조,맑음,기타 - 기타,승용,남,69세,상해없음,보행자,남,55세,중상
2015100200100703,2015년 10월 2일 21시,금요일,경상남도 창원시 성산구 상남동,중상사고,0,1,0,0,차대사람 - 길가장자리구역통행중,안전운전불이행,건조,맑음,단일로 - 기타,승용,여,15세,상해없음,보행자,여,28세,중상
2015100200100736,2015년 10월 2일 22시,금요일,경상남도 창원시 마산회원구 합성동,중상사고,0,1,0,0,차대차 - 추돌 - 진행중,안전운전불이행,건조,맑음,교차로 - 교차로부근,승용,남,19세,상해없음,승용,남,60세,중상
2015100200100760,2015년 10월 2일 23시,금요일,경상남도 진주시 칠암동,경상사고,0,0,1,0,차대사람 - 횡단중,보행자보호의무위반,건조,맑음,단일로 - 횡단보도상,승합,남,42세,상해없음,보행자,여,13세,경상
2015100200100761,2015년 10월 2일 23시,금요일,경상남도 양산시 북정동,경상사고,0,0,1,0,차대차 - 측면직각충돌,교차로운행방법위반,건조,맑음,교차로 - 교차로안,승용,남,54세,상해없음,승용,남,53세,경상
2015100200100762,2015년 10월 2일 23시,금요일,경상남도 김해시 장유면,중상사고,0,2,1,0,차대차 - 측면직각충돌,안전운전불이행,건조,맑음,교차로 - 교차로안,승용,남,36세,상해없음,승용,남,56세,중상
2015100300100044,2015년 10월 3일 01시,토요일,경상남도 남해군 미조면,중상사고,0,1,0,0,차대사람 - 차도통행중,안전운전불이행,건조,맑음,단일로 - 기타,승용,남,56세,상해없음,보행자,남,60세,중상
2015100300100063,2015년 10월 3일 02시,토요일,경상남도 김해시 내동,중상사고,0,1,0,0,차대사람 - 보도통행중,보행자보호의무위반,건조,맑음,단일로 - 기타,승용,여,39세,상해없음,보행자,남,18세,중상
2015100300100103,2015년 10월 3일 05시,토요일,경상남도 김해시 외동,중상사고,0,1,0,0,차대차 - 기타,신호위반,건조,맑음,교차로 - 교차로안,승용,남,50세,상해없음,자전거,남,68세,중상
2015100300100118,2015년 10월 3일 06시,토요일,경상남도 창녕군 이방면,중상사고,0,1,0,0,차량단독 - 도로외이탈 - 추락,안전운전불이행,건조,맑음,단일로 - 기타,이륜,남,71세,중상,,,,
2015100300100119,2015년 10월 3일 06시,토요일,경상남도 거제시 두모동,경상사고,0,0,2,1,차대차 - 기타,안전거리미확보,건조,맑음,교차로 - 교차로부근,승합,남,36세,상해없음,승용,여,54세,상해없음
2015100300100133,2015년 10월 3일 07시,토요일,경상남도 고성군 마암면,경상사고,0,0,1,0,차대차 - 측면직각충돌,교차로운행방법위반,건조,맑음,교차로 - 교차로안,화물,남,51세,상해없음,승용,남,35세,경상
2015100300100178,2015년 10월 3일 09시,토요일,경상남도 함안군 군북면,중상사고,0,2,2,0,차대차 - 측면직각충돌,차로위반,건조,맑음,단일로 - 기타,승용,남,18세,상해없음,승용,남,58세,중상
2015100300100207,2015년 10월 3일 10시,토요일,경상남도 창원시 마산합포구 중앙동3가,경상사고,0,0,1,0,차대사람 - 기타,안전운전불이행,건조,맑음,단일로 - 횡단보도부근,승용,남,51세,상해없음,보행자,여,77세,경상
2015100300100208,2015년 10월 3일 10시,토요일,경상남도 함양군 함양읍,경상사고,0,0,1,0,차대차 - 측면직각충돌,안전운전불이행,건조,맑음,단일로 - 기타,이륜,남,80세,경상,승용,여,39세,상해없음
2015100300100209,2015년 10월 3일 10시,토요일,경상남도 창원시 마산회원구 회원동,경상사고,0,0,1,0,차대차 - 측면직각충돌,안전운전불이행,건조,맑음,교차로 - 교차로안,승용,남,68세,상해없음,원동기,남,65세,경상
2015100300100229,2015년 10월 3일 11시,토요일,경상남도 양산시 원동면,경상사고,0,0,1,0,차대차 - 기타,안전거리미확보,건조,맑음,단일로 - 기타,승용,남,31세,상해없음,이륜,남,88세,경상
2015100300100268,2015년 10월 3일 12시,토요일,경상남도 통영시 항남동,중상사고,0,1,0,0,차량단독 - 기타,교차로운행방법위반,건조,맑음,교차로 - 교차로안,승용,남,61세,상해없음,,,,