사고번호,사고일시,요일,시군구,사고내용,사망자수,중상자수,경상자수,부상신고자수,사고유형,법규위반,노면상태,기상상태,도로형태,가해운전자 차종,가해운전자 성별,가해운전자 연령,가해운전자 상해정도,피해운전자 차종,피해운전자 성별,피해운전자 연령,피해운전자 상해정도
2015100300100269,2015년 10월 3일 12시,토요일,경상남도 창원시 의창구 동읍,경상사고,0,0,2,0,차대차 - 기타,안전운전불이행,건조,맑음,교차로 - 교차로부근,승용,남,54세,상해없음,승용,남,42세,경상
2015100300100270,2015년 10월 3일 12시,토요일,경상남도 김해시 진영읍,중상사고,0,1,0,0,차대차 - 측면직각충돌,교차로운행방법위반,건조,맑음,교차로 - 교차로안,승용,남,47세,상해없음,이륜,남,18세,중상
2015100300100301,2015년 10월 3일 13시,토요일,경상남도 통영시 북신동,중상사고,0,2,4,0,차대차 - 측면직각충돌,안전거리미확보,건조,맑음,단일로 - 기타,이륜,남,63세,중상,승용,남,35세,경상
2015100300100302,2015년 10월 3일 13시,토요일,경상남도 김해시 삼계동,경상사고,0,0,1,0,차대차 - 기타,안전운전불이행,건조,맑음,단일로 - 기타,이륜,남,33세,경상,승용,여,62세,상해없음
2015100300100303,2015년 10월 3일 13시,토요일,경상남도 거창군 거창읍,경상사고,0,0,1,0,차대사람 - 기타,교차로운행방법위반,건조,맑음,교차로 - 교차로안,승용,여,63세,상해없음,보행자,남,20세,경상
2015100300100304,2015년 10월 3일 13시,토요일,경상남도 하동군 하동읍,중상사고,0,2,3,0,차대차 - 정면충돌,중앙선침범,건조,맑음,단일로 - 기타,승용,남,74세,상해없음,승용,여,51세,중상
2015100300100338,2015년 10월 3일 14시,토요일,경상남도 밀양시 내이동,중상사고,0,1,3,0,차대차 - 측면직각충돌,교차로운행방법위반,건조,맑음,교차로 - 교차로안,승용,남,38세,상해없음,승용,남,58세,중상
2015100300100379,2015년 10월 3일 15시,토요일,경상남도 진주시 상봉동,중상사고,0,1,3,0,차대차 - 측면직각충돌,직진우회전진행방해,건조,맑음,교차로 - 교차로안,승용,남,26세,상해없음,승용,남,58세,경상
2015100300100380,2015년 10월 3일 15시,토요일,경상남도 김해시 내동,중상사고,0,1,0,0,차대사람 - 기타,안전운전불이행,건조,맑음,단일로 - 기타,승용,남,51세,상해없음,보행자,남,60세,중상
2015100300100416,2015년 10월 3일 16시,토요일,경상남도 거제시 고현동,중상사고,0,1,0,0,차대차 - 추돌 - 주정차중,안전운전불이행,건조,맑음,교차로 - 교차로부근,승용,남,57세,상해없음,자전거,남,38세,중상
2015100300100462,2015년 10월 3일 17시,토요일,경상남도 양산시 물금읍,사망사고,1,0,0,0,차대차 - 기타,안전거리미확보,건조,맑음,단일로 - 기타,승용,남,31세,상해없음,원동기,남,23세,사망
2015100300100513,2015년 10월 3일 18시,토요일,경상남도 양산시 평산동,경상사고,0,0,4,0,차대차 - 추돌 - 주정차중,안전운전불이행,건조,맑음,단일로 - 기타,승용,남,56세,상해없음,승용,남,38세,경상
2015100300100514,2015년 10월 3일 18시,토요일,경상남도 고성군 고성읍,사망사고,1,0,0,0,차대사람 - 횡단중,보행자보호의무위반,건조,맑음,단일로 - 기타,승용,남,61세,상해없음,보행자,여,65세,사망
2015100300100515,2015년 10월 3일 18시,토요일,경상남도 김해시 진영읍,경상사고,0,0,1,0,차대차 - 정면충돌,중앙선침범,건조,맑음,단일로 - 기타,승용,남,59세,상해없음,승용,남,56세,경상
2015100300100543,2015년 10월 3일 19시,토요일,경상남도 창원시 마산합포구 해운동,중상사고,0,1,1,0,차대사람 - 차도통행중,안전운전불이행,건조,맑음,단일로 - 기타,승용,남,35세,상해없음,보행자,남,40세,중상
2015100300100544,2015년 10월 3일 19시,토요일,경상남도 진주시 초전동,사망사고,1,0,0,0,차대사람 - 기타,안전운전불이행,건조,맑음,단일로 - 기타,승용,남,65세,상해없음,보행자,남,68세,사망
2015100300100545,2015년 10월 3일 19시,토요일,경상남도 거창군 거창읍,중상사고,0,1,0,0,차대차 - 측면직각충돌,안전운전불이행,건조,맑음,단일로 - 기타,승용,여,49세,상해없음,이륜,남,28세,중상
2015100300100546,2015년 10월 3일 19시,토요일,경상남도 함양군 함양읍,사망사고,1,0,0,0,차량단독 - 전도전복,안전운전불이행,건조,맑음,단일로 - 기타,이륜,남,32세,사망,,,,
2015100300100581,2015년 10월 3일 20시,토요일,경상남도 통영시 항남동,경상사고,0,0,1,0,차대사람 - 차도통행중,안전운전불이행,건조,맑음,단일로 - 기타,승용,남,59세,상해없음,보행자,남,34세,경상
2015100300100611,2015년 10월 3일 21시,토요일,경상남도 김해시 한림면,중상사고,0,1,0,0,차대사람 - 횡단중,보행자보호의무위반,건조,맑음,교차로 - 교차로부근,화물,남,50세,상해없음,보행자,여,60세,중상
2015100300100639,2015년 10월 3일 22시,토요일,경상남도 창원시 마산합포구 오동동,중상사고,0,1,0,0,차대차 - 추돌 - 주정차중,안전운전불이행,건조,맑음,기타 - 기타,화물,남,59세,상해없음,승용,남,33세,중상
2015100300100640,2015년 10월 3일 22시,토요일,경상남도 김해시 부원동,중상사고,0,1,0,0,차대사람 - 횡단중,안전운전불이행,건조,맑음,교차로 - 교차로안,승용,남,52세,상해없음,보행자,남,35세,중상
2015100400100029,2015년 10월 4일 01시,일요일,경상남도 거창군 거창읍,중상사고,0,1,0,0,차대사람 - 기타,안전운전불이행,건조,흐림,단일로 - 기타,승용,남,19세,상해없음,보행자,여,18세,중상
2015100400100042,2015년 10월 4일 02시,일요일,경상남도 진주시 봉곡동,중상사고,0,1,0,0,차대사람 - 차도통행중,안전운전불이행,건조,맑음,단일로 - 기타,승용,남,20세,상해없음,보행자,남,55세,중상
2015100400100043,2015년 10월 4일 02시,일요일,경상남도 거제시 장평동,경상사고,0,0,2,0,차대차 - 측면직각충돌,신호위반,건조,맑음,교차로 - 교차로안,승용,남,47세,상해없음,승용,남,25세,경상
2015100400100057,2015년 10월 4일 03시,일요일,경상남도 창원시 마산회원구 합성동,중상사고,0,1,0,0,차대차 - 측면직각충돌,안전운전불이행,건조,맑음,교차로 - 교차로안,승용,남,59세,상해없음,원동기,남,43세,중상
2015100400100105,2015년 10월 4일 07시,일요일,경상남도 김해시 장유면,중상사고,0,1,0,0,차대차 - 측면직각충돌,안전운전불이행,건조,맑음,단일로 - 기타,승용,남,34세,상해없음,승용,남,41세,중상
2015100400100120,2015년 10월 4일 08시,일요일,경상남도 양산시 남부동,중상사고,0,1,0,0,차대차 - 기타,차로위반,건조,맑음,단일로 - 기타,승용,남,31세,상해없음,승용,여,58세,중상
2015100400100153,2015년 10월 4일 10시,일요일,경상남도 사천시 동금동,경상사고,0,0,1,0,차대차 - 측면직각충돌,교차로운행방법위반,건조,맑음,교차로 - 교차로안,화물,남,46세,상해없음,자전거,남,77세,경상
2015100400100154,2015년 10월 4일 10시,일요일,경상남도 산청군 시천면,부상신고사고,0,0,0,1,차량단독 - 전도전복,안전운전불이행,건조,맑음,단일로 - 기타,이륜,남,54세,부상신고,,,,
2015100400100174,2015년 10월 4일 11시,일요일,경상남도 창원시 진해구 풍호동,중상사고,0,1,0,0,차대사람 - 기타,안전운전불이행,건조,맑음,미분류 - 미분류,승용,여,29세,상해없음,보행자,남,55세,중상
2015100400100175,2015년 10월 4일 11시,일요일,경상남도 김해시 봉황동,경상사고,0,0,1,0,차대차 - 추돌 - 주정차중,안전운전불이행,건조,맑음,교차로 - 교차로부근,승용,여,42세,상해없음,승용,여,47세,경상
2015100400100197,2015년 10월 4일 12시,일요일,경상남도 창원시 진해구 석동,경상사고,0,0,2,0,차대차 - 측면직각충돌,신호위반,건조,맑음,교차로 - 교차로안,원동기,남,33세,경상,승용,남,35세,경상
2015100400100221,2015년 10월 4일 13시,일요일,경상남도 김해시 어방동,경상사고,0,0,1,0,차대차 - 측면직각충돌,직진우회전진행방해,건조,맑음,교차로 - 교차로안,승용,남,49세,상해없음,승용,남,51세,상해없음
2015100400100222,2015년 10월 4일 13시,일요일,경상남도 거제시 고현동,경상사고,0,0,1,0,차대차 - 측면직각충돌,교차로운행방법위반,건조,맑음,교차로 - 교차로안,승용,남,75세,상해없음,이륜,남,23세,경상
2015100400100249,2015년 10월 4일 14시,일요일,경상남도 함양군 함양읍,중상사고,0,2,0,0,차대차 - 측면직각충돌,신호위반,건조,맑음,교차로 - 교차로안,건설기계,남,35세,상해없음,승용,남,52세,중상
2015100400100250,2015년 10월 4일 14시,일요일,경상남도 하동군 진교면,경상사고,0,0,1,0,차대차 - 기타,안전운전불이행,건조,맑음,단일로 - 기타,이륜,남,42세,상해없음,승용,남,53세,상해없음
2015100400100251,2015년 10월 4일 14시,일요일,경상남도 창원시 성산구 상남동,중상사고,0,1,0,0,차대사람 - 횡단중,보행자보호의무위반,건조,맑음,단일로 - 횡단보도상,이륜,남,29세,상해없음,보행자,여,54세,중상
2015100400100278,2015년 10월 4일 15시,일요일,경상남도 창원시 마산합포구 가포동,경상사고,0,0,1,0,차대사람 - 기타,안전운전불이행,건조,맑음,단일로 - 기타,승용,여,61세,상해없음,보행자,남,56세,경상
2015100400100279,2015년 10월 4일 15시,일요일,경상남도 진주시 상평동,중상사고,0,1,0,0,차대차 - 측면직각충돌,교차로운행방법위반,건조,맑음,교차로 - 교차로안,승용,남,65세,상해없음,이륜,남,45세,중상
2015100400100306,2015년 10월 4일 16시,일요일,경상남도 통영시 용남면,경상사고,0,0,2,0,차대차 - 기타,안전운전불이행,건조,맑음,교차로 - 교차로부근,승용,남,44세,상해없음,승용,남,25세,경상
2015100400100307,2015년 10월 4일 16시,일요일,경상남도 김해시 부원동,경상사고,0,0,3,0,차대차 - 기타,직진우회전진행방해,건조,맑음,교차로 - 교차로안,승합,남,49세,상해없음,승용,남,37세,경상
2015100400100385,2015년 10월 4일 18시,일요일,경상남도 창원시 진해구 석동,중상사고,0,1,0,0,차대차 - 측면직각충돌,중앙선침범,건조,맑음,단일로 - 기타,승용,남,40세,상해없음,원동기,남,35세,중상
2015100400100386,2015년 10월 4일 18시,일요일,경상남도 사천시 서동,부상신고사고,0,0,0,6,차대차 - 측면직각충돌,교차로운행방법위반,건조,맑음,교차로 - 교차로안,승용,남,60세,상해없음,승용,남,36세,부상신고
2015100400100438,2015년 10월 4일 20시,일요일,경상남도 김해시 장유면,중상사고,0,1,0,0,차대차 - 측면직각충돌,안전운전불이행,건조,맑음,단일로 - 기타,승용,남,27세,상해없음,이륜,남,34세,중상
2015100400100458,2015년 10월 4일 21시,일요일,경상남도 창원시 마산합포구 월영동,경상사고,0,0,1,0,차대차 - 추돌 - 진행중,안전거리미확보,건조,맑음,단일로 - 기타,승용,남,44세,상해없음,승용,남,42세,경상
2015100400100499,2015년 10월 4일 23시,일요일,경상남도 진주시 평거동,중상사고,0,2,1,0,차대차 - 추돌 - 주정차중,안전운전불이행,건조,맑음,교차로 - 교차로부근,화물,남,29세,상해없음,승용,여,47세,중상
2015100500100009,2015년 10월 5일 00시,월요일,경상남도 창원시 마산합포구 진전면,경상사고,0,0,1,0,차대차 - 추돌 - 진행중,안전거리미확보,건조,맑음,단일로 - 기타,승용,남,49세,상해없음,승용,남,43세,경상
2015100500100010,2015년 10월 5일 00시,월요일,경상남도 창원시 의창구 동읍,중상사고,0,1,2,0,차대차 - 추돌 - 진행중,안전운전불이행,건조,맑음,단일로 - 기타,승용,남,49세,상해없음,승용,남,60세,경상
2015100500100041,2015년 10월 5일 04시,월요일,경상남도 거제시 고현동,중상사고,0,1,0,0,차대차 - 추돌 - 진행중,안전운전불이행,건조,맑음,단일로 - 기타,승용,남,60세,상해없음,승용,남,20세,중상
2015100500100097,2015년 10월 5일 07시,월요일,경상남도 창원시 성산구 대방동,부상신고사고,0,0,0,1,차대사람 - 기타,안전운전불이행,건조,맑음,단일로 - 횡단보도부근,기타불명,기타불명,기타불명,기타불명,보행자,남,12세,부상신고
2015100500100148,2015년 10월 5일 08시,월요일,경상남도 밀양시 삼문동,경상사고,0,0,1,0,차대사람 - 차도통행중,안전운전불이행,건조,맑음,단일로 - 기타,승용,남,47세,상해없음,보행자,남,67세,경상
2015100500100183,2015년 10월 5일 09시,월요일,경상남도 창원시 마산합포구 교방동,중상사고,0,2,1,0,차대차 - 추돌 - 주정차중,안전운전불이행,건조,맑음,단일로 - 기타,화물,남,24세,상해없음,승용,여,40세,경상
2015100500100184,2015년 10월 5일 09시,월요일,경상남도 진주시 가좌동,중상사고,0,1,0,0,차대사람 - 기타,안전운전불이행,건조,맑음,교차로 - 교차로안,승용,남,57세,상해없음,보행자,여,24세,중상
2015100500100185,2015년 10월 5일 09시,월요일,경상남도 창녕군 도천면,경상사고,0,0,3,0,차대차 - 기타,안전운전불이행,건조,맑음,단일로 - 기타,승용,남,42세,상해없음,승용,여,68세,경상
2015100500100220,2015년 10월 5일 10시,월요일,경상남도 산청군 산청읍,경상사고,0,0,1,0,차대차 - 추돌 - 진행중,기타,건조,맑음,단일로 - 기타,화물,남,76세,상해없음,이륜,남,75세,경상
2015100500100248,2015년 10월 5일 11시,월요일,경상남도 창원시 마산합포구 중앙동1가,중상사고,0,1,0,0,차대사람 - 기타,안전운전불이행,건조,맑음,단일로 - 기타,승용,남,63세,상해없음,보행자,여,73세,중상
2015100500100249,2015년 10월 5일 11시,월요일,경상남도 창녕군 장마면,중상사고,0,1,0,0,차대차 - 기타,중앙선침범,건조,맑음,교차로 - 교차로안,승용,남,58세,상해없음,원동기,남,35세,중상
2015100500100250,2015년 10월 5일 11시,월요일,경상남도 창원시 성산구 상남동,중상사고,0,1,0,0,차대차 - 측면직각충돌,안전운전불이행,건조,맑음,교차로 - 교차로안,승용,남,71세,기타불명,승용,남,32세,중상
2015100500100284,2015년 10월 5일 12시,월요일,경상남도 창원시 성산구 중앙동,중상사고,0,1,0,0,차대차 - 측면직각충돌,신호위반,건조,맑음,교차로 - 교차로안,승용,여,56세,상해없음,승용,여,46세,중상
2015100500100318,2015년 10월 5일 13시,월요일,경상남도 김해시 내동,중상사고,0,1,0,0,차대차 - 기타,안전운전불이행,건조,맑음,단일로 - 기타,승용,여,40세,상해없음,승합,남,41세,중상
2015100500100319,2015년 10월 5일 13시,월요일,경상남도 거제시 사등면,경상사고,0,0,1,0,차대차 - 추돌 - 진행중,기타,건조,맑음,단일로 - 기타,화물,남,60세,상해없음,승용,여,43세,경상
2015100500100320,2015년 10월 5일 13시,월요일,경상남도 거제시 아주동,중상사고,0,1,0,0,차대차 - 측면직각충돌,안전운전불이행,건조,맑음,교차로 - 교차로안,자전거,남,25세,중상,승용,남,35세,상해없음
2015100500100346,2015년 10월 5일 14시,월요일,경상남도 밀양시 내이동,중상사고,0,1,0,0,차대차 - 정면충돌,교차로운행방법위반,건조,맑음,교차로 - 교차로안,화물,남,56세,상해없음,원동기,남,75세,중상
2015100500100347,2015년 10월 5일 14시,월요일,경상남도 김해시 서상동,부상신고사고,0,0,0,1,차대차 - 측면직각충돌,안전운전불이행,건조,맑음,교차로 - 교차로안,자전거,남,79세,부상신고,승용,여,30세,상해없음
2015100500100348,2015년 10월 5일 14시,월요일,경상남도 김해시 진례면,경상사고,0,0,1,0,차대차 - 추돌 - 주정차중,안전운전불이행,건조,맑음,단일로 - 기타,승용,여,55세,상해없음,승용,여,28세,경상
2015100500100388,2015년 10월 5일 15시,월요일,경상남도 통영시 미수동,경상사고,0,0,1,0,차대차 - 추돌 - 진행중,안전운전불이행,건조,맑음,단일로 - 교량,승용,남,48세,상해없음,승용,남,51세,경상
2015100500100389,2015년 10월 5일 15시,월요일,경상남도 통영시 산양읍,경상사고,0,0,1,0,차대차 - 측면직각충돌,안전운전불이행,건조,맑음,교차로 - 교차로안,승용,여,42세,상해없음,화물,남,58세,경상
2015100500100390,2015년 10월 5일 15시,월요일,경상남도 사천시 사천읍,중상사고,0,1,0,0,차대사람 - 횡단중,안전운전불이행,건조,맑음,교차로 - 교차로안,화물,남,42세,상해없음,보행자,여,65세,중상
2015100500100438,2015년 10월 5일 16시,월요일,경상남도 통영시 산양읍,중상사고,0,1,0,0,차대사람 - 횡단중,안전운전불이행,건조,맑음,단일로 - 기타,화물,남,21세,상해없음,보행자,남,1세,중상
2015100500100439,2015년 10월 5일 16시,월요일,경상남도 합천군 합천읍,경상사고,0,0,1,0,차대차 - 측면직각충돌,교차로운행방법위반,건조,맑음,단일로 - 기타,승합,남,36세,상해없음,이륜,남,53세,경상
2015100500100440,2015년 10월 5일 16시,월요일,경상남도 김해시 장유면,부상신고사고,0,0,0,1,차대차 - 측면직각충돌,신호위반,건조,맑음,교차로 - 교차로안,이륜,남,75세,부상신고,승용,여,34세,상해없음
2015100500100441,2015년 10월 5일 16시,월요일,경상남도 함안군 가야읍,중상사고,0,1,0,0,차대차 - 추돌 - 진행중,안전운전불이행,건조,맑음,단일로 - 기타,화물,남,40세,중상,건설기계,남,45세,상해없음
2015100500100484,2015년 10월 5일 17시,월요일,경상남도 진주시 내동면,경상사고,0,0,2,0,차대차 - 추돌 - 주정차중,안전운전불이행,건조,맑음,단일로 - 기타,승용,남,73세,상해없음,승용,여,41세,경상
2015100500100485,2015년 10월 5일 17시,월요일,경상남도 창원시 진해구 용원동,경상사고,0,0,1,0,차대사람 - 횡단중,보행자보호의무위반,건조,맑음,단일로 - 횡단보도상,승용,여,35세,상해없음,보행자,남,8세,경상
2015100500100486,2015년 10월 5일 17시,월요일,경상남도 창원시 진해구 이동,경상사고,0,0,2,0,차대차 - 측면직각충돌,교차로운행방법위반,건조,맑음,교차로 - 교차로안,원동기,남,18세,경상,승용,남,64세,상해없음
2015100500100487,2015년 10월 5일 17시,월요일,경상남도 창원시 성산구 신촌동,중상사고,0,2,1,0,차대차 - 정면충돌,중앙선침범,건조,맑음,교차로 - 교차로부근,승용,남,25세,상해없음,승용,남,44세,중상
2015100500100546,2015년 10월 5일 18시,월요일,경상남도 밀양시 부북면,중상사고,0,1,0,0,차대차 - 측면직각충돌,안전운전불이행,건조,맑음,교차로 - 교차로안,화물,남,29세,상해없음,이륜,남,62세,중상
2015100500100547,2015년 10월 5일 18시,월요일,경상남도 밀양시 내이동,경상사고,0,0,1,0,차대차 - 추돌 - 진행중,교차로운행방법위반,건조,맑음,교차로 - 교차로안,승용,여,23세,상해없음,승용,여,35세,경상
2015100500100548,2015년 10월 5일 18시,월요일,경상남도 양산시 중부동,부상신고사고,0,0,0,1,차대차 - 측면직각충돌,신호위반,건조,맑음,교차로 - 교차로안,이륜,남,20세,상해없음,승용,남,57세,부상신고
2015100500100591,2015년 10월 5일 19시,월요일,경상남도 진주시 대곡면,중상사고,0,1,0,0,차대사람 - 길가장자리구역통행중,안전운전불이행,건조,맑음,교차로 - 교차로부근,승용,남,33세,상해없음,보행자,남,72세,중상
2015100500100592,2015년 10월 5일 19시,월요일,경상남도 사천시 벌리동,경상사고,0,0,3,0,차대차 - 측면직각충돌,안전운전불이행,건조,맑음,교차로 - 교차로안,승용,여,46세,경상,승용,남,62세,경상
2015100500100593,2015년 10월 5일 19시,월요일,경상남도 사천시 정동면,중상사고,0,1,0,0,차대사람 - 횡단중,안전운전불이행,건조,맑음,단일로 - 기타,승용,여,50세,상해없음,보행자,여,75세,중상
2015100500100594,2015년 10월 5일 19시,월요일,경상남도 거제시 고현동,경상사고,0,0,1,0,차대차 - 측면직각충돌,교차로운행방법위반,건조,맑음,교차로 - 교차로안,승용,남,37세,상해없음,승용,남,54세,경상
2015100500100595,2015년 10월 5일 19시,월요일,경상남도 거제시 고현동,경상사고,0,0,1,0,차대차 - 기타,안전거리미확보,건조,맑음,단일로 - 기타,승용,남,38세,상해없음,이륜,남,52세,경상
2015100500100596,2015년 10월 5일 19시,월요일,경상남도 김해시 장유면,중상사고,0,1,0,0,차대사람 - 횡단중,안전운전불이행,건조,맑음,교차로 - 교차로안,승용,여,49세,상해없음,보행자,여,56세,중상
2015100500100660,2015년 10월 5일 21시,월요일,경상남도 창원시 진해구 여좌동,경상사고,0,0,1,0,차대차 - 측면직각충돌,교차로운행방법위반,건조,맑음,교차로 - 교차로안,원동기,남,60세,경상,승용,남,61세,상해없음
2015100500100661,2015년 10월 5일 21시,월요일,경상남도 창원시 진해구 청안동,중상사고,0,1,0,0,차대차 - 추돌 - 진행중,안전운전불이행,건조,맑음,단일로 - 기타,승용,남,23세,상해없음,승용,여,42세,중상
2015100500100662,2015년 10월 5일 21시,월요일,경상남도 통영시 광도면,경상사고,0,0,2,0,차대차 - 추돌 - 진행중,안전운전불이행,건조,맑음,단일로 - 기타,승용,남,66세,상해없음,승용,여,27세,경상
2015100500100663,2015년 10월 5일 21시,월요일,경상남도 함안군 칠원읍,중상사고,0,1,1,0,차대차 - 추돌 - 주정차중,안전운전불이행,건조,맑음,단일로 - 기타,특수,남,45세,중상,화물,남,59세,경상
2015100500100703,2015년 10월 5일 22시,월요일,경상남도 양산시 물금읍,경상사고,0,0,2,0,차대차 - 기타,교차로운행방법위반,건조,맑음,교차로 - 교차로안,승용,남,52세,상해없음,원동기,남,41세,경상
2015100500100704,2015년 10월 5일 22시,월요일,경상남도 양산시 동면,중상사고,0,2,0,0,차대차 - 기타,중앙선침범,건조,맑음,단일로 - 기타,승용,여,40세,상해없음,승용,여,59세,중상
2015100500100732,2015년 10월 5일 23시,월요일,경상남도 창원시 마산합포구 완월동,경상사고,0,0,2,0,차대차 - 측면직각충돌,안전운전불이행,건조,맑음,교차로 - 교차로안,승용,남,70세,경상,승용,남,31세,경상
2015100600100035,2015년 10월 6일 01시,화요일,경상남도 진주시 내동면,경상사고,0,0,2,0,차대차 - 측면직각충돌,신호위반,건조,맑음,교차로 - 교차로안,승용,여,19세,상해없음,승용,남,55세,경상
2015100600100106,2015년 10월 6일 07시,화요일,경상남도 창원시 마산합포구 해운동,경상사고,0,0,4,0,차대차 - 측면직각충돌,안전운전불이행,건조,맑음,교차로 - 교차로안,승용,남,28세,상해없음,승용,여,33세,경상
2015100600100147,2015년 10월 6일 08시,화요일,경상남도 사천시 사남면,경상사고,0,0,2,0,차대차 - 측면직각충돌,안전운전불이행,건조,맑음,교차로 - 교차로안,승용,남,27세,경상,승용,남,35세,경상
2015100600100148,2015년 10월 6일 08시,화요일,경상남도 양산시 어곡동,부상신고사고,0,0,0,2,차대차 - 측면직각충돌,직진우회전진행방해,건조,맑음,교차로 - 교차로안,승용,여,21세,상해없음,화물,남,64세,상해없음
2015100600100149,2015년 10월 6일 08시,화요일,경상남도 김해시 흥동,중상사고,0,1,0,0,차대차 - 측면직각충돌,교차로운행방법위반,건조,맑음,교차로 - 교차로안,화물,남,63세,상해없음,이륜,남,32세,중상
2015100600100225,2015년 10월 6일 10시,화요일,경상남도 통영시 서호동,부상신고사고,0,0,0,1,차대차 - 측면직각충돌,안전운전불이행,건조,맑음,단일로 - 기타,자전거,남,54세,부상신고,승합,남,46세,상해없음
2015100600100256,2015년 10월 6일 11시,화요일,경상남도 진주시 미천면,중상사고,0,1,0,0,차대사람 - 횡단중,안전운전불이행,건조,맑음,단일로 - 기타,승합,남,57세,상해없음,보행자,여,78세,중상
2015100600100257,2015년 10월 6일 11시,화요일,경상남도 양산시 삼호동,경상사고,0,0,1,0,차대차 - 추돌 - 주정차중,교차로운행방법위반,건조,맑음,교차로 - 교차로안,승용,남,43세,상해없음,승용,남,26세,경상
2015100600100258,2015년 10월 6일 11시,화요일,경상남도 하동군 횡천면,중상사고,0,1,0,0,차대차 - 측면직각충돌,중앙선침범,건조,맑음,단일로 - 기타,승용,남,55세,상해없음,화물,남,75세,중상
2015100600100286,2015년 10월 6일 12시,화요일,경상남도 창원시 마산합포구 신포동2가,중상사고,0,1,0,0,차대차 - 기타,직진우회전진행방해,건조,맑음,교차로 - 교차로안,승용,남,27세,상해없음,자전거,여,72세,중상
2015100600100287,2015년 10월 6일 12시,화요일,경상남도 창녕군 남지읍,경상사고,0,0,1,0,차대차 - 추돌 - 진행중,안전운전불이행,건조,맑음,교차로 - 교차로부근,건설기계,남,46세,상해없음,승용,여,52세,경상
2015100600100288,2015년 10월 6일 12시,화요일,경상남도 함양군 안의면,경상사고,0,0,1,0,차대차 - 정면충돌,안전운전불이행,건조,맑음,단일로 - 기타,화물,남,66세,상해없음,승용,여,46세,경상
2015100600100332,2015년 10월 6일 13시,화요일,경상남도 함양군 함양읍,경상사고,0,0,1,0,차대차 - 측면직각충돌,안전운전불이행,건조,맑음,단일로 - 기타,이륜,남,90세 이상,경상,승용,남,53세,상해없음
2015100600100333,2015년 10월 6일 13시,화요일,경상남도 양산시 덕계동,중상사고,0,1,0,0,차대사람 - 횡단중,안전운전불이행,건조,맑음,단일로 - 횡단보도상,화물,남,31세,상해없음,보행자,여,85세,중상
2015100600100386,2015년 10월 6일 14시,화요일,경상남도 거창군 거창읍,경상사고,0,0,1,0,차대차 - 기타,안전거리미확보,건조,맑음,교차로 - 교차로부근,승용,여,59세,상해없음,이륜,남,75세,경상
2015100600100387,2015년 10월 6일 14시,화요일,경상남도 의령군 용덕면,사망사고,2,1,0,0,차대차 - 기타,안전운전불이행,건조,맑음,단일로 - 기타,승용,남,85세,사망,승용,남,74세,기타불명
2015100600100435,2015년 10월 6일 15시,화요일,경상남도 김해시 장유면,중상사고,0,1,0,0,차대사람 - 횡단중,보행자보호의무위반,건조,맑음,단일로 - 횡단보도상,승용,남,41세,상해없음,보행자,여,10세,중상
2015100600100475,2015년 10월 6일 16시,화요일,경상남도 사천시 곤양면,중상사고,0,1,2,0,차대차 - 측면직각충돌,직진우회전진행방해,건조,맑음,교차로 - 교차로안,승용,남,56세,경상,승용,남,58세,경상
2015100600100476,2015년 10월 6일 16시,화요일,경상남도 창원시 마산회원구 합성동,경상사고,0,0,1,0,차대사람 - 기타,안전운전불이행,건조,맑음,단일로 - 기타,승용,남,34세,상해없음,보행자,여,81세,경상
2015100600100507,2015년 10월 6일 17시,화요일,경상남도 진주시 신안동,사망사고,1,0,0,0,차대차 - 측면직각충돌,안전운전불이행,건조,맑음,교차로 - 교차로부근,승용,여,41세,상해없음,자전거,남,33세,사망
2015100600100556,2015년 10월 6일 18시,화요일,경상남도 진주시 상대동,중상사고,0,1,0,0,차대사람 - 횡단중,안전운전불이행,건조,맑음,단일로 - 기타,화물,남,53세,상해없음,보행자,여,7세,중상
2015100600100557,2015년 10월 6일 18시,화요일,경상남도 김해시 외동,중상사고,0,1,0,0,차대사람 - 횡단중,안전운전불이행,건조,맑음,단일로 - 기타,승용,여,51세,상해없음,보행자,여,62세,중상
2015100600100558,2015년 10월 6일 18시,화요일,경상남도 거창군 거창읍,경상사고,0,0,1,0,차대차 - 추돌 - 주정차중,안전운전불이행,건조,맑음,단일로 - 기타,승용,남,60세,상해없음,화물,남,30세,경상
2015100600100559,2015년 10월 6일 18시,화요일,경상남도 고성군 영오면,중상사고,0,1,0,0,차량단독 - 공작물충돌,안전운전불이행,건조,맑음,단일로 - 기타,화물,남,49세,기타불명,,,,
2015100600100592,2015년 10월 6일 19시,화요일,경상남도 진주시 금산면,사망사고,1,0,0,0,차대차 - 정면충돌,안전운전불이행,건조,맑음,교차로 - 교차로안,화물,남,29세,상해없음,이륜,남,75세,사망
2015100600100593,2015년 10월 6일 19시,화요일,경상남도 창원시 진해구 남문동,중상사고,0,1,0,0,차량단독 - 공작물충돌,안전운전불이행,건조,맑음,교차로 - 교차로부근,건설기계,남,67세,중상,,,,
2015100600100594,2015년 10월 6일 19시,화요일,경상남도 김해시 삼정동,경상사고,0,0,1,0,차대차 - 추돌 - 진행중,안전거리미확보,건조,맑음,단일로 - 기타,승용,남,33세,상해없음,승용,남,51세,경상
2015100600100595,2015년 10월 6일 19시,화요일,경상남도 김해시 장유면,경상사고,0,0,1,0,차대차 - 측면직각충돌,안전운전불이행,건조,맑음,단일로 - 기타,승용,남,39세,상해없음,원동기,여,58세,경상