사고번호,사고일시,요일,시군구,사고내용,사망자수,중상자수,경상자수,부상신고자수,사고유형,법규위반,노면상태,기상상태,도로형태,가해운전자 차종,가해운전자 성별,가해운전자 연령,가해운전자 상해정도,피해운전자 차종,피해운전자 성별,피해운전자 연령,피해운전자 상해정도
2015100600100635,2015년 10월 6일 20시,화요일,경상남도 창원시 의창구 동읍,경상사고,0,0,1,0,차대사람 - 횡단중,신호위반,건조,맑음,교차로 - 교차로안,승용,남,56세,상해없음,보행자,남,38세,경상
2015100600100677,2015년 10월 6일 21시,화요일,경상남도 진주시 문산읍,중상사고,0,1,1,0,차대차 - 측면직각충돌,신호위반,건조,맑음,교차로 - 교차로안,승용,남,42세,상해없음,승용,남,55세,중상
2015100600100678,2015년 10월 6일 21시,화요일,경상남도 밀양시 가곡동,경상사고,0,0,2,0,차대차 - 기타,안전운전불이행,건조,흐림,단일로 - 기타,승용,남,61세,상해없음,승용,남,40세,경상
2015100600100679,2015년 10월 6일 21시,화요일,경상남도 거창군 거창읍,경상사고,0,0,1,0,차대차 - 측면직각충돌,안전운전불이행,건조,맑음,교차로 - 교차로안,승용,여,46세,상해없음,원동기,남,59세,경상
2015100600100680,2015년 10월 6일 21시,화요일,경상남도 창원시 마산회원구 양덕동,경상사고,0,0,1,0,차대차 - 정면충돌,중앙선침범,건조,맑음,단일로 - 기타,승용,남,37세,상해없음,원동기,남,24세,경상
2015100700100012,2015년 10월 7일 00시,수요일,경상남도 창원시 마산합포구 신포동2가,경상사고,0,0,1,0,차대차 - 측면직각충돌,신호위반,건조,맑음,교차로 - 교차로안,승용,남,23세,상해없음,승용,여,46세,경상
2015100700100026,2015년 10월 7일 01시,수요일,경상남도 창원시 의창구 북면,사망사고,1,0,0,0,차대사람 - 차도통행중,안전운전불이행,건조,맑음,단일로 - 기타,승용,남,59세,상해없음,보행자,남,63세,사망
2015100700100032,2015년 10월 7일 02시,수요일,경상남도 밀양시 가곡동,사망사고,1,0,0,0,차대차 - 추돌 - 진행중,안전운전불이행,건조,맑음,단일로 - 교량,화물,남,43세,상해없음,승용,남,21세,상해없음
2015100700100049,2015년 10월 7일 04시,수요일,경상남도 김해시 진영읍,경상사고,0,0,1,0,차대차 - 측면직각충돌,안전운전불이행,건조,맑음,교차로 - 교차로부근,승용,남,21세,상해없음,승합,남,53세,상해없음
2015100700100103,2015년 10월 7일 07시,수요일,경상남도 창원시 마산합포구 자산동,경상사고,0,0,1,0,차대차 - 기타,안전운전불이행,건조,맑음,단일로 - 기타,건설기계,남,47세,상해없음,승용,남,68세,경상
2015100700100104,2015년 10월 7일 07시,수요일,경상남도 김해시 내동,중상사고,0,1,0,0,차대사람 - 횡단중,보행자보호의무위반,건조,맑음,단일로 - 횡단보도상,승용,여,43세,상해없음,보행자,여,55세,중상
2015100700100105,2015년 10월 7일 07시,수요일,경상남도 거창군 거창읍,중상사고,0,2,0,0,차대차 - 측면직각충돌,안전운전불이행,건조,맑음,단일로 - 기타,화물,남,54세,상해없음,화물,남,55세,중상
2015100700100106,2015년 10월 7일 07시,수요일,경상남도 거제시 장평동,중상사고,0,1,0,0,차대차 - 측면직각충돌,안전운전불이행,건조,맑음,교차로 - 교차로부근,이륜,기타불명,기타불명,기타불명,자전거,남,28세,중상
2015100700100107,2015년 10월 7일 07시,수요일,경상남도 창원시 의창구 북면,경상사고,0,0,3,0,차대차 - 추돌 - 주정차중,안전운전불이행,건조,맑음,단일로 - 기타,승용,남,53세,상해없음,승용,여,67세,경상
2015100700100139,2015년 10월 7일 08시,수요일,경상남도 사천시 곤양면,중상사고,0,1,0,0,차대사람 - 기타,안전운전불이행,건조,맑음,단일로 - 기타,승용,남,41세,상해없음,보행자,여,59세,중상
2015100700100140,2015년 10월 7일 08시,수요일,경상남도 거제시 하청면,경상사고,0,0,1,0,차대사람 - 기타,보행자보호의무위반,건조,맑음,단일로 - 기타,승용,여,54세,상해없음,보행자,남,12세,경상
2015100700100141,2015년 10월 7일 08시,수요일,경상남도 창원시 의창구 북면,중상사고,0,1,0,0,차대차 - 측면직각충돌,교차로운행방법위반,건조,흐림,교차로 - 교차로안,승용,남,74세,상해없음,승용,여,47세,중상
2015100700100179,2015년 10월 7일 09시,수요일,경상남도 창원시 진해구 경화동,중상사고,0,1,0,0,차대사람 - 횡단중,보행자보호의무위반,건조,맑음,교차로 - 교차로안,승용,남,55세,상해없음,보행자,남,10세,중상
2015100700100180,2015년 10월 7일 09시,수요일,경상남도 사천시 사천읍,경상사고,0,0,1,0,차대차 - 정면충돌,안전운전불이행,건조,맑음,교차로 - 교차로안,승용,남,61세,상해없음,자전거,여,37세,경상
2015100700100181,2015년 10월 7일 09시,수요일,경상남도 양산시 동면,경상사고,0,0,1,0,차대차 - 측면직각충돌,안전운전불이행,건조,맑음,교차로 - 교차로안,승용,여,39세,상해없음,승합,남,59세,경상
2015100700100182,2015년 10월 7일 09시,수요일,경상남도 함안군 가야읍,경상사고,0,0,1,0,차대차 - 측면직각충돌,안전운전불이행,건조,맑음,교차로 - 교차로부근,화물,남,72세,상해없음,자전거,남,76세,경상
2015100700100219,2015년 10월 7일 10시,수요일,경상남도 창원시 마산합포구 상남동,중상사고,0,1,0,0,차대사람 - 횡단중,안전운전불이행,건조,맑음,단일로 - 기타,승용,여,48세,상해없음,보행자,여,81세,중상
2015100700100220,2015년 10월 7일 10시,수요일,경상남도 진주시 상평동,중상사고,0,1,0,0,차대사람 - 횡단중,안전운전불이행,건조,맑음,교차로 - 교차로안,승용,남,32세,상해없음,보행자,여,57세,중상
2015100700100221,2015년 10월 7일 10시,수요일,경상남도 진주시 가좌동,경상사고,0,0,1,0,차대차 - 기타,신호위반,건조,맑음,교차로 - 교차로안,승용,여,56세,상해없음,승용,남,51세,경상
2015100700100222,2015년 10월 7일 10시,수요일,경상남도 통영시 북신동,경상사고,0,0,1,0,차대차 - 추돌 - 주정차중,안전운전불이행,건조,맑음,단일로 - 기타,승용,여,41세,상해없음,승용,여,34세,경상
2015100700100223,2015년 10월 7일 10시,수요일,경상남도 양산시 남부동,중상사고,0,1,0,0,차대차 - 추돌 - 주정차중,안전운전불이행,건조,맑음,교차로 - 교차로부근,승용,남,58세,상해없음,승용,남,23세,중상
2015100700100254,2015년 10월 7일 11시,수요일,경상남도 양산시 동면,경상사고,0,0,2,0,차대차 - 추돌 - 진행중,안전거리미확보,건조,맑음,단일로 - 기타,화물,남,53세,상해없음,승용,여,27세,경상
2015100700100255,2015년 10월 7일 11시,수요일,경상남도 함안군 가야읍,경상사고,0,0,1,0,차대차 - 측면직각충돌,안전운전불이행,건조,맑음,교차로 - 교차로안,승용,여,59세,상해없음,승용,남,34세,경상
2015100700100286,2015년 10월 7일 12시,수요일,경상남도 함양군 병곡면,경상사고,0,0,1,0,차대사람 - 보도통행중,안전운전불이행,건조,맑음,단일로 - 기타,승용,남,60세,상해없음,보행자,여,90세 이상,경상
2015100700100312,2015년 10월 7일 13시,수요일,경상남도 진주시 초전동,중상사고,0,1,0,0,차대사람 - 횡단중,안전운전불이행,건조,맑음,단일로 - 기타,승용,남,27세,상해없음,보행자,여,68세,중상
2015100700100313,2015년 10월 7일 13시,수요일,경상남도 진주시 금곡면,중상사고,0,2,0,0,차대차 - 기타,안전운전불이행,건조,맑음,단일로 - 기타,승용,남,63세,상해없음,원동기,남,72세,중상
2015100700100353,2015년 10월 7일 14시,수요일,경상남도 김해시 삼정동,경상사고,0,0,1,0,차대차 - 추돌 - 진행중,안전거리미확보,건조,맑음,단일로 - 기타,화물,남,51세,상해없음,화물,남,25세,경상
2015100700100354,2015년 10월 7일 14시,수요일,경상남도 창원시 의창구 서상동,중상사고,0,1,0,0,차대사람 - 횡단중,안전운전불이행,건조,맑음,단일로 - 기타,원동기,남,54세,상해없음,보행자,여,60세,중상
2015100700100382,2015년 10월 7일 15시,수요일,경상남도 창원시 마산합포구 월포동,중상사고,0,1,0,0,차대차 - 측면직각충돌,안전운전불이행,건조,맑음,단일로 - 기타,승용,여,42세,상해없음,승용,여,54세,중상
2015100700100383,2015년 10월 7일 15시,수요일,경상남도 진주시 상대동,경상사고,0,0,2,0,차대차 - 기타,안전운전불이행,건조,맑음,교차로 - 교차로부근,화물,남,59세,상해없음,승용,여,40세,경상
2015100700100413,2015년 10월 7일 16시,수요일,경상남도 거창군 거창읍,경상사고,0,0,1,0,차대차 - 추돌 - 진행중,안전운전불이행,건조,맑음,단일로 - 기타,승용,남,46세,상해없음,승용,여,33세,경상
2015100700100449,2015년 10월 7일 17시,수요일,경상남도 창녕군 대합면,경상사고,0,0,1,0,차대차 - 기타,안전운전불이행,건조,맑음,단일로 - 기타,이륜,남,76세,경상,승용,여,54세,상해없음
2015100700100450,2015년 10월 7일 17시,수요일,경상남도 양산시 물금읍,경상사고,0,0,1,0,차대차 - 추돌 - 진행중,안전운전불이행,건조,맑음,단일로 - 기타,특수,남,60세,상해없음,화물,남,26세,경상
2015100700100451,2015년 10월 7일 17시,수요일,경상남도 창원시 성산구 반지동,중상사고,0,1,0,0,차대사람 - 기타,안전운전불이행,건조,맑음,기타 - 기타,승용,남,64세,상해없음,보행자,남,5세,중상
2015100700100452,2015년 10월 7일 17시,수요일,경상남도 창원시 성산구 반림동,중상사고,0,1,0,0,차대사람 - 보도통행중,기타,건조,맑음,기타 - 기타,원동기,남,17세,상해없음,보행자,여,11세,중상
2015100700100500,2015년 10월 7일 18시,수요일,경상남도 창원시 마산합포구 해운동,중상사고,0,1,0,0,차대사람 - 기타,안전운전불이행,건조,맑음,단일로 - 기타,승용,여,65세,상해없음,보행자,여,50세,중상
2015100700100501,2015년 10월 7일 18시,수요일,경상남도 통영시 광도면,경상사고,0,0,1,0,차대차 - 측면직각충돌,중앙선침범,건조,맑음,단일로 - 기타,화물,남,55세,상해없음,이륜,남,55세,경상
2015100700100502,2015년 10월 7일 18시,수요일,경상남도 사천시 곤명면,사망사고,1,0,0,0,차대사람 - 기타,안전운전불이행,건조,맑음,단일로 - 기타,승용,남,62세,상해없음,보행자,여,72세,사망
2015100700100503,2015년 10월 7일 18시,수요일,경상남도 함안군 가야읍,경상사고,0,0,1,0,차대차 - 측면직각충돌,직진우회전진행방해,건조,맑음,교차로 - 교차로안,승용,남,59세,상해없음,승용,남,41세,경상
2015100700100553,2015년 10월 7일 19시,수요일,경상남도 창원시 진해구 경화동,경상사고,0,0,1,0,차대차 - 추돌 - 진행중,안전운전불이행,건조,맑음,교차로 - 교차로안,승용,여,50세,기타불명,승용,남,47세,경상
2015100700100554,2015년 10월 7일 19시,수요일,경상남도 창원시 의창구 용호동,경상사고,0,0,1,0,차대사람 - 기타,안전운전불이행,건조,맑음,단일로 - 기타,승합,남,39세,상해없음,보행자,여,26세,경상
2015100700100555,2015년 10월 7일 19시,수요일,경상남도 김해시 주촌면,중상사고,0,1,0,0,차대차 - 측면직각충돌,중앙선침범,건조,맑음,단일로 - 기타,특수,남,55세,상해없음,승용,여,44세,중상
2015100700100596,2015년 10월 7일 20시,수요일,경상남도 김해시 장유면,중상사고,0,1,0,0,차대차 - 측면직각충돌,교차로운행방법위반,건조,맑음,교차로 - 교차로안,승용,남,36세,상해없음,승용,남,60세,중상
2015100700100631,2015년 10월 7일 21시,수요일,경상남도 거창군 거창읍,경상사고,0,0,2,0,차대차 - 기타,안전운전불이행,건조,흐림,단일로 - 기타,승용,여,49세,상해없음,원동기,남,19세,경상
2015100700100632,2015년 10월 7일 21시,수요일,경상남도 거제시 사등면,경상사고,0,0,1,0,차대차 - 측면직각충돌,중앙선침범,건조,맑음,단일로 - 기타,승용,남,52세,상해없음,승용,남,57세,경상
2015100700100633,2015년 10월 7일 21시,수요일,경상남도 거제시 연초면,중상사고,0,1,3,0,차량단독 - 공작물충돌,안전운전불이행,건조,맑음,단일로 - 기타,화물,남,35세,상해없음,,,,
2015100700100666,2015년 10월 7일 22시,수요일,경상남도 진주시 평거동,경상사고,0,0,1,0,차대차 - 기타,안전운전불이행,건조,맑음,교차로 - 교차로안,승용,여,55세,상해없음,자전거,남,13세,경상
2015100700100692,2015년 10월 7일 23시,수요일,경상남도 진주시 상평동,경상사고,0,0,1,0,차대차 - 기타,안전운전불이행,건조,맑음,교차로 - 교차로안,화물,남,56세,상해없음,승용,여,32세,경상
2015100700100693,2015년 10월 7일 23시,수요일,경상남도 밀양시 초동면,중상사고,0,1,0,0,차량단독 - 공작물충돌,안전운전불이행,건조,맑음,단일로 - 기타,승용,남,59세,중상,,,,
2015100800100023,2015년 10월 8일 00시,목요일,경상남도 진주시 문산읍,중상사고,0,1,1,0,차대차 - 기타,신호위반,건조,맑음,교차로 - 교차로안,승용,남,22세,상해없음,승용,남,58세,경상
2015100800100024,2015년 10월 8일 00시,목요일,경상남도 함안군 가야읍,중상사고,0,1,0,0,차대사람 - 횡단중,보행자보호의무위반,건조,맑음,교차로 - 교차로부근,승용,남,36세,상해없음,보행자,남,29세,중상
2015100800100044,2015년 10월 8일 01시,목요일,경상남도 김해시 외동,경상사고,0,0,1,1,차대차 - 측면직각충돌,안전운전불이행,건조,맑음,단일로 - 횡단보도상,자전거,남,32세,부상신고,원동기,남,21세,경상
2015100800100060,2015년 10월 8일 02시,목요일,경상남도 김해시 장유면,경상사고,0,0,1,0,차대차 - 추돌 - 주정차중,안전운전불이행,건조,맑음,단일로 - 기타,승용,남,55세,상해없음,승용,남,49세,경상
2015100800100083,2015년 10월 8일 05시,목요일,경상남도 양산시 상북면,중상사고,0,1,0,0,차대사람 - 기타,안전운전불이행,건조,맑음,교차로 - 교차로안,화물,남,27세,상해없음,보행자,여,61세,중상
2015100800100084,2015년 10월 8일 05시,목요일,경상남도 김해시 장유면,경상사고,0,0,1,0,차대차 - 추돌 - 진행중,안전운전불이행,건조,맑음,단일로 - 기타,승용,남,44세,상해없음,건설기계,남,38세,경상
2015100800100093,2015년 10월 8일 06시,목요일,경상남도 진주시 평거동,중상사고,0,1,0,0,차대사람 - 횡단중,신호위반,건조,맑음,교차로 - 교차로안,화물,남,44세,상해없음,보행자,여,73세,중상
2015100800100094,2015년 10월 8일 06시,목요일,경상남도 거창군 거창읍,중상사고,0,3,1,0,차대차 - 정면충돌,중앙선침범,건조,맑음,단일로 - 기타,승합,여,44세,상해없음,승용,여,58세,경상
2015100800100120,2015년 10월 8일 07시,목요일,경상남도 양산시 교동,중상사고,0,1,0,0,차대차 - 기타,안전거리미확보,건조,맑음,교차로 - 교차로부근,승용,남,52세,상해없음,승용,여,56세,중상
2015100800100121,2015년 10월 8일 07시,목요일,경상남도 김해시 풍유동,경상사고,0,0,1,0,차대차 - 추돌 - 주정차중,안전운전불이행,건조,맑음,단일로 - 기타,승용,남,41세,상해없음,승용,여,52세,경상
2015100800100170,2015년 10월 8일 08시,목요일,경상남도 창원시 마산합포구 월영동,경상사고,0,0,1,0,차대사람 - 기타,기타,건조,맑음,단일로 - 기타,승용,여,47세,상해없음,보행자,여,59세,경상
2015100800100171,2015년 10월 8일 08시,목요일,경상남도 통영시 광도면,중상사고,0,1,0,0,차대차 - 추돌 - 진행중,안전운전불이행,건조,맑음,단일로 - 기타,승용,남,70세,상해없음,승용,여,45세,중상
2015100800100207,2015년 10월 8일 09시,목요일,경상남도 산청군 신안면,중상사고,0,2,0,0,차대차 - 추돌 - 진행중,안전운전불이행,건조,맑음,단일로 - 기타,승용,남,57세,상해없음,이륜,남,76세,중상
2015100800100251,2015년 10월 8일 10시,목요일,경상남도 창원시 진해구 여좌동,경상사고,0,0,2,0,차대차 - 추돌 - 주정차중,안전운전불이행,건조,맑음,교차로 - 교차로부근,승용,남,52세,상해없음,화물,남,21세,상해없음
2015100800100252,2015년 10월 8일 10시,목요일,경상남도 거제시 거제면,중상사고,0,1,0,0,차대사람 - 기타,안전운전불이행,건조,맑음,교차로 - 교차로안,승용,여,24세,상해없음,보행자,여,67세,중상
2015100800100253,2015년 10월 8일 10시,목요일,경상남도 김해시 진영읍,중상사고,0,2,0,0,차대차 - 추돌 - 진행중,안전운전불이행,건조,맑음,단일로 - 기타,화물,남,37세,상해없음,승용,남,58세,중상
2015100800100283,2015년 10월 8일 11시,목요일,경상남도 창원시 진해구 자은동,중상사고,0,1,0,0,차량단독 - 공작물충돌,안전운전불이행,건조,맑음,단일로 - 기타,특수,여,50세,중상,,,,
2015100800100284,2015년 10월 8일 11시,목요일,경상남도 창원시 마산회원구 합성동,경상사고,0,0,1,0,차대차 - 측면직각충돌,안전운전불이행,건조,맑음,단일로 - 기타,승용,남,59세,상해없음,승용,남,58세,경상
2015100800100321,2015년 10월 8일 12시,목요일,경상남도 사천시 곤명면,중상사고,0,2,0,0,차대차 - 정면충돌,중앙선침범,건조,맑음,단일로 - 기타,화물,남,58세,중상,화물,남,49세,중상
2015100800100424,2015년 10월 8일 15시,목요일,경상남도 사천시 사남면,중상사고,0,1,0,0,차대사람 - 횡단중,안전운전불이행,건조,맑음,교차로 - 교차로안,승용,여,58세,상해없음,보행자,남,6세,중상
2015100800100425,2015년 10월 8일 15시,목요일,경상남도 밀양시 내이동,중상사고,0,1,0,0,차대사람 - 횡단중,기타,건조,맑음,단일로 - 기타,승합,남,59세,상해없음,보행자,남,8세,중상
2015100800100461,2015년 10월 8일 16시,목요일,경상남도 거제시 연초면,중상사고,0,1,0,0,차대차 - 측면직각충돌,중앙선침범,건조,맑음,단일로 - 기타,승용,남,66세,상해없음,승용,여,49세,중상
2015100800100462,2015년 10월 8일 16시,목요일,경상남도 거제시 남부면,경상사고,0,0,1,0,차대차 - 기타,중앙선침범,건조,맑음,단일로 - 기타,이륜,남,35세,상해없음,승용,남,54세,상해없음
2015100800100501,2015년 10월 8일 17시,목요일,경상남도 창원시 진해구 자은동,경상사고,0,0,2,0,차대차 - 추돌 - 주정차중,안전운전불이행,건조,맑음,단일로 - 기타,승용,여,44세,상해없음,승용,남,59세,경상
2015100800100502,2015년 10월 8일 17시,목요일,경상남도 통영시 도산면,경상사고,0,0,2,0,차대차 - 정면충돌,중앙선침범,건조,맑음,단일로 - 기타,화물,남,52세,상해없음,승용,남,66세,경상
2015100800100503,2015년 10월 8일 17시,목요일,경상남도 창원시 의창구 팔용동,중상사고,0,2,0,0,차대차 - 측면직각충돌,중앙선침범,건조,맑음,교차로 - 교차로부근,화물,남,53세,상해없음,승용,남,48세,중상
2015100800100504,2015년 10월 8일 17시,목요일,경상남도 창원시 의창구 명서동,중상사고,0,1,5,0,차대차 - 기타,안전거리미확보,건조,맑음,단일로 - 기타,화물,남,33세,상해없음,승합,남,39세,상해없음
2015100800100505,2015년 10월 8일 17시,목요일,경상남도 창원시 의창구 봉림동,경상사고,0,0,1,0,차대사람 - 횡단중,신호위반,건조,맑음,교차로 - 교차로부근,승합,남,55세,상해없음,보행자,남,17세,경상
2015100800100506,2015년 10월 8일 17시,목요일,경상남도 김해시 한림면,경상사고,0,0,1,0,차대차 - 정면충돌,중앙선침범,건조,맑음,교차로 - 교차로안,화물,남,61세,상해없음,화물,남,32세,경상
2015100800100568,2015년 10월 8일 18시,목요일,경상남도 창원시 의창구 신월동,경상사고,0,0,2,0,차대차 - 측면직각충돌,안전운전불이행,건조,맑음,교차로 - 교차로안,승용,여,29세,상해없음,승용,여,30세,경상
2015100800100607,2015년 10월 8일 19시,목요일,경상남도 김해시 삼계동,중상사고,0,1,0,0,차대차 - 기타,안전운전불이행,건조,맑음,단일로 - 기타,승합,남,54세,상해없음,이륜,남,56세,중상
2015100800100608,2015년 10월 8일 19시,목요일,경상남도 양산시 남부동,중상사고,0,1,0,0,차대차 - 측면직각충돌,안전운전불이행,건조,맑음,기타 - 기타,승합,남,52세,상해없음,승용,남,38세,중상
2015100800100609,2015년 10월 8일 19시,목요일,경상남도 고성군 마암면,경상사고,0,0,2,0,차대차 - 추돌 - 진행중,안전거리미확보,건조,맑음,단일로 - 기타,승용,남,60세,상해없음,승용,남,63세,경상
2015100800100610,2015년 10월 8일 19시,목요일,경상남도 거제시 장평동,중상사고,0,1,0,0,차대차 - 기타,교차로운행방법위반,건조,맑음,교차로 - 교차로부근,승용,여,50세,상해없음,이륜,남,46세,중상
2015100800100665,2015년 10월 8일 20시,목요일,경상남도 거창군 거창읍,경상사고,0,0,1,0,차대차 - 기타,안전운전불이행,건조,맑음,교차로 - 교차로부근,이륜,남,56세,경상,승용,여,28세,상해없음
2015100800100666,2015년 10월 8일 20시,목요일,경상남도 합천군 가회면,사망사고,1,0,0,0,차대차 - 추돌 - 진행중,안전운전불이행,건조,맑음,단일로 - 기타,화물,여,54세,상해없음,농기계,남,67세,사망
2015100800100667,2015년 10월 8일 20시,목요일,경상남도 창원시 마산회원구 회원동,경상사고,0,0,1,0,차대차 - 측면직각충돌,안전운전불이행,건조,맑음,교차로 - 교차로안,승용,남,61세,상해없음,승용,남,61세,상해없음
2015100800100705,2015년 10월 8일 21시,목요일,경상남도 통영시 정량동,사망사고,1,0,0,0,차대사람 - 차도통행중,안전운전불이행,건조,맑음,교차로 - 교차로부근,승용,남,33세,상해없음,보행자,남,58세,사망
2015100800100706,2015년 10월 8일 21시,목요일,경상남도 통영시 북신동,중상사고,0,1,0,1,차대차 - 추돌 - 주정차중,안전운전불이행,건조,맑음,단일로 - 기타,승용,남,59세,상해없음,승용,남,31세,기타불명
2015100800100707,2015년 10월 8일 21시,목요일,경상남도 양산시 동면,경상사고,0,0,1,0,차대차 - 측면직각충돌,안전거리미확보,건조,맑음,기타 - 기타,승용,남,57세,상해없음,원동기,남,20세,경상
2015100800100735,2015년 10월 8일 22시,목요일,경상남도 거제시 옥포동,경상사고,0,0,1,0,차대사람 - 기타,안전운전불이행,건조,맑음,기타 - 기타,승용,남,51세,상해없음,보행자,남,42세,경상
2015100800100736,2015년 10월 8일 22시,목요일,경상남도 창원시 의창구 봉곡동,부상신고사고,0,0,0,1,차대사람 - 기타,안전운전불이행,건조,맑음,단일로 - 기타,승용,남,46세,상해없음,보행자,여,58세,부상신고
2015100800100737,2015년 10월 8일 22시,목요일,경상남도 창원시 의창구 명서동,중상사고,0,1,0,0,차대차 - 측면직각충돌,신호위반,건조,맑음,교차로 - 교차로안,승용,남,40세,상해없음,이륜,남,22세,중상
2015100800100778,2015년 10월 8일 23시,목요일,경상남도 사천시 벌리동,경상사고,0,0,1,0,차대사람 - 길가장자리구역통행중,안전운전불이행,건조,맑음,단일로 - 기타,자전거,남,21세,상해없음,보행자,여,25세,경상
2015100900100022,2015년 10월 9일 00시,금요일,경상남도 함양군 서상면,중상사고,0,2,0,0,차대차 - 측면직각충돌,안전거리미확보,건조,맑음,단일로 - 기타,승용,남,19세,상해없음,승용,남,29세,중상
2015100900100025,2015년 10월 9일 00시,금요일,경상남도 진주시 상대동,경상사고,0,0,1,0,차대차 - 기타,안전운전불이행,건조,맑음,교차로 - 교차로안,원동기,남,46세,경상,승용,남,43세,상해없음
2015100900100026,2015년 10월 9일 00시,금요일,경상남도 창원시 마산회원구 합성동,경상사고,0,0,1,0,차대사람 - 차도통행중,안전운전불이행,건조,맑음,단일로 - 기타,승용,남,59세,상해없음,보행자,남,44세,경상
2015100900100052,2015년 10월 9일 01시,금요일,경상남도 진주시 인사동,중상사고,0,1,3,0,차대차 - 추돌 - 진행중,안전운전불이행,건조,맑음,교차로 - 교차로부근,승용,여,45세,상해없음,승용,여,25세,경상
2015100900100088,2015년 10월 9일 03시,금요일,경상남도 진주시 상대동,중상사고,0,1,0,0,차대사람 - 보도통행중,보행자보호의무위반,건조,맑음,단일로 - 횡단보도상,승용,여,42세,상해없음,보행자,여,61세,중상
2015100900100156,2015년 10월 9일 07시,금요일,경상남도 의령군 정곡면,경상사고,0,0,1,0,차대차 - 측면직각충돌,기타,건조,맑음,단일로 - 기타,승용,남,53세,상해없음,승용,여,49세,경상
2015100900100180,2015년 10월 9일 08시,금요일,경상남도 창원시 진해구 용원동,경상사고,0,0,2,0,차대차 - 측면직각충돌,안전운전불이행,건조,맑음,단일로 - 기타,승용,남,30세,상해없음,원동기,남,44세,경상
2015100900100181,2015년 10월 9일 08시,금요일,경상남도 창원시 진해구 풍호동,중상사고,0,1,0,0,차대차 - 측면직각충돌,교차로운행방법위반,건조,맑음,교차로 - 교차로안,승용,남,45세,상해없음,승용,여,49세,중상
2015100900100182,2015년 10월 9일 08시,금요일,경상남도 통영시 서호동,경상사고,0,0,1,0,차대사람 - 차도통행중,안전운전불이행,건조,맑음,단일로 - 기타,승합,남,49세,상해없음,보행자,여,76세,경상
2015100900100183,2015년 10월 9일 08시,금요일,경상남도 통영시 항남동,경상사고,0,0,1,0,차대차 - 측면직각충돌,직진우회전진행방해,건조,맑음,교차로 - 교차로안,승용,남,52세,상해없음,승용,남,60세,상해없음
2015100900100209,2015년 10월 9일 09시,금요일,경상남도 진주시 상평동,경상사고,0,0,1,0,차대사람 - 기타,안전운전불이행,건조,맑음,교차로 - 교차로안,화물,남,60세,상해없음,보행자,여,76세,경상
2015100900100253,2015년 10월 9일 10시,금요일,경상남도 창원시 마산회원구 양덕동,경상사고,0,0,3,0,차대차 - 추돌 - 진행중,안전운전불이행,건조,맑음,단일로 - 기타,승용,남,67세,상해없음,승용,여,45세,경상
2015100900100284,2015년 10월 9일 11시,금요일,경상남도 진주시 상대동,경상사고,0,0,2,0,차대차 - 추돌 - 주정차중,안전운전불이행,건조,맑음,단일로 - 기타,화물,남,38세,상해없음,승용,여,29세,경상
2015100900100285,2015년 10월 9일 11시,금요일,경상남도 김해시 내동,부상신고사고,0,0,0,1,차대사람 - 횡단중,보행자보호의무위반,건조,맑음,단일로 - 기타,승용,여,50세,상해없음,보행자,여,16세,부상신고
2015100900100286,2015년 10월 9일 11시,금요일,경상남도 김해시 부원동,경상사고,0,0,1,0,차대차 - 측면직각충돌,기타,건조,맑음,교차로 - 교차로안,승합,남,74세,상해없음,승합,남,31세,경상
2015100900100287,2015년 10월 9일 11시,금요일,경상남도 양산시 북부동,경상사고,0,0,1,0,차대차 - 측면직각충돌,교차로운행방법위반,건조,맑음,교차로 - 교차로안,승용,남,57세,상해없음,승용,남,55세,경상
2015100900100317,2015년 10월 9일 12시,금요일,경상남도 통영시 광도면,경상사고,0,0,3,0,차대차 - 추돌 - 진행중,안전운전불이행,건조,맑음,단일로 - 기타,건설기계,남,59세,상해없음,승용,남,25세,경상
2015100900100318,2015년 10월 9일 12시,금요일,경상남도 사천시 사천읍,사망사고,1,0,0,0,차대차 - 측면직각충돌,직진우회전진행방해,건조,맑음,교차로 - 교차로안,승용,여,44세,상해없음,이륜,남,75세,사망
2015100900100319,2015년 10월 9일 12시,금요일,경상남도 사천시 용현면,부상신고사고,0,0,0,4,차대차 - 측면직각충돌,직진우회전진행방해,건조,맑음,교차로 - 교차로안,승용,남,65세,상해없음,승용,남,34세,부상신고
2015100900100320,2015년 10월 9일 12시,금요일,경상남도 거제시 장평동,부상신고사고,0,0,0,1,차대차 - 측면직각충돌,안전운전불이행,건조,맑음,교차로 - 교차로부근,승용,남,30세,상해없음,승용,여,32세,상해없음
2015100900100388,2015년 10월 9일 14시,금요일,경상남도 밀양시 내이동,중상사고,0,1,0,0,차대차 - 측면직각충돌,신호위반,건조,맑음,교차로 - 교차로부근,이륜,남,78세,중상,승용,여,42세,상해없음
2015100900100389,2015년 10월 9일 14시,금요일,경상남도 거창군 거창읍,중상사고,0,1,0,0,차대차 - 측면직각충돌,교차로운행방법위반,건조,맑음,교차로 - 교차로안,승용,여,48세,상해없음,원동기,여,53세,중상