사고번호,사고일시,요일,시군구,사고내용,사망자수,중상자수,경상자수,부상신고자수,사고유형,법규위반,노면상태,기상상태,도로형태,가해운전자 차종,가해운전자 성별,가해운전자 연령,가해운전자 상해정도,피해운전자 차종,피해운전자 성별,피해운전자 연령,피해운전자 상해정도
2015100900100422,2015년 10월 9일 15시,금요일,경상남도 사천시 용현면,중상사고,0,1,0,0,차대차 - 측면직각충돌,직진우회전진행방해,건조,맑음,교차로 - 교차로안,승용,남,42세,상해없음,승용,여,49세,중상
2015100900100464,2015년 10월 9일 16시,금요일,경상남도 진주시 망경동,중상사고,0,1,0,0,차대사람 - 횡단중,보행자보호의무위반,건조,맑음,교차로 - 교차로부근,승용,여,71세,상해없음,보행자,남,75세,중상
2015100900100465,2015년 10월 9일 16시,금요일,경상남도 사천시 동금동,중상사고,0,5,0,0,차대차 - 추돌 - 주정차중,안전운전불이행,건조,맑음,교차로 - 교차로부근,승용,여,47세,상해없음,화물,남,58세,중상
2015100900100466,2015년 10월 9일 16시,금요일,경상남도 고성군 고성읍,경상사고,0,0,1,0,차대차 - 기타,기타,건조,맑음,단일로 - 기타,화물,남,55세,상해없음,승용,여,52세,경상
2015100900100467,2015년 10월 9일 16시,금요일,경상남도 하동군 청암면,경상사고,0,0,2,0,차대차 - 기타,안전운전불이행,건조,맑음,단일로 - 기타,화물,남,54세,상해없음,승합,남,54세,경상
2015100900100517,2015년 10월 9일 17시,금요일,경상남도 남해군 남면,사망사고,1,0,0,0,차대사람 - 횡단중,안전운전불이행,건조,맑음,단일로 - 기타,승용,남,56세,상해없음,보행자,여,73세,사망
2015100900100553,2015년 10월 9일 18시,금요일,경상남도 거제시 고현동,중상사고,0,1,0,0,차대차 - 측면직각충돌,기타,건조,맑음,교차로 - 교차로부근,승용,남,24세,상해없음,자전거,남,18세,중상
2015100900100554,2015년 10월 9일 18시,금요일,경상남도 거제시 하청면,중상사고,0,1,0,0,차대차 - 측면직각충돌,안전운전불이행,건조,맑음,교차로 - 교차로안,승합,남,74세,상해없음,이륜,남,39세,중상
2015100900100555,2015년 10월 9일 18시,금요일,경상남도 창원시 성산구 남산동,경상사고,0,0,2,0,차대차 - 기타,신호위반,건조,맑음,교차로 - 교차로안,승용,남,61세,상해없음,승합,남,43세,경상
2015100900100593,2015년 10월 9일 19시,금요일,경상남도 진주시 금곡면,중상사고,0,1,0,0,차대사람 - 기타,안전운전불이행,건조,맑음,단일로 - 기타,화물,남,59세,상해없음,보행자,여,69세,중상
2015100900100594,2015년 10월 9일 19시,금요일,경상남도 함양군 수동면,중상사고,0,1,1,0,차대차 - 측면직각충돌,안전운전불이행,건조,맑음,교차로 - 교차로안,승용,남,47세,경상,승용,남,46세,중상
2015100900100595,2015년 10월 9일 19시,금요일,경상남도 김해시 한림면,경상사고,0,0,1,0,차대차 - 측면직각충돌,안전운전불이행,건조,맑음,단일로 - 기타,승용,남,53세,상해없음,화물,남,60세,경상
2015100900100638,2015년 10월 9일 20시,금요일,경상남도 창원시 마산합포구 상남동,중상사고,0,2,1,0,차대차 - 기타,안전운전불이행,건조,맑음,단일로 - 기타,승용,남,45세,상해없음,승용,여,47세,경상
2015100900100639,2015년 10월 9일 20시,금요일,경상남도 창녕군 창녕읍,경상사고,0,0,1,0,차대차 - 기타,안전운전불이행,건조,맑음,교차로 - 교차로안,원동기,남,66세,경상,승용,남,32세,상해없음
2015100900100668,2015년 10월 9일 21시,금요일,경상남도 진주시 평거동,경상사고,0,0,1,0,차대차 - 측면직각충돌,신호위반,건조,맑음,교차로 - 교차로안,이륜,남,32세,상해없음,이륜,남,20세,경상
2015100900100669,2015년 10월 9일 21시,금요일,경상남도 창원시 진해구 경화동,중상사고,0,1,0,0,차대사람 - 기타,안전운전불이행,건조,맑음,단일로 - 기타,승용,남,41세,상해없음,보행자,남,50세,중상
2015100900100670,2015년 10월 9일 21시,금요일,경상남도 거창군 거창읍,중상사고,0,1,0,0,차대차 - 측면직각충돌,안전운전불이행,건조,맑음,단일로 - 기타,승용,여,41세,상해없음,원동기,남,29세,중상
2015100900100671,2015년 10월 9일 21시,금요일,경상남도 양산시 하북면,경상사고,0,0,1,0,차대차 - 추돌 - 주정차중,안전거리미확보,건조,맑음,교차로 - 교차로부근,승용,남,65세,상해없음,이륜,남,25세,경상
2015100900100672,2015년 10월 9일 21시,금요일,경상남도 고성군 고성읍,중상사고,0,1,0,0,차대사람 - 기타,안전운전불이행,건조,맑음,교차로 - 교차로안,승용,남,58세,상해없음,보행자,여,64세,중상
2015100900100694,2015년 10월 9일 22시,금요일,경상남도 진주시 평거동,중상사고,0,1,0,0,차대차 - 측면직각충돌,신호위반,건조,맑음,교차로 - 교차로안,승용,여,46세,상해없음,이륜,남,18세,중상
2015100900100695,2015년 10월 9일 22시,금요일,경상남도 통영시 문화동,경상사고,0,0,1,0,차대차 - 추돌 - 주정차중,안전운전불이행,건조,맑음,단일로 - 기타,화물,남,43세,상해없음,승용,남,21세,경상
2015101000100050,2015년 10월 10일 02시,토요일,경상남도 창원시 성산구 대방동,중상사고,0,3,0,0,차대차 - 측면직각충돌,신호위반,건조,맑음,교차로 - 교차로안,승용,남,25세,상해없음,승용,남,46세,중상
2015101000100096,2015년 10월 10일 05시,토요일,경상남도 양산시 북부동,중상사고,0,1,0,0,차대차 - 기타,안전거리미확보,건조,맑음,단일로 - 기타,승용,남,65세,상해없음,승용,여,63세,중상
2015101000100119,2015년 10월 10일 06시,토요일,경상남도 양산시 동면,중상사고,0,1,0,0,차대차 - 기타,안전거리미확보,건조,맑음,교차로 - 교차로부근,승용,남,64세,상해없음,승용,남,68세,상해없음
2015101000100120,2015년 10월 10일 06시,토요일,경상남도 창원시 의창구 대원동,경상사고,0,0,1,0,차대차 - 기타,안전운전불이행,건조,맑음,교차로 - 교차로안,승용,여,33세,상해없음,승용,남,26세,경상
2015101000100145,2015년 10월 10일 07시,토요일,경상남도 김해시 삼계동,중상사고,0,1,0,0,차대차 - 측면직각충돌,신호위반,건조,맑음,교차로 - 교차로안,승용,남,47세,상해없음,승용,여,53세,중상
2015101000100195,2015년 10월 10일 09시,토요일,경상남도 양산시 동면,경상사고,0,0,1,0,차대차 - 추돌 - 진행중,안전거리미확보,건조,맑음,단일로 - 기타,화물,남,50세,상해없음,자전거,남,38세,경상
2015101000100227,2015년 10월 10일 10시,토요일,경상남도 진주시 주약동,중상사고,0,1,0,0,차대사람 - 횡단중,안전운전불이행,건조,맑음,단일로 - 기타,승용,여,53세,상해없음,보행자,여,76세,중상
2015101000100228,2015년 10월 10일 10시,토요일,경상남도 거제시 고현동,중상사고,0,1,0,0,차대차 - 측면직각충돌,교차로운행방법위반,건조,맑음,교차로 - 교차로안,화물,남,52세,상해없음,이륜,남,60세,중상
2015101000100258,2015년 10월 10일 11시,토요일,경상남도 양산시 삼호동,중상사고,0,1,0,0,차대사람 - 횡단중,안전운전불이행,건조,맑음,단일로 - 기타,승용,남,46세,상해없음,보행자,여,72세,중상
2015101000100259,2015년 10월 10일 11시,토요일,경상남도 창원시 의창구 대산면,부상신고사고,0,0,0,2,차대차 - 측면직각충돌,신호위반,건조,맑음,교차로 - 교차로안,승용,여,53세,상해없음,승용,남,39세,부상신고
2015101000100260,2015년 10월 10일 11시,토요일,경상남도 김해시 장유면,경상사고,0,0,1,0,차대차 - 정면충돌,중앙선침범,건조,맑음,교차로 - 교차로안,승용,남,26세,상해없음,화물,남,40세,경상
2015101000100286,2015년 10월 10일 12시,토요일,경상남도 합천군 초계면,경상사고,0,0,1,0,차대차 - 측면직각충돌,안전운전불이행,건조,맑음,단일로 - 기타,승용,여,70세,상해없음,이륜,남,32세,경상
2015101000100324,2015년 10월 10일 13시,토요일,경상남도 거제시 고현동,경상사고,0,0,1,0,차대차 - 기타,안전운전불이행,건조,맑음,교차로 - 교차로안,승용,남,27세,상해없음,자전거,남,12세,경상
2015101000100325,2015년 10월 10일 13시,토요일,경상남도 거제시 고현동,경상사고,0,0,1,0,차대차 - 추돌 - 주정차중,안전거리미확보,건조,맑음,교차로 - 교차로안,이륜,남,30세,상해없음,승용,여,41세,경상
2015101000100326,2015년 10월 10일 13시,토요일,경상남도 남해군 남면,중상사고,0,1,0,0,차량단독 - 전도전복,안전운전불이행,건조,맑음,단일로 - 기타,농기계,남,76세,중상,,,,
2015101000100361,2015년 10월 10일 14시,토요일,경상남도 김해시 삼정동,중상사고,0,1,1,0,차대차 - 측면직각충돌,중앙선침범,건조,맑음,단일로 - 기타,승용,남,29세,경상,화물,남,38세,중상
2015101000100396,2015년 10월 10일 15시,토요일,경상남도 김해시 어방동,경상사고,0,0,1,0,차대차 - 추돌 - 주정차중,안전운전불이행,건조,맑음,단일로 - 기타,승용,남,46세,상해없음,승용,남,50세,상해없음
2015101000100397,2015년 10월 10일 15시,토요일,경상남도 남해군 이동면,사망사고,1,2,2,0,차대차 - 정면충돌,중앙선침범,습기,흐림,단일로 - 기타,승용,여,58세,경상,승용,남,32세,경상
2015101000100398,2015년 10월 10일 15시,토요일,경상남도 함안군 가야읍,경상사고,0,0,3,0,차대차 - 측면직각충돌,직진우회전진행방해,건조,맑음,교차로 - 교차로안,승용,여,52세,상해없음,승용,남,43세,상해없음
2015101000100399,2015년 10월 10일 15시,토요일,경상남도 함안군 칠원읍,경상사고,0,0,1,0,차대차 - 기타,안전운전불이행,건조,맑음,교차로 - 교차로부근,승용,여,52세,상해없음,승용,남,29세,경상
2015101000100400,2015년 10월 10일 15시,토요일,경상남도 창원시 의창구 신월동,경상사고,0,0,1,0,차대차 - 측면직각충돌,신호위반,건조,맑음,교차로 - 교차로부근,승용,남,60세,상해없음,자전거,남,16세,경상
2015101000100410,2015년 10월 10일 16시,토요일,경상남도 김해시 삼정동,경상사고,0,0,3,0,차대차 - 정면충돌,안전거리미확보,건조,맑음,단일로 - 기타,승용,남,33세,상해없음,승용,여,58세,경상
2015101000100430,2015년 10월 10일 16시,토요일,경상남도 창원시 마산합포구 교원동,경상사고,0,0,1,0,차대사람 - 기타,안전운전불이행,건조,맑음,교차로 - 교차로안,승용,남,59세,상해없음,보행자,여,37세,경상
2015101000100458,2015년 10월 10일 17시,토요일,경상남도 양산시 물금읍,경상사고,0,0,4,0,차대차 - 측면직각충돌,안전운전불이행,건조,맑음,교차로 - 교차로안,승용,남,61세,상해없음,승용,남,35세,경상
2015101000100526,2015년 10월 10일 18시,토요일,경상남도 통영시 무전동,경상사고,0,0,1,0,차대차 - 기타,안전운전불이행,건조,맑음,단일로 - 기타,승용,남,56세,상해없음,이륜,남,26세,경상
2015101000100527,2015년 10월 10일 18시,토요일,경상남도 밀양시 교동,경상사고,0,0,1,0,차대차 - 측면직각충돌,신호위반,건조,흐림,교차로 - 교차로안,원동기,남,27세,경상,승용,남,65세,기타불명
2015101000100620,2015년 10월 10일 20시,토요일,경상남도 김해시 삼방동,중상사고,0,2,0,0,차대사람 - 횡단중,보행자보호의무위반,건조,맑음,단일로 - 횡단보도상,이륜,남,18세,중상,보행자,남,61세,중상
2015101000100659,2015년 10월 10일 21시,토요일,경상남도 창원시 진해구 경화동,경상사고,0,0,1,0,차대사람 - 기타,보행자보호의무위반,습기,흐림,단일로 - 기타,화물,남,71세,상해없음,보행자,남,54세,경상
2015101000100661,2015년 10월 10일 21시,토요일,경상남도 창원시 의창구 도계동,중상사고,0,2,0,0,차대차 - 추돌 - 주정차중,안전운전불이행,건조,맑음,교차로 - 교차로안,승용,남,51세,상해없음,화물,남,67세,중상
2015101000100662,2015년 10월 10일 21시,토요일,경상남도 창원시 의창구 대산면,경상사고,0,0,1,0,차대차 - 정면충돌,안전운전불이행,건조,맑음,교차로 - 교차로안,승용,남,66세,상해없음,화물,남,65세,상해없음
2015101000100663,2015년 10월 10일 21시,토요일,경상남도 함안군 칠서면,중상사고,0,1,1,0,차대차 - 추돌 - 진행중,안전운전불이행,건조,맑음,단일로 - 기타,승용,남,32세,중상,승합,남,36세,경상
2015101000100706,2015년 10월 10일 22시,토요일,경상남도 김해시 한림면,중상사고,0,2,0,0,차량단독 - 도로외이탈 - 추락,안전운전불이행,건조,맑음,단일로 - 기타,원동기,남,31세,중상,,,,
2015101000100737,2015년 10월 10일 23시,토요일,경상남도 진주시 평거동,중상사고,0,1,0,0,차대사람 - 길가장자리구역통행중,안전운전불이행,습기,비,단일로 - 기타,승용,남,41세,상해없음,보행자,여,46세,중상
2015101000100738,2015년 10월 10일 23시,토요일,경상남도 김해시 외동,경상사고,0,0,1,0,차대차 - 추돌 - 주정차중,안전운전불이행,건조,맑음,단일로 - 횡단보도부근,승용,남,18세,상해없음,승용,여,48세,경상
2015101100100017,2015년 10월 11일 00시,일요일,경상남도 김해시 외동,경상사고,0,0,1,0,차대사람 - 기타,안전운전불이행,건조,맑음,교차로 - 교차로부근,승용,여,41세,상해없음,보행자,남,45세,경상
2015101100100018,2015년 10월 11일 00시,일요일,경상남도 김해시 구산동,경상사고,0,0,1,2,차대차 - 측면직각충돌,신호위반,건조,맑음,교차로 - 교차로안,이륜,남,17세,부상신고,승용,남,36세,상해없음
2015101100100107,2015년 10월 11일 07시,일요일,경상남도 고성군 동해면,경상사고,0,0,1,0,차대차 - 측면직각충돌,교차로운행방법위반,건조,맑음,교차로 - 교차로안,농기계,남,68세,상해없음,승용,여,49세,경상
2015101100100139,2015년 10월 11일 09시,일요일,경상남도 사천시 곤명면,중상사고,0,2,1,0,차대차 - 추돌 - 주정차중,안전운전불이행,건조,맑음,단일로 - 기타,화물,남,74세,경상,화물,남,68세,중상
2015101100100140,2015년 10월 11일 09시,일요일,경상남도 김해시 서상동,중상사고,0,1,0,0,차대사람 - 보도통행중,기타,건조,맑음,기타 - 기타,원동기,남,64세,상해없음,보행자,남,43세,중상
2015101100100165,2015년 10월 11일 10시,일요일,경상남도 통영시 서호동,중상사고,0,1,0,0,차대사람 - 길가장자리구역통행중,안전운전불이행,건조,맑음,단일로 - 기타,승용,남,58세,상해없음,보행자,여,68세,중상
2015101100100166,2015년 10월 11일 10시,일요일,경상남도 양산시 물금읍,경상사고,0,0,1,0,차대차 - 기타,직진우회전진행방해,건조,맑음,교차로 - 교차로안,승용,여,50세,상해없음,승용,남,28세,경상
2015101100100167,2015년 10월 11일 10시,일요일,경상남도 남해군 삼동면,부상신고사고,0,0,0,1,차대차 - 기타,안전운전불이행,건조,맑음,단일로 - 기타,자전거,남,43세,부상신고,승합,남,56세,상해없음
2015101100100193,2015년 10월 11일 11시,일요일,경상남도 거제시 하청면,경상사고,0,0,1,0,차대사람 - 기타,안전운전불이행,건조,맑음,단일로 - 기타,승용,남,54세,상해없음,보행자,남,61세,경상
2015101100100298,2015년 10월 11일 15시,일요일,경상남도 사천시 정동면,경상사고,0,0,2,0,차대차 - 추돌 - 주정차중,안전거리미확보,건조,맑음,교차로 - 교차로안,승용,여,55세,상해없음,승용,여,69세,경상
2015101100100299,2015년 10월 11일 15시,일요일,경상남도 김해시 동상동,중상사고,0,1,0,0,차대차 - 측면직각충돌,교차로운행방법위반,건조,맑음,교차로 - 교차로안,승용,남,44세,상해없음,원동기,남,19세,중상
2015101100100334,2015년 10월 11일 16시,일요일,경상남도 사천시 사천읍,경상사고,0,0,1,0,차대차 - 추돌 - 주정차중,안전운전불이행,건조,흐림,단일로 - 기타,승용,남,47세,상해없음,승용,남,43세,상해없음
2015101100100335,2015년 10월 11일 16시,일요일,경상남도 거제시 양정동,경상사고,0,0,2,0,차대차 - 추돌 - 진행중,안전운전불이행,건조,맑음,단일로 - 터널,승용,남,41세,상해없음,승용,남,52세,상해없음
2015101100100336,2015년 10월 11일 16시,일요일,경상남도 김해시 풍유동,경상사고,0,0,1,0,차대차 - 추돌 - 주정차중,안전운전불이행,건조,맑음,단일로 - 횡단보도부근,건설기계,남,67세,상해없음,승용,여,72세,경상
2015101100100370,2015년 10월 11일 17시,일요일,경상남도 김해시 서상동,중상사고,0,1,0,0,차대사람 - 횡단중,교차로운행방법위반,건조,맑음,교차로 - 교차로안,기타불명,기타불명,기타불명,기타불명,보행자,여,71세,중상
2015101100100371,2015년 10월 11일 17시,일요일,경상남도 창원시 의창구 서상동,경상사고,0,0,1,0,차대차 - 추돌 - 주정차중,안전운전불이행,건조,맑음,교차로 - 교차로부근,승용,남,41세,상해없음,승용,남,55세,경상
2015101100100404,2015년 10월 11일 18시,일요일,경상남도 김해시 대성동,중상사고,0,1,0,0,차대차 - 추돌 - 주정차중,안전운전불이행,건조,맑음,단일로 - 기타,승용,남,26세,상해없음,승용,남,37세,상해없음
2015101100100441,2015년 10월 11일 19시,일요일,경상남도 창원시 진해구 경화동,중상사고,0,2,0,0,차대차 - 추돌 - 진행중,안전운전불이행,건조,맑음,교차로 - 교차로부근,승용,남,52세,상해없음,승용,남,55세,중상
2015101100100442,2015년 10월 11일 19시,일요일,경상남도 창원시 의창구 팔용동,중상사고,0,1,0,0,차대사람 - 횡단중,안전운전불이행,건조,맑음,단일로 - 기타,승용,남,34세,상해없음,보행자,남,33세,중상
2015101100100443,2015년 10월 11일 19시,일요일,경상남도 김해시 장유면,중상사고,0,1,0,0,차대사람 - 기타,안전운전불이행,건조,맑음,단일로 - 횡단보도부근,승용,남,24세,상해없음,보행자,여,17세,중상
2015101100100470,2015년 10월 11일 20시,일요일,경상남도 진주시 신안동,중상사고,0,2,3,0,차대차 - 측면직각충돌,차로위반,건조,맑음,단일로 - 기타,화물,남,53세,경상,승용,여,52세,경상
2015101100100471,2015년 10월 11일 20시,일요일,경상남도 양산시 남부동,경상사고,0,0,3,0,차대차 - 기타,안전운전불이행,건조,맑음,단일로 - 기타,승용,남,40세,상해없음,승용,남,54세,경상
2015101100100519,2015년 10월 11일 22시,일요일,경상남도 김해시 진영읍,경상사고,0,0,1,0,차대차 - 측면직각충돌,안전운전불이행,건조,맑음,단일로 - 기타,승용,남,41세,상해없음,승용,여,37세,경상
2015101100100535,2015년 10월 11일 23시,일요일,경상남도 사천시 사천읍,중상사고,0,1,0,0,차량단독 - 공작물충돌,안전운전불이행,건조,맑음,교차로 - 교차로안,승용,남,25세,상해없음,,,,
2015101100100536,2015년 10월 11일 23시,일요일,경상남도 창원시 의창구 팔용동,경상사고,0,0,3,0,차대차 - 측면직각충돌,안전운전불이행,건조,맑음,단일로 - 기타,화물,남,33세,상해없음,승용,남,31세,경상
2015101200100011,2015년 10월 12일 00시,월요일,경상남도 김해시 진영읍,경상사고,0,0,1,0,차대차 - 추돌 - 주정차중,안전운전불이행,건조,맑음,교차로 - 교차로안,승용,남,28세,상해없음,화물,남,47세,상해없음
2015101200100048,2015년 10월 12일 05시,월요일,경상남도 김해시 부원동,경상사고,0,0,1,0,차대차 - 기타,안전운전불이행,건조,맑음,단일로 - 기타,원동기,남,16세,상해없음,승합,남,54세,상해없음
2015101200100071,2015년 10월 12일 06시,월요일,경상남도 창녕군 대지면,중상사고,0,1,0,0,차대사람 - 횡단중,안전운전불이행,건조,맑음,기타 - 기타,승합,남,42세,상해없음,보행자,여,90세 이상,중상
2015101200100102,2015년 10월 12일 07시,월요일,경상남도 사천시 사남면,중상사고,0,1,0,0,차대사람 - 횡단중,안전운전불이행,건조,맑음,단일로 - 기타,승용,남,33세,상해없음,보행자,여,85세,중상
2015101200100103,2015년 10월 12일 07시,월요일,경상남도 사천시 노룡동,중상사고,0,1,0,0,차량단독 - 공작물충돌,안전운전불이행,건조,맑음,단일로 - 기타,승용,여,48세,중상,,,,
2015101200100104,2015년 10월 12일 07시,월요일,경상남도 창녕군 대합면,경상사고,0,0,1,0,차대차 - 기타,교차로운행방법위반,건조,맑음,교차로 - 교차로안,승용,남,61세,상해없음,승용,여,57세,경상
2015101200100105,2015년 10월 12일 07시,월요일,경상남도 양산시 물금읍,경상사고,0,0,1,0,차대차 - 기타,직진우회전진행방해,건조,맑음,교차로 - 교차로안,건설기계,남,55세,상해없음,이륜,남,34세,경상
2015101200100106,2015년 10월 12일 07시,월요일,경상남도 고성군 하이면,경상사고,0,0,1,0,차대사람 - 횡단중,보행자보호의무위반,건조,맑음,단일로 - 기타,승용,남,56세,상해없음,보행자,여,41세,경상
2015101200100107,2015년 10월 12일 07시,월요일,경상남도 하동군 금성면,경상사고,0,0,2,0,차대차 - 측면직각충돌,안전운전불이행,건조,맑음,교차로 - 교차로안,화물,남,46세,상해없음,승용,남,36세,경상
2015101200100108,2015년 10월 12일 07시,월요일,경상남도 하동군 금성면,경상사고,0,0,2,0,차대차 - 측면직각충돌,안전운전불이행,건조,맑음,교차로 - 교차로안,화물,여,63세,경상,화물,남,31세,경상
2015101200100109,2015년 10월 12일 07시,월요일,경상남도 김해시 장유면,중상사고,0,1,0,0,차대차 - 측면직각충돌,불법유턴,건조,맑음,단일로 - 기타,건설기계,남,67세,상해없음,승용,남,47세,중상
2015101200100151,2015년 10월 12일 08시,월요일,경상남도 함안군 가야읍,경상사고,0,0,1,0,차대차 - 측면직각충돌,안전운전불이행,건조,맑음,교차로 - 교차로부근,승용,남,51세,상해없음,승용,여,36세,경상
2015101200100152,2015년 10월 12일 08시,월요일,경상남도 창원시 마산회원구 내서읍,중상사고,0,1,1,0,차대차 - 정면충돌,중앙선침범,건조,맑음,단일로 - 기타,승용,여,31세,중상,승합,남,49세,경상
2015101200100197,2015년 10월 12일 09시,월요일,경상남도 거창군 거창읍,중상사고,0,1,0,0,차대차 - 측면직각충돌,교차로운행방법위반,건조,맑음,교차로 - 교차로안,화물,남,64세,상해없음,이륜,남,71세,중상
2015101200100198,2015년 10월 12일 09시,월요일,경상남도 김해시 한림면,중상사고,0,1,0,0,차대차 - 측면직각충돌,안전운전불이행,건조,맑음,교차로 - 교차로부근,승용,남,48세,상해없음,자전거,여,20세,중상
2015101200100236,2015년 10월 12일 10시,월요일,경상남도 거창군 거창읍,중상사고,0,1,0,0,차대차 - 측면직각충돌,안전운전불이행,건조,맑음,교차로 - 교차로안,승용,남,46세,상해없음,이륜,남,58세,중상
2015101200100237,2015년 10월 12일 10시,월요일,경상남도 합천군 대양면,경상사고,0,0,2,0,차대차 - 측면직각충돌,안전운전불이행,건조,맑음,단일로 - 기타,건설기계,남,55세,상해없음,승용,남,67세,경상
2015101200100238,2015년 10월 12일 10시,월요일,경상남도 고성군 고성읍,경상사고,0,0,1,0,차대사람 - 기타,안전운전불이행,건조,맑음,단일로 - 기타,승용,여,44세,상해없음,보행자,남,44세,경상
2015101200100304,2015년 10월 12일 12시,월요일,경상남도 진주시 중안동,경상사고,0,0,1,0,차대사람 - 기타,안전운전불이행,건조,맑음,단일로 - 기타,승용,여,71세,상해없음,보행자,여,37세,경상
2015101200100305,2015년 10월 12일 12시,월요일,경상남도 창원시 진해구 이동,경상사고,0,0,1,0,차대사람 - 차도통행중,교차로운행방법위반,건조,맑음,교차로 - 교차로부근,승용,여,47세,상해없음,보행자,남,39세,경상
2015101200100337,2015년 10월 12일 13시,월요일,경상남도 김해시 생림면,중상사고,0,1,0,0,차량단독 - 공작물충돌,안전운전불이행,건조,맑음,단일로 - 기타,자전거,남,37세,중상,,,,
2015101200100381,2015년 10월 12일 14시,월요일,경상남도 산청군 산청읍,중상사고,0,1,0,0,차대차 - 측면직각충돌,교차로운행방법위반,건조,맑음,교차로 - 교차로안,승용,여,55세,상해없음,이륜,남,81세,중상
2015101200100419,2015년 10월 12일 15시,월요일,경상남도 창원시 마산회원구 내서읍,경상사고,0,0,1,0,차대차 - 추돌 - 진행중,기타,건조,맑음,교차로 - 교차로안,원동기,남,33세,경상,승용,남,33세,상해없음
2015101200100458,2015년 10월 12일 16시,월요일,경상남도 합천군 쌍백면,중상사고,0,1,0,0,차대차 - 추돌 - 진행중,안전운전불이행,건조,맑음,단일로 - 기타,화물,남,59세,중상,승합,남,58세,상해없음
2015101200100459,2015년 10월 12일 16시,월요일,경상남도 거제시 수월동,경상사고,0,0,1,0,차대사람 - 보도통행중,보행자보호의무위반,건조,맑음,단일로 - 횡단보도상,승용,남,60세,상해없음,보행자,남,4세,경상
2015101200100510,2015년 10월 12일 17시,월요일,경상남도 창원시 진해구 용원동,중상사고,0,1,1,0,차대차 - 추돌 - 주정차중,안전운전불이행,건조,맑음,단일로 - 기타,화물,남,59세,중상,특수,남,55세,경상
2015101200100511,2015년 10월 12일 17시,월요일,경상남도 사천시 노룡동,중상사고,0,1,0,0,차량단독 - 공작물충돌,안전운전불이행,건조,맑음,교차로 - 교차로안,화물,남,59세,중상,,,,
2015101200100565,2015년 10월 12일 18시,월요일,경상남도 진주시 상대동,중상사고,0,1,0,0,차대차 - 정면충돌,차로위반,건조,맑음,단일로 - 기타,화물,남,55세,상해없음,이륜,남,59세,중상
2015101200100566,2015년 10월 12일 18시,월요일,경상남도 통영시 광도면,경상사고,0,0,1,0,차대차 - 기타,안전운전불이행,건조,맑음,단일로 - 기타,기타불명,기타불명,기타불명,기타불명,승용,남,60세,경상
2015101200100567,2015년 10월 12일 18시,월요일,경상남도 김해시 지내동,중상사고,0,1,0,0,차대사람 - 차도통행중,안전운전불이행,건조,맑음,단일로 - 기타,이륜,남,57세,상해없음,보행자,여,73세,중상
2015101200100568,2015년 10월 12일 18시,월요일,경상남도 창녕군 대지면,중상사고,0,1,0,0,차대사람 - 기타,안전운전불이행,건조,맑음,단일로 - 기타,승용,남,74세,상해없음,보행자,여,71세,중상
2015101200100569,2015년 10월 12일 18시,월요일,경상남도 남해군 남해읍,중상사고,0,1,0,0,차대차 - 추돌 - 진행중,안전운전불이행,건조,맑음,단일로 - 기타,승용,남,78세,상해없음,농기계,남,54세,중상
2015101200100646,2015년 10월 12일 20시,월요일,경상남도 거제시 양정동,중상사고,0,1,0,0,차대사람 - 횡단중,보행자보호의무위반,건조,맑음,단일로 - 기타,자전거,남,42세,상해없음,보행자,여,67세,중상
2015101200100647,2015년 10월 12일 20시,월요일,경상남도 함안군 산인면,경상사고,0,0,1,0,차대차 - 측면직각충돌,안전운전불이행,건조,맑음,교차로 - 교차로부근,승용,여,52세,상해없음,승용,남,52세,경상
2015101200100677,2015년 10월 12일 21시,월요일,경상남도 양산시 다방동,경상사고,0,0,1,0,차대차 - 측면직각충돌,안전거리미확보,건조,맑음,단일로 - 기타,화물,남,42세,상해없음,승용,남,58세,경상
2015101200100705,2015년 10월 12일 22시,월요일,경상남도 거제시 옥포동,중상사고,0,1,0,0,차대차 - 측면직각충돌,교차로운행방법위반,건조,맑음,교차로 - 교차로안,승용,남,62세,상해없음,자전거,남,14세,중상
2015101200100706,2015년 10월 12일 22시,월요일,경상남도 거제시 고현동,중상사고,0,1,0,0,차대사람 - 횡단중,안전운전불이행,건조,맑음,단일로 - 횡단보도상,이륜,남,53세,상해없음,보행자,여,20세,중상
2015101200100707,2015년 10월 12일 22시,월요일,경상남도 거제시 고현동,경상사고,0,0,2,0,차대차 - 추돌 - 주정차중,안전운전불이행,건조,맑음,단일로 - 기타,화물,남,38세,상해없음,승용,여,22세,경상
2015101200100729,2015년 10월 12일 23시,월요일,경상남도 통영시 정량동,경상사고,0,0,1,0,차대사람 - 기타,안전운전불이행,건조,맑음,단일로 - 기타,화물,남,44세,상해없음,보행자,남,34세,경상
2015101200100730,2015년 10월 12일 23시,월요일,경상남도 김해시 외동,경상사고,0,0,1,0,차대사람 - 횡단중,안전운전불이행,건조,맑음,교차로 - 교차로안,승용,남,47세,상해없음,보행자,남,63세,경상
2015101300100007,2015년 10월 13일 00시,화요일,경상남도 김해시 내동,경상사고,0,0,1,0,차대차 - 추돌 - 주정차중,안전운전불이행,건조,맑음,교차로 - 교차로부근,원동기,남,25세,상해없음,승용,남,53세,경상