사고번호,사고일시,요일,시군구,사고내용,사망자수,중상자수,경상자수,부상신고자수,사고유형,법규위반,노면상태,기상상태,도로형태,가해운전자 차종,가해운전자 성별,가해운전자 연령,가해운전자 상해정도,피해운전자 차종,피해운전자 성별,피해운전자 연령,피해운전자 상해정도
2015101600100160,2015년 10월 16일 08시,금요일,경상남도 창원시 의창구 동읍,경상사고,0,0,2,0,차대차 - 측면직각충돌,중앙선침범,습기,안개,교차로 - 교차로안,화물,남,47세,상해없음,승용,남,38세,경상
2015101600100197,2015년 10월 16일 09시,금요일,경상남도 진주시 칠암동,중상사고,0,3,0,0,차대차 - 정면충돌,중앙선침범,건조,맑음,교차로 - 교차로부근,승용,여,54세,중상,화물,남,45세,중상
2015101600100198,2015년 10월 16일 09시,금요일,경상남도 김해시 구산동,경상사고,0,0,1,0,차대차 - 기타,직진우회전진행방해,건조,맑음,교차로 - 교차로안,승용,여,21세,상해없음,승용,여,30세,경상
2015101600100234,2015년 10월 16일 10시,금요일,경상남도 창원시 진해구 두동,경상사고,0,0,1,0,차대차 - 추돌 - 진행중,안전거리미확보,건조,맑음,단일로 - 기타,화물,남,38세,상해없음,승용,남,42세,경상
2015101600100235,2015년 10월 16일 10시,금요일,경상남도 함양군 함양읍,중상사고,0,1,0,0,차대사람 - 횡단중,보행자보호의무위반,건조,맑음,교차로 - 교차로안,승용,여,44세,상해없음,보행자,여,40세,중상
2015101600100258,2015년 10월 16일 11시,금요일,경상남도 통영시 명정동,경상사고,0,0,1,0,차대차 - 기타,안전거리미확보,건조,맑음,단일로 - 기타,화물,남,55세,상해없음,승용,남,36세,경상
2015101600100259,2015년 10월 16일 11시,금요일,경상남도 고성군 고성읍,중상사고,0,1,0,0,차대사람 - 차도통행중,안전운전불이행,건조,맑음,단일로 - 기타,승용,여,43세,상해없음,보행자,여,74세,중상
2015101600100285,2015년 10월 16일 12시,금요일,경상남도 거창군 거창읍,중상사고,0,1,0,1,차량단독 - 전도전복,안전운전불이행,건조,맑음,단일로 - 기타,승용,남,60세,부상신고,,,,
2015101600100317,2015년 10월 16일 13시,금요일,경상남도 창녕군 창녕읍,경상사고,0,0,1,0,차대차 - 측면직각충돌,안전거리미확보,건조,맑음,단일로 - 기타,화물,남,54세,상해없음,승용,남,35세,경상
2015101600100318,2015년 10월 16일 13시,금요일,경상남도 의령군 가례면,중상사고,0,1,0,0,차량단독 - 공작물충돌,안전운전불이행,건조,맑음,교차로 - 교차로부근,원동기,남,55세,중상,,,,
2015101600100361,2015년 10월 16일 14시,금요일,경상남도 양산시 교동,경상사고,0,0,1,0,차대사람 - 기타,안전운전불이행,건조,맑음,기타 - 기타,승용,남,49세,상해없음,보행자,여,80세,경상
2015101600100362,2015년 10월 16일 14시,금요일,경상남도 창원시 마산회원구 석전동,경상사고,0,0,1,0,차대차 - 추돌 - 진행중,안전운전불이행,건조,맑음,교차로 - 교차로부근,승용,남,27세,상해없음,승용,여,32세,경상
2015101600100363,2015년 10월 16일 14시,금요일,경상남도 창원시 의창구 명서동,경상사고,0,0,1,0,차량단독 - 기타,안전운전불이행,건조,맑음,단일로 - 기타,승합,남,54세,상해없음,,,,
2015101600100364,2015년 10월 16일 14시,금요일,경상남도 김해시 진영읍,경상사고,0,0,2,0,차대차 - 추돌 - 진행중,교차로운행방법위반,건조,맑음,교차로 - 교차로안,승용,남,37세,상해없음,승용,여,49세,경상
2015101600100395,2015년 10월 16일 15시,금요일,경상남도 김해시 삼방동,중상사고,0,2,0,0,차대차 - 측면직각충돌,신호위반,건조,맑음,교차로 - 교차로안,승용,여,51세,상해없음,승용,남,24세,중상
2015101600100396,2015년 10월 16일 15시,금요일,경상남도 거제시 고현동,중상사고,0,1,0,0,차대차 - 기타,안전운전불이행,건조,맑음,단일로 - 기타,화물,남,68세,상해없음,승용,여,33세,중상
2015101600100482,2015년 10월 16일 17시,금요일,경상남도 양산시 평산동,경상사고,0,0,1,0,차대차 - 기타,안전거리미확보,건조,맑음,교차로 - 교차로안,승용,여,68세,상해없음,이륜,남,42세,경상
2015101600100483,2015년 10월 16일 17시,금요일,경상남도 양산시 남부동,경상사고,0,0,1,0,차대차 - 측면직각충돌,직진우회전진행방해,건조,맑음,교차로 - 교차로안,승용,남,72세,상해없음,승용,남,79세,경상
2015101600100484,2015년 10월 16일 17시,금요일,경상남도 고성군 고성읍,중상사고,0,1,0,0,차대사람 - 기타,안전운전불이행,건조,맑음,단일로 - 기타,승용,여,35세,상해없음,보행자,여,54세,중상
2015101600100527,2015년 10월 16일 18시,금요일,경상남도 사천시 벌리동,경상사고,0,0,4,0,차대차 - 측면직각충돌,교차로운행방법위반,건조,맑음,교차로 - 교차로안,승용,여,60세,상해없음,승용,여,37세,경상
2015101600100528,2015년 10월 16일 18시,금요일,경상남도 양산시 용당동,중상사고,0,1,4,0,차대차 - 추돌 - 주정차중,안전거리미확보,건조,맑음,단일로 - 기타,승합,남,55세,상해없음,승용,남,33세,경상
2015101600100529,2015년 10월 16일 18시,금요일,경상남도 양산시 물금읍,부상신고사고,0,0,0,2,차대차 - 측면직각충돌,신호위반,건조,맑음,교차로 - 교차로안,승용,남,34세,상해없음,승용,남,49세,부상신고
2015101600100530,2015년 10월 16일 18시,금요일,경상남도 양산시 물금읍,부상신고사고,0,0,0,2,차대차 - 측면직각충돌,직진우회전진행방해,건조,맑음,교차로 - 교차로안,승용,남,60세,부상신고,승용,남,33세,부상신고
2015101600100531,2015년 10월 16일 18시,금요일,경상남도 의령군 유곡면,경상사고,0,0,2,0,차대차 - 기타,중앙선침범,건조,맑음,단일로 - 기타,승용,남,26세,경상,농기계,남,68세,경상
2015101600100532,2015년 10월 16일 18시,금요일,경상남도 창원시 마산회원구 회원동,중상사고,0,1,0,0,차대사람 - 차도통행중,안전운전불이행,건조,맑음,단일로 - 횡단보도부근,승용,남,55세,상해없음,보행자,남,13세,중상
2015101600100589,2015년 10월 16일 19시,금요일,경상남도 거제시 장평동,경상사고,0,0,1,0,차대차 - 기타,교차로운행방법위반,건조,맑음,교차로 - 교차로부근,승합,남,46세,상해없음,자전거,남,32세,경상
2015101600100641,2015년 10월 16일 20시,금요일,경상남도 창원시 마산회원구 구암동,경상사고,0,0,1,0,차대사람 - 횡단중,안전운전불이행,건조,맑음,교차로 - 교차로안,승용,여,42세,상해없음,보행자,남,43세,경상
2015101600100676,2015년 10월 16일 21시,금요일,경상남도 거제시 아주동,경상사고,0,0,1,0,차대차 - 추돌 - 진행중,교차로운행방법위반,건조,맑음,교차로 - 교차로안,승용,남,51세,상해없음,승용,남,64세,경상
2015101700100021,2015년 10월 17일 00시,토요일,경상남도 김해시 어방동,중상사고,0,2,0,0,차대사람 - 기타,안전운전불이행,건조,맑음,단일로 - 기타,승용,남,62세,상해없음,보행자,남,35세,중상
2015101700100022,2015년 10월 17일 00시,토요일,경상남도 거제시 옥포동,경상사고,0,0,1,0,차대사람 - 기타,안전운전불이행,건조,맑음,단일로 - 기타,승용,남,55세,상해없음,보행자,남,28세,경상
2015101700100059,2015년 10월 17일 02시,토요일,경상남도 창원시 진해구 용원동,중상사고,0,1,0,0,차대차 - 측면직각충돌,안전운전불이행,건조,맑음,교차로 - 교차로안,승용,남,42세,상해없음,승용,여,32세,중상
2015101700100115,2015년 10월 17일 06시,토요일,경상남도 진주시 정촌면,중상사고,0,1,0,0,차대차 - 측면직각충돌,신호위반,건조,맑음,교차로 - 교차로안,화물,남,60세,상해없음,화물,남,59세,중상
2015101700100116,2015년 10월 17일 06시,토요일,경상남도 창원시 마산회원구 석전동,경상사고,0,0,3,1,차대차 - 측면직각충돌,신호위반,건조,맑음,교차로 - 교차로안,건설기계,남,51세,상해없음,승합,남,68세,경상
2015101700100134,2015년 10월 17일 07시,토요일,경상남도 창원시 진해구 장천동,경상사고,0,0,3,0,차대차 - 측면직각충돌,차로위반,건조,맑음,단일로 - 기타,화물,남,60세,상해없음,승용,남,22세,경상
2015101700100135,2015년 10월 17일 07시,토요일,경상남도 사천시 벌리동,경상사고,0,0,1,0,차대차 - 측면직각충돌,신호위반,건조,맑음,교차로 - 교차로안,승용,남,47세,상해없음,승용,여,54세,경상
2015101700100136,2015년 10월 17일 07시,토요일,경상남도 합천군 합천읍,중상사고,0,2,1,0,차대차 - 정면충돌,중앙선침범,습기,안개,단일로 - 기타,승용,남,30세,상해없음,화물,남,41세,중상
2015101700100159,2015년 10월 17일 08시,토요일,경상남도 창원시 진해구 석동,중상사고,0,1,1,0,차대차 - 측면직각충돌,신호위반,건조,맑음,교차로 - 교차로안,승용,남,72세,경상,승용,남,33세,중상
2015101700100227,2015년 10월 17일 10시,토요일,경상남도 합천군 합천읍,중상사고,0,1,0,0,차대차 - 측면직각충돌,안전운전불이행,건조,맑음,교차로 - 교차로안,승용,남,53세,상해없음,자전거,남,15세,중상
2015101700100255,2015년 10월 17일 11시,토요일,경상남도 김해시 지내동,중상사고,0,2,0,0,차대차 - 추돌 - 주정차중,안전운전불이행,건조,맑음,교차로 - 교차로부근,승용,남,60세,상해없음,승용,여,42세,중상
2015101700100256,2015년 10월 17일 11시,토요일,경상남도 김해시 구산동,중상사고,0,1,0,0,차대차 - 측면직각충돌,안전운전불이행,건조,맑음,교차로 - 교차로부근,승용,남,50세,상해없음,승용,남,53세,중상
2015101700100257,2015년 10월 17일 11시,토요일,경상남도 양산시 명동,중상사고,0,1,1,0,차대차 - 기타,교차로운행방법위반,건조,맑음,단일로 - 기타,승용,남,40세,상해없음,화물,여,53세,경상
2015101700100258,2015년 10월 17일 11시,토요일,경상남도 함안군 군북면,경상사고,0,0,1,0,차대차 - 기타,안전운전불이행,건조,맑음,교차로 - 교차로안,승용,남,82세,기타불명,이륜,여,53세,경상
2015101700100290,2015년 10월 17일 12시,토요일,경상남도 통영시 광도면,경상사고,0,0,3,0,차대차 - 측면직각충돌,안전운전불이행,건조,맑음,단일로 - 기타,승용,남,54세,상해없음,승용,남,33세,경상
2015101700100291,2015년 10월 17일 12시,토요일,경상남도 사천시 늑도동,사망사고,3,1,0,0,차대차 - 정면충돌,중앙선침범,건조,맑음,단일로 - 교량,화물,남,66세,사망,화물,남,71세,사망
2015101700100292,2015년 10월 17일 12시,토요일,경상남도 밀양시 삼문동,경상사고,0,0,2,0,차대차 - 추돌 - 진행중,교차로운행방법위반,건조,맑음,교차로 - 교차로부근,승용,여,29세,상해없음,승용,남,63세,경상
2015101700100339,2015년 10월 17일 13시,토요일,경상남도 양산시 동면,중상사고,0,1,0,0,차대사람 - 기타,안전운전불이행,건조,맑음,단일로 - 기타,화물,남,56세,상해없음,보행자,남,41세,중상
2015101700100380,2015년 10월 17일 14시,토요일,경상남도 김해시 서상동,부상신고사고,0,0,0,1,차대사람 - 기타,안전운전불이행,건조,맑음,단일로 - 기타,승용,남,52세,상해없음,보행자,여,5세,부상신고
2015101700100425,2015년 10월 17일 15시,토요일,경상남도 사천시 서포면,중상사고,0,1,0,0,차대사람 - 차도통행중,안전운전불이행,건조,맑음,교차로 - 교차로부근,승용,남,80세,기타불명,보행자,여,83세,중상
2015101700100426,2015년 10월 17일 15시,토요일,경상남도 사천시 사천읍,중상사고,0,1,0,0,차대차 - 추돌 - 주정차중,안전거리미확보,건조,맑음,단일로 - 기타,화물,남,68세,상해없음,승용,여,52세,중상
2015101700100427,2015년 10월 17일 15시,토요일,경상남도 함안군 가야읍,경상사고,0,0,2,0,차대차 - 측면직각충돌,안전거리미확보,건조,맑음,단일로 - 기타,승합,여,44세,상해없음,승용,남,36세,경상
2015101700100472,2015년 10월 17일 16시,토요일,경상남도 사천시 사천읍,중상사고,0,1,0,0,차대차 - 측면직각충돌,직진우회전진행방해,건조,맑음,교차로 - 교차로안,승용,남,29세,상해없음,이륜,남,77세,중상
2015101700100499,2015년 10월 17일 17시,토요일,경상남도 거창군 거창읍,경상사고,0,0,1,0,차대사람 - 횡단중,안전운전불이행,건조,맑음,단일로 - 기타,원동기,남,17세,상해없음,보행자,여,66세,경상
2015101700100556,2015년 10월 17일 18시,토요일,경상남도 사천시 동금동,중상사고,0,1,0,0,차대사람 - 횡단중,보행자보호의무위반,건조,맑음,단일로 - 횡단보도상,승용,여,62세,상해없음,보행자,여,69세,중상
2015101700100557,2015년 10월 17일 18시,토요일,경상남도 김해시 장유면,중상사고,0,3,0,0,차대차 - 기타,안전운전불이행,건조,맑음,교차로 - 교차로안,승용,남,52세,중상,화물,남,53세,중상
2015101700100558,2015년 10월 17일 18시,토요일,경상남도 거제시 옥포동,경상사고,0,0,1,0,차대차 - 측면직각충돌,교차로운행방법위반,건조,맑음,교차로 - 교차로안,승용,남,56세,상해없음,자전거,남,44세,경상
2015101700100559,2015년 10월 17일 18시,토요일,경상남도 산청군 시천면,중상사고,0,1,0,0,차대차 - 추돌 - 주정차중,안전운전불이행,건조,맑음,단일로 - 기타,화물,남,77세,상해없음,화물,남,54세,중상
2015101700100603,2015년 10월 17일 19시,토요일,경상남도 진주시 정촌면,경상사고,0,0,1,0,차대차 - 기타,안전운전불이행,건조,맑음,교차로 - 교차로안,승용,여,33세,상해없음,승용,남,31세,경상
2015101700100604,2015년 10월 17일 19시,토요일,경상남도 김해시 불암동,중상사고,0,1,1,0,차대차 - 측면직각충돌,직진우회전진행방해,건조,맑음,교차로 - 교차로안,이륜,남,46세,경상,승용,남,21세,중상
2015101700100605,2015년 10월 17일 19시,토요일,경상남도 고성군 거류면,경상사고,0,0,1,0,차대차 - 정면충돌,안전운전불이행,건조,맑음,단일로 - 기타,승용,여,57세,상해없음,농기계,남,71세,상해없음
2015101700100653,2015년 10월 17일 20시,토요일,경상남도 김해시 삼방동,경상사고,0,0,1,0,차대차 - 측면직각충돌,안전거리미확보,건조,맑음,교차로 - 교차로부근,승용,남,54세,상해없음,이륜,남,21세,경상
2015101700100654,2015년 10월 17일 20시,토요일,경상남도 창원시 의창구 명서동,경상사고,0,0,1,0,차대차 - 기타,안전운전불이행,건조,맑음,교차로 - 교차로안,자전거,남,16세,경상,승용,남,58세,상해없음
2015101700100694,2015년 10월 17일 21시,토요일,경상남도 밀양시 단장면,사망사고,1,0,0,0,차량단독 - 도로외이탈 - 기타,안전운전불이행,건조,맑음,단일로 - 기타,화물,남,42세,사망,,,,
2015101700100695,2015년 10월 17일 21시,토요일,경상남도 밀양시 단장면,경상사고,0,0,4,0,차대차 - 측면직각충돌,중앙선침범,건조,맑음,단일로 - 기타,화물,남,42세,상해없음,승용,여,37세,경상
2015101700100696,2015년 10월 17일 21시,토요일,경상남도 김해시 동상동,경상사고,0,0,1,0,차대차 - 측면직각충돌,안전거리미확보,건조,맑음,교차로 - 교차로부근,승용,남,27세,상해없음,이륜,여,55세,경상
2015101700100697,2015년 10월 17일 21시,토요일,경상남도 양산시 남부동,경상사고,0,0,1,0,차대차 - 측면직각충돌,신호위반,건조,맑음,교차로 - 교차로안,건설기계,남,49세,상해없음,승용,여,28세,경상
2015101700100726,2015년 10월 17일 22시,토요일,경상남도 김해시 삼계동,경상사고,0,0,1,0,차대차 - 측면직각충돌,신호위반,건조,맑음,교차로 - 교차로안,자전거,남,14세,경상,승용,여,64세,상해없음
2015101700100727,2015년 10월 17일 22시,토요일,경상남도 창원시 마산회원구 양덕동,경상사고,0,0,1,0,차대차 - 추돌 - 주정차중,안전운전불이행,건조,맑음,교차로 - 교차로부근,승용,남,39세,상해없음,승용,여,41세,경상
2015101700100748,2015년 10월 17일 23시,토요일,경상남도 창원시 의창구 팔용동,중상사고,0,2,0,0,차대차 - 측면직각충돌,신호위반,건조,맑음,교차로 - 교차로안,승용,남,39세,상해없음,승용,남,37세,중상
2015101800100016,2015년 10월 18일 00시,일요일,경상남도 거제시 아주동,중상사고,0,1,0,0,차대차 - 추돌 - 주정차중,안전거리미확보,건조,맑음,단일로 - 기타,승용,남,41세,상해없음,승용,남,20세,중상
2015101800100044,2015년 10월 18일 01시,일요일,경상남도 진주시 중안동,중상사고,0,1,0,0,차대사람 - 횡단중,안전운전불이행,건조,맑음,교차로 - 교차로안,승용,남,48세,상해없음,보행자,남,23세,중상
2015101800100076,2015년 10월 18일 03시,일요일,경상남도 함안군 군북면,경상사고,0,0,2,0,차대차 - 추돌 - 진행중,안전운전불이행,건조,맑음,단일로 - 기타,화물,남,40세,상해없음,승용,여,29세,경상
2015101800100087,2015년 10월 18일 04시,일요일,경상남도 진주시 중안동,경상사고,0,0,1,0,차대사람 - 횡단중,안전운전불이행,건조,맑음,교차로 - 교차로안,승용,남,68세,상해없음,보행자,남,18세,경상
2015101800100120,2015년 10월 18일 07시,일요일,경상남도 함양군 함양읍,경상사고,0,0,1,1,차대차 - 측면직각충돌,교차로운행방법위반,건조,맑음,교차로 - 교차로안,화물,남,54세,상해없음,화물,남,58세,부상신고
2015101800100121,2015년 10월 18일 07시,일요일,경상남도 하동군 금남면,경상사고,0,0,2,0,차대차 - 추돌 - 진행중,안전운전불이행,건조,맑음,교차로 - 교차로안,화물,남,42세,상해없음,승용,남,43세,경상
2015101800100155,2015년 10월 18일 09시,일요일,경상남도 통영시 무전동,경상사고,0,0,5,0,차대차 - 추돌 - 진행중,안전운전불이행,건조,맑음,단일로 - 기타,화물,남,45세,상해없음,승용,남,30세,경상
2015101800100156,2015년 10월 18일 09시,일요일,경상남도 거제시 능포동,경상사고,0,0,1,0,차대차 - 측면직각충돌,안전운전불이행,건조,맑음,단일로 - 횡단보도상,승용,남,54세,상해없음,승용,여,45세,경상
2015101800100157,2015년 10월 18일 09시,일요일,경상남도 창원시 마산회원구 합성동,경상사고,0,0,1,0,차대차 - 추돌 - 진행중,안전운전불이행,건조,맑음,교차로 - 교차로부근,승용,남,65세,상해없음,승용,남,56세,경상
2015101800100158,2015년 10월 18일 09시,일요일,경상남도 창원시 의창구 대산면,사망사고,1,0,0,0,차량단독 - 공작물충돌,안전운전불이행,건조,맑음,단일로 - 기타,화물,남,62세,사망,,,,
2015101800100184,2015년 10월 18일 10시,일요일,경상남도 거창군 웅양면,부상신고사고,0,0,0,1,차량단독 - 전도전복,안전운전불이행,건조,맑음,단일로 - 기타,원동기,남,43세,부상신고,,,,
2015101800100185,2015년 10월 18일 10시,일요일,경상남도 창원시 마산회원구 회원동,경상사고,0,0,1,0,차대차 - 측면직각충돌,안전운전불이행,건조,맑음,단일로 - 기타,승용,남,52세,상해없음,이륜,남,46세,경상
2015101800100214,2015년 10월 18일 11시,일요일,경상남도 밀양시 내이동,중상사고,0,1,0,0,차대차 - 측면직각충돌,안전운전불이행,건조,맑음,교차로 - 교차로부근,승용,여,35세,상해없음,원동기,남,68세,중상
2015101800100237,2015년 10월 18일 12시,일요일,경상남도 김해시 내동,중상사고,0,1,0,0,차대차 - 측면직각충돌,직진우회전진행방해,건조,맑음,교차로 - 교차로안,원동기,남,35세,중상,원동기,남,24세,상해없음
2015101800100264,2015년 10월 18일 13시,일요일,경상남도 창원시 마산합포구 교방동,경상사고,0,0,2,0,차대차 - 측면직각충돌,신호위반,건조,맑음,교차로 - 교차로안,승용,남,58세,상해없음,승용,남,42세,경상
2015101800100265,2015년 10월 18일 13시,일요일,경상남도 밀양시 삼랑진읍,경상사고,0,0,4,0,차대차 - 정면충돌,중앙선침범,건조,맑음,단일로 - 기타,승용,남,61세,상해없음,승용,남,35세,경상
2015101800100266,2015년 10월 18일 13시,일요일,경상남도 양산시 중부동,중상사고,0,1,2,0,차대차 - 추돌 - 주정차중,안전거리미확보,건조,맑음,단일로 - 기타,승용,여,60세,상해없음,승용,남,32세,경상
2015101800100314,2015년 10월 18일 14시,일요일,경상남도 창원시 마산합포구 남성동,경상사고,0,0,1,0,차대사람 - 기타,안전운전불이행,건조,맑음,단일로 - 기타,승용,남,61세,상해없음,보행자,남,25세,경상
2015101800100315,2015년 10월 18일 14시,일요일,경상남도 함안군 칠서면,중상사고,0,1,0,0,차대차 - 측면직각충돌,안전운전불이행,건조,맑음,교차로 - 교차로부근,화물,남,66세,상해없음,이륜,남,85세,중상
2015101800100316,2015년 10월 18일 14시,일요일,경상남도 창원시 마산회원구 내서읍,경상사고,0,0,1,0,차대차 - 정면충돌,안전운전불이행,건조,맑음,단일로 - 기타,승용,남,56세,상해없음,승용,남,38세,경상
2015101800100369,2015년 10월 18일 16시,일요일,경상남도 창원시 마산합포구 월영동,경상사고,0,0,1,0,차대차 - 기타,안전운전불이행,건조,맑음,교차로 - 교차로안,승용,남,31세,상해없음,승용,여,45세,경상
2015101800100370,2015년 10월 18일 16시,일요일,경상남도 양산시 명동,경상사고,0,0,1,0,차대차 - 측면직각충돌,안전거리미확보,건조,맑음,단일로 - 기타,화물,남,63세,상해없음,이륜,남,21세,경상
2015101800100371,2015년 10월 18일 16시,일요일,경상남도 김해시 장유면,경상사고,0,0,2,0,차대차 - 추돌 - 진행중,안전운전불이행,건조,맑음,교차로 - 교차로안,건설기계,남,47세,상해없음,승용,남,32세,경상
2015101800100408,2015년 10월 18일 17시,일요일,경상남도 통영시 용남면,경상사고,0,0,5,0,차대차 - 측면직각충돌,안전운전불이행,건조,맑음,교차로 - 교차로안,승용,여,34세,경상,승용,여,46세,경상
2015101800100456,2015년 10월 18일 18시,일요일,경상남도 김해시 구산동,중상사고,0,1,0,0,차대사람 - 보도통행중,보행자보호의무위반,건조,맑음,단일로 - 기타,승용,여,36세,상해없음,보행자,여,64세,중상
2015101800100457,2015년 10월 18일 18시,일요일,경상남도 거창군 거창읍,중상사고,0,1,0,0,차대사람 - 횡단중,안전운전불이행,건조,맑음,단일로 - 기타,승용,남,50세,상해없음,보행자,남,23세,중상
2015101800100458,2015년 10월 18일 18시,일요일,경상남도 거창군 거창읍,경상사고,0,0,1,0,차대차 - 기타,교차로운행방법위반,건조,흐림,교차로 - 교차로안,승용,남,46세,상해없음,이륜,남,18세,경상
2015101800100459,2015년 10월 18일 18시,일요일,경상남도 창녕군 영산면,경상사고,0,0,1,0,차대사람 - 횡단중,보행자보호의무위반,건조,맑음,단일로 - 횡단보도상,화물,남,47세,상해없음,보행자,여,83세,경상
2015101800100491,2015년 10월 18일 19시,일요일,경상남도 창원시 마산합포구 월영동,경상사고,0,0,1,0,차대차 - 기타,교차로운행방법위반,건조,맑음,교차로 - 교차로안,승용,남,59세,상해없음,원동기,남,33세,경상
2015101800100492,2015년 10월 18일 19시,일요일,경상남도 김해시 삼계동,중상사고,0,1,1,0,차대차 - 기타,중앙선침범,건조,맑음,단일로 - 기타,원동기,남,18세,중상,승용,여,41세,경상
2015101800100523,2015년 10월 18일 20시,일요일,경상남도 함안군 가야읍,중상사고,0,1,0,0,차대사람 - 횡단중,보행자보호의무위반,건조,맑음,교차로 - 교차로부근,승용,남,27세,상해없음,보행자,여,49세,중상
2015101800100544,2015년 10월 18일 21시,일요일,경상남도 창원시 진해구 태평동,경상사고,0,0,1,0,차대차 - 추돌 - 진행중,안전운전불이행,건조,맑음,단일로 - 기타,승용,남,48세,상해없음,승용,남,29세,경상
2015101800100545,2015년 10월 18일 21시,일요일,경상남도 통영시 북신동,경상사고,0,0,1,0,차대사람 - 차도통행중,안전운전불이행,건조,맑음,교차로 - 교차로부근,승합,남,48세,상해없음,보행자,남,54세,경상
2015101800100546,2015년 10월 18일 21시,일요일,경상남도 김해시 진영읍,사망사고,1,0,0,0,차대사람 - 기타,안전운전불이행,건조,맑음,기타 - 기타,승합,남,53세,상해없음,보행자,여,51세,사망
2015101900100056,2015년 10월 19일 05시,월요일,경상남도 김해시 외동,중상사고,0,1,0,0,차대사람 - 보도통행중,신호위반,건조,맑음,단일로 - 횡단보도상,승용,남,63세,상해없음,보행자,여,66세,중상
2015101900100147,2015년 10월 19일 08시,월요일,경상남도 양산시 남부동,부상신고사고,0,0,0,2,차대차 - 기타,안전운전불이행,건조,맑음,교차로 - 교차로안,승용,남,52세,상해없음,승용,여,26세,부상신고
2015101900100148,2015년 10월 19일 08시,월요일,경상남도 창원시 성산구 상남동,중상사고,0,1,0,0,차량단독 - 기타,안전운전불이행,건조,맑음,단일로 - 기타,승합,남,48세,상해없음,,,,
2015101900100149,2015년 10월 19일 08시,월요일,경상남도 창원시 의창구 사림동,중상사고,0,1,0,0,차대차 - 측면직각충돌,직진우회전진행방해,건조,맑음,교차로 - 교차로부근,승합,남,60세,상해없음,이륜,여,51세,중상
2015101900100190,2015년 10월 19일 09시,월요일,경상남도 함안군 가야읍,중상사고,0,1,0,0,차대차 - 측면직각충돌,안전운전불이행,건조,맑음,교차로 - 교차로안,승용,여,58세,상해없음,이륜,남,81세,중상
2015101900100191,2015년 10월 19일 09시,월요일,경상남도 함안군 칠원읍,중상사고,0,1,0,0,차대차 - 기타,안전운전불이행,건조,맑음,단일로 - 기타,승용,남,53세,상해없음,승용,여,34세,중상
2015101900100222,2015년 10월 19일 10시,월요일,경상남도 함양군 함양읍,부상신고사고,0,0,0,1,차대차 - 측면직각충돌,교차로운행방법위반,건조,맑음,교차로 - 교차로안,화물,남,77세,부상신고,건설기계,남,63세,상해없음
2015101900100223,2015년 10월 19일 10시,월요일,경상남도 양산시 하북면,부상신고사고,0,0,0,1,차대차 - 기타,안전거리미확보,건조,맑음,단일로 - 기타,승용,남,56세,상해없음,승용,남,60세,부상신고
2015101900100224,2015년 10월 19일 10시,월요일,경상남도 의령군 봉수면,사망사고,1,1,0,0,차대차 - 추돌 - 진행중,안전운전불이행,건조,맑음,단일로 - 기타,원동기,남,79세,사망,화물,남,52세,상해없음
2015101900100225,2015년 10월 19일 10시,월요일,경상남도 김해시 진례면,경상사고,0,0,1,0,차대차 - 추돌 - 진행중,안전거리미확보,건조,맑음,교차로 - 교차로부근,화물,남,46세,상해없음,승용,여,53세,경상
2015101900100250,2015년 10월 19일 11시,월요일,경상남도 고성군 고성읍,중상사고,0,1,0,0,차대차 - 추돌 - 진행중,안전거리미확보,건조,맑음,교차로 - 교차로부근,화물,남,57세,상해없음,화물,남,55세,중상
2015101900100304,2015년 10월 19일 13시,월요일,경상남도 사천시 사남면,중상사고,0,1,0,0,차대차 - 측면직각충돌,교차로운행방법위반,건조,맑음,교차로 - 교차로안,승용,남,68세,상해없음,승용,남,39세,상해없음
2015101900100345,2015년 10월 19일 14시,월요일,경상남도 거제시 고현동,경상사고,0,0,1,0,차대사람 - 차도통행중,안전운전불이행,건조,맑음,교차로 - 교차로안,승용,여,48세,상해없음,보행자,여,75세,경상
2015101900100346,2015년 10월 19일 14시,월요일,경상남도 함안군 가야읍,사망사고,1,0,0,0,차대차 - 추돌 - 진행중,안전운전불이행,건조,맑음,단일로 - 기타,화물,남,55세,사망,화물,남,69세,상해없음
2015101900100394,2015년 10월 19일 15시,월요일,경상남도 통영시 중앙동,경상사고,0,0,1,0,차대차 - 측면직각충돌,안전운전불이행,건조,맑음,단일로 - 기타,승용,여,39세,상해없음,이륜,남,53세,경상
2015101900100395,2015년 10월 19일 15시,월요일,경상남도 함양군 유림면,부상신고사고,0,0,0,3,차량단독 - 공작물충돌,안전운전불이행,건조,맑음,단일로 - 기타,승용,남,58세,상해없음,,,,
2015101900100396,2015년 10월 19일 15시,월요일,경상남도 김해시 진영읍,중상사고,0,1,0,0,차대사람 - 횡단중,안전운전불이행,건조,맑음,단일로 - 기타,승용,여,49세,상해없음,보행자,남,8세,중상
2015101900100437,2015년 10월 19일 16시,월요일,경상남도 진주시 신안동,중상사고,0,1,0,0,차대사람 - 횡단중,보행자보호의무위반,건조,맑음,단일로 - 횡단보도상,승용,여,38세,상해없음,보행자,남,79세,중상