사고번호,사고일시,요일,시군구,사고내용,사망자수,중상자수,경상자수,부상신고자수,사고유형,법규위반,노면상태,기상상태,도로형태,가해운전자 차종,가해운전자 성별,가해운전자 연령,가해운전자 상해정도,피해운전자 차종,피해운전자 성별,피해운전자 연령,피해운전자 상해정도
2015101900100438,2015년 10월 19일 16시,월요일,경상남도 통영시 무전동,중상사고,0,1,0,0,차량단독 - 기타,안전운전불이행,건조,맑음,단일로 - 기타,승용,남,73세,상해없음,,,,
2015101900100439,2015년 10월 19일 16시,월요일,경상남도 거제시 고현동,경상사고,0,0,1,0,차대차 - 추돌 - 진행중,안전운전불이행,건조,맑음,교차로 - 교차로안,승용,여,38세,상해없음,자전거,남,59세,경상
2015101900100474,2015년 10월 19일 17시,월요일,경상남도 김해시 내동,중상사고,0,1,0,0,차대차 - 기타,안전운전불이행,건조,맑음,단일로 - 기타,승용,여,55세,상해없음,승용,여,58세,중상
2015101900100475,2015년 10월 19일 17시,월요일,경상남도 창녕군 대지면,경상사고,0,0,1,0,차대차 - 기타,차로위반,건조,맑음,교차로 - 교차로안,화물,남,73세,상해없음,승용,여,59세,경상
2015101900100476,2015년 10월 19일 17시,월요일,경상남도 양산시 북정동,경상사고,0,0,1,0,차대차 - 기타,안전운전불이행,건조,맑음,단일로 - 기타,승용,여,51세,상해없음,원동기,남,54세,경상
2015101900100477,2015년 10월 19일 17시,월요일,경상남도 거제시 양정동,경상사고,0,0,1,0,차대차 - 추돌 - 진행중,안전운전불이행,건조,맑음,단일로 - 기타,승용,남,28세,상해없음,승용,여,55세,경상
2015101900100539,2015년 10월 19일 18시,월요일,경상남도 창원시 마산합포구 상남동,중상사고,0,1,0,0,차대사람 - 횡단중,중앙선침범,건조,맑음,단일로 - 횡단보도상,승용,남,68세,상해없음,보행자,여,74세,중상
2015101900100540,2015년 10월 19일 18시,월요일,경상남도 진주시 문산읍,중상사고,0,1,0,0,차대사람 - 기타,안전운전불이행,건조,맑음,교차로 - 교차로안,승용,남,33세,상해없음,보행자,여,76세,중상
2015101900100541,2015년 10월 19일 18시,월요일,경상남도 통영시 도천동,경상사고,0,0,1,0,차대차 - 추돌 - 주정차중,안전운전불이행,건조,맑음,교차로 - 교차로부근,승용,여,30세,상해없음,이륜,남,42세,경상
2015101900100592,2015년 10월 19일 19시,월요일,경상남도 통영시 무전동,중상사고,0,1,0,0,차대차 - 정면충돌,신호위반,건조,맑음,교차로 - 교차로안,원동기,여,19세,중상,승용,남,60세,상해없음
2015101900100593,2015년 10월 19일 19시,월요일,경상남도 통영시 무전동,경상사고,0,0,1,0,차대사람 - 횡단중,안전운전불이행,건조,맑음,교차로 - 교차로안,승용,남,30세,상해없음,보행자,남,49세,경상
2015101900100594,2015년 10월 19일 19시,월요일,경상남도 김해시 삼정동,중상사고,0,1,0,0,차대차 - 기타,직진우회전진행방해,건조,맑음,교차로 - 교차로안,승용,여,50세,상해없음,자전거,남,17세,중상
2015101900100595,2015년 10월 19일 19시,월요일,경상남도 김해시 삼정동,경상사고,0,0,1,0,차대차 - 측면직각충돌,안전운전불이행,건조,맑음,교차로 - 교차로부근,원동기,여,55세,경상,승용,여,30세,상해없음
2015101900100628,2015년 10월 19일 20시,월요일,경상남도 거제시 상동동,경상사고,0,0,4,0,차대차 - 추돌 - 주정차중,안전운전불이행,건조,맑음,단일로 - 기타,승용,남,52세,상해없음,승용,남,33세,경상
2015101900100629,2015년 10월 19일 20시,월요일,경상남도 함안군 대산면,중상사고,0,2,0,0,차대차 - 정면충돌,중앙선침범,건조,맑음,단일로 - 기타,승용,남,65세,중상,화물,남,50세,중상
2015101900100671,2015년 10월 19일 22시,월요일,경상남도 창원시 의창구 봉곡동,경상사고,0,0,2,0,차대차 - 측면직각충돌,안전운전불이행,건조,맑음,교차로 - 교차로안,화물,여,54세,상해없음,승용,남,47세,경상
2015101900100688,2015년 10월 19일 23시,월요일,경상남도 창원시 마산합포구 두월동2가,경상사고,0,0,1,0,차대차 - 추돌 - 주정차중,안전운전불이행,건조,맑음,단일로 - 기타,승용,남,31세,상해없음,승합,남,43세,경상
2015101900100689,2015년 10월 19일 23시,월요일,경상남도 김해시 안동,중상사고,0,1,2,0,차대차 - 기타,안전거리미확보,건조,맑음,단일로 - 기타,승용,남,61세,상해없음,승용,여,47세,경상
2015101900100690,2015년 10월 19일 23시,월요일,경상남도 창녕군 창녕읍,경상사고,0,0,2,0,차대차 - 기타,안전운전불이행,건조,맑음,단일로 - 기타,화물,남,48세,경상,승용,여,46세,기타불명
2015102000100010,2015년 10월 20일 00시,화요일,경상남도 창원시 마산합포구 진동면,경상사고,0,0,1,0,차대차 - 측면직각충돌,안전운전불이행,건조,맑음,교차로 - 교차로안,화물,남,49세,상해없음,승용,남,25세,경상
2015102000100011,2015년 10월 20일 00시,화요일,경상남도 창원시 의창구 봉곡동,경상사고,0,0,1,0,차대사람 - 기타,안전운전불이행,건조,맑음,단일로 - 기타,승용,남,51세,상해없음,보행자,남,19세,경상
2015102000100012,2015년 10월 20일 00시,화요일,경상남도 김해시 진영읍,중상사고,0,1,0,0,차대차 - 측면직각충돌,안전운전불이행,건조,맑음,교차로 - 교차로안,화물,남,60세,상해없음,승용,남,57세,중상
2015102000100029,2015년 10월 20일 01시,화요일,경상남도 창원시 성산구 중앙동,중상사고,0,1,1,0,차대차 - 측면직각충돌,직진우회전진행방해,건조,맑음,교차로 - 교차로안,승용,남,49세,상해없음,승용,남,24세,중상
2015102000100048,2015년 10월 20일 04시,화요일,경상남도 김해시 삼방동,중상사고,0,1,0,0,차대차 - 기타,직진우회전진행방해,건조,맑음,교차로 - 교차로안,승용,남,60세,상해없음,승합,남,75세,상해없음
2015102000100094,2015년 10월 20일 07시,화요일,경상남도 진주시 장재동,중상사고,0,1,0,0,차대차 - 측면직각충돌,신호위반,건조,맑음,교차로 - 교차로안,승용,여,38세,상해없음,승용,여,48세,중상
2015102000100095,2015년 10월 20일 07시,화요일,경상남도 사천시 사천읍,경상사고,0,0,1,0,차대차 - 기타,안전운전불이행,건조,맑음,단일로 - 기타,승용,남,27세,경상,특수,남,37세,상해없음
2015102000100141,2015년 10월 20일 08시,화요일,경상남도 진주시 대안동,중상사고,0,1,0,0,차대사람 - 횡단중,보행자보호의무위반,건조,맑음,단일로 - 횡단보도상,화물,여,48세,상해없음,보행자,여,71세,중상
2015102000100142,2015년 10월 20일 08시,화요일,경상남도 밀양시 하남읍,경상사고,0,0,1,0,차대차 - 기타,차로위반,건조,맑음,단일로 - 기타,화물,남,40세,상해없음,승용,여,43세,경상
2015102000100143,2015년 10월 20일 08시,화요일,경상남도 김해시 상동면,경상사고,0,0,1,0,차대차 - 추돌 - 주정차중,안전운전불이행,건조,맑음,단일로 - 기타,특수,남,43세,경상,승용,남,49세,상해없음
2015102000100144,2015년 10월 20일 08시,화요일,경상남도 창원시 마산회원구 양덕동,중상사고,0,1,0,0,차대사람 - 횡단중,신호위반,건조,맑음,교차로 - 교차로부근,승용,여,42세,상해없음,보행자,여,28세,중상
2015102000100189,2015년 10월 20일 09시,화요일,경상남도 진주시 하대동,경상사고,0,0,1,0,차대사람 - 횡단중,안전운전불이행,건조,맑음,교차로 - 교차로안,승용,여,32세,상해없음,보행자,남,70세,경상
2015102000100190,2015년 10월 20일 09시,화요일,경상남도 사천시 늑도동,경상사고,0,0,1,0,차대차 - 정면충돌,중앙선침범,건조,맑음,단일로 - 교량,승용,남,55세,상해없음,승용,남,49세,경상
2015102000100226,2015년 10월 20일 10시,화요일,경상남도 창원시 마산합포구 동성동,중상사고,0,1,0,0,차대차 - 측면직각충돌,신호위반,건조,맑음,교차로 - 교차로안,승용,남,43세,상해없음,원동기,남,33세,중상
2015102000100227,2015년 10월 20일 10시,화요일,경상남도 거창군 거창읍,중상사고,0,1,0,0,차대차 - 추돌 - 진행중,안전운전불이행,건조,맑음,단일로 - 기타,승용,남,27세,상해없음,승용,남,61세,중상
2015102000100228,2015년 10월 20일 10시,화요일,경상남도 창원시 의창구 용호동,경상사고,0,0,1,0,차대차 - 측면직각충돌,신호위반,건조,맑음,단일로 - 횡단보도상,화물,남,70세,상해없음,자전거,여,19세,경상
2015102000100274,2015년 10월 20일 11시,화요일,경상남도 창원시 성산구 성주동,중상사고,0,2,0,0,차대차 - 측면직각충돌,신호위반,건조,맑음,교차로 - 교차로안,승용,여,41세,상해없음,승용,남,35세,중상
2015102000100375,2015년 10월 20일 14시,화요일,경상남도 통영시 무전동,경상사고,0,0,1,0,차대사람 - 기타,보행자보호의무위반,건조,맑음,단일로 - 횡단보도상,승합,남,63세,상해없음,보행자,남,33세,경상
2015102000100376,2015년 10월 20일 14시,화요일,경상남도 거제시 고현동,중상사고,0,1,0,0,차대차 - 측면직각충돌,교차로운행방법위반,건조,맑음,교차로 - 교차로안,이륜,남,16세,상해없음,승용,여,38세,상해없음
2015102000100377,2015년 10월 20일 14시,화요일,경상남도 창원시 의창구 중동,경상사고,0,0,2,0,차대차 - 측면직각충돌,안전운전불이행,건조,맑음,교차로 - 교차로안,승용,남,54세,상해없음,승용,여,57세,상해없음
2015102000100406,2015년 10월 20일 15시,화요일,경상남도 진주시 장대동,중상사고,0,1,0,0,차대사람 - 기타,안전운전불이행,건조,맑음,단일로 - 기타,승용,남,39세,상해없음,보행자,남,76세,중상
2015102000100407,2015년 10월 20일 15시,화요일,경상남도 김해시 생림면,경상사고,0,0,1,0,차량단독 - 공작물충돌,안전운전불이행,건조,맑음,단일로 - 기타,승용,남,32세,경상,,,,
2015102000100408,2015년 10월 20일 15시,화요일,경상남도 김해시 외동,중상사고,0,1,0,0,차대차 - 추돌 - 진행중,안전운전불이행,건조,맑음,교차로 - 교차로안,승합,여,56세,상해없음,승용,남,57세,중상
2015102000100450,2015년 10월 20일 16시,화요일,경상남도 창원시 진해구 여좌동,경상사고,0,0,1,0,차대사람 - 차도통행중,안전운전불이행,건조,맑음,단일로 - 기타,승합,여,42세,상해없음,보행자,남,37세,경상
2015102000100451,2015년 10월 20일 16시,화요일,경상남도 창원시 성산구 남양동,중상사고,0,1,0,0,차대사람 - 기타,안전운전불이행,건조,맑음,단일로 - 기타,승용,여,53세,상해없음,보행자,남,9세,중상
2015102000100479,2015년 10월 20일 17시,화요일,경상남도 진주시 상대동,중상사고,0,1,0,0,차대사람 - 횡단중,신호위반,건조,맑음,단일로 - 횡단보도상,승용,여,73세,상해없음,보행자,여,64세,중상
2015102000100480,2015년 10월 20일 17시,화요일,경상남도 진주시 이현동,경상사고,0,0,1,0,차대차 - 추돌 - 진행중,안전운전불이행,건조,맑음,교차로 - 교차로안,승용,남,57세,상해없음,화물,남,31세,경상
2015102000100481,2015년 10월 20일 17시,화요일,경상남도 김해시 안동,경상사고,0,0,1,0,차대사람 - 기타,안전운전불이행,건조,맑음,교차로 - 교차로부근,승용,남,25세,상해없음,보행자,여,51세,경상
2015102000100482,2015년 10월 20일 17시,화요일,경상남도 양산시 동면,중상사고,0,1,0,0,차대차 - 측면직각충돌,직진우회전진행방해,건조,맑음,교차로 - 교차로부근,승용,남,31세,상해없음,승용,여,57세,중상
2015102000100483,2015년 10월 20일 17시,화요일,경상남도 산청군 생비량면,경상사고,0,0,2,0,차대차 - 측면직각충돌,안전운전불이행,건조,맑음,단일로 - 기타,승합,남,71세,상해없음,승용,남,64세,경상
2015102000100484,2015년 10월 20일 17시,화요일,경상남도 창원시 마산회원구 회원동,경상사고,0,0,1,0,차대사람 - 횡단중,보행자보호의무위반,건조,흐림,교차로 - 교차로안,승용,남,32세,상해없음,보행자,남,61세,경상
2015102000100485,2015년 10월 20일 17시,화요일,경상남도 김해시 장유면,중상사고,0,1,0,0,차대사람 - 기타,안전운전불이행,건조,맑음,교차로 - 교차로부근,승용,남,49세,상해없음,보행자,여,3세,중상
2015102000100549,2015년 10월 20일 18시,화요일,경상남도 통영시 북신동,부상신고사고,0,0,0,1,차대차 - 기타,안전운전불이행,건조,맑음,단일로 - 기타,승용,남,61세,상해없음,이륜,남,35세,부상신고
2015102000100550,2015년 10월 20일 18시,화요일,경상남도 밀양시 가곡동,경상사고,0,0,1,0,차대사람 - 차도통행중,안전운전불이행,건조,흐림,단일로 - 기타,승용,남,30세,상해없음,보행자,남,17세,경상
2015102000100551,2015년 10월 20일 18시,화요일,경상남도 합천군 합천읍,중상사고,0,1,0,0,차대사람 - 기타,안전운전불이행,건조,맑음,단일로 - 기타,원동기,남,46세,상해없음,보행자,여,75세,중상
2015102000100552,2015년 10월 20일 18시,화요일,경상남도 거제시 아주동,경상사고,0,0,2,0,차대차 - 추돌 - 진행중,안전거리미확보,건조,맑음,단일로 - 기타,승용,여,28세,상해없음,승용,남,36세,경상
2015102000100553,2015년 10월 20일 18시,화요일,경상남도 거제시 아주동,경상사고,0,0,1,0,차대사람 - 차도통행중,안전운전불이행,건조,맑음,단일로 - 기타,승용,남,63세,상해없음,보행자,여,58세,경상
2015102000100554,2015년 10월 20일 18시,화요일,경상남도 창원시 마산회원구 구암동,사망사고,1,0,0,0,차대사람 - 기타,안전운전불이행,건조,맑음,단일로 - 기타,화물,남,66세,상해없음,보행자,여,64세,사망
2015102000100591,2015년 10월 20일 19시,화요일,경상남도 진주시 문산읍,중상사고,0,1,0,0,차대차 - 추돌 - 진행중,안전운전불이행,건조,맑음,단일로 - 기타,화물,남,52세,상해없음,승용,여,34세,중상
2015102000100592,2015년 10월 20일 19시,화요일,경상남도 거제시 고현동,중상사고,0,1,0,0,차대차 - 추돌 - 진행중,교차로운행방법위반,건조,맑음,교차로 - 교차로안,승용,남,57세,상해없음,이륜,남,38세,중상
2015102000100632,2015년 10월 20일 20시,화요일,경상남도 창원시 진해구 용원동,경상사고,0,0,1,0,차대차 - 측면직각충돌,안전운전불이행,건조,맑음,단일로 - 기타,이륜,남,41세,경상,승용,남,24세,상해없음
2015102000100664,2015년 10월 20일 21시,화요일,경상남도 창원시 마산합포구 산호동,중상사고,0,1,0,0,차대사람 - 횡단중,안전운전불이행,건조,맑음,교차로 - 교차로안,승용,남,53세,상해없음,보행자,여,72세,중상
2015102000100709,2015년 10월 20일 23시,화요일,경상남도 통영시 미수동,중상사고,0,1,1,0,차대차 - 측면직각충돌,안전거리미확보,건조,맑음,교차로 - 교차로안,이륜,남,15세,상해없음,승용,남,53세,상해없음
2015102000100710,2015년 10월 20일 23시,화요일,경상남도 거창군 거창읍,중상사고,0,1,1,0,차대차 - 측면직각충돌,신호위반,습기,안개,교차로 - 교차로안,승용,여,21세,중상,화물,남,51세,경상
2015102000100711,2015년 10월 20일 23시,화요일,경상남도 거제시 고현동,경상사고,0,0,2,0,차대차 - 추돌 - 진행중,교차로운행방법위반,건조,맑음,교차로 - 교차로안,승용,남,31세,상해없음,승용,남,49세,경상
2015102000100712,2015년 10월 20일 23시,화요일,경상남도 거제시 아주동,경상사고,0,0,1,0,차대사람 - 횡단중,보행자보호의무위반,건조,맑음,단일로 - 횡단보도상,승용,남,44세,상해없음,보행자,남,34세,경상
2015102100100014,2015년 10월 21일 00시,수요일,경상남도 창원시 진해구 석동,경상사고,0,0,1,0,차대사람 - 횡단중,안전운전불이행,건조,맑음,교차로 - 교차로안,승용,남,26세,상해없음,보행자,남,40세,경상
2015102100100033,2015년 10월 21일 01시,수요일,경상남도 밀양시 내이동,부상신고사고,0,0,0,1,차대차 - 측면직각충돌,교차로운행방법위반,건조,맑음,교차로 - 교차로안,승용,남,19세,상해없음,이륜,남,46세,부상신고
2015102100100058,2015년 10월 21일 04시,수요일,경상남도 함안군 법수면,중상사고,0,1,0,0,차대차 - 추돌 - 진행중,안전운전불이행,습기,안개,단일로 - 기타,승용,여,56세,상해없음,자전거,남,82세,중상
2015102100100066,2015년 10월 21일 05시,수요일,경상남도 진주시 내동면,사망사고,1,1,0,0,차대차 - 정면충돌,중앙선침범,습기,안개,단일로 - 기타,승용,남,74세,사망,승용,남,35세,중상
2015102100100082,2015년 10월 21일 06시,수요일,경상남도 하동군 금성면,사망사고,1,0,0,0,차대사람 - 횡단중,안전운전불이행,건조,맑음,교차로 - 교차로부근,승용,남,42세,상해없음,보행자,여,55세,사망
2015102100100083,2015년 10월 21일 06시,수요일,경상남도 김해시 장유면,경상사고,0,0,1,0,차대차 - 측면직각충돌,교차로운행방법위반,건조,맑음,교차로 - 교차로부근,건설기계,남,33세,상해없음,승용,남,61세,경상
2015102100100104,2015년 10월 21일 07시,수요일,경상남도 창원시 진해구 속천동,경상사고,0,0,1,0,차대차 - 추돌 - 진행중,안전거리미확보,건조,맑음,기타 - 기타,승용,남,60세,상해없음,승용,남,57세,경상
2015102100100105,2015년 10월 21일 07시,수요일,경상남도 사천시 봉남동,사망사고,1,2,2,0,차대사람 - 기타,중앙선침범,건조,맑음,단일로 - 기타,승용,남,55세,경상,보행자,여,72세,사망
2015102100100106,2015년 10월 21일 07시,수요일,경상남도 양산시 북부동,중상사고,0,1,1,0,차대차 - 기타,신호위반,건조,맑음,교차로 - 교차로안,승용,남,20세,기타불명,승합,남,54세,상해없음
2015102100100107,2015년 10월 21일 07시,수요일,경상남도 양산시 상북면,부상신고사고,0,0,0,1,차대차 - 측면직각충돌,안전거리미확보,건조,맑음,단일로 - 기타,승용,여,57세,상해없음,승용,남,33세,부상신고
2015102100100143,2015년 10월 21일 08시,수요일,경상남도 김해시 삼계동,중상사고,0,1,0,0,차대차 - 측면직각충돌,안전운전불이행,건조,맑음,교차로 - 교차로안,승용,여,55세,상해없음,승용,남,47세,중상
2015102100100144,2015년 10월 21일 08시,수요일,경상남도 창원시 의창구 대산면,경상사고,0,0,2,0,차대차 - 추돌 - 주정차중,안전거리미확보,습기,안개,단일로 - 기타,승용,남,75세,상해없음,승용,여,43세,경상
2015102100100177,2015년 10월 21일 09시,수요일,경상남도 하동군 고전면,사망사고,1,0,0,0,차량단독 - 도로외이탈 - 추락,안전운전불이행,건조,맑음,단일로 - 기타,이륜,남,73세,사망,,,,
2015102100100204,2015년 10월 21일 10시,수요일,경상남도 통영시 용남면,경상사고,0,0,2,0,차대차 - 추돌 - 진행중,안전운전불이행,건조,맑음,단일로 - 기타,승용,남,25세,상해없음,승용,여,38세,경상
2015102100100205,2015년 10월 21일 10시,수요일,경상남도 양산시 물금읍,중상사고,0,2,0,0,차대차 - 기타,직진우회전진행방해,건조,맑음,교차로 - 교차로안,건설기계,남,45세,상해없음,승용,남,53세,중상
2015102100100206,2015년 10월 21일 10시,수요일,경상남도 창원시 성산구 대방동,중상사고,0,1,0,0,차대사람 - 횡단중,신호위반,건조,맑음,교차로 - 교차로부근,화물,남,56세,상해없음,보행자,여,48세,중상
2015102100100228,2015년 10월 21일 11시,수요일,경상남도 합천군 대양면,중상사고,0,1,0,0,차대차 - 측면직각충돌,교차로운행방법위반,건조,맑음,교차로 - 교차로안,승용,여,64세,상해없음,원동기,남,72세,중상
2015102100100229,2015년 10월 21일 11시,수요일,경상남도 거제시 옥포동,경상사고,0,0,1,0,차대차 - 기타,안전운전불이행,건조,맑음,교차로 - 교차로부근,승용,남,63세,상해없음,자전거,남,67세,경상
2015102100100230,2015년 10월 21일 11시,수요일,경상남도 김해시 장유면,사망사고,1,0,0,0,차대차 - 추돌 - 주정차중,안전운전불이행,건조,맑음,교차로 - 교차로부근,화물,남,57세,상해없음,화물,남,54세,기타불명
2015102100100274,2015년 10월 21일 13시,수요일,경상남도 진주시 하대동,중상사고,0,1,0,0,차대차 - 측면직각충돌,안전운전불이행,건조,맑음,단일로 - 기타,화물,남,57세,상해없음,자전거,여,61세,중상
2015102100100275,2015년 10월 21일 13시,수요일,경상남도 양산시 하북면,중상사고,0,1,1,0,차대차 - 측면직각충돌,신호위반,건조,맑음,교차로 - 교차로안,화물,남,60세,상해없음,승용,남,63세,경상
2015102100100276,2015년 10월 21일 13시,수요일,경상남도 하동군 옥종면,경상사고,0,0,1,0,차대차 - 측면직각충돌,교차로운행방법위반,건조,맑음,교차로 - 교차로안,화물,남,55세,상해없음,화물,남,54세,경상
2015102100100325,2015년 10월 21일 15시,수요일,경상남도 창원시 마산합포구 장군동4가,경상사고,0,0,1,0,차대사람 - 차도통행중,안전운전불이행,건조,맑음,단일로 - 기타,승용,남,63세,상해없음,보행자,여,9세,경상
2015102100100326,2015년 10월 21일 15시,수요일,경상남도 거제시 고현동,경상사고,0,0,1,0,차대차 - 추돌 - 진행중,교차로운행방법위반,건조,맑음,교차로 - 교차로부근,특수,남,29세,상해없음,승용,여,54세,경상
2015102100100327,2015년 10월 21일 15시,수요일,경상남도 거제시 연초면,중상사고,0,1,0,0,차대차 - 정면충돌,안전운전불이행,건조,맑음,교차로 - 교차로안,승합,남,60세,상해없음,승용,남,69세,중상
2015102100100328,2015년 10월 21일 15시,수요일,경상남도 창원시 성산구 천선동,중상사고,0,4,0,0,차대차 - 추돌 - 주정차중,안전운전불이행,건조,맑음,단일로 - 기타,승용,남,56세,상해없음,승용,남,51세,중상
2015102100100374,2015년 10월 21일 16시,수요일,경상남도 사천시 동금동,중상사고,0,1,0,0,차대차 - 측면직각충돌,안전운전불이행,건조,맑음,교차로 - 교차로안,화물,남,61세,상해없음,자전거,남,83세,중상
2015102100100402,2015년 10월 21일 17시,수요일,경상남도 양산시 물금읍,중상사고,0,1,0,0,차대차 - 기타,안전거리미확보,건조,맑음,교차로 - 교차로안,자전거,남,14세,중상,승용,남,40세,상해없음
2015102100100448,2015년 10월 21일 18시,수요일,경상남도 진주시 상대동,경상사고,0,0,1,0,차대차 - 기타,안전운전불이행,건조,맑음,단일로 - 기타,승용,여,56세,상해없음,자전거,남,28세,경상
2015102100100449,2015년 10월 21일 18시,수요일,경상남도 창원시 진해구 통신동,경상사고,0,0,1,0,차량단독 - 전도전복,안전운전불이행,건조,맑음,교차로 - 교차로안,원동기,남,18세,경상,,,,
2015102100100450,2015년 10월 21일 18시,수요일,경상남도 김해시 삼방동,중상사고,0,1,1,0,차대차 - 기타,신호위반,건조,맑음,교차로 - 교차로안,승용,여,53세,상해없음,승용,남,59세,중상
2015102100100451,2015년 10월 21일 18시,수요일,경상남도 양산시 어곡동,경상사고,0,0,1,0,차대차 - 측면직각충돌,안전운전불이행,건조,맑음,단일로 - 기타,자전거,남,58세,경상,승용,남,61세,상해없음
2015102100100452,2015년 10월 21일 18시,수요일,경상남도 창원시 의창구 명서동,중상사고,0,1,0,0,차대사람 - 횡단중,신호위반,건조,맑음,단일로 - 기타,승용,남,38세,상해없음,보행자,남,47세,중상
2015102100100453,2015년 10월 21일 18시,수요일,경상남도 창원시 의창구 동정동,경상사고,0,0,2,0,차대차 - 추돌 - 진행중,안전운전불이행,건조,맑음,단일로 - 기타,화물,남,28세,상해없음,승용,남,53세,경상
2015102100100489,2015년 10월 21일 19시,수요일,경상남도 창원시 마산합포구 자산동,중상사고,0,1,0,0,차대차 - 기타,차로위반,건조,맑음,단일로 - 기타,원동기,남,68세,중상,승용,남,65세,상해없음
2015102100100490,2015년 10월 21일 19시,수요일,경상남도 통영시 도남동,중상사고,0,1,0,0,차대사람 - 기타,보행자보호의무위반,건조,맑음,교차로 - 교차로부근,승용,여,52세,상해없음,보행자,여,31세,중상
2015102100100491,2015년 10월 21일 19시,수요일,경상남도 통영시 광도면,경상사고,0,0,1,0,차량단독 - 공작물충돌,안전운전불이행,건조,맑음,단일로 - 기타,승용,남,40세,상해없음,,,,
2015102100100492,2015년 10월 21일 19시,수요일,경상남도 김해시 어방동,중상사고,0,1,0,1,차대차 - 추돌 - 진행중,안전운전불이행,건조,맑음,교차로 - 교차로안,이륜,남,17세,부상신고,이륜,남,50세,중상
2015102100100493,2015년 10월 21일 19시,수요일,경상남도 거창군 거창읍,중상사고,0,1,0,0,차대차 - 추돌 - 진행중,신호위반,건조,맑음,교차로 - 교차로안,승용,여,45세,상해없음,원동기,여,61세,중상
2015102100100529,2015년 10월 21일 20시,수요일,경상남도 창녕군 남지읍,경상사고,0,0,1,0,차대사람 - 기타,중앙선침범,건조,맑음,단일로 - 기타,승용,남,53세,상해없음,보행자,남,58세,경상
2015102100100556,2015년 10월 21일 21시,수요일,경상남도 김해시 어방동,경상사고,0,0,4,0,차대차 - 측면직각충돌,안전운전불이행,건조,맑음,교차로 - 교차로안,승용,남,48세,상해없음,승합,남,58세,경상
2015102100100585,2015년 10월 21일 22시,수요일,경상남도 창원시 진해구 태평동,경상사고,0,0,1,0,차대차 - 측면직각충돌,안전운전불이행,건조,맑음,단일로 - 기타,승용,남,56세,상해없음,자전거,남,21세,경상
2015102100100586,2015년 10월 21일 22시,수요일,경상남도 통영시 미수동,중상사고,0,1,2,0,차대차 - 기타,교차로운행방법위반,건조,맑음,교차로 - 교차로부근,승용,남,52세,상해없음,승용,남,50세,상해없음
2015102100100619,2015년 10월 21일 23시,수요일,경상남도 창원시 의창구 팔용동,경상사고,0,0,1,1,차대차 - 추돌 - 진행중,신호위반,건조,맑음,교차로 - 교차로부근,승용,남,53세,상해없음,승용,남,35세,부상신고
2015102200100021,2015년 10월 22일 00시,목요일,경상남도 창원시 마산합포구 진북면,사망사고,1,0,0,0,차대사람 - 기타,안전운전불이행,건조,맑음,단일로 - 기타,승용,여,63세,상해없음,보행자,여,52세,사망
2015102200100066,2015년 10월 22일 05시,목요일,경상남도 창원시 의창구 대산면,중상사고,0,3,0,0,차대차 - 측면직각충돌,중앙선침범,기타,안개,단일로 - 기타,화물,남,64세,중상,승용,여,34세,중상
2015102200100103,2015년 10월 22일 07시,목요일,경상남도 고성군 동해면,중상사고,0,2,1,0,차량단독 - 공작물충돌,안전운전불이행,건조,맑음,단일로 - 기타,승용,남,51세,상해없음,,,,
2015102200100104,2015년 10월 22일 07시,목요일,경상남도 함안군 함안면,경상사고,0,0,1,0,차대차 - 측면직각충돌,신호위반,기타,안개,교차로 - 교차로안,승용,남,34세,상해없음,승용,남,35세,경상
2015102200100191,2015년 10월 22일 09시,목요일,경상남도 사천시 축동면,중상사고,0,1,0,0,차대차 - 추돌 - 주정차중,직진우회전진행방해,건조,맑음,교차로 - 교차로안,승용,남,74세,중상,화물,남,61세,상해없음
2015102200100192,2015년 10월 22일 09시,목요일,경상남도 거제시 아주동,경상사고,0,0,1,1,차대차 - 기타,안전운전불이행,건조,맑음,단일로 - 기타,승합,여,50세,상해없음,승합,남,66세,경상
2015102200100193,2015년 10월 22일 09시,목요일,경상남도 김해시 진례면,경상사고,0,0,1,0,차대차 - 측면직각충돌,안전운전불이행,건조,흐림,교차로 - 교차로안,승용,여,30세,상해없음,승용,여,56세,상해없음
2015102200100210,2015년 10월 22일 10시,목요일,경상남도 김해시 진례면,중상사고,0,2,5,10,차대차 - 추돌 - 주정차중,안전운전불이행,건조,맑음,단일로 - 기타,화물,남,58세,중상,승합,남,65세,경상
2015102200100227,2015년 10월 22일 10시,목요일,경상남도 진주시 인사동,중상사고,0,1,0,0,차대차 - 측면직각충돌,신호위반,건조,흐림,교차로 - 교차로안,화물,남,29세,상해없음,이륜,남,54세,중상
2015102200100228,2015년 10월 22일 10시,목요일,경상남도 창원시 진해구 남문동,중상사고,0,2,0,0,차대차 - 측면직각충돌,교차로운행방법위반,건조,맑음,교차로 - 교차로안,승용,남,42세,상해없음,승용,남,66세,중상
2015102200100229,2015년 10월 22일 10시,목요일,경상남도 김해시 삼정동,경상사고,0,0,1,0,차대차 - 측면직각충돌,교차로운행방법위반,건조,맑음,교차로 - 교차로안,승용,여,45세,상해없음,자전거,남,73세,경상