사고번호,사고일시,요일,시군구,사고내용,사망자수,중상자수,경상자수,부상신고자수,사고유형,법규위반,노면상태,기상상태,도로형태,가해운전자 차종,가해운전자 성별,가해운전자 연령,가해운전자 상해정도,피해운전자 차종,피해운전자 성별,피해운전자 연령,피해운전자 상해정도
2015103100100204,2015년 10월 31일 09시,토요일,경상남도 양산시 주진동,중상사고,0,1,0,0,차대사람 - 기타,안전운전불이행,건조,맑음,단일로 - 기타,자전거,남,18세,상해없음,보행자,여,81세,중상
2015103100100205,2015년 10월 31일 09시,토요일,경상남도 거제시 고현동,중상사고,0,1,0,0,차대사람 - 기타,보행자보호의무위반,건조,맑음,교차로 - 교차로안,이륜,남,56세,상해없음,보행자,남,44세,중상
2015103100100206,2015년 10월 31일 09시,토요일,경상남도 거제시 고현동,경상사고,0,0,3,0,차대차 - 추돌 - 진행중,안전운전불이행,건조,맑음,단일로 - 기타,승용,남,44세,상해없음,화물,남,53세,경상
2015103100100207,2015년 10월 31일 09시,토요일,경상남도 거제시 고현동,경상사고,0,0,1,0,차대차 - 기타,안전운전불이행,건조,맑음,교차로 - 교차로부근,승용,남,68세,상해없음,승용,남,32세,경상
2015103100100208,2015년 10월 31일 09시,토요일,경상남도 사천시 곤양면,경상사고,0,0,8,1,차대차 - 추돌 - 진행중,안전운전불이행,건조,맑음,단일로 - 기타,승용,남,38세,상해없음,승용,남,35세,경상
2015103100100226,2015년 10월 31일 10시,토요일,경상남도 양산시 동면,경상사고,0,0,1,0,차대차 - 기타,안전거리미확보,건조,맑음,단일로 - 기타,승용,남,30세,상해없음,화물,남,48세,경상
2015103100100288,2015년 10월 31일 11시,토요일,경상남도 창원시 진해구 석동,경상사고,0,0,2,0,차대차 - 기타,안전운전불이행,건조,맑음,단일로 - 기타,화물,남,53세,상해없음,승용,남,36세,경상
2015103100100289,2015년 10월 31일 11시,토요일,경상남도 사천시 사천읍,경상사고,0,0,3,1,차대차 - 추돌 - 진행중,안전운전불이행,건조,맑음,교차로 - 교차로안,승용,여,55세,상해없음,승용,여,32세,경상
2015103100100290,2015년 10월 31일 11시,토요일,경상남도 창원시 의창구 명서동,경상사고,0,0,1,0,차대차 - 측면직각충돌,안전거리미확보,건조,맑음,교차로 - 교차로부근,승용,남,69세,상해없음,승용,남,58세,상해없음
2015103100100341,2015년 10월 31일 12시,토요일,경상남도 창원시 마산합포구 월영동,경상사고,0,0,1,0,차대사람 - 횡단중,안전운전불이행,건조,맑음,단일로 - 기타,승용,여,72세,상해없음,보행자,남,13세,경상
2015103100100342,2015년 10월 31일 12시,토요일,경상남도 창원시 진해구 용원동,중상사고,0,1,0,0,차대사람 - 기타,보행자보호의무위반,건조,맑음,단일로 - 횡단보도상,승용,남,42세,상해없음,보행자,여,63세,중상
2015103100100343,2015년 10월 31일 12시,토요일,경상남도 창원시 진해구 청안동,경상사고,0,0,2,0,차대차 - 추돌 - 주정차중,안전운전불이행,건조,맑음,단일로 - 기타,승용,남,56세,상해없음,승용,남,30세,경상
2015103100100344,2015년 10월 31일 12시,토요일,경상남도 거창군 가북면,중상사고,0,1,0,0,차대사람 - 횡단중,안전운전불이행,건조,맑음,단일로 - 기타,승용,남,37세,상해없음,보행자,남,47세,중상
2015103100100345,2015년 10월 31일 12시,토요일,경상남도 창원시 의창구 봉곡동,중상사고,0,1,0,0,차대차 - 측면직각충돌,안전운전불이행,건조,맑음,교차로 - 교차로부근,승용,여,47세,상해없음,이륜,남,50세,중상
2015103100100346,2015년 10월 31일 12시,토요일,경상남도 김해시 진영읍,중상사고,0,3,1,0,차대차 - 추돌 - 진행중,안전운전불이행,건조,맑음,단일로 - 기타,승용,여,47세,기타불명,승용,여,45세,경상
2015103100100384,2015년 10월 31일 13시,토요일,경상남도 통영시 항남동,중상사고,0,1,0,0,차대사람 - 기타,보행자보호의무위반,건조,맑음,단일로 - 횡단보도상,화물,남,67세,상해없음,보행자,남,15세,중상
2015103100100385,2015년 10월 31일 13시,토요일,경상남도 사천시 축동면,경상사고,0,0,1,0,차대차 - 추돌 - 진행중,안전운전불이행,건조,맑음,단일로 - 기타,화물,남,35세,상해없음,승용,여,57세,경상
2015103100100386,2015년 10월 31일 13시,토요일,경상남도 김해시 내동,중상사고,0,1,0,0,차대차 - 추돌 - 진행중,안전거리미확보,건조,맑음,단일로 - 기타,승용,남,18세,상해없음,승용,남,57세,중상
2015103100100387,2015년 10월 31일 13시,토요일,경상남도 합천군 삼가면,경상사고,0,0,1,0,차대차 - 기타,안전운전불이행,건조,맑음,교차로 - 교차로부근,승용,여,35세,상해없음,이륜,남,66세,경상
2015103100100388,2015년 10월 31일 13시,토요일,경상남도 거제시 아주동,경상사고,0,0,1,0,차대사람 - 기타,안전운전불이행,건조,맑음,교차로 - 교차로부근,승용,남,32세,상해없음,보행자,여,66세,경상
2015103100100389,2015년 10월 31일 13시,토요일,경상남도 거제시 동부면,중상사고,0,1,0,0,차대차 - 기타,안전운전불이행,건조,맑음,단일로 - 기타,승용,남,54세,상해없음,자전거,남,47세,중상
2015103100100390,2015년 10월 31일 13시,토요일,경상남도 남해군 미조면,중상사고,0,2,0,0,차대차 - 정면충돌,중앙선침범,건조,맑음,단일로 - 기타,승용,여,66세,상해없음,승용,여,32세,중상
2015103100100429,2015년 10월 31일 14시,토요일,경상남도 창원시 마산합포구 해운동,중상사고,0,1,0,0,차대사람 - 기타,안전운전불이행,건조,맑음,단일로 - 기타,승용,남,35세,상해없음,보행자,남,51세,중상
2015103100100430,2015년 10월 31일 14시,토요일,경상남도 창원시 진해구 남문동,중상사고,0,1,0,0,차대차 - 기타,교차로운행방법위반,건조,맑음,교차로 - 교차로안,건설기계,남,51세,상해없음,자전거,남,19세,중상
2015103100100490,2015년 10월 31일 15시,토요일,경상남도 김해시 부원동,경상사고,0,0,1,0,차대차 - 측면직각충돌,신호위반,건조,맑음,교차로 - 교차로안,원동기,남,68세,경상,승용,여,31세,상해없음
2015103100100491,2015년 10월 31일 15시,토요일,경상남도 합천군 삼가면,경상사고,0,0,1,0,차대사람 - 횡단중,안전운전불이행,건조,맑음,단일로 - 기타,승용,남,32세,상해없음,보행자,여,76세,경상
2015103100100533,2015년 10월 31일 16시,토요일,경상남도 김해시 외동,부상신고사고,0,0,0,1,차대차 - 추돌 - 진행중,안전거리미확보,건조,맑음,교차로 - 교차로부근,원동기,남,18세,부상신고,승용,여,31세,상해없음
2015103100100534,2015년 10월 31일 16시,토요일,경상남도 창녕군 장마면,경상사고,0,0,3,0,차대차 - 기타,교차로운행방법위반,건조,맑음,교차로 - 교차로안,승합,남,56세,경상,화물,남,59세,경상
2015103100100567,2015년 10월 31일 17시,토요일,경상남도 창원시 의창구 서상동,경상사고,0,0,1,0,차대차 - 추돌 - 주정차중,안전운전불이행,건조,맑음,단일로 - 기타,승용,여,29세,상해없음,승용,기타불명,기타불명,기타불명
2015103100100613,2015년 10월 31일 18시,토요일,경상남도 밀양시 가곡동,경상사고,0,0,1,0,차대차 - 기타,안전운전불이행,건조,맑음,교차로 - 교차로부근,원동기,남,63세,경상,승용,남,44세,상해없음
2015103100100614,2015년 10월 31일 18시,토요일,경상남도 밀양시 삼문동,중상사고,0,1,0,0,차대사람 - 기타,안전운전불이행,건조,맑음,단일로 - 기타,승용,여,42세,상해없음,보행자,남,79세,중상
2015103100100615,2015년 10월 31일 18시,토요일,경상남도 창녕군 남지읍,경상사고,0,0,1,0,차대차 - 측면직각충돌,불법유턴,건조,맑음,단일로 - 기타,승용,남,30세,상해없음,이륜,남,56세,경상
2015103100100616,2015년 10월 31일 18시,토요일,경상남도 양산시 유산동,경상사고,0,0,2,0,차대차 - 추돌 - 주정차중,안전운전불이행,건조,맑음,단일로 - 기타,승용,남,39세,상해없음,승용,남,29세,경상
2015103100100617,2015년 10월 31일 18시,토요일,경상남도 양산시 평산동,중상사고,0,1,0,0,차대차 - 측면직각충돌,안전운전불이행,건조,맑음,단일로 - 기타,승합,남,40세,상해없음,자전거,남,74세,중상
2015103100100642,2015년 10월 31일 19시,토요일,경상남도 김해시 대동면,중상사고,0,2,4,0,차대차 - 추돌 - 진행중,안전운전불이행,건조,맑음,단일로 - 기타,승용,남,32세,상해없음,승용,남,35세,중상
2015103100100661,2015년 10월 31일 19시,토요일,경상남도 진주시 수정동,중상사고,0,1,0,0,차대차 - 측면직각충돌,차로위반,건조,맑음,단일로 - 기타,승용,남,61세,상해없음,원동기,남,30세,중상
2015103100100662,2015년 10월 31일 19시,토요일,경상남도 통영시 무전동,중상사고,0,1,0,0,차대차 - 기타,안전운전불이행,건조,맑음,교차로 - 교차로안,승용,남,48세,상해없음,이륜,남,39세,중상
2015103100100697,2015년 10월 31일 20시,토요일,경상남도 진주시 옥봉동,중상사고,0,1,0,0,차대사람 - 횡단중,안전운전불이행,건조,맑음,단일로 - 기타,승용,남,60세,상해없음,보행자,남,45세,중상
2015103100100698,2015년 10월 31일 20시,토요일,경상남도 창원시 진해구 태백동,중상사고,0,2,0,0,차대차 - 기타,안전운전불이행,건조,맑음,교차로 - 교차로부근,승용,남,36세,상해없음,원동기,남,19세,중상
2015103100100699,2015년 10월 31일 20시,토요일,경상남도 하동군 하동읍,경상사고,0,0,1,0,차대차 - 기타,안전운전불이행,건조,맑음,교차로 - 교차로안,화물,남,55세,상해없음,자전거,남,15세,경상
2015103100100700,2015년 10월 31일 20시,토요일,경상남도 거제시 하청면,중상사고,0,1,0,0,차량단독 - 공작물충돌,안전운전불이행,건조,맑음,단일로 - 기타,승용,남,46세,상해없음,,,,
2015103100100701,2015년 10월 31일 20시,토요일,경상남도 함안군 가야읍,경상사고,0,0,1,0,차량단독 - 도로외이탈 - 기타,안전운전불이행,건조,맑음,교차로 - 교차로부근,승용,남,47세,경상,,,,
2015103100100702,2015년 10월 31일 20시,토요일,경상남도 창원시 성산구 성주동,경상사고,0,0,3,0,차대차 - 추돌 - 주정차중,안전운전불이행,건조,맑음,교차로 - 교차로부근,승용,남,54세,상해없음,승용,남,52세,경상
2015103100100703,2015년 10월 31일 20시,토요일,경상남도 김해시 장유면,중상사고,0,1,0,1,차대차 - 측면직각충돌,중앙선침범,건조,맑음,교차로 - 교차로부근,이륜,남,29세,부상신고,이륜,남,17세,중상
2015103100100764,2015년 10월 31일 22시,토요일,경상남도 거창군 거창읍,경상사고,0,0,2,0,차대차 - 측면직각충돌,신호위반,건조,흐림,교차로 - 교차로안,승용,남,37세,상해없음,승용,남,33세,경상
2015103100100798,2015년 10월 31일 23시,토요일,경상남도 통영시 북신동,중상사고,0,1,0,0,차대차 - 측면직각충돌,중앙선침범,건조,맑음,교차로 - 교차로안,승용,남,19세,상해없음,승용,남,60세,중상
2015110100100027,2015년 11월 1일 00시,일요일,경상남도 함안군 칠서면,경상사고,0,0,1,0,차량단독 - 공작물충돌,안전운전불이행,건조,맑음,단일로 - 기타,화물,남,43세,경상,,,,
2015110100100052,2015년 11월 1일 01시,일요일,경상남도 창원시 마산합포구 해운동,경상사고,0,0,1,0,차대차 - 측면직각충돌,안전운전불이행,건조,맑음,교차로 - 교차로부근,승용,남,49세,상해없음,이륜,남,23세,경상
2015110100100099,2015년 11월 1일 04시,일요일,경상남도 고성군 고성읍,중상사고,0,1,0,0,차대사람 - 횡단중,안전운전불이행,건조,맑음,단일로 - 기타,승용,남,34세,상해없음,보행자,여,57세,중상
2015110100100142,2015년 11월 1일 07시,일요일,경상남도 창원시 마산합포구 진전면,사망사고,1,0,0,0,차량단독 - 전도전복,안전운전불이행,건조,흐림,단일로 - 기타,농기계,남,80세,사망,,,,
2015110100100143,2015년 11월 1일 07시,일요일,경상남도 거제시 하청면,중상사고,0,1,1,0,차대차 - 기타,안전운전불이행,건조,맑음,단일로 - 기타,기타불명,기타불명,기타불명,기타불명,승합,여,53세,중상
2015110100100170,2015년 11월 1일 09시,일요일,경상남도 김해시 내동,중상사고,0,1,0,0,차대차 - 기타,안전운전불이행,건조,맑음,교차로 - 교차로안,승용,남,18세,상해없음,이륜,남,24세,중상
2015110100100183,2015년 11월 1일 10시,일요일,경상남도 김해시 진례면,경상사고,0,0,2,0,차대차 - 기타,안전운전불이행,건조,맑음,단일로 - 기타,승합,남,60세,상해없음,승용,남,58세,경상
2015110100100198,2015년 11월 1일 10시,일요일,경상남도 양산시 중부동,경상사고,0,0,1,0,차대차 - 추돌 - 주정차중,기타,건조,맑음,교차로 - 교차로안,승용,남,63세,경상,화물,남,78세,상해없음
2015110100100217,2015년 11월 1일 11시,일요일,경상남도 김해시 동상동,중상사고,0,1,2,0,차대차 - 측면직각충돌,교차로운행방법위반,건조,맑음,교차로 - 교차로안,승용,남,23세,상해없음,승용,남,59세,중상
2015110100100316,2015년 11월 1일 15시,일요일,경상남도 거제시 수월동,중상사고,0,1,0,0,차대차 - 추돌 - 주정차중,교차로운행방법위반,건조,맑음,교차로 - 교차로부근,승용,남,50세,상해없음,승용,여,44세,중상
2015110100100342,2015년 11월 1일 16시,일요일,경상남도 통영시 북신동,중상사고,0,1,0,0,차대차 - 측면직각충돌,안전운전불이행,건조,맑음,교차로 - 교차로부근,승용,여,54세,상해없음,원동기,남,41세,중상
2015110100100374,2015년 11월 1일 17시,일요일,경상남도 양산시 북부동,부상신고사고,0,0,0,1,차대차 - 측면직각충돌,직진우회전진행방해,건조,맑음,교차로 - 교차로안,승용,남,48세,상해없음,승용,여,47세,부상신고
2015110100100375,2015년 11월 1일 17시,일요일,경상남도 양산시 동면,중상사고,0,1,1,0,차대차 - 측면직각충돌,신호위반,건조,맑음,교차로 - 교차로안,승용,여,45세,상해없음,승용,남,58세,상해없음
2015110100100420,2015년 11월 1일 18시,일요일,경상남도 함양군 함양읍,중상사고,0,1,0,0,차대차 - 측면직각충돌,교차로운행방법위반,건조,흐림,교차로 - 교차로안,화물,남,68세,상해없음,승용,여,52세,중상
2015110100100421,2015년 11월 1일 18시,일요일,경상남도 양산시 덕계동,사망사고,1,0,0,0,차대사람 - 기타,안전운전불이행,건조,맑음,단일로 - 기타,승용,여,22세,상해없음,보행자,여,83세,사망
2015110100100422,2015년 11월 1일 18시,일요일,경상남도 김해시 장유면,중상사고,0,1,0,0,차대차 - 측면직각충돌,신호위반,건조,맑음,교차로 - 교차로안,승용,남,25세,상해없음,승용,남,42세,중상
2015110100100458,2015년 11월 1일 19시,일요일,경상남도 통영시 봉평동,중상사고,0,1,0,0,차대사람 - 횡단중,보행자보호의무위반,건조,맑음,단일로 - 기타,원동기,남,25세,상해없음,보행자,남,36세,중상
2015110100100482,2015년 11월 1일 20시,일요일,경상남도 창원시 진해구 석동,경상사고,0,0,1,0,차대차 - 측면직각충돌,안전운전불이행,건조,흐림,단일로 - 기타,승용,남,58세,상해없음,원동기,남,18세,경상
2015110100100507,2015년 11월 1일 21시,일요일,경상남도 거제시 옥포동,중상사고,0,1,0,0,차대사람 - 횡단중,신호위반,습기,비,단일로 - 횡단보도상,승용,여,24세,상해없음,보행자,여,20세,중상
2015110100100535,2015년 11월 1일 22시,일요일,경상남도 통영시 북신동,경상사고,0,0,1,0,차대차 - 추돌 - 진행중,차로위반,습기,흐림,단일로 - 기타,승용,남,21세,상해없음,원동기,남,18세,경상
2015110100100536,2015년 11월 1일 22시,일요일,경상남도 김해시 어방동,경상사고,0,0,1,0,차대차 - 추돌 - 진행중,안전운전불이행,습기,비,단일로 - 기타,승용,남,48세,상해없음,승용,남,52세,경상
2015110100100537,2015년 11월 1일 22시,일요일,경상남도 양산시 동면,중상사고,0,1,0,0,차대차 - 측면직각충돌,안전운전불이행,건조,맑음,기타 - 기타,원동기,남,18세,상해없음,자전거,남,57세,중상
2015110100100538,2015년 11월 1일 22시,일요일,경상남도 김해시 화목동,중상사고,0,2,0,0,차대차 - 측면직각충돌,중앙선침범,습기,비,단일로 - 기타,승용,남,37세,상해없음,승용,여,33세,상해없음
2015110200100016,2015년 11월 2일 01시,월요일,경상남도 진주시 동성동,중상사고,0,2,0,0,차대차 - 추돌 - 진행중,안전운전불이행,건조,흐림,단일로 - 교량,이륜,남,25세,중상,농기계,남,72세,중상
2015110200100046,2015년 11월 2일 05시,월요일,경상남도 통영시 당동,중상사고,0,1,0,0,차대차 - 기타,중앙선침범,습기,흐림,단일로 - 기타,승합,남,58세,상해없음,승합,남,57세,상해없음
2015110200100047,2015년 11월 2일 05시,월요일,경상남도 거제시 고현동,중상사고,0,1,0,0,차대사람 - 횡단중,보행자보호의무위반,건조,흐림,교차로 - 교차로안,승용,남,38세,상해없음,보행자,여,75세,중상
2015110200100092,2015년 11월 2일 07시,월요일,경상남도 김해시 한림면,중상사고,0,1,0,0,차대차 - 정면충돌,중앙선침범,습기,흐림,단일로 - 기타,승용,남,41세,상해없음,화물,남,42세,중상
2015110200100093,2015년 11월 2일 07시,월요일,경상남도 김해시 풍유동,중상사고,0,1,0,0,차량단독 - 공작물충돌,안전운전불이행,건조,맑음,단일로 - 기타,화물,남,25세,중상,,,,
2015110200100094,2015년 11월 2일 07시,월요일,경상남도 김해시 한림면,경상사고,0,0,1,0,차대차 - 정면충돌,안전운전불이행,습기,흐림,단일로 - 기타,승합,남,52세,상해없음,승용,남,43세,경상
2015110200100167,2015년 11월 2일 09시,월요일,경상남도 창녕군 부곡면,중상사고,0,1,4,0,차대차 - 측면직각충돌,신호위반,건조,맑음,교차로 - 교차로안,화물,남,48세,상해없음,화물,남,56세,중상
2015110200100168,2015년 11월 2일 09시,월요일,경상남도 남해군 창선면,경상사고,0,0,1,0,차대차 - 측면직각충돌,기타,건조,맑음,단일로 - 기타,승용,여,64세,상해없음,승용,남,82세,경상
2015110200100200,2015년 11월 2일 10시,월요일,경상남도 진주시 초전동,경상사고,0,0,1,0,차대차 - 정면충돌,중앙선침범,건조,맑음,단일로 - 기타,승용,여,23세,상해없음,승용,남,56세,경상
2015110200100201,2015년 11월 2일 10시,월요일,경상남도 밀양시 하남읍,중상사고,0,1,0,0,차대사람 - 기타,안전운전불이행,건조,맑음,단일로 - 기타,승용,남,30세,상해없음,보행자,여,60세,중상
2015110200100202,2015년 11월 2일 10시,월요일,경상남도 양산시 물금읍,중상사고,0,1,1,0,차대차 - 기타,교차로운행방법위반,건조,맑음,교차로 - 교차로안,승용,여,37세,중상,건설기계,남,63세,상해없음
2015110200100203,2015년 11월 2일 10시,월요일,경상남도 김해시 진영읍,경상사고,0,0,3,0,차대차 - 측면직각충돌,안전운전불이행,건조,맑음,단일로 - 기타,승용,남,29세,기타불명,화물,남,51세,경상
2015110200100232,2015년 11월 2일 11시,월요일,경상남도 창원시 마산합포구 산호동,경상사고,0,0,1,0,차대차 - 측면직각충돌,안전운전불이행,건조,맑음,단일로 - 기타,화물,남,59세,상해없음,승용,남,61세,경상
2015110200100255,2015년 11월 2일 12시,월요일,경상남도 합천군 초계면,중상사고,0,1,0,0,차대차 - 기타,교차로운행방법위반,건조,맑음,교차로 - 교차로부근,승합,남,68세,상해없음,승용,여,70세,중상
2015110200100256,2015년 11월 2일 12시,월요일,경상남도 창녕군 창녕읍,중상사고,0,3,2,0,차대차 - 측면직각충돌,불법유턴,건조,맑음,교차로 - 교차로안,승용,남,67세,경상,화물,남,49세,경상
2015110200100257,2015년 11월 2일 12시,월요일,경상남도 거제시 고현동,중상사고,0,1,0,0,차대사람 - 횡단중,보행자보호의무위반,건조,맑음,단일로 - 횡단보도부근,승용,남,36세,상해없음,보행자,여,79세,중상
2015110200100289,2015년 11월 2일 13시,월요일,경상남도 진주시 동성동,중상사고,0,1,1,0,차대차 - 추돌 - 진행중,안전거리미확보,건조,맑음,단일로 - 기타,승용,남,63세,상해없음,승용,남,33세,경상
2015110200100319,2015년 11월 2일 14시,월요일,경상남도 창녕군 남지읍,경상사고,0,0,1,0,차대차 - 측면직각충돌,신호위반,건조,맑음,교차로 - 교차로안,승용,남,71세,상해없음,자전거,남,71세,경상
2015110200100389,2015년 11월 2일 16시,월요일,경상남도 합천군 합천읍,중상사고,0,1,0,0,차대사람 - 기타,보행자보호의무위반,건조,맑음,단일로 - 기타,화물,남,54세,상해없음,보행자,여,36세,중상
2015110200100390,2015년 11월 2일 16시,월요일,경상남도 양산시 동면,경상사고,0,0,1,0,차대차 - 측면직각충돌,안전운전불이행,건조,맑음,단일로 - 기타,기타불명,기타불명,기타불명,기타불명,승용,여,60세,경상
2015110200100431,2015년 11월 2일 17시,월요일,경상남도 통영시 무전동,경상사고,0,0,1,0,차량단독 - 공작물충돌,안전운전불이행,건조,맑음,단일로 - 기타,승용,여,62세,상해없음,,,,
2015110200100498,2015년 11월 2일 18시,월요일,경상남도 밀양시 하남읍,중상사고,0,1,1,0,차대차 - 기타,교차로운행방법위반,건조,맑음,교차로 - 교차로안,농기계,남,70세,중상,화물,남,72세,경상
2015110200100499,2015년 11월 2일 18시,월요일,경상남도 김해시 동상동,중상사고,0,1,0,0,차량단독 - 기타,안전운전불이행,건조,맑음,단일로 - 기타,승용,남,47세,상해없음,,,,
2015110200100500,2015년 11월 2일 18시,월요일,경상남도 거창군 거창읍,중상사고,0,1,0,0,차대차 - 측면직각충돌,안전운전불이행,건조,맑음,단일로 - 기타,승용,남,49세,중상,화물,남,46세,상해없음
2015110200100501,2015년 11월 2일 18시,월요일,경상남도 거제시 문동동,중상사고,0,2,0,0,차대차 - 기타,중앙선침범,건조,맑음,단일로 - 기타,승용,남,64세,상해없음,승용,남,30세,중상
2015110200100502,2015년 11월 2일 18시,월요일,경상남도 창원시 마산회원구 양덕동,중상사고,0,1,0,0,차대차 - 기타,안전운전불이행,건조,맑음,교차로 - 교차로부근,이륜,남,55세,중상,화물,남,67세,상해없음
2015110200100503,2015년 11월 2일 18시,월요일,경상남도 창원시 의창구 도계동,경상사고,0,0,1,0,차대사람 - 보도통행중,기타,건조,맑음,교차로 - 교차로안,승용,여,59세,상해없음,보행자,여,17세,경상
2015110200100558,2015년 11월 2일 19시,월요일,경상남도 통영시 무전동,중상사고,0,2,3,0,차대차 - 추돌 - 주정차중,안전운전불이행,건조,맑음,단일로 - 기타,승용,남,60세,상해없음,승용,남,59세,경상
2015110200100559,2015년 11월 2일 19시,월요일,경상남도 양산시 물금읍,경상사고,0,0,4,0,차대차 - 추돌 - 진행중,안전거리미확보,건조,맑음,교차로 - 교차로부근,승용,여,61세,상해없음,승용,여,44세,경상
2015110200100560,2015년 11월 2일 19시,월요일,경상남도 창원시 의창구 신월동,경상사고,0,0,1,0,차대차 - 기타,안전운전불이행,건조,맑음,단일로 - 기타,승용,여,62세,상해없음,승용,여,53세,경상
2015110200100598,2015년 11월 2일 20시,월요일,경상남도 양산시 동면,경상사고,0,0,1,0,차대차 - 추돌 - 진행중,안전운전불이행,건조,맑음,교차로 - 교차로부근,승용,남,67세,상해없음,승용,남,61세,상해없음
2015110200100599,2015년 11월 2일 20시,월요일,경상남도 창원시 마산회원구 양덕동,경상사고,0,0,1,0,차대사람 - 차도통행중,안전운전불이행,건조,맑음,단일로 - 기타,승용,남,22세,상해없음,보행자,여,54세,경상
2015110200100633,2015년 11월 2일 21시,월요일,경상남도 양산시 물금읍,경상사고,0,0,1,0,차대차 - 측면직각충돌,교차로운행방법위반,건조,맑음,교차로 - 교차로안,승용,남,45세,상해없음,승용,남,66세,경상
2015110200100669,2015년 11월 2일 22시,월요일,경상남도 김해시 진영읍,경상사고,0,0,1,0,차대차 - 정면충돌,안전거리미확보,건조,맑음,교차로 - 교차로부근,화물,남,51세,상해없음,승용,여,32세,경상
2015110200100690,2015년 11월 2일 23시,월요일,경상남도 김해시 어방동,중상사고,0,1,0,0,차대사람 - 횡단중,안전운전불이행,건조,맑음,단일로 - 횡단보도상,승용,남,43세,상해없음,보행자,남,50세,중상
2015110200100691,2015년 11월 2일 23시,월요일,경상남도 양산시 유산동,경상사고,0,0,1,0,차대차 - 측면직각충돌,중앙선침범,건조,맑음,교차로 - 교차로부근,승용,남,30세,상해없음,승용,남,59세,경상
2015110300100077,2015년 11월 3일 06시,화요일,경상남도 창원시 마산합포구 상남동,부상신고사고,0,0,0,1,차대차 - 추돌 - 주정차중,안전거리미확보,건조,맑음,교차로 - 교차로부근,기타불명,기타불명,기타불명,기타불명,승용,여,51세,부상신고
2015110300100078,2015년 11월 3일 06시,화요일,경상남도 합천군 삼가면,사망사고,1,0,0,0,차대사람 - 차도통행중,안전운전불이행,건조,맑음,기타 - 기타,화물,남,48세,상해없음,보행자,여,77세,사망
2015110300100100,2015년 11월 3일 07시,화요일,경상남도 진주시 이현동,경상사고,0,0,2,0,차대차 - 추돌 - 진행중,안전운전불이행,건조,맑음,단일로 - 기타,승용,여,45세,상해없음,승용,남,59세,경상
2015110300100101,2015년 11월 3일 07시,화요일,경상남도 통영시 산양읍,중상사고,0,2,0,0,차대사람 - 기타,안전운전불이행,건조,맑음,단일로 - 기타,화물,남,54세,중상,보행자,여,86세,중상
2015110300100102,2015년 11월 3일 07시,화요일,경상남도 거창군 거창읍,경상사고,0,0,1,0,차대차 - 측면직각충돌,교차로운행방법위반,건조,맑음,교차로 - 교차로안,승용,남,72세,경상,승용,남,55세,상해없음
2015110300100103,2015년 11월 3일 07시,화요일,경상남도 양산시 중부동,중상사고,0,1,1,0,차대차 - 측면직각충돌,교차로운행방법위반,건조,맑음,교차로 - 교차로안,승용,남,56세,상해없음,승용,남,37세,중상
2015110300100104,2015년 11월 3일 07시,화요일,경상남도 창원시 의창구 사림동,중상사고,0,1,0,0,차대사람 - 횡단중,보행자보호의무위반,건조,맑음,단일로 - 기타,승용,남,52세,상해없음,보행자,남,58세,중상
2015110300100154,2015년 11월 3일 08시,화요일,경상남도 양산시 상북면,중상사고,0,1,0,0,차대차 - 측면직각충돌,안전운전불이행,건조,맑음,교차로 - 교차로안,화물,남,55세,상해없음,자전거,여,59세,중상
2015110300100155,2015년 11월 3일 08시,화요일,경상남도 의령군 대의면,중상사고,0,1,0,0,차대차 - 측면직각충돌,교차로운행방법위반,건조,맑음,교차로 - 교차로안,화물,남,63세,상해없음,화물,남,46세,중상
2015110300100156,2015년 11월 3일 08시,화요일,경상남도 창원시 마산회원구 구암동,경상사고,0,0,1,0,차대차 - 측면직각충돌,안전운전불이행,건조,맑음,단일로 - 기타,건설기계,남,60세,상해없음,승용,여,57세,경상
2015110300100197,2015년 11월 3일 09시,화요일,경상남도 의령군 용덕면,경상사고,0,0,2,0,차대차 - 측면직각충돌,안전운전불이행,건조,맑음,단일로 - 기타,승용,남,32세,경상,화물,남,56세,경상
2015110300100198,2015년 11월 3일 09시,화요일,경상남도 창원시 성산구 천선동,경상사고,0,0,1,0,차대차 - 추돌 - 주정차중,안전운전불이행,건조,맑음,단일로 - 기타,승용,남,86세,상해없음,승용,남,32세,경상
2015110300100199,2015년 11월 3일 09시,화요일,경상남도 김해시 한림면,경상사고,0,0,1,0,차대차 - 추돌 - 주정차중,안전운전불이행,건조,맑음,교차로 - 교차로안,승용,여,33세,상해없음,승용,여,42세,경상
2015110300100229,2015년 11월 3일 10시,화요일,경상남도 창원시 마산합포구 중앙동1가,경상사고,0,0,1,0,차대차 - 정면충돌,신호위반,건조,맑음,교차로 - 교차로안,승용,남,65세,상해없음,승용,여,55세,경상
2015110300100230,2015년 11월 3일 10시,화요일,경상남도 창원시 마산합포구 진동면,경상사고,0,0,1,0,차대사람 - 기타,안전운전불이행,건조,맑음,단일로 - 기타,승용,여,40세,상해없음,보행자,여,68세,경상
2015110300100231,2015년 11월 3일 10시,화요일,경상남도 고성군 고성읍,경상사고,0,0,1,0,차대차 - 측면직각충돌,신호위반,건조,맑음,교차로 - 교차로안,특수,남,53세,상해없음,승합,남,64세,경상