사고번호,사고일시,요일,시군구,사고내용,사망자수,중상자수,경상자수,부상신고자수,사고유형,법규위반,노면상태,기상상태,도로형태,가해운전자 차종,가해운전자 성별,가해운전자 연령,가해운전자 상해정도,피해운전자 차종,피해운전자 성별,피해운전자 연령,피해운전자 상해정도
2015110600100595,2015년 11월 6일 19시,금요일,경상남도 양산시 용당동,경상사고,0,0,1,0,차대차 - 정면충돌,중앙선침범,건조,맑음,단일로 - 기타,화물,남,60세,상해없음,승용,남,59세,경상
2015110600100597,2015년 11월 6일 19시,금요일,경상남도 창원시 의창구 신월동,중상사고,0,1,0,0,차대사람 - 횡단중,보행자보호의무위반,건조,맑음,단일로 - 기타,승용,여,43세,상해없음,보행자,여,80세,중상
2015110600100598,2015년 11월 6일 19시,금요일,경상남도 창원시 의창구 도계동,경상사고,0,0,1,0,차대차 - 측면직각충돌,안전운전불이행,습기,비,교차로 - 교차로안,승합,남,51세,상해없음,승용,여,30세,경상
2015110600100599,2015년 11월 6일 19시,금요일,경상남도 김해시 장유면,중상사고,0,1,0,0,차대차 - 측면직각충돌,안전운전불이행,건조,맑음,교차로 - 교차로부근,승용,여,46세,상해없음,승용,여,36세,중상
2015110600100656,2015년 11월 6일 20시,금요일,경상남도 통영시 광도면,경상사고,0,0,2,0,차대차 - 추돌 - 주정차중,안전운전불이행,습기,비,교차로 - 교차로부근,화물,남,67세,상해없음,승용,남,44세,경상
2015110600100657,2015년 11월 6일 20시,금요일,경상남도 양산시 삼호동,중상사고,0,1,0,0,차대차 - 측면직각충돌,교차로운행방법위반,건조,맑음,교차로 - 교차로안,승용,여,49세,상해없음,원동기,남,53세,중상
2015110600100658,2015년 11월 6일 20시,금요일,경상남도 창원시 의창구 명서동,중상사고,0,1,0,0,차대차 - 측면직각충돌,안전운전불이행,습기,비,교차로 - 교차로안,승용,남,27세,상해없음,이륜,남,37세,중상
2015110600100736,2015년 11월 6일 21시,금요일,경상남도 거제시 장평동,중상사고,0,1,0,0,차대사람 - 횡단중,신호위반,건조,맑음,교차로 - 교차로안,승용,남,29세,상해없음,보행자,여,62세,중상
2015110600100737,2015년 11월 6일 21시,금요일,경상남도 함안군 대산면,경상사고,0,0,1,0,차대차 - 추돌 - 진행중,안전운전불이행,습기,비,단일로 - 기타,화물,남,55세,상해없음,승용,남,38세,경상
2015110600100738,2015년 11월 6일 21시,금요일,경상남도 창원시 성산구 상남동,부상신고사고,0,0,0,1,차대사람 - 길가장자리구역통행중,안전운전불이행,건조,맑음,교차로 - 교차로부근,승용,기타불명,기타불명,기타불명,보행자,여,16세,부상신고
2015110600100739,2015년 11월 6일 21시,금요일,경상남도 창원시 의창구 서상동,경상사고,0,0,1,0,차대차 - 기타,신호위반,습기,비,교차로 - 교차로안,승용,남,60세,상해없음,승용,여,37세,경상
2015110600100814,2015년 11월 6일 22시,금요일,경상남도 김해시 내동,중상사고,0,2,0,0,차대차 - 측면직각충돌,신호위반,습기,비,교차로 - 교차로안,승용,남,28세,상해없음,승용,남,50세,중상
2015110600100815,2015년 11월 6일 22시,금요일,경상남도 창원시 마산회원구 양덕동,중상사고,0,1,0,0,차대차 - 정면충돌,중앙선침범,습기,비,단일로 - 기타,승용,여,46세,상해없음,이륜,남,20세,중상
2015110600100816,2015년 11월 6일 22시,금요일,경상남도 창원시 의창구 봉곡동,경상사고,0,0,1,0,차대차 - 추돌 - 주정차중,안전운전불이행,습기,흐림,단일로 - 기타,승용,기타불명,기타불명,기타불명,승용,남,61세,상해없음
2015110600100884,2015년 11월 6일 23시,금요일,경상남도 창원시 마산합포구 중앙동3가,중상사고,0,1,0,0,차대사람 - 횡단중,안전운전불이행,습기,비,단일로 - 기타,승용,남,49세,상해없음,보행자,여,53세,중상
2015110600100885,2015년 11월 6일 23시,금요일,경상남도 창원시 진해구 익선동,중상사고,0,1,0,0,차대차 - 측면직각충돌,신호위반,습기,비,교차로 - 교차로안,승용,남,19세,상해없음,승용,남,36세,중상
2015110600100886,2015년 11월 6일 23시,금요일,경상남도 거제시 연초면,중상사고,0,1,0,0,차대사람 - 기타,안전운전불이행,건조,맑음,단일로 - 기타,승용,남,47세,상해없음,보행자,남,54세,중상
2015110600100887,2015년 11월 6일 23시,금요일,경상남도 창원시 의창구 팔용동,중상사고,0,1,0,0,차대차 - 추돌 - 주정차중,안전운전불이행,습기,비,교차로 - 교차로안,승합,남,55세,상해없음,승용,여,58세,중상
2015110700100043,2015년 11월 7일 00시,토요일,경상남도 창원시 진해구 석동,경상사고,0,0,2,0,차대사람 - 기타,안전운전불이행,습기,비,교차로 - 교차로부근,승용,남,29세,상해없음,보행자,남,53세,경상
2015110700100044,2015년 11월 7일 00시,토요일,경상남도 창원시 진해구 용원동,중상사고,0,2,0,0,차대차 - 측면직각충돌,교차로운행방법위반,건조,맑음,교차로 - 교차로안,승용,남,31세,상해없음,승용,남,27세,중상
2015110700100116,2015년 11월 7일 02시,토요일,경상남도 함안군 가야읍,사망사고,1,0,0,0,차대사람 - 기타,안전운전불이행,습기,비,단일로 - 기타,승용,남,30세,상해없음,보행자,남,39세,사망
2015110700100117,2015년 11월 7일 02시,토요일,경상남도 창원시 성산구 사파동,경상사고,0,0,1,0,차대차 - 측면직각충돌,안전운전불이행,습기,비,단일로 - 기타,승용,남,38세,상해없음,승용,남,54세,경상
2015110700100181,2015년 11월 7일 05시,토요일,경상남도 양산시 소주동,경상사고,0,0,2,0,차대차 - 기타,신호위반,건조,맑음,교차로 - 교차로안,승용,남,32세,상해없음,승용,여,30세,경상
2015110700100182,2015년 11월 7일 05시,토요일,경상남도 창원시 의창구 용호동,중상사고,0,1,0,0,차대차 - 측면직각충돌,신호위반,습기,비,교차로 - 교차로안,승합,남,25세,기타불명,승용,남,27세,중상
2015110700100224,2015년 11월 7일 07시,토요일,경상남도 산청군 단성면,중상사고,0,1,0,0,차대차 - 추돌 - 주정차중,안전운전불이행,건조,맑음,단일로 - 기타,승용,남,35세,상해없음,자전거,남,72세,중상
2015110700100276,2015년 11월 7일 09시,토요일,경상남도 창원시 진해구 여좌동,경상사고,0,0,1,0,차대차 - 기타,안전운전불이행,습기,비,교차로 - 교차로안,승용,남,29세,상해없음,승용,남,45세,상해없음
2015110700100277,2015년 11월 7일 09시,토요일,경상남도 창원시 마산회원구 회원동,경상사고,0,0,2,0,차대차 - 측면직각충돌,신호위반,건조,맑음,교차로 - 교차로안,승용,여,59세,상해없음,화물,남,45세,경상
2015110700100315,2015년 11월 7일 10시,토요일,경상남도 창원시 마산합포구 가포동,경상사고,0,0,1,0,차대차 - 기타,불법유턴,습기,비,교차로 - 교차로안,승용,남,42세,상해없음,승용,남,26세,경상
2015110700100316,2015년 11월 7일 10시,토요일,경상남도 사천시 사천읍,경상사고,0,0,1,0,차대차 - 추돌 - 진행중,안전운전불이행,습기,비,교차로 - 교차로부근,화물,남,48세,상해없음,승용,여,27세,경상
2015110700100317,2015년 11월 7일 10시,토요일,경상남도 창녕군 영산면,중상사고,0,1,0,0,차대차 - 추돌 - 진행중,교차로운행방법위반,건조,맑음,교차로 - 교차로안,승용,여,40세,상해없음,원동기,남,77세,중상
2015110700100432,2015년 11월 7일 13시,토요일,경상남도 김해시 서상동,경상사고,0,0,1,0,차대사람 - 횡단중,안전운전불이행,습기,비,단일로 - 기타,승용,남,56세,상해없음,보행자,여,45세,경상
2015110700100433,2015년 11월 7일 13시,토요일,경상남도 양산시 남부동,경상사고,0,0,1,2,차대차 - 측면직각충돌,신호위반,습기,비,교차로 - 교차로안,승합,남,51세,상해없음,승용,여,34세,부상신고
2015110700100434,2015년 11월 7일 13시,토요일,경상남도 창원시 성산구 신촌동,경상사고,0,0,1,0,차대사람 - 횡단중,보행자보호의무위반,습기,비,단일로 - 횡단보도상,승용,여,42세,상해없음,보행자,여,53세,경상
2015110700100475,2015년 11월 7일 14시,토요일,경상남도 거제시 옥포동,경상사고,0,0,2,0,차대차 - 기타,안전운전불이행,습기,비,단일로 - 기타,승용,남,40세,상해없음,승용,남,43세,경상
2015110700100558,2015년 11월 7일 16시,토요일,경상남도 하동군 하동읍,중상사고,0,2,0,0,차대차 - 정면충돌,중앙선침범,습기,비,단일로 - 기타,승용,여,38세,상해없음,승용,남,33세,중상
2015110700100559,2015년 11월 7일 16시,토요일,경상남도 거제시 연초면,중상사고,0,1,0,0,차대차 - 정면충돌,중앙선침범,습기,비,단일로 - 기타,승용,남,47세,상해없음,승용,남,51세,중상
2015110700100606,2015년 11월 7일 17시,토요일,경상남도 사천시 동금동,중상사고,0,1,0,0,차대차 - 측면직각충돌,교차로운행방법위반,습기,비,교차로 - 교차로안,이륜,남,46세,중상,승용,여,42세,상해없음
2015110700100607,2015년 11월 7일 17시,토요일,경상남도 창원시 마산회원구 석전동,경상사고,0,0,1,0,차대차 - 추돌 - 주정차중,안전운전불이행,습기,비,교차로 - 교차로부근,승용,여,22세,상해없음,승용,남,35세,경상
2015110700100608,2015년 11월 7일 17시,토요일,경상남도 김해시 진례면,중상사고,0,1,1,0,차대차 - 측면직각충돌,교차로운행방법위반,습기,비,교차로 - 교차로안,승용,남,31세,중상,승용,남,60세,경상
2015110700100609,2015년 11월 7일 17시,토요일,경상남도 김해시 진영읍,경상사고,0,0,1,0,차대차 - 기타,안전운전불이행,습기,비,교차로 - 교차로부근,승합,남,62세,기타불명,승용,남,33세,상해없음
2015110700100610,2015년 11월 7일 17시,토요일,경상남도 김해시 명법동,중상사고,0,1,0,0,차대차 - 정면충돌,안전운전불이행,습기,비,교차로 - 교차로부근,승용,남,60세,상해없음,승용,남,44세,중상
2015110700100678,2015년 11월 7일 18시,토요일,경상남도 진주시 칠암동,중상사고,0,1,2,0,차대차 - 추돌 - 진행중,직진우회전진행방해,습기,비,교차로 - 교차로안,승용,남,52세,상해없음,승합,남,52세,경상
2015110700100679,2015년 11월 7일 18시,토요일,경상남도 창원시 진해구 석동,경상사고,0,0,1,0,차대차 - 추돌 - 진행중,안전운전불이행,습기,비,교차로 - 교차로부근,원동기,남,40세,경상,승용,남,31세,상해없음
2015110700100680,2015년 11월 7일 18시,토요일,경상남도 통영시 무전동,중상사고,0,1,0,0,차대사람 - 횡단중,보행자보호의무위반,습기,비,단일로 - 기타,승용,남,43세,상해없음,보행자,여,44세,중상
2015110700100681,2015년 11월 7일 18시,토요일,경상남도 밀양시 교동,경상사고,0,0,2,1,차대차 - 추돌 - 진행중,안전거리미확보,습기,비,단일로 - 기타,승용,여,53세,부상신고,화물,남,68세,상해없음
2015110700100682,2015년 11월 7일 18시,토요일,경상남도 김해시 삼정동,경상사고,0,0,1,0,차대차 - 추돌 - 진행중,신호위반,습기,비,교차로 - 교차로안,원동기,남,22세,경상,승용,남,49세,상해없음
2015110700100683,2015년 11월 7일 18시,토요일,경상남도 고성군 고성읍,중상사고,0,2,0,0,차대차 - 측면직각충돌,안전운전불이행,습기,비,교차로 - 교차로안,승용,남,48세,상해없음,승용,남,55세,중상
2015110700100684,2015년 11월 7일 18시,토요일,경상남도 거제시 장목면,중상사고,0,2,2,0,차대차 - 정면충돌,중앙선침범,습기,비,단일로 - 기타,승용,남,32세,상해없음,승용,남,41세,중상
2015110700100685,2015년 11월 7일 18시,토요일,경상남도 창원시 의창구 봉림동,중상사고,0,1,0,0,차대차 - 정면충돌,안전운전불이행,습기,비,교차로 - 교차로부근,화물,남,50세,상해없음,원동기,남,19세,중상
2015110700100754,2015년 11월 7일 19시,토요일,경상남도 거창군 거창읍,중상사고,0,2,0,0,차대차 - 추돌 - 주정차중,안전운전불이행,습기,비,교차로 - 교차로부근,화물,남,49세,상해없음,승용,남,48세,중상
2015110700100755,2015년 11월 7일 19시,토요일,경상남도 거제시 옥포동,경상사고,0,0,1,0,차대차 - 추돌 - 진행중,교차로운행방법위반,습기,비,교차로 - 교차로안,승용,남,49세,상해없음,승용,남,50세,경상
2015110700100756,2015년 11월 7일 19시,토요일,경상남도 창원시 마산회원구 봉암동,경상사고,0,0,1,0,차대차 - 추돌 - 주정차중,안전운전불이행,습기,비,교차로 - 교차로부근,승용,남,27세,상해없음,승용,여,29세,경상
2015110700100810,2015년 11월 7일 20시,토요일,경상남도 창원시 마산합포구 자산동,경상사고,0,0,1,0,차대사람 - 횡단중,안전운전불이행,습기,비,단일로 - 횡단보도상,승용,남,53세,상해없음,보행자,여,46세,경상
2015110700100811,2015년 11월 7일 20시,토요일,경상남도 밀양시 산내면,중상사고,0,1,0,0,차량단독 - 기타,안전운전불이행,습기,비,단일로 - 기타,승용,남,19세,기타불명,,,,
2015110700100812,2015년 11월 7일 20시,토요일,경상남도 양산시 평산동,중상사고,0,1,0,0,차대차 - 측면직각충돌,교차로운행방법위반,습기,비,교차로 - 교차로안,승용,남,27세,상해없음,이륜,남,55세,중상
2015110700100813,2015년 11월 7일 20시,토요일,경상남도 창원시 의창구 북면,중상사고,0,1,0,0,차대차 - 기타,안전운전불이행,습기,비,단일로 - 기타,승용,남,47세,상해없음,승용,남,47세,기타불명
2015110700100814,2015년 11월 7일 20시,토요일,경상남도 진주시 가좌동,경상사고,0,0,1,0,차대차 - 정면충돌,안전운전불이행,습기,비,단일로 - 기타,승용,남,58세,상해없음,승용,남,37세,경상
2015110700100871,2015년 11월 7일 21시,토요일,경상남도 창원시 진해구 석동,경상사고,0,0,1,0,차대사람 - 횡단중,보행자보호의무위반,습기,비,교차로 - 교차로부근,승용,여,43세,상해없음,보행자,남,38세,경상
2015110700100872,2015년 11월 7일 21시,토요일,경상남도 통영시 정량동,중상사고,0,1,0,0,차대차 - 측면직각충돌,교차로운행방법위반,습기,비,교차로 - 교차로안,승용,여,35세,상해없음,이륜,남,55세,중상
2015110700100873,2015년 11월 7일 21시,토요일,경상남도 거제시 고현동,중상사고,0,1,0,0,차대사람 - 횡단중,안전운전불이행,습기,비,단일로 - 기타,승용,남,37세,상해없음,보행자,남,43세,중상
2015110700100874,2015년 11월 7일 21시,토요일,경상남도 거제시 고현동,경상사고,0,0,1,0,차대사람 - 기타,안전운전불이행,습기,비,단일로 - 기타,승용,남,64세,상해없음,보행자,여,15세,경상
2015110700100937,2015년 11월 7일 22시,토요일,경상남도 양산시 덕계동,경상사고,0,0,2,0,차대차 - 정면충돌,안전운전불이행,습기,비,교차로 - 교차로안,승용,남,49세,상해없음,승용,남,59세,경상
2015110700100938,2015년 11월 7일 22시,토요일,경상남도 창원시 의창구 팔용동,중상사고,0,1,0,0,차량단독 - 기타,안전운전불이행,습기,비,단일로 - 기타,원동기,남,37세,중상,,,,
2015110700100994,2015년 11월 7일 23시,토요일,경상남도 창원시 마산합포구 신포동2가,경상사고,0,0,1,0,차대차 - 추돌 - 주정차중,안전운전불이행,습기,비,교차로 - 교차로부근,승용,여,51세,상해없음,승용,남,26세,경상
2015110700100995,2015년 11월 7일 23시,토요일,경상남도 진주시 주약동,중상사고,0,1,0,0,차대차 - 측면직각충돌,안전거리미확보,습기,맑음,교차로 - 교차로부근,승용,남,18세,상해없음,승용,남,36세,중상
2015110700100996,2015년 11월 7일 23시,토요일,경상남도 거제시 연초면,부상신고사고,0,0,0,1,차대차 - 기타,안전운전불이행,건조,맑음,단일로 - 기타,승용,여,32세,상해없음,승용,남,41세,부상신고
2015110700100997,2015년 11월 7일 23시,토요일,경상남도 창원시 성산구 웅남동,중상사고,0,1,0,0,차대차 - 추돌 - 진행중,안전운전불이행,습기,비,단일로 - 기타,화물,남,40세,상해없음,자전거,남,31세,중상
2015110700100998,2015년 11월 7일 23시,토요일,경상남도 창원시 마산회원구 봉암동,중상사고,0,1,1,0,차대차 - 측면직각충돌,안전운전불이행,습기,비,단일로 - 기타,승용,남,64세,상해없음,승용,남,38세,중상
2015110700100999,2015년 11월 7일 23시,토요일,경상남도 창원시 마산회원구 합성동,중상사고,0,2,1,0,차대차 - 측면직각충돌,안전운전불이행,습기,비,단일로 - 기타,승용,남,59세,상해없음,승용,남,60세,경상
2015110700101000,2015년 11월 7일 23시,토요일,경상남도 창원시 마산회원구 내서읍,중상사고,0,1,0,0,차대차 - 측면직각충돌,안전운전불이행,습기,비,단일로 - 기타,승용,남,43세,상해없음,승용,여,53세,중상
2015110800100041,2015년 11월 8일 00시,일요일,경상남도 창녕군 영산면,중상사고,0,1,0,0,차량단독 - 공작물충돌,안전운전불이행,습기,비,단일로 - 기타,승용,남,31세,중상,,,,
2015110800100042,2015년 11월 8일 00시,일요일,경상남도 창원시 마산회원구 구암동,경상사고,0,0,1,0,차량단독 - 공작물충돌,안전운전불이행,습기,비,교차로 - 교차로안,승용,남,48세,상해없음,,,,
2015110800100082,2015년 11월 8일 01시,일요일,경상남도 창원시 성산구 중앙동,중상사고,0,1,0,0,차대차 - 측면직각충돌,안전운전불이행,습기,비,교차로 - 교차로안,승용,여,51세,상해없음,승용,남,57세,중상
2015110800100083,2015년 11월 8일 01시,일요일,경상남도 창원시 의창구 명서동,경상사고,0,0,1,0,차대차 - 추돌 - 주정차중,안전운전불이행,습기,비,단일로 - 기타,승용,남,47세,기타불명,승용,남,35세,기타불명
2015110800100084,2015년 11월 8일 01시,일요일,경상남도 김해시 장유면,중상사고,0,1,1,0,차대차 - 추돌 - 주정차중,안전운전불이행,습기,비,교차로 - 교차로부근,승용,남,26세,상해없음,승용,남,52세,상해없음
2015110800100103,2015년 11월 8일 02시,일요일,경상남도 양산시 물금읍,경상사고,0,0,1,0,차대차 - 측면직각충돌,신호위반,건조,맑음,교차로 - 교차로안,승용,남,45세,상해없음,승용,여,52세,경상
2015110800100165,2015년 11월 8일 05시,일요일,경상남도 창원시 진해구 죽곡동,부상신고사고,0,0,0,1,차량단독 - 공작물충돌,안전운전불이행,습기,비,단일로 - 기타,승용,남,26세,부상신고,,,,
2015110800100181,2015년 11월 8일 06시,일요일,경상남도 김해시 안동,중상사고,0,2,0,0,차대차 - 측면직각충돌,신호위반,습기,비,교차로 - 교차로안,승용,남,35세,중상,승용,여,47세,중상
2015110800100216,2015년 11월 8일 08시,일요일,경상남도 사천시 용강동,경상사고,0,0,1,0,차대차 - 측면직각충돌,중앙선침범,습기,비,교차로 - 교차로부근,승용,남,58세,상해없음,승용,여,44세,경상
2015110800100225,2015년 11월 8일 09시,일요일,경상남도 김해시 대동면,경상사고,0,0,1,0,차대차 - 추돌 - 진행중,차로위반,건조,맑음,단일로 - 기타,승용,여,52세,경상,승용,남,24세,상해없음
2015110800100237,2015년 11월 8일 09시,일요일,경상남도 하동군 화개면,경상사고,0,0,2,1,차대차 - 측면직각충돌,안전운전불이행,습기,흐림,교차로 - 교차로안,승용,여,43세,부상신고,승용,남,50세,경상
2015110800100266,2015년 11월 8일 10시,일요일,경상남도 밀양시 산내면,사망사고,1,2,1,0,차량단독 - 도로외이탈 - 추락,안전운전불이행,습기,비,단일로 - 기타,승용,남,54세,상해없음,,,,
2015110800100267,2015년 11월 8일 10시,일요일,경상남도 밀양시 교동,중상사고,0,1,1,0,차대차 - 추돌 - 진행중,안전운전불이행,습기,비,교차로 - 교차로부근,승용,남,58세,상해없음,화물,남,45세,경상
2015110800100287,2015년 11월 8일 11시,일요일,경상남도 하동군 적량면,중상사고,0,1,0,0,차대차 - 기타,안전운전불이행,건조,맑음,단일로 - 기타,승용,여,44세,상해없음,원동기,남,67세,중상
2015110800100288,2015년 11월 8일 11시,일요일,경상남도 하동군 금남면,중상사고,0,1,3,0,차대차 - 정면충돌,중앙선침범,습기,흐림,단일로 - 기타,화물,남,30세,상해없음,승용,여,59세,경상
2015110800100319,2015년 11월 8일 12시,일요일,경상남도 김해시 삼방동,경상사고,0,0,3,0,차대차 - 측면직각충돌,안전운전불이행,습기,비,교차로 - 교차로안,승용,여,23세,기타불명,승용,남,29세,경상
2015110800100320,2015년 11월 8일 12시,일요일,경상남도 양산시 중부동,경상사고,0,0,2,1,차대차 - 기타,안전운전불이행,습기,비,교차로 - 교차로안,승용,여,47세,상해없음,승용,남,47세,상해없음
2015110800100380,2015년 11월 8일 14시,일요일,경상남도 창원시 진해구 용원동,중상사고,0,1,1,0,차대차 - 기타,신호위반,건조,맑음,교차로 - 교차로안,승용,남,34세,경상,승용,여,29세,중상
2015110800100381,2015년 11월 8일 14시,일요일,경상남도 창원시 성산구 사파동,중상사고,0,2,0,0,차대차 - 측면직각충돌,신호위반,습기,비,교차로 - 교차로안,승용,남,68세,상해없음,승용,남,60세,중상
2015110800100382,2015년 11월 8일 14시,일요일,경상남도 창원시 성산구 상남동,경상사고,0,0,2,0,차대차 - 측면직각충돌,안전운전불이행,건조,맑음,교차로 - 교차로안,승용,남,26세,상해없음,승용,남,57세,경상
2015110800100402,2015년 11월 8일 15시,일요일,경상남도 창원시 의창구 동읍,경상사고,0,0,1,0,차대차 - 측면직각충돌,안전운전불이행,습기,비,교차로 - 교차로안,승용,남,45세,상해없음,원동기,남,76세,경상
2015110800100431,2015년 11월 8일 16시,일요일,경상남도 양산시 동면,경상사고,0,0,1,0,차대차 - 기타,안전운전불이행,습기,흐림,단일로 - 기타,승용,여,29세,상해없음,승합,여,44세,경상
2015110800100432,2015년 11월 8일 16시,일요일,경상남도 창원시 의창구 동읍,중상사고,0,1,0,0,차대차 - 추돌 - 주정차중,과속,습기,비,단일로 - 기타,승용,여,45세,상해없음,화물,기타불명,기타불명,기타불명
2015110800100474,2015년 11월 8일 17시,일요일,경상남도 창원시 진해구 경화동,경상사고,0,0,2,0,차대차 - 기타,안전운전불이행,습기,비,교차로 - 교차로부근,승용,남,40세,상해없음,원동기,남,74세,경상
2015110800100475,2015년 11월 8일 17시,일요일,경상남도 창원시 성산구 반림동,경상사고,0,0,1,0,차대차 - 기타,안전운전불이행,습기,비,단일로 - 기타,승용,남,65세,상해없음,이륜,남,35세,경상
2015110800100476,2015년 11월 8일 17시,일요일,경상남도 창원시 의창구 동읍,경상사고,0,0,2,0,차대차 - 추돌 - 진행중,안전운전불이행,건조,맑음,단일로 - 기타,승용,남,55세,상해없음,승용,남,38세,경상
2015110800100477,2015년 11월 8일 17시,일요일,경상남도 사천시 축동면,중상사고,0,1,0,0,차량단독 - 기타,안전운전불이행,습기,비,단일로 - 기타,승합,남,58세,상해없음,,,,
2015110800100535,2015년 11월 8일 18시,일요일,경상남도 창원시 성산구 상남동,경상사고,0,0,1,0,차대차 - 기타,직진우회전진행방해,습기,비,교차로 - 교차로안,이륜,남,52세,상해없음,승용,남,53세,경상
2015110800100536,2015년 11월 8일 18시,일요일,경상남도 창원시 의창구 팔용동,경상사고,0,0,1,0,차대차 - 추돌 - 진행중,안전운전불이행,습기,비,교차로 - 교차로부근,승용,남,29세,상해없음,원동기,여,19세,경상
2015110800100537,2015년 11월 8일 18시,일요일,경상남도 김해시 진영읍,경상사고,0,0,1,0,차대사람 - 횡단중,안전운전불이행,습기,비,교차로 - 교차로안,승용,남,62세,상해없음,보행자,남,52세,경상
2015110800100582,2015년 11월 8일 19시,일요일,경상남도 사천시 서포면,중상사고,0,1,0,0,차대사람 - 횡단중,보행자보호의무위반,건조,맑음,단일로 - 횡단보도상,화물,남,52세,상해없음,보행자,남,51세,중상
2015110800100583,2015년 11월 8일 19시,일요일,경상남도 거제시 옥포동,경상사고,0,0,2,0,차대차 - 측면직각충돌,기타,습기,흐림,교차로 - 교차로안,승용,남,44세,상해없음,승용,남,43세,경상
2015110800100632,2015년 11월 8일 20시,일요일,경상남도 진주시 대안동,중상사고,0,1,0,0,차대사람 - 횡단중,안전운전불이행,습기,비,단일로 - 횡단보도부근,승용,여,54세,상해없음,보행자,남,59세,중상
2015110800100633,2015년 11월 8일 20시,일요일,경상남도 사천시 동금동,경상사고,0,0,1,0,차대차 - 추돌 - 주정차중,안전운전불이행,습기,비,교차로 - 교차로부근,승용,남,45세,상해없음,승용,남,45세,경상
2015110800100634,2015년 11월 8일 20시,일요일,경상남도 밀양시 내이동,중상사고,0,1,0,0,차대차 - 기타,안전운전불이행,습기,비,단일로 - 기타,승용,남,35세,상해없음,이륜,여,53세,중상
2015110800100635,2015년 11월 8일 20시,일요일,경상남도 양산시 명동,경상사고,0,0,2,0,차대차 - 측면직각충돌,교차로운행방법위반,건조,맑음,교차로 - 교차로안,승용,여,51세,상해없음,승용,남,28세,경상
2015110800100636,2015년 11월 8일 20시,일요일,경상남도 함안군 칠원읍,경상사고,0,0,2,0,차대차 - 추돌 - 주정차중,안전운전불이행,습기,비,교차로 - 교차로부근,승용,남,40세,상해없음,승용,남,41세,경상
2015110800100671,2015년 11월 8일 21시,일요일,경상남도 김해시 안동,중상사고,0,1,0,0,차대차 - 측면직각충돌,안전거리미확보,습기,비,단일로 - 기타,자전거,남,52세,중상,승용,남,58세,상해없음
2015110800100672,2015년 11월 8일 21시,일요일,경상남도 창원시 마산합포구 산호동,중상사고,0,1,0,0,차대사람 - 횡단중,안전운전불이행,습기,비,교차로 - 교차로안,승용,남,26세,상해없음,보행자,여,53세,중상
2015110800100703,2015년 11월 8일 22시,일요일,경상남도 창원시 마산합포구 오동동,경상사고,0,0,1,0,차대사람 - 차도통행중,안전운전불이행,습기,비,단일로 - 기타,승용,남,65세,상해없음,보행자,여,68세,경상
2015110800100704,2015년 11월 8일 22시,일요일,경상남도 고성군 고성읍,경상사고,0,0,2,0,차대차 - 기타,기타,건조,맑음,교차로 - 교차로안,이륜,남,15세,상해없음,승용,여,22세,경상
2015110800100705,2015년 11월 8일 22시,일요일,경상남도 창원시 의창구 봉곡동,경상사고,0,0,3,0,차대차 - 측면직각충돌,신호위반,습기,비,교차로 - 교차로안,승용,남,28세,상해없음,승용,남,56세,경상
2015110800100706,2015년 11월 8일 22시,일요일,경상남도 창원시 의창구 봉곡동,부상신고사고,0,0,0,1,차대사람 - 기타,안전운전불이행,습기,비,단일로 - 기타,승용,남,23세,상해없음,보행자,남,30세,부상신고
2015110800100735,2015년 11월 8일 23시,일요일,경상남도 통영시 무전동,부상신고사고,0,0,0,1,차대차 - 추돌 - 주정차중,안전거리미확보,습기,비,단일로 - 기타,이륜,남,23세,부상신고,승합,남,50세,상해없음
2015110800100736,2015년 11월 8일 23시,일요일,경상남도 통영시 정량동,경상사고,0,0,1,0,차대차 - 측면직각충돌,안전운전불이행,습기,비,교차로 - 교차로안,승용,여,50세,상해없음,이륜,남,34세,경상
2015110800100737,2015년 11월 8일 23시,일요일,경상남도 함안군 가야읍,중상사고,0,1,0,0,차대차 - 기타,안전운전불이행,습기,비,단일로 - 기타,승용,남,29세,기타불명,승용,남,22세,중상
2015110900100024,2015년 11월 9일 00시,월요일,경상남도 진주시 판문동,중상사고,0,1,0,0,차대차 - 추돌 - 주정차중,안전운전불이행,건조,맑음,단일로 - 기타,승용,남,57세,상해없음,승용,남,38세,상해없음
2015110900100025,2015년 11월 9일 00시,월요일,경상남도 진주시 상봉동,부상신고사고,0,0,0,1,차대차 - 기타,중앙선침범,건조,맑음,단일로 - 기타,기타불명,기타불명,기타불명,기타불명,원동기,남,19세,부상신고
2015110900100026,2015년 11월 9일 00시,월요일,경상남도 거창군 거창읍,중상사고,0,1,0,0,차량단독 - 기타,안전운전불이행,습기,흐림,교차로 - 교차로부근,승용,남,49세,상해없음,,,,
2015110900100095,2015년 11월 9일 05시,월요일,경상남도 진주시 대안동,중상사고,0,1,0,0,차대사람 - 횡단중,보행자보호의무위반,습기,비,단일로 - 횡단보도상,승용,남,61세,상해없음,보행자,여,66세,중상
2015110900100117,2015년 11월 9일 06시,월요일,경상남도 진주시 상평동,경상사고,0,0,2,0,차대차 - 측면직각충돌,신호위반,습기,비,교차로 - 교차로안,승용,남,69세,경상,승용,남,26세,경상