사고번호,사고일시,요일,시군구,사고내용,사망자수,중상자수,경상자수,부상신고자수,사고유형,법규위반,노면상태,기상상태,도로형태,가해운전자 차종,가해운전자 성별,가해운전자 연령,가해운전자 상해정도,피해운전자 차종,피해운전자 성별,피해운전자 연령,피해운전자 상해정도
2015111100100445,2015년 11월 11일 17시,수요일,경상남도 김해시 외동,중상사고,0,1,0,0,차대차 - 측면직각충돌,안전운전불이행,건조,맑음,단일로 - 기타,승용,남,52세,상해없음,이륜,남,44세,중상
2015111100100446,2015년 11월 11일 17시,수요일,경상남도 김해시 삼계동,경상사고,0,0,1,0,차대사람 - 횡단중,안전운전불이행,건조,맑음,단일로 - 기타,승용,여,36세,상해없음,보행자,남,3세,경상
2015111100100447,2015년 11월 11일 17시,수요일,경상남도 거창군 거창읍,중상사고,0,1,0,0,차대차 - 측면직각충돌,신호위반,건조,맑음,교차로 - 교차로안,승용,남,73세,상해없음,승용,여,49세,중상
2015111100100517,2015년 11월 11일 18시,수요일,경상남도 거창군 거창읍,중상사고,0,1,0,0,차대차 - 추돌 - 주정차중,안전운전불이행,건조,맑음,단일로 - 기타,승용,여,39세,상해없음,승용,여,40세,중상
2015111100100518,2015년 11월 11일 18시,수요일,경상남도 함양군 함양읍,중상사고,0,1,0,1,차대차 - 측면직각충돌,교차로운행방법위반,건조,맑음,교차로 - 교차로안,화물,남,36세,상해없음,승용,남,33세,부상신고
2015111100100519,2015년 11월 11일 18시,수요일,경상남도 거제시 고현동,경상사고,0,0,1,0,차대차 - 측면직각충돌,안전거리미확보,건조,맑음,교차로 - 교차로안,승용,여,46세,기타불명,이륜,남,41세,경상
2015111100100542,2015년 11월 11일 19시,수요일,경상남도 김해시 삼정동,사망사고,1,0,0,0,차량단독 - 공작물충돌,안전운전불이행,건조,맑음,단일로 - 기타,승용,남,59세,사망,,,,
2015111100100577,2015년 11월 11일 19시,수요일,경상남도 함양군 수동면,중상사고,0,1,0,0,차대차 - 측면직각충돌,안전운전불이행,건조,맑음,단일로 - 기타,승합,여,34세,상해없음,자전거,여,54세,중상
2015111100100578,2015년 11월 11일 19시,수요일,경상남도 양산시 동면,경상사고,0,0,6,1,차대차 - 측면직각충돌,안전거리미확보,습기,비,단일로 - 기타,승합,남,50세,상해없음,승합,남,52세,경상
2015111100100579,2015년 11월 11일 19시,수요일,경상남도 창원시 마산회원구 회원동,중상사고,0,1,0,0,차대사람 - 보도통행중,보행자보호의무위반,건조,맑음,단일로 - 횡단보도상,승용,남,41세,상해없음,보행자,여,24세,중상
2015111100100606,2015년 11월 11일 20시,수요일,경상남도 양산시 물금읍,경상사고,0,0,1,0,차대사람 - 기타,기타,건조,맑음,단일로 - 기타,승합,남,46세,상해없음,보행자,여,50세,경상
2015111100100607,2015년 11월 11일 20시,수요일,경상남도 거제시 아주동,중상사고,0,1,0,0,차대차 - 기타,중앙선침범,건조,맑음,단일로 - 기타,승용,남,24세,상해없음,자전거,남,45세,중상
2015111100100608,2015년 11월 11일 20시,수요일,경상남도 창원시 의창구 사림동,경상사고,0,0,1,0,차대차 - 추돌 - 주정차중,안전운전불이행,건조,맑음,단일로 - 기타,승용,남,54세,상해없음,승용,남,27세,경상
2015111100100658,2015년 11월 11일 21시,수요일,경상남도 창원시 마산합포구 월영동,경상사고,0,0,2,0,차대차 - 추돌 - 진행중,안전운전불이행,건조,맑음,교차로 - 교차로부근,승용,남,49세,상해없음,승합,남,50세,경상
2015111100100659,2015년 11월 11일 21시,수요일,경상남도 함양군 함양읍,경상사고,0,0,1,1,차대차 - 추돌 - 주정차중,안전운전불이행,건조,맑음,단일로 - 기타,승용,여,37세,부상신고,화물,남,36세,경상
2015111100100685,2015년 11월 11일 22시,수요일,경상남도 양산시 삼호동,경상사고,0,0,1,0,차대차 - 추돌 - 진행중,안전거리미확보,습기,비,교차로 - 교차로부근,승용,남,54세,상해없음,원동기,남,41세,경상
2015111100100686,2015년 11월 11일 22시,수요일,경상남도 창원시 의창구 사림동,중상사고,0,1,0,0,차대사람 - 횡단중,신호위반,건조,맑음,단일로 - 횡단보도상,승용,여,28세,상해없음,보행자,여,17세,중상
2015111100100687,2015년 11월 11일 22시,수요일,경상남도 김해시 진례면,경상사고,0,0,1,0,차대차 - 추돌 - 진행중,안전운전불이행,건조,맑음,단일로 - 기타,승용,남,61세,상해없음,승용,여,43세,경상
2015111200100017,2015년 11월 12일 00시,목요일,경상남도 창원시 진해구 석동,경상사고,0,0,1,0,차대차 - 측면직각충돌,안전운전불이행,건조,맑음,단일로 - 기타,승용,남,48세,상해없음,이륜,남,55세,경상
2015111200100018,2015년 11월 12일 00시,목요일,경상남도 창원시 의창구 사림동,중상사고,0,2,0,0,차대차 - 측면직각충돌,신호위반,건조,맑음,교차로 - 교차로안,승용,남,45세,상해없음,승용,남,55세,중상
2015111200100048,2015년 11월 12일 02시,목요일,경상남도 창원시 진해구 이동,중상사고,0,1,0,0,차량단독 - 전도전복,안전운전불이행,건조,맑음,단일로 - 기타,이륜,남,43세,상해없음,,,,
2015111200100053,2015년 11월 12일 03시,목요일,경상남도 거창군 거창읍,경상사고,0,0,1,0,차량단독 - 공작물충돌,안전운전불이행,건조,맑음,교차로 - 교차로안,승용,남,18세,경상,,,,
2015111200100091,2015년 11월 12일 06시,목요일,경상남도 김해시 동상동,중상사고,0,1,0,0,차대차 - 정면충돌,안전운전불이행,건조,맑음,교차로 - 교차로안,승용,남,54세,상해없음,자전거,남,30세,중상
2015111200100114,2015년 11월 12일 07시,목요일,경상남도 밀양시 상남면,경상사고,0,0,1,0,차대차 - 기타,안전운전불이행,건조,맑음,교차로 - 교차로안,승용,남,56세,상해없음,자전거,남,48세,경상
2015111200100155,2015년 11월 12일 08시,목요일,경상남도 의령군 화정면,중상사고,0,1,0,0,차대차 - 정면충돌,중앙선침범,건조,맑음,단일로 - 기타,승용,여,53세,상해없음,화물,남,42세,중상
2015111200100197,2015년 11월 12일 09시,목요일,경상남도 사천시 좌룡동,경상사고,0,0,1,0,차대차 - 추돌 - 주정차중,안전운전불이행,건조,맑음,단일로 - 기타,승용,여,46세,상해없음,승용,여,47세,경상
2015111200100198,2015년 11월 12일 09시,목요일,경상남도 김해시 진례면,경상사고,0,0,1,0,차량단독 - 기타,안전운전불이행,기타,기타,단일로 - 기타,원동기,남,24세,경상,,,,
2015111200100269,2015년 11월 12일 11시,목요일,경상남도 진주시 충무공동,중상사고,0,1,1,0,차대차 - 측면직각충돌,신호위반,건조,맑음,교차로 - 교차로안,승용,남,45세,중상,건설기계,남,48세,경상
2015111200100270,2015년 11월 12일 11시,목요일,경상남도 거제시 고현동,경상사고,0,0,2,0,차대차 - 추돌 - 진행중,안전운전불이행,건조,맑음,교차로 - 교차로부근,승용,남,51세,상해없음,승용,여,37세,경상
2015111200100325,2015년 11월 12일 13시,목요일,경상남도 하동군 금남면,경상사고,0,0,1,0,차대차 - 측면직각충돌,안전운전불이행,건조,맑음,단일로 - 기타,승용,여,51세,상해없음,승용,여,46세,경상
2015111200100326,2015년 11월 12일 13시,목요일,경상남도 거제시 고현동,중상사고,0,1,0,0,차대사람 - 횡단중,보행자보호의무위반,건조,맑음,교차로 - 교차로부근,승용,남,49세,상해없음,보행자,여,16세,중상
2015111200100327,2015년 11월 12일 13시,목요일,경상남도 창원시 성산구 상남동,중상사고,0,1,0,0,차대차 - 측면직각충돌,안전운전불이행,건조,맑음,교차로 - 교차로안,승용,여,58세,상해없음,자전거,여,45세,중상
2015111200100353,2015년 11월 12일 14시,목요일,경상남도 김해시 내동,경상사고,0,0,1,0,차대차 - 측면직각충돌,안전운전불이행,건조,맑음,단일로 - 기타,승용,여,41세,상해없음,승용,여,47세,상해없음
2015111200100389,2015년 11월 12일 15시,목요일,경상남도 사천시 동금동,경상사고,0,0,1,0,차대차 - 측면직각충돌,안전운전불이행,건조,맑음,단일로 - 기타,승용,여,44세,상해없음,원동기,남,63세,경상
2015111200100426,2015년 11월 12일 16시,목요일,경상남도 창녕군 도천면,중상사고,0,2,0,0,차대차 - 정면충돌,안전운전불이행,습기,흐림,단일로 - 기타,화물,남,35세,상해없음,승용,남,69세,중상
2015111200100427,2015년 11월 12일 16시,목요일,경상남도 김해시 장유면,중상사고,0,1,0,0,차대사람 - 횡단중,안전운전불이행,건조,맑음,교차로 - 교차로부근,승용,남,57세,상해없음,보행자,남,79세,중상
2015111200100469,2015년 11월 12일 17시,목요일,경상남도 진주시 신안동,중상사고,0,1,0,0,차대사람 - 횡단중,안전운전불이행,건조,맑음,교차로 - 교차로부근,자전거,남,15세,상해없음,보행자,남,68세,중상
2015111200100470,2015년 11월 12일 17시,목요일,경상남도 통영시 도천동,경상사고,0,0,3,0,차대차 - 추돌 - 진행중,안전운전불이행,건조,맑음,단일로 - 기타,승용,남,23세,상해없음,승합,남,38세,경상
2015111200100471,2015년 11월 12일 17시,목요일,경상남도 사천시 축동면,경상사고,0,0,2,0,차대차 - 정면충돌,안전운전불이행,건조,맑음,교차로 - 교차로부근,승용,남,31세,기타불명,승용,남,41세,경상
2015111200100472,2015년 11월 12일 17시,목요일,경상남도 김해시 외동,중상사고,0,2,1,0,차대차 - 측면직각충돌,차로위반,건조,맑음,단일로 - 기타,승용,여,26세,상해없음,승용,여,24세,경상
2015111200100473,2015년 11월 12일 17시,목요일,경상남도 김해시 삼계동,중상사고,0,1,0,0,차대사람 - 기타,안전운전불이행,건조,맑음,단일로 - 기타,승용,남,43세,상해없음,보행자,여,63세,중상
2015111200100474,2015년 11월 12일 17시,목요일,경상남도 창녕군 창녕읍,사망사고,1,1,0,0,차대차 - 기타,안전운전불이행,건조,흐림,단일로 - 기타,화물,남,45세,상해없음,화물,여,55세,중상
2015111200100475,2015년 11월 12일 17시,목요일,경상남도 함양군 함양읍,부상신고사고,0,0,0,1,차대차 - 측면직각충돌,안전운전불이행,습기,비,단일로 - 기타,자전거,남,10세,부상신고,승용,남,59세,상해없음
2015111200100476,2015년 11월 12일 17시,목요일,경상남도 양산시 평산동,경상사고,0,0,1,0,차대사람 - 횡단중,보행자보호의무위반,건조,맑음,교차로 - 교차로부근,승용,여,53세,상해없음,보행자,여,65세,경상
2015111200100477,2015년 11월 12일 17시,목요일,경상남도 양산시 상북면,경상사고,0,0,1,0,차대차 - 기타,직진우회전진행방해,건조,맑음,교차로 - 교차로안,원동기,남,51세,상해없음,원동기,남,40세,경상
2015111200100478,2015년 11월 12일 17시,목요일,경상남도 창원시 의창구 소답동,중상사고,0,1,0,0,차대사람 - 기타,안전운전불이행,건조,맑음,단일로 - 기타,승용,여,53세,상해없음,보행자,남,8세,중상
2015111200100479,2015년 11월 12일 17시,목요일,경상남도 창원시 의창구 동읍,경상사고,0,0,2,0,차대차 - 추돌 - 주정차중,안전운전불이행,건조,흐림,교차로 - 교차로부근,승용,남,49세,상해없음,승용,여,47세,경상
2015111200100532,2015년 11월 12일 18시,목요일,경상남도 김해시 장유면,중상사고,0,1,0,0,차대차 - 기타,중앙선침범,건조,흐림,단일로 - 기타,승용,여,42세,상해없음,이륜,남,72세,중상
2015111200100577,2015년 11월 12일 19시,목요일,경상남도 진주시 이현동,중상사고,0,2,2,0,차대차 - 정면충돌,중앙선침범,건조,흐림,단일로 - 터널,승용,남,57세,경상,승용,여,47세,중상
2015111200100619,2015년 11월 12일 20시,목요일,경상남도 거창군 거창읍,중상사고,0,1,0,0,차대차 - 기타,중앙선침범,건조,흐림,단일로 - 기타,원동기,남,42세,기타불명,원동기,남,18세,중상
2015111200100620,2015년 11월 12일 20시,목요일,경상남도 양산시 동면,경상사고,0,0,1,0,차대사람 - 기타,안전운전불이행,건조,맑음,단일로 - 기타,화물,남,35세,상해없음,보행자,남,74세,경상
2015111200100621,2015년 11월 12일 20시,목요일,경상남도 양산시 물금읍,중상사고,0,1,0,0,차대사람 - 기타,안전운전불이행,건조,맑음,단일로 - 기타,승용,남,43세,상해없음,보행자,남,45세,중상
2015111200100622,2015년 11월 12일 20시,목요일,경상남도 창원시 의창구 봉곡동,경상사고,0,0,9,0,차대차 - 측면직각충돌,신호위반,건조,맑음,교차로 - 교차로안,승용,남,46세,상해없음,승합,남,62세,경상
2015111200100650,2015년 11월 12일 21시,목요일,경상남도 거제시 고현동,경상사고,0,0,1,0,차대사람 - 횡단중,보행자보호의무위반,습기,흐림,교차로 - 교차로부근,승합,남,37세,상해없음,보행자,남,76세,경상
2015111200100710,2015년 11월 12일 23시,목요일,경상남도 통영시 광도면,중상사고,0,2,1,0,차량단독 - 공작물충돌,안전운전불이행,건조,맑음,교차로 - 교차로안,승용,남,56세,중상,,,,
2015111200100711,2015년 11월 12일 23시,목요일,경상남도 통영시 광도면,경상사고,0,0,1,0,차량단독 - 기타,안전운전불이행,건조,흐림,단일로 - 기타,승용,남,49세,상해없음,,,,
2015111300100010,2015년 11월 13일 00시,금요일,경상남도 진주시 인사동,중상사고,0,1,0,0,차대사람 - 횡단중,안전운전불이행,건조,맑음,단일로 - 기타,승용,남,66세,상해없음,보행자,여,61세,중상
2015111300100049,2015년 11월 13일 02시,금요일,경상남도 진주시 가좌동,중상사고,0,1,1,0,차대차 - 측면직각충돌,신호위반,습기,비,교차로 - 교차로안,승용,여,49세,경상,승용,남,63세,중상
2015111300100075,2015년 11월 13일 05시,금요일,경상남도 김해시 동상동,경상사고,0,0,1,0,차대차 - 측면직각충돌,신호위반,습기,비,교차로 - 교차로안,승용,남,36세,상해없음,화물,남,44세,경상
2015111300100076,2015년 11월 13일 05시,금요일,경상남도 창원시 의창구 소답동,중상사고,0,1,0,0,차대사람 - 횡단중,안전운전불이행,습기,비,교차로 - 교차로부근,승합,남,64세,상해없음,보행자,여,64세,중상
2015111300100127,2015년 11월 13일 07시,금요일,경상남도 사천시 사천읍,경상사고,0,0,2,0,차대차 - 추돌 - 진행중,안전운전불이행,습기,비,교차로 - 교차로안,특수,남,51세,상해없음,승용,남,62세,경상
2015111300100128,2015년 11월 13일 07시,금요일,경상남도 거제시 옥포동,경상사고,0,0,1,0,차대사람 - 횡단중,안전운전불이행,습기,비,단일로 - 기타,승용,여,45세,상해없음,보행자,여,26세,경상
2015111300100130,2015년 11월 13일 07시,금요일,경상남도 창원시 의창구 대원동,경상사고,0,0,1,0,차대차 - 기타,안전운전불이행,습기,비,교차로 - 교차로부근,승용,여,45세,상해없음,승용,남,32세,경상
2015111300100173,2015년 11월 13일 08시,금요일,경상남도 남해군 이동면,경상사고,0,0,1,0,차대차 - 정면충돌,중앙선침범,습기,비,단일로 - 기타,승용,여,29세,상해없음,승용,여,55세,경상
2015111300100216,2015년 11월 13일 09시,금요일,경상남도 김해시 상동면,경상사고,0,0,1,0,차대차 - 측면직각충돌,중앙선침범,습기,비,단일로 - 기타,승용,남,41세,상해없음,승용,남,50세,경상
2015111300100249,2015년 11월 13일 10시,금요일,경상남도 창원시 진해구 용원동,중상사고,0,1,0,0,차대사람 - 차도통행중,교차로운행방법위반,습기,비,교차로 - 교차로안,승합,여,40세,상해없음,보행자,여,72세,중상
2015111300100250,2015년 11월 13일 10시,금요일,경상남도 양산시 물금읍,경상사고,0,0,1,0,차대차 - 추돌 - 주정차중,안전운전불이행,건조,맑음,교차로 - 교차로안,기타불명,기타불명,기타불명,기타불명,승용,남,45세,경상
2015111300100251,2015년 11월 13일 10시,금요일,경상남도 거제시 옥포동,중상사고,0,1,2,0,차대차 - 추돌 - 진행중,안전운전불이행,습기,비,단일로 - 기타,화물,남,67세,상해없음,승용,여,31세,경상
2015111300100263,2015년 11월 13일 11시,금요일,경상남도 양산시 하북면,중상사고,0,1,0,0,차대차 - 기타,안전운전불이행,습기,비,단일로 - 기타,화물,남,55세,상해없음,승용,남,49세,중상
2015111300100278,2015년 11월 13일 11시,금요일,경상남도 창원시 진해구 자은동,경상사고,0,0,1,0,차대차 - 추돌 - 진행중,안전운전불이행,건조,맑음,단일로 - 기타,화물,남,64세,상해없음,화물,남,51세,경상
2015111300100279,2015년 11월 13일 11시,금요일,경상남도 사천시 동동,중상사고,0,1,0,0,차대사람 - 횡단중,안전운전불이행,습기,비,단일로 - 기타,승용,남,44세,상해없음,보행자,여,76세,중상
2015111300100280,2015년 11월 13일 11시,금요일,경상남도 창원시 성산구 사파동,경상사고,0,0,1,0,차대차 - 정면충돌,신호위반,건조,맑음,교차로 - 교차로부근,승합,남,46세,상해없음,승용,여,64세,경상
2015111300100281,2015년 11월 13일 11시,금요일,경상남도 진주시 가좌동,중상사고,0,3,2,0,차대차 - 추돌 - 진행중,안전운전불이행,습기,비,단일로 - 기타,승용,남,19세,상해없음,승용,여,48세,경상
2015111300100304,2015년 11월 13일 12시,금요일,경상남도 진주시 정촌면,경상사고,0,0,3,0,차대차 - 추돌 - 주정차중,안전운전불이행,습기,비,교차로 - 교차로부근,승용,여,43세,경상,승용,남,39세,경상
2015111300100305,2015년 11월 13일 12시,금요일,경상남도 함양군 함양읍,중상사고,0,1,0,0,차량단독 - 도로외이탈 - 기타,안전운전불이행,습기,비,교차로 - 교차로부근,승용,남,55세,중상,,,,
2015111300100341,2015년 11월 13일 13시,금요일,경상남도 창원시 마산합포구 우산동,경상사고,0,0,1,0,차대차 - 추돌 - 진행중,안전운전불이행,습기,비,교차로 - 교차로안,건설기계,남,49세,상해없음,승용,남,66세,경상
2015111300100342,2015년 11월 13일 13시,금요일,경상남도 창원시 진해구 이동,경상사고,0,0,1,0,차대차 - 추돌 - 진행중,안전운전불이행,습기,비,교차로 - 교차로안,승용,여,19세,상해없음,승용,남,42세,경상
2015111300100343,2015년 11월 13일 13시,금요일,경상남도 창원시 진해구 이동,경상사고,0,0,1,0,차대차 - 측면직각충돌,안전운전불이행,습기,비,단일로 - 기타,승용,여,24세,상해없음,승용,여,60세,경상
2015111300100344,2015년 11월 13일 13시,금요일,경상남도 함양군 백전면,중상사고,0,1,0,0,차대차 - 정면충돌,중앙선침범,습기,비,단일로 - 기타,화물,남,56세,상해없음,승용,여,61세,중상
2015111300100378,2015년 11월 13일 14시,금요일,경상남도 창원시 의창구 동정동,중상사고,0,1,0,0,차대사람 - 기타,기타,습기,비,단일로 - 기타,승합,남,45세,상해없음,보행자,여,79세,중상
2015111300100412,2015년 11월 13일 15시,금요일,경상남도 창원시 진해구 풍호동,경상사고,0,0,1,0,차대차 - 측면직각충돌,안전거리미확보,습기,비,교차로 - 교차로부근,특수,남,51세,상해없음,특수,남,50세,경상
2015111300100413,2015년 11월 13일 15시,금요일,경상남도 산청군 단성면,부상신고사고,0,0,0,1,차대차 - 추돌 - 주정차중,안전운전불이행,습기,비,단일로 - 기타,화물,남,66세,상해없음,화물,남,50세,기타불명
2015111300100444,2015년 11월 13일 16시,금요일,경상남도 창원시 진해구 풍호동,경상사고,0,0,1,0,차대차 - 측면직각충돌,안전운전불이행,습기,비,교차로 - 교차로안,화물,남,51세,상해없음,승용,여,37세,경상
2015111300100445,2015년 11월 13일 16시,금요일,경상남도 밀양시 상남면,중상사고,0,1,0,0,차대차 - 정면충돌,중앙선침범,습기,비,단일로 - 기타,승합,남,58세,상해없음,승용,남,35세,중상
2015111300100446,2015년 11월 13일 16시,금요일,경상남도 창녕군 남지읍,중상사고,0,1,0,0,차대차 - 기타,안전운전불이행,습기,비,단일로 - 기타,승용,남,46세,상해없음,원동기,남,74세,중상
2015111300100447,2015년 11월 13일 16시,금요일,경상남도 거제시 장승포동,경상사고,0,0,1,0,차대사람 - 기타,안전운전불이행,기타,비,단일로 - 기타,승용,남,57세,상해없음,보행자,남,18세,경상
2015111300100448,2015년 11월 13일 16시,금요일,경상남도 창원시 의창구 소계동,경상사고,0,0,1,0,차대차 - 측면직각충돌,신호위반,습기,비,교차로 - 교차로안,승용,남,60세,상해없음,승용,남,59세,경상
2015111300100512,2015년 11월 13일 17시,금요일,경상남도 창원시 마산합포구 수성동,경상사고,0,0,1,0,차대차 - 측면직각충돌,안전운전불이행,습기,비,교차로 - 교차로안,이륜,남,52세,경상,승용,남,69세,상해없음
2015111300100513,2015년 11월 13일 17시,금요일,경상남도 밀양시 산외면,경상사고,0,0,2,0,차대차 - 정면충돌,안전운전불이행,습기,비,교차로 - 교차로안,승용,여,55세,경상,승용,남,31세,경상
2015111300100514,2015년 11월 13일 17시,금요일,경상남도 양산시 북정동,중상사고,0,1,0,0,차대사람 - 차도통행중,안전운전불이행,습기,흐림,교차로 - 교차로부근,화물,남,38세,상해없음,보행자,남,60세,중상
2015111300100515,2015년 11월 13일 17시,금요일,경상남도 창원시 성산구 성산동,중상사고,0,1,0,0,차대사람 - 횡단중,안전운전불이행,습기,비,단일로 - 횡단보도부근,승용,남,27세,상해없음,보행자,여,49세,중상
2015111300100516,2015년 11월 13일 17시,금요일,경상남도 창원시 성산구 사파동,경상사고,0,0,1,0,차대차 - 추돌 - 진행중,안전운전불이행,습기,비,단일로 - 기타,승용,남,32세,상해없음,승용,여,30세,경상
2015111300100517,2015년 11월 13일 17시,금요일,경상남도 창원시 의창구 동읍,중상사고,0,1,1,0,차대차 - 정면충돌,안전운전불이행,건조,맑음,단일로 - 기타,화물,남,55세,상해없음,승용,남,54세,경상
2015111300100617,2015년 11월 13일 18시,금요일,경상남도 창원시 마산합포구 완월동,경상사고,0,0,1,0,차대사람 - 횡단중,보행자보호의무위반,습기,비,교차로 - 교차로안,승용,남,50세,상해없음,보행자,여,35세,경상
2015111300100618,2015년 11월 13일 18시,금요일,경상남도 사천시 좌룡동,사망사고,1,0,0,0,차대사람 - 횡단중,안전운전불이행,습기,비,교차로 - 교차로안,승용,남,35세,상해없음,보행자,남,65세,사망
2015111300100619,2015년 11월 13일 18시,금요일,경상남도 김해시 구산동,중상사고,0,1,0,0,차대사람 - 횡단중,보행자보호의무위반,습기,비,단일로 - 횡단보도상,승용,여,45세,상해없음,보행자,여,51세,중상
2015111300100620,2015년 11월 13일 18시,금요일,경상남도 양산시 동면,부상신고사고,0,0,0,6,차대차 - 추돌 - 주정차중,안전거리미확보,습기,비,교차로 - 교차로부근,승용,남,54세,상해없음,승용,남,57세,부상신고
2015111300100621,2015년 11월 13일 18시,금요일,경상남도 거제시 옥포동,경상사고,0,0,2,0,차대차 - 추돌 - 진행중,안전운전불이행,습기,비,단일로 - 기타,승용,남,42세,상해없음,승용,남,59세,경상
2015111300100622,2015년 11월 13일 18시,금요일,경상남도 김해시 전하동,중상사고,0,1,0,0,차대사람 - 횡단중,안전운전불이행,건조,맑음,교차로 - 교차로안,승용,여,45세,상해없음,보행자,남,51세,중상
2015111300100623,2015년 11월 13일 18시,금요일,경상남도 김해시 한림면,경상사고,0,0,1,0,차대차 - 정면충돌,안전운전불이행,건조,맑음,단일로 - 기타,화물,여,55세,상해없음,승용,남,32세,경상
2015111300100700,2015년 11월 13일 19시,금요일,경상남도 김해시 구산동,중상사고,0,1,0,0,차대차 - 측면직각충돌,안전운전불이행,습기,비,교차로 - 교차로안,승용,남,44세,상해없음,원동기,남,17세,중상
2015111300100701,2015년 11월 13일 19시,금요일,경상남도 양산시 삼호동,중상사고,0,1,0,0,차대사람 - 횡단중,안전운전불이행,습기,비,기타 - 기타,승용,남,49세,상해없음,보행자,남,69세,중상
2015111300100702,2015년 11월 13일 19시,금요일,경상남도 거제시 사등면,경상사고,0,0,2,0,차대차 - 측면직각충돌,교차로운행방법위반,습기,흐림,교차로 - 교차로안,승용,남,30세,상해없음,이륜,남,43세,경상
2015111300100703,2015년 11월 13일 19시,금요일,경상남도 창원시 의창구 팔용동,경상사고,0,0,1,0,차대차 - 추돌 - 진행중,안전운전불이행,건조,맑음,교차로 - 교차로안,승용,남,40세,상해없음,이륜,여,35세,경상
2015111300100773,2015년 11월 13일 20시,금요일,경상남도 진주시 이현동,중상사고,0,1,0,0,차대사람 - 횡단중,안전운전불이행,습기,비,교차로 - 교차로부근,승합,남,50세,상해없음,보행자,남,44세,중상
2015111300100774,2015년 11월 13일 20시,금요일,경상남도 창원시 진해구 죽곡동,중상사고,0,1,0,0,차량단독 - 전도전복,안전운전불이행,건조,맑음,기타 - 기타,승용,여,56세,중상,,,,
2015111300100775,2015년 11월 13일 20시,금요일,경상남도 김해시 주촌면,부상신고사고,0,0,0,1,차대차 - 측면직각충돌,신호위반,습기,비,교차로 - 교차로안,승용,여,24세,부상신고,승용,남,62세,상해없음
2015111300100831,2015년 11월 13일 21시,금요일,경상남도 거창군 거창읍,중상사고,0,1,0,0,차대차 - 추돌 - 주정차중,안전운전불이행,습기,비,단일로 - 기타,원동기,남,36세,상해없음,승용,여,44세,중상
2015111300100832,2015년 11월 13일 21시,금요일,경상남도 함안군 칠원읍,경상사고,0,0,1,0,차대차 - 추돌 - 진행중,안전운전불이행,습기,비,단일로 - 기타,승용,남,27세,상해없음,승용,남,57세,경상
2015111300100858,2015년 11월 13일 22시,금요일,경상남도 밀양시 활성동,경상사고,0,0,2,0,차대차 - 측면직각충돌,기타,건조,맑음,단일로 - 기타,승합,남,42세,상해없음,승용,남,34세,경상
2015111300100895,2015년 11월 13일 22시,금요일,경상남도 진주시 신안동,경상사고,0,0,1,0,차대차 - 측면직각충돌,신호위반,습기,비,교차로 - 교차로안,화물,남,49세,기타불명,승용,남,42세,경상
2015111300100896,2015년 11월 13일 22시,금요일,경상남도 거창군 거창읍,중상사고,0,1,0,0,차대차 - 측면직각충돌,신호위반,습기,비,교차로 - 교차로안,승용,남,20세,상해없음,승용,남,44세,상해없음
2015111300100897,2015년 11월 13일 22시,금요일,경상남도 양산시 어곡동,중상사고,0,1,3,0,차대차 - 추돌 - 주정차중,안전운전불이행,습기,비,교차로 - 교차로부근,승용,남,52세,상해없음,승용,여,27세,경상
2015111300100953,2015년 11월 13일 23시,금요일,경상남도 진주시 옥봉동,중상사고,0,1,0,0,차대차 - 측면직각충돌,직진우회전진행방해,습기,비,교차로 - 교차로안,특수,남,46세,상해없음,승용,남,64세,중상
2015111300100954,2015년 11월 13일 23시,금요일,경상남도 통영시 광도면,경상사고,0,0,2,0,차대차 - 기타,안전운전불이행,건조,맑음,단일로 - 기타,승용,여,36세,상해없음,승용,남,27세,경상
2015111300100955,2015년 11월 13일 23시,금요일,경상남도 거제시 아주동,경상사고,0,0,1,0,차대차 - 추돌 - 진행중,신호위반,건조,흐림,교차로 - 교차로안,승용,남,29세,상해없음,이륜,남,64세,경상
2015111400100033,2015년 11월 14일 00시,토요일,경상남도 양산시 평산동,경상사고,0,0,1,0,차대차 - 측면직각충돌,직진우회전진행방해,습기,비,단일로 - 횡단보도부근,승용,남,25세,상해없음,원동기,남,21세,경상
2015111400100070,2015년 11월 14일 01시,토요일,경상남도 양산시 남부동,경상사고,0,0,1,0,차대차 - 추돌 - 주정차중,기타,습기,비,교차로 - 교차로부근,승용,남,33세,상해없음,승용,남,28세,경상
2015111400100105,2015년 11월 14일 02시,토요일,경상남도 창원시 의창구 도계동,경상사고,0,0,1,0,차대차 - 정면충돌,안전운전불이행,건조,맑음,교차로 - 교차로안,이륜,남,49세,경상,승용,남,60세,상해없음
2015111400100136,2015년 11월 14일 03시,토요일,경상남도 김해시 삼계동,경상사고,0,0,1,0,차대차 - 추돌 - 진행중,차로위반,건조,맑음,단일로 - 기타,원동기,여,48세,경상,승용,남,62세,상해없음
2015111400100181,2015년 11월 14일 05시,토요일,경상남도 창원시 의창구 용호동,중상사고,0,1,0,0,차대사람 - 기타,안전운전불이행,건조,맑음,단일로 - 기타,승용,남,61세,상해없음,보행자,여,66세,중상