사고번호,사고일시,요일,시군구,사고내용,사망자수,중상자수,경상자수,부상신고자수,사고유형,법규위반,노면상태,기상상태,도로형태,가해운전자 차종,가해운전자 성별,가해운전자 연령,가해운전자 상해정도,피해운전자 차종,피해운전자 성별,피해운전자 연령,피해운전자 상해정도
2015111400100252,2015년 11월 14일 08시,토요일,경상남도 창원시 의창구 팔용동,경상사고,0,0,1,0,차대사람 - 횡단중,보행자보호의무위반,건조,맑음,교차로 - 교차로안,승용,남,66세,상해없음,보행자,여,53세,경상
2015111400100315,2015년 11월 14일 10시,토요일,경상남도 창원시 마산합포구 자산동,경상사고,0,0,1,0,차대차 - 측면직각충돌,신호위반,건조,맑음,교차로 - 교차로부근,화물,남,59세,상해없음,자전거,남,64세,경상
2015111400100316,2015년 11월 14일 10시,토요일,경상남도 양산시 덕계동,부상신고사고,0,0,0,1,차대차 - 기타,직진우회전진행방해,건조,맑음,교차로 - 교차로안,이륜,남,80세,부상신고,승용,남,71세,상해없음
2015111400100317,2015년 11월 14일 10시,토요일,경상남도 거제시 아주동,경상사고,0,0,1,0,차대차 - 측면직각충돌,안전운전불이행,건조,맑음,단일로 - 기타,화물,남,55세,상해없음,승용,여,42세,경상
2015111400100318,2015년 11월 14일 10시,토요일,경상남도 함안군 대산면,중상사고,0,1,0,0,차대차 - 측면직각충돌,신호위반,습기,흐림,교차로 - 교차로안,화물,남,55세,상해없음,자전거,남,80세,중상
2015111400100348,2015년 11월 14일 11시,토요일,경상남도 양산시 상북면,중상사고,0,1,0,0,차대차 - 측면직각충돌,교차로운행방법위반,건조,맑음,교차로 - 교차로안,승용,남,52세,상해없음,화물,여,59세,중상
2015111400100349,2015년 11월 14일 11시,토요일,경상남도 거제시 고현동,중상사고,0,1,0,0,차대사람 - 횡단중,보행자보호의무위반,건조,맑음,단일로 - 횡단보도상,승합,남,34세,상해없음,보행자,남,70세,중상
2015111400100350,2015년 11월 14일 11시,토요일,경상남도 거제시 고현동,경상사고,0,0,1,0,차대차 - 기타,안전운전불이행,건조,맑음,단일로 - 횡단보도상,승용,남,67세,상해없음,자전거,남,15세,경상
2015111400100380,2015년 11월 14일 12시,토요일,경상남도 김해시 상동면,경상사고,0,0,2,0,차량단독 - 공작물충돌,안전운전불이행,건조,흐림,단일로 - 기타,승용,여,41세,경상,,,,
2015111400100381,2015년 11월 14일 12시,토요일,경상남도 김해시 장유면,중상사고,0,1,0,0,차대차 - 추돌 - 진행중,안전운전불이행,건조,맑음,교차로 - 교차로안,승합,남,29세,상해없음,승용,여,48세,중상
2015111400100405,2015년 11월 14일 13시,토요일,경상남도 창원시 마산회원구 합성동,경상사고,0,0,1,0,차대차 - 정면충돌,중앙선침범,건조,맑음,단일로 - 기타,승용,남,47세,상해없음,승용,여,50세,경상
2015111400100406,2015년 11월 14일 13시,토요일,경상남도 김해시 진영읍,경상사고,0,0,1,0,차대차 - 측면직각충돌,안전운전불이행,건조,맑음,단일로 - 기타,이륜,여,41세,경상,승용,남,45세,상해없음
2015111400100407,2015년 11월 14일 13시,토요일,경상남도 김해시 전하동,경상사고,0,0,1,0,차대차 - 측면직각충돌,교차로운행방법위반,건조,맑음,교차로 - 교차로안,승합,남,65세,상해없음,승용,여,50세,경상
2015111400100438,2015년 11월 14일 14시,토요일,경상남도 창원시 마산합포구 문화동,중상사고,0,1,1,0,차대차 - 정면충돌,중앙선침범,건조,맑음,단일로 - 기타,승용,여,47세,경상,승용,여,62세,중상
2015111400100439,2015년 11월 14일 14시,토요일,경상남도 함안군 칠원읍,중상사고,0,1,1,0,차량단독 - 도로외이탈 - 추락,안전운전불이행,건조,맑음,단일로 - 기타,화물,남,25세,상해없음,,,,
2015111400100477,2015년 11월 14일 15시,토요일,경상남도 창원시 진해구 이동,경상사고,0,0,1,0,차대차 - 추돌 - 진행중,안전거리미확보,건조,맑음,교차로 - 교차로부근,원동기,여,49세,경상,승용,여,50세,상해없음
2015111400100478,2015년 11월 14일 15시,토요일,경상남도 사천시 선구동,경상사고,0,0,1,0,차대사람 - 차도통행중,안전운전불이행,건조,맑음,단일로 - 기타,승용,남,71세,기타불명,보행자,여,71세,경상
2015111400100479,2015년 11월 14일 15시,토요일,경상남도 창원시 마산회원구 석전동,경상사고,0,0,2,0,차대사람 - 보도통행중,신호위반,건조,맑음,단일로 - 횡단보도상,화물,남,63세,상해없음,보행자,남,5세,경상
2015111400100513,2015년 11월 14일 16시,토요일,경상남도 밀양시 무안면,경상사고,0,0,1,0,차대차 - 측면직각충돌,중앙선침범,건조,맑음,단일로 - 기타,승용,남,51세,상해없음,승용,여,51세,경상
2015111400100514,2015년 11월 14일 16시,토요일,경상남도 밀양시 내이동,경상사고,0,0,1,0,차대차 - 측면직각충돌,차로위반,건조,흐림,교차로 - 교차로부근,이륜,여,56세,상해없음,화물,남,53세,상해없음
2015111400100515,2015년 11월 14일 16시,토요일,경상남도 양산시 평산동,중상사고,0,1,0,0,차대사람 - 기타,안전운전불이행,건조,맑음,단일로 - 횡단보도상,승용,남,56세,상해없음,보행자,여,39세,중상
2015111400100570,2015년 11월 14일 17시,토요일,경상남도 김해시 내동,경상사고,0,0,5,0,차대차 - 추돌 - 주정차중,안전운전불이행,건조,맑음,단일로 - 기타,승용,남,49세,경상,승용,남,28세,경상
2015111400100571,2015년 11월 14일 17시,토요일,경상남도 함안군 칠원읍,중상사고,0,1,1,0,차대차 - 측면직각충돌,신호위반,건조,흐림,교차로 - 교차로안,승용,여,35세,상해없음,승합,여,55세,상해없음
2015111400100572,2015년 11월 14일 17시,토요일,경상남도 함안군 군북면,경상사고,0,0,1,0,차대차 - 측면직각충돌,직진우회전진행방해,건조,맑음,교차로 - 교차로안,승용,여,40세,상해없음,화물,남,59세,상해없음
2015111400100628,2015년 11월 14일 18시,토요일,경상남도 밀양시 삼문동,경상사고,0,0,1,0,차대차 - 측면직각충돌,신호위반,건조,맑음,교차로 - 교차로안,승용,남,70세,상해없음,승용,남,31세,경상
2015111400100629,2015년 11월 14일 18시,토요일,경상남도 김해시 동상동,중상사고,0,2,2,0,차대차 - 추돌 - 주정차중,안전운전불이행,건조,맑음,교차로 - 교차로부근,승합,남,67세,상해없음,승용,남,41세,중상
2015111400100630,2015년 11월 14일 18시,토요일,경상남도 창원시 마산회원구 양덕동,경상사고,0,0,1,0,차대사람 - 기타,안전운전불이행,건조,맑음,단일로 - 기타,승용,남,26세,상해없음,보행자,남,41세,경상
2015111400100674,2015년 11월 14일 19시,토요일,경상남도 창원시 의창구 동읍,경상사고,0,0,2,0,차대차 - 측면직각충돌,안전운전불이행,건조,맑음,교차로 - 교차로안,승용,남,66세,상해없음,승용,남,24세,경상
2015111400100675,2015년 11월 14일 19시,토요일,경상남도 창원시 의창구 봉곡동,경상사고,0,0,1,0,차대차 - 측면직각충돌,안전운전불이행,건조,맑음,교차로 - 교차로부근,승용,남,57세,상해없음,승용,여,30세,상해없음
2015111400100712,2015년 11월 14일 20시,토요일,경상남도 김해시 주촌면,경상사고,0,0,1,0,차대차 - 추돌 - 주정차중,안전운전불이행,건조,맑음,단일로 - 기타,승용,남,52세,상해없음,승용,남,33세,상해없음
2015111400100777,2015년 11월 14일 22시,토요일,경상남도 김해시 어방동,중상사고,0,1,0,0,차대차 - 측면직각충돌,안전운전불이행,건조,맑음,교차로 - 교차로안,승용,남,56세,상해없음,원동기,남,18세,중상
2015111400100778,2015년 11월 14일 22시,토요일,경상남도 김해시 내동,중상사고,0,1,0,0,차대차 - 측면직각충돌,안전운전불이행,건조,맑음,교차로 - 교차로안,승용,여,57세,상해없음,승용,여,44세,중상
2015111400100779,2015년 11월 14일 22시,토요일,경상남도 양산시 북부동,경상사고,0,0,1,0,차대사람 - 기타,안전운전불이행,건조,맑음,단일로 - 기타,기타불명,기타불명,기타불명,기타불명,보행자,남,49세,경상
2015111400100803,2015년 11월 14일 23시,토요일,경상남도 창원시 의창구 도계동,경상사고,0,0,1,0,차대사람 - 기타,안전운전불이행,건조,맑음,단일로 - 기타,승용,남,24세,상해없음,보행자,남,32세,경상
2015111500100016,2015년 11월 15일 00시,일요일,경상남도 통영시 봉평동,경상사고,0,0,1,0,차대사람 - 기타,안전운전불이행,건조,맑음,단일로 - 기타,승용,남,51세,상해없음,보행자,여,33세,경상
2015111500100106,2015년 11월 15일 07시,일요일,경상남도 통영시 정량동,중상사고,0,1,1,0,차대차 - 측면직각충돌,교차로운행방법위반,건조,맑음,교차로 - 교차로안,화물,남,51세,상해없음,승용,남,65세,중상
2015111500100120,2015년 11월 15일 08시,일요일,경상남도 산청군 단성면,중상사고,0,3,0,0,차대차 - 추돌 - 진행중,안전운전불이행,건조,맑음,단일로 - 기타,승용,여,44세,중상,화물,남,30세,중상
2015111500100139,2015년 11월 15일 09시,일요일,경상남도 김해시 서상동,경상사고,0,0,1,0,차대차 - 측면직각충돌,교차로운행방법위반,건조,맑음,교차로 - 교차로안,화물,남,30세,상해없음,원동기,남,56세,경상
2015111500100157,2015년 11월 15일 10시,일요일,경상남도 창원시 마산합포구 진동면,중상사고,0,1,1,0,차대차 - 기타,안전운전불이행,건조,맑음,단일로 - 기타,승용,여,71세,상해없음,이륜,남,82세,중상
2015111500100158,2015년 11월 15일 10시,일요일,경상남도 창녕군 영산면,중상사고,0,1,2,0,차대차 - 추돌 - 진행중,직진우회전진행방해,건조,맑음,교차로 - 교차로안,승용,남,61세,중상,승용,남,70세,경상
2015111500100168,2015년 11월 15일 11시,일요일,경상남도 밀양시 산외면,경상사고,0,0,2,0,차대차 - 추돌 - 진행중,안전거리미확보,건조,맑음,단일로 - 기타,승용,남,42세,상해없음,승용,남,33세,경상
2015111500100261,2015년 11월 15일 14시,일요일,경상남도 양산시 하북면,경상사고,0,0,1,1,차대차 - 측면직각충돌,안전거리미확보,건조,맑음,단일로 - 기타,승용,여,53세,상해없음,승용,남,50세,부상신고
2015111500100283,2015년 11월 15일 14시,일요일,경상남도 진주시 망경동,중상사고,0,1,0,0,차대사람 - 보도통행중,기타,건조,맑음,단일로 - 기타,자전거,남,12세,상해없음,보행자,여,71세,중상
2015111500100284,2015년 11월 15일 14시,일요일,경상남도 양산시 물금읍,중상사고,0,1,2,3,차대차 - 측면직각충돌,직진우회전진행방해,건조,맑음,교차로 - 교차로안,승용,남,50세,상해없음,승합,여,45세,경상
2015111500100332,2015년 11월 15일 16시,일요일,경상남도 창원시 진해구 수송동,경상사고,0,0,1,0,차대차 - 측면직각충돌,안전운전불이행,건조,맑음,단일로 - 기타,화물,남,65세,상해없음,승용,남,40세,경상
2015111500100333,2015년 11월 15일 16시,일요일,경상남도 거제시 옥포동,경상사고,0,0,3,0,차대차 - 추돌 - 주정차중,안전거리미확보,건조,맑음,단일로 - 기타,승용,여,40세,상해없음,화물,남,36세,경상
2015111500100377,2015년 11월 15일 17시,일요일,경상남도 사천시 벌리동,중상사고,0,1,0,0,차대차 - 측면직각충돌,교차로운행방법위반,건조,맑음,교차로 - 교차로안,승용,남,37세,상해없음,원동기,남,48세,중상
2015111500100378,2015년 11월 15일 17시,일요일,경상남도 사천시 봉남동,사망사고,1,0,0,0,차대사람 - 횡단중,안전운전불이행,건조,맑음,단일로 - 횡단보도부근,승용,남,67세,상해없음,보행자,여,83세,사망
2015111500100379,2015년 11월 15일 17시,일요일,경상남도 사천시 벌리동,경상사고,0,0,2,0,차대차 - 추돌 - 주정차중,안전운전불이행,건조,맑음,단일로 - 기타,승용,남,68세,상해없음,화물,여,54세,경상
2015111500100380,2015년 11월 15일 17시,일요일,경상남도 거제시 고현동,중상사고,0,1,0,0,차대차 - 기타,교차로운행방법위반,건조,맑음,교차로 - 교차로안,승용,남,43세,상해없음,이륜,남,16세,중상
2015111500100381,2015년 11월 15일 17시,일요일,경상남도 함안군 칠북면,중상사고,0,1,0,0,차대차 - 측면직각충돌,중앙선침범,건조,맑음,단일로 - 기타,화물,남,64세,기타불명,농기계,남,65세,중상
2015111500100424,2015년 11월 15일 18시,일요일,경상남도 통영시 미수동,경상사고,0,0,1,0,차대차 - 측면직각충돌,신호위반,건조,맑음,교차로 - 교차로안,승용,남,68세,상해없음,원동기,남,41세,경상
2015111500100425,2015년 11월 15일 18시,일요일,경상남도 거제시 고현동,중상사고,0,1,0,0,차대사람 - 횡단중,안전운전불이행,건조,맑음,단일로 - 기타,기타불명,기타불명,기타불명,기타불명,보행자,남,5세,중상
2015111500100473,2015년 11월 15일 19시,일요일,경상남도 거창군 거창읍,중상사고,0,1,1,0,차대사람 - 횡단중,보행자보호의무위반,건조,맑음,단일로 - 기타,원동기,남,18세,상해없음,보행자,여,10세,중상
2015111500100474,2015년 11월 15일 19시,일요일,경상남도 창원시 의창구 팔용동,경상사고,0,0,3,0,차대차 - 정면충돌,신호위반,건조,맑음,교차로 - 교차로안,화물,남,53세,상해없음,화물,남,34세,경상
2015111500100499,2015년 11월 15일 20시,일요일,경상남도 진주시 초전동,중상사고,0,1,0,0,차대사람 - 횡단중,안전운전불이행,건조,맑음,단일로 - 기타,원동기,남,56세,상해없음,보행자,남,67세,중상
2015111500100522,2015년 11월 15일 21시,일요일,경상남도 창원시 마산합포구 진동면,경상사고,0,0,1,0,차대사람 - 횡단중,안전운전불이행,건조,맑음,단일로 - 기타,승용,남,27세,상해없음,보행자,여,44세,경상
2015111500100523,2015년 11월 15일 21시,일요일,경상남도 통영시 문화동,중상사고,0,1,1,0,차대차 - 추돌 - 주정차중,안전운전불이행,건조,맑음,단일로 - 기타,승용,남,73세,상해없음,승용,남,35세,중상
2015111500100524,2015년 11월 15일 21시,일요일,경상남도 밀양시 삼문동,경상사고,0,0,1,1,차대차 - 측면직각충돌,안전운전불이행,건조,맑음,교차로 - 교차로안,승용,남,33세,상해없음,승용,남,50세,경상
2015111500100547,2015년 11월 15일 22시,일요일,경상남도 창녕군 대합면,경상사고,0,0,1,0,차량단독 - 공작물충돌,안전운전불이행,건조,맑음,단일로 - 기타,승용,남,52세,경상,,,,
2015111600100010,2015년 11월 16일 00시,월요일,경상남도 사천시 벌리동,중상사고,0,1,0,0,차대사람 - 횡단중,안전운전불이행,건조,맑음,교차로 - 교차로안,승용,남,62세,상해없음,보행자,남,43세,중상
2015111600100032,2015년 11월 16일 03시,월요일,경상남도 창원시 마산합포구 산호동,경상사고,0,0,1,0,차대차 - 측면직각충돌,안전운전불이행,건조,맑음,교차로 - 교차로안,승용,남,56세,상해없음,승용,남,61세,경상
2015111600100061,2015년 11월 16일 06시,월요일,경상남도 김해시 삼계동,중상사고,0,1,0,0,차대차 - 기타,신호위반,건조,흐림,교차로 - 교차로안,화물,남,64세,상해없음,승용,남,78세,중상
2015111600100062,2015년 11월 16일 06시,월요일,경상남도 양산시 물금읍,중상사고,0,1,0,0,차대차 - 측면직각충돌,안전운전불이행,건조,맑음,교차로 - 교차로안,화물,남,59세,상해없음,자전거,남,67세,중상
2015111600100090,2015년 11월 16일 07시,월요일,경상남도 양산시 북부동,경상사고,0,0,1,0,차대차 - 측면직각충돌,안전운전불이행,건조,맑음,교차로 - 교차로안,승용,여,36세,상해없음,승용,남,38세,경상
2015111600100128,2015년 11월 16일 08시,월요일,경상남도 밀양시 내이동,경상사고,0,0,2,0,차대차 - 추돌 - 진행중,교차로운행방법위반,건조,맑음,교차로 - 교차로안,승용,여,28세,상해없음,화물,남,61세,경상
2015111600100167,2015년 11월 16일 09시,월요일,경상남도 창원시 성산구 남양동,중상사고,0,1,0,0,차대사람 - 기타,보행자보호의무위반,건조,맑음,교차로 - 교차로부근,자전거,남,51세,상해없음,보행자,남,72세,중상
2015111600100229,2015년 11월 16일 11시,월요일,경상남도 창원시 의창구 북면,경상사고,0,0,2,0,차대차 - 추돌 - 주정차중,안전운전불이행,건조,흐림,단일로 - 기타,승용,남,53세,상해없음,승용,남,35세,경상
2015111600100230,2015년 11월 16일 11시,월요일,경상남도 김해시 장유면,중상사고,0,1,0,0,차량단독 - 기타,안전운전불이행,건조,흐림,교차로 - 교차로안,원동기,남,53세,중상,,,,
2015111600100258,2015년 11월 16일 12시,월요일,경상남도 사천시 사천읍,중상사고,0,1,0,0,차대사람 - 횡단중,안전운전불이행,습기,흐림,교차로 - 교차로안,승용,여,33세,상해없음,보행자,여,64세,중상
2015111600100325,2015년 11월 16일 14시,월요일,경상남도 진주시 강남동,부상신고사고,0,0,0,1,차대차 - 기타,안전운전불이행,건조,맑음,교차로 - 교차로안,원동기,여,56세,부상신고,승용,여,48세,상해없음
2015111600100365,2015년 11월 16일 15시,월요일,경상남도 진주시 상대동,경상사고,0,0,1,0,차대차 - 기타,안전운전불이행,습기,비,교차로 - 교차로안,자전거,남,53세,경상,승용,남,37세,상해없음
2015111600100366,2015년 11월 16일 15시,월요일,경상남도 사천시 곤명면,경상사고,0,0,1,0,차대차 - 측면직각충돌,안전운전불이행,습기,비,교차로 - 교차로안,원동기,여,67세,경상,건설기계,남,42세,상해없음
2015111600100367,2015년 11월 16일 15시,월요일,경상남도 김해시 내동,중상사고,0,1,0,0,차대차 - 기타,안전운전불이행,건조,맑음,교차로 - 교차로안,승합,여,55세,상해없음,자전거,남,72세,중상
2015111600100419,2015년 11월 16일 16시,월요일,경상남도 남해군 창선면,부상신고사고,0,0,0,1,차대차 - 기타,안전운전불이행,습기,비,단일로 - 기타,승용,여,53세,부상신고,화물,남,56세,상해없음
2015111600100420,2015년 11월 16일 16시,월요일,경상남도 함안군 칠원읍,경상사고,0,0,1,0,차대차 - 측면직각충돌,직진우회전진행방해,습기,비,교차로 - 교차로안,승용,남,75세,상해없음,승합,여,40세,경상
2015111600100421,2015년 11월 16일 16시,월요일,경상남도 함안군 산인면,중상사고,0,1,0,0,차대차 - 측면직각충돌,안전운전불이행,습기,비,교차로 - 교차로안,승용,남,61세,상해없음,자전거,남,69세,중상
2015111600100422,2015년 11월 16일 16시,월요일,경상남도 김해시 진영읍,경상사고,0,0,1,0,차대차 - 기타,교차로운행방법위반,습기,비,교차로 - 교차로안,화물,남,51세,상해없음,승용,여,42세,경상
2015111600100484,2015년 11월 16일 17시,월요일,경상남도 사천시 축동면,중상사고,0,1,0,0,차대차 - 추돌 - 주정차중,안전거리미확보,습기,비,단일로 - 기타,승합,남,52세,상해없음,승용,여,40세,중상
2015111600100566,2015년 11월 16일 18시,월요일,경상남도 밀양시 상남면,중상사고,0,1,1,0,차대차 - 측면직각충돌,신호위반,습기,비,교차로 - 교차로안,승용,남,60세,상해없음,승용,남,42세,경상
2015111600100567,2015년 11월 16일 18시,월요일,경상남도 거제시 장승포동,경상사고,0,0,2,0,차대차 - 추돌 - 주정차중,안전거리미확보,습기,비,단일로 - 기타,승용,남,61세,상해없음,승용,여,29세,경상
2015111600100641,2015년 11월 16일 19시,월요일,경상남도 김해시 어방동,중상사고,0,1,0,0,차대차 - 측면직각충돌,안전운전불이행,건조,맑음,교차로 - 교차로안,원동기,남,17세,중상,승합,남,20세,상해없음
2015111600100726,2015년 11월 16일 21시,월요일,경상남도 창원시 진해구 석동,경상사고,0,0,1,0,차대차 - 기타,안전운전불이행,건조,맑음,단일로 - 기타,승용,남,51세,상해없음,원동기,남,51세,경상
2015111600100727,2015년 11월 16일 21시,월요일,경상남도 양산시 명동,중상사고,0,1,0,0,차대차 - 측면직각충돌,안전거리미확보,습기,비,단일로 - 기타,승용,남,46세,상해없음,원동기,남,17세,중상
2015111600100728,2015년 11월 16일 21시,월요일,경상남도 양산시 동면,경상사고,0,0,1,0,차대차 - 기타,안전운전불이행,건조,맑음,교차로 - 교차로부근,승용,남,61세,상해없음,승용,남,45세,경상
2015111600100729,2015년 11월 16일 21시,월요일,경상남도 창원시 마산합포구 동성동,중상사고,0,1,0,0,차대사람 - 횡단중,안전운전불이행,습기,비,단일로 - 기타,승용,남,24세,상해없음,보행자,여,16세,중상
2015111600100767,2015년 11월 16일 22시,월요일,경상남도 김해시 내동,중상사고,0,1,0,0,차대차 - 기타,불법유턴,습기,비,단일로 - 기타,승용,남,52세,상해없음,원동기,남,21세,중상
2015111600100768,2015년 11월 16일 22시,월요일,경상남도 창원시 의창구 용호동,경상사고,0,0,3,0,차대차 - 기타,안전운전불이행,습기,비,단일로 - 기타,승용,남,58세,상해없음,승용,여,51세,경상
2015111700100045,2015년 11월 17일 03시,화요일,경상남도 창녕군 대합면,사망사고,1,1,0,0,차대차 - 기타,안전운전불이행,습기,흐림,단일로 - 기타,화물,남,63세,사망,화물,남,58세,중상
2015111700100087,2015년 11월 17일 06시,화요일,경상남도 거제시 장평동,중상사고,0,1,0,0,차대사람 - 기타,안전운전불이행,습기,흐림,단일로 - 기타,이륜,남,20세,상해없음,보행자,남,28세,중상
2015111700100102,2015년 11월 17일 07시,화요일,경상남도 합천군 봉산면,중상사고,0,1,0,0,차대사람 - 횡단중,안전운전불이행,습기,흐림,단일로 - 기타,화물,남,58세,상해없음,보행자,남,18세,중상
2015111700100103,2015년 11월 17일 07시,화요일,경상남도 김해시 장유면,중상사고,0,1,0,0,차대차 - 측면직각충돌,안전운전불이행,습기,비,교차로 - 교차로부근,이륜,남,59세,중상,승용,남,32세,상해없음
2015111700100140,2015년 11월 17일 08시,화요일,경상남도 거제시 장승포동,중상사고,0,1,0,0,차대차 - 추돌 - 진행중,안전운전불이행,건조,맑음,단일로 - 기타,승용,여,39세,상해없음,승용,여,54세,중상
2015111700100167,2015년 11월 17일 09시,화요일,경상남도 김해시 어방동,중상사고,0,1,0,0,차대사람 - 횡단중,보행자보호의무위반,습기,흐림,단일로 - 횡단보도상,원동기,남,19세,상해없음,보행자,남,18세,중상
2015111700100168,2015년 11월 17일 09시,화요일,경상남도 김해시 삼정동,중상사고,0,1,0,0,차대사람 - 보도통행중,보행자보호의무위반,건조,맑음,교차로 - 교차로부근,승합,남,42세,상해없음,보행자,여,61세,중상
2015111700100169,2015년 11월 17일 09시,화요일,경상남도 함양군 지곡면,중상사고,0,2,1,0,차대차 - 정면충돌,중앙선침범,습기,비,단일로 - 기타,화물,남,71세,중상,건설기계,남,45세,중상
2015111700100207,2015년 11월 17일 10시,화요일,경상남도 통영시 북신동,경상사고,0,0,1,0,차대사람 - 기타,안전운전불이행,건조,맑음,단일로 - 기타,화물,남,38세,상해없음,보행자,남,53세,경상
2015111700100291,2015년 11월 17일 13시,화요일,경상남도 진주시 칠암동,중상사고,0,1,0,0,차대사람 - 차도통행중,안전운전불이행,건조,맑음,단일로 - 기타,승용,여,46세,상해없음,보행자,남,69세,중상
2015111700100321,2015년 11월 17일 14시,화요일,경상남도 통영시 북신동,중상사고,0,1,0,0,차대차 - 추돌 - 주정차중,안전운전불이행,건조,맑음,단일로 - 기타,승용,남,43세,상해없음,승용,여,32세,중상
2015111700100347,2015년 11월 17일 15시,화요일,경상남도 창원시 의창구 동읍,경상사고,0,0,2,0,차대차 - 측면직각충돌,안전운전불이행,건조,맑음,단일로 - 기타,화물,남,51세,상해없음,화물,남,48세,상해없음
2015111700100382,2015년 11월 17일 16시,화요일,경상남도 밀양시 산내면,경상사고,0,0,1,0,차대차 - 기타,신호위반,습기,흐림,단일로 - 기타,승용,남,56세,상해없음,이륜,남,39세,경상
2015111700100434,2015년 11월 17일 17시,화요일,경상남도 창원시 마산합포구 동성동,중상사고,0,1,0,0,차대사람 - 횡단중,안전운전불이행,건조,맑음,교차로 - 교차로부근,화물,남,58세,상해없음,보행자,남,63세,중상
2015111700100435,2015년 11월 17일 17시,화요일,경상남도 창원시 진해구 자은동,경상사고,0,0,1,0,차대사람 - 기타,안전운전불이행,건조,맑음,기타 - 기타,승용,여,32세,상해없음,보행자,남,7세,경상
2015111700100491,2015년 11월 17일 18시,화요일,경상남도 김해시 장유면,중상사고,0,1,0,0,차대차 - 측면직각충돌,교차로운행방법위반,건조,맑음,교차로 - 교차로안,이륜,남,38세,상해없음,승용,남,45세,중상
2015111700100576,2015년 11월 17일 20시,화요일,경상남도 창원시 마산회원구 내서읍,중상사고,0,1,0,0,차대사람 - 길가장자리구역통행중,안전운전불이행,건조,흐림,단일로 - 기타,승용,여,38세,상해없음,보행자,남,75세,중상
2015111700100612,2015년 11월 17일 21시,화요일,경상남도 진주시 주약동,경상사고,0,0,1,0,차대차 - 측면직각충돌,신호위반,건조,맑음,교차로 - 교차로안,승용,남,43세,상해없음,승용,남,37세,경상
2015111700100613,2015년 11월 17일 21시,화요일,경상남도 진주시 봉곡동,중상사고,0,1,0,0,차대사람 - 횡단중,안전운전불이행,습기,흐림,교차로 - 교차로안,승용,남,55세,상해없음,보행자,남,58세,중상
2015111700100614,2015년 11월 17일 21시,화요일,경상남도 창원시 진해구 경화동,경상사고,0,0,1,0,차량단독 - 전도전복,안전운전불이행,건조,맑음,단일로 - 기타,원동기,남,17세,경상,,,,
2015111700100615,2015년 11월 17일 21시,화요일,경상남도 김해시 동상동,경상사고,0,0,1,0,차대차 - 측면직각충돌,안전운전불이행,건조,맑음,교차로 - 교차로안,승용,남,61세,상해없음,승용,남,53세,경상
2015111700100616,2015년 11월 17일 21시,화요일,경상남도 함양군 함양읍,중상사고,0,1,0,0,차대사람 - 횡단중,안전운전불이행,건조,맑음,단일로 - 기타,화물,남,37세,상해없음,보행자,남,46세,중상
2015111700100617,2015년 11월 17일 21시,화요일,경상남도 양산시 물금읍,부상신고사고,0,0,0,2,차대차 - 측면직각충돌,직진우회전진행방해,건조,맑음,교차로 - 교차로안,원동기,남,36세,부상신고,승용,여,48세,부상신고
2015111700100618,2015년 11월 17일 21시,화요일,경상남도 창원시 성산구 신촌동,경상사고,0,0,2,1,차대차 - 측면직각충돌,신호위반,건조,맑음,교차로 - 교차로안,승용,여,29세,부상신고,승합,남,33세,경상
2015111700100651,2015년 11월 17일 22시,화요일,경상남도 진주시 상봉동,부상신고사고,0,0,0,1,차대사람 - 기타,안전운전불이행,건조,흐림,단일로 - 횡단보도상,승용,여,51세,상해없음,보행자,남,38세,부상신고
2015111700100671,2015년 11월 17일 23시,화요일,경상남도 진주시 주약동,중상사고,0,1,0,0,차대사람 - 보도통행중,보행자보호의무위반,습기,흐림,교차로 - 교차로부근,승용,여,62세,상해없음,보행자,여,27세,중상
2015111700100672,2015년 11월 17일 23시,화요일,경상남도 창원시 진해구 자은동,사망사고,1,0,0,0,차대차 - 추돌 - 주정차중,기타,건조,맑음,교차로 - 교차로부근,승용,남,41세,상해없음,승용,남,48세,사망
2015111700100673,2015년 11월 17일 23시,화요일,경상남도 양산시 중부동,경상사고,0,0,1,0,차대사람 - 횡단중,안전운전불이행,건조,맑음,기타 - 기타,승합,여,25세,상해없음,보행자,남,38세,경상
2015111800100010,2015년 11월 18일 00시,수요일,경상남도 진주시 상대동,중상사고,0,1,0,0,차대사람 - 횡단중,안전운전불이행,건조,맑음,단일로 - 기타,승용,남,45세,상해없음,보행자,여,22세,중상
2015111800100011,2015년 11월 18일 00시,수요일,경상남도 김해시 어방동,경상사고,0,0,1,0,차대차 - 추돌 - 진행중,안전운전불이행,건조,흐림,단일로 - 기타,승용,남,34세,상해없음,승용,남,66세,경상
2015111800100021,2015년 11월 18일 01시,수요일,경상남도 김해시 삼정동,중상사고,0,2,0,0,차대차 - 추돌 - 진행중,안전운전불이행,건조,맑음,단일로 - 기타,승용,남,35세,상해없음,승용,남,33세,중상
2015111800100046,2015년 11월 18일 03시,수요일,경상남도 창원시 의창구 두대동,중상사고,0,1,6,0,차대차 - 측면직각충돌,신호위반,건조,맑음,교차로 - 교차로안,승용,남,67세,상해없음,승합,남,61세,중상