사고번호,사고일시,요일,시군구,사고내용,사망자수,중상자수,경상자수,부상신고자수,사고유형,법규위반,노면상태,기상상태,도로형태,가해운전자 차종,가해운전자 성별,가해운전자 연령,가해운전자 상해정도,피해운전자 차종,피해운전자 성별,피해운전자 연령,피해운전자 상해정도
2015111800100067,2015년 11월 18일 05시,수요일,경상남도 창원시 마산합포구 상남동,중상사고,0,1,0,0,차대사람 - 횡단중,신호위반,습기,비,교차로 - 교차로안,승용,여,39세,상해없음,보행자,여,75세,중상
2015111800100089,2015년 11월 18일 06시,수요일,경상남도 통영시 광도면,중상사고,0,1,0,0,차대사람 - 횡단중,신호위반,건조,맑음,교차로 - 교차로안,승용,남,41세,상해없음,보행자,여,59세,중상
2015111800100090,2015년 11월 18일 06시,수요일,경상남도 김해시 안동,중상사고,0,1,0,0,차대사람 - 횡단중,신호위반,습기,비,교차로 - 교차로안,승용,남,47세,상해없음,보행자,여,46세,중상
2015111800100117,2015년 11월 18일 07시,수요일,경상남도 사천시 축동면,부상신고사고,0,0,0,1,차량단독 - 기타,안전운전불이행,습기,비,단일로 - 기타,화물,남,26세,부상신고,,,,
2015111800100118,2015년 11월 18일 07시,수요일,경상남도 양산시 삼호동,부상신고사고,0,0,0,1,차대차 - 측면직각충돌,교차로운행방법위반,습기,비,교차로 - 교차로안,승용,남,54세,상해없음,승용,남,24세,부상신고
2015111800100119,2015년 11월 18일 07시,수요일,경상남도 창원시 의창구 동읍,중상사고,0,1,2,0,차대차 - 정면충돌,중앙선침범,건조,맑음,단일로 - 기타,승용,남,24세,상해없음,승용,남,34세,경상
2015111800100120,2015년 11월 18일 07시,수요일,경상남도 김해시 장유면,중상사고,0,2,0,0,차대차 - 측면직각충돌,안전운전불이행,습기,비,교차로 - 교차로안,승용,여,55세,상해없음,승용,여,40세,중상
2015111800100150,2015년 11월 18일 08시,수요일,경상남도 사천시 사천읍,부상신고사고,0,0,0,2,차대차 - 추돌 - 진행중,안전운전불이행,습기,비,교차로 - 교차로부근,승합,남,63세,부상신고,승용,남,53세,부상신고
2015111800100151,2015년 11월 18일 08시,수요일,경상남도 김해시 장유면,경상사고,0,0,1,0,차대차 - 추돌 - 주정차중,안전거리미확보,습기,비,단일로 - 기타,승용,남,45세,상해없음,승용,여,51세,경상
2015111800100180,2015년 11월 18일 09시,수요일,경상남도 창원시 마산합포구 월영동,중상사고,0,1,0,0,차량단독 - 기타,안전운전불이행,습기,비,단일로 - 기타,승용,여,36세,중상,,,,
2015111800100181,2015년 11월 18일 09시,수요일,경상남도 함양군 함양읍,중상사고,0,1,0,0,차대차 - 측면직각충돌,교차로운행방법위반,습기,비,교차로 - 교차로안,승용,여,47세,상해없음,자전거,여,73세,중상
2015111800100208,2015년 11월 18일 10시,수요일,경상남도 고성군 고성읍,부상신고사고,0,0,0,1,차대차 - 추돌 - 진행중,안전운전불이행,건조,맑음,단일로 - 기타,화물,남,60세,상해없음,승용,남,48세,부상신고
2015111800100234,2015년 11월 18일 11시,수요일,경상남도 진주시 초전동,중상사고,0,1,1,0,차대차 - 추돌 - 진행중,신호위반,습기,비,교차로 - 교차로안,승용,여,32세,경상,승용,여,43세,중상
2015111800100235,2015년 11월 18일 11시,수요일,경상남도 창원시 진해구 용원동,중상사고,0,2,0,0,차대차 - 기타,신호위반,건조,맑음,교차로 - 교차로안,특수,남,57세,상해없음,화물,남,46세,중상
2015111800100262,2015년 11월 18일 12시,수요일,경상남도 김해시 부원동,중상사고,0,2,0,0,차대차 - 기타,안전운전불이행,건조,흐림,교차로 - 교차로부근,승용,남,58세,상해없음,승용,여,26세,중상
2015111800100292,2015년 11월 18일 13시,수요일,경상남도 김해시 대동면,부상신고사고,0,0,0,1,차대차 - 측면직각충돌,안전운전불이행,건조,맑음,교차로 - 교차로안,승용,남,73세,부상신고,승용,여,69세,상해없음
2015111800100327,2015년 11월 18일 14시,수요일,경상남도 창원시 진해구 석동,경상사고,0,0,1,0,차대사람 - 횡단중,안전운전불이행,건조,맑음,단일로 - 횡단보도상,승용,여,36세,상해없음,보행자,여,10세,경상
2015111800100328,2015년 11월 18일 14시,수요일,경상남도 고성군 마암면,경상사고,0,0,1,0,차대차 - 측면직각충돌,안전운전불이행,건조,맑음,단일로 - 기타,승용,남,32세,상해없음,화물,남,35세,경상
2015111800100357,2015년 11월 18일 15시,수요일,경상남도 고성군 회화면,중상사고,0,1,0,0,차대사람 - 길가장자리구역통행중,안전운전불이행,건조,맑음,단일로 - 기타,특수,남,49세,상해없음,보행자,남,15세,중상
2015111800100358,2015년 11월 18일 15시,수요일,경상남도 창원시 마산회원구 내서읍,경상사고,0,0,2,0,차대차 - 정면충돌,신호위반,건조,흐림,교차로 - 교차로안,승용,남,36세,상해없음,승용,남,48세,경상
2015111800100399,2015년 11월 18일 16시,수요일,경상남도 사천시 동림동,중상사고,0,1,0,0,차량단독 - 공작물충돌,안전운전불이행,습기,비,단일로 - 기타,승용,남,42세,상해없음,,,,
2015111800100400,2015년 11월 18일 16시,수요일,경상남도 양산시 상북면,중상사고,0,1,0,0,차대차 - 측면직각충돌,신호위반,건조,맑음,교차로 - 교차로안,화물,남,61세,상해없음,승용,남,50세,중상
2015111800100460,2015년 11월 18일 17시,수요일,경상남도 김해시 동상동,중상사고,0,1,0,0,차대차 - 측면직각충돌,신호위반,건조,맑음,교차로 - 교차로안,승용,남,44세,상해없음,승용,남,53세,중상
2015111800100461,2015년 11월 18일 17시,수요일,경상남도 김해시 장유면,중상사고,0,2,0,0,차대사람 - 횡단중,안전운전불이행,습기,흐림,단일로 - 기타,이륜,남,46세,중상,보행자,남,14세,중상
2015111800100526,2015년 11월 18일 18시,수요일,경상남도 창원시 진해구 이동,중상사고,0,1,0,0,차대차 - 정면충돌,교차로운행방법위반,건조,맑음,교차로 - 교차로안,승합,남,59세,상해없음,이륜,남,37세,중상
2015111800100527,2015년 11월 18일 18시,수요일,경상남도 김해시 대성동,경상사고,0,0,2,0,차대차 - 측면직각충돌,교차로운행방법위반,건조,맑음,교차로 - 교차로안,원동기,남,58세,경상,원동기,남,31세,경상
2015111800100528,2015년 11월 18일 18시,수요일,경상남도 창녕군 유어면,중상사고,0,1,0,0,차대사람 - 횡단중,보행자보호의무위반,습기,비,단일로 - 횡단보도상,화물,남,19세,상해없음,보행자,여,64세,중상
2015111800100529,2015년 11월 18일 18시,수요일,경상남도 양산시 물금읍,경상사고,0,0,1,0,차대차 - 측면직각충돌,안전운전불이행,건조,맑음,교차로 - 교차로부근,원동기,남,17세,경상,승용,남,51세,상해없음
2015111800100530,2015년 11월 18일 18시,수요일,경상남도 김해시 주촌면,경상사고,0,0,1,0,차대사람 - 길가장자리구역통행중,안전운전불이행,건조,맑음,단일로 - 교량,승용,여,32세,상해없음,보행자,남,23세,경상
2015111800100596,2015년 11월 18일 19시,수요일,경상남도 창원시 마산합포구 중앙동2가,중상사고,0,1,0,0,차대차 - 정면충돌,안전운전불이행,건조,맑음,교차로 - 교차로안,승용,남,54세,상해없음,이륜,남,35세,중상
2015111800100640,2015년 11월 18일 20시,수요일,경상남도 진주시 상대동,부상신고사고,0,0,0,1,차대사람 - 횡단중,보행자보호의무위반,건조,맑음,단일로 - 횡단보도상,승용,남,26세,상해없음,보행자,남,9세,부상신고
2015111800100641,2015년 11월 18일 20시,수요일,경상남도 창원시 진해구 이동,경상사고,0,0,1,0,차대차 - 정면충돌,안전운전불이행,건조,흐림,교차로 - 교차로안,승용,남,59세,상해없음,승용,남,26세,상해없음
2015111800100642,2015년 11월 18일 20시,수요일,경상남도 거제시 사등면,부상신고사고,0,0,0,5,차대차 - 추돌 - 진행중,안전거리미확보,건조,맑음,단일로 - 기타,승용,여,29세,상해없음,승용,여,53세,부상신고
2015111800100687,2015년 11월 18일 21시,수요일,경상남도 진주시 주약동,경상사고,0,0,1,0,차대차 - 추돌 - 주정차중,안전운전불이행,습기,비,교차로 - 교차로부근,자전거,여,64세,경상,승용,남,51세,상해없음
2015111800100688,2015년 11월 18일 21시,수요일,경상남도 거제시 고현동,경상사고,0,0,2,0,차대차 - 추돌 - 주정차중,안전거리미확보,건조,맑음,단일로 - 기타,승용,여,42세,상해없음,승용,남,48세,경상
2015111800100689,2015년 11월 18일 21시,수요일,경상남도 함안군 칠서면,중상사고,0,1,0,0,차대차 - 정면충돌,중앙선침범,습기,비,교차로 - 교차로부근,이륜,남,52세,중상,승용,남,26세,상해없음
2015111800100758,2015년 11월 18일 23시,수요일,경상남도 진주시 봉곡동,중상사고,0,1,0,0,차대사람 - 횡단중,보행자보호의무위반,건조,흐림,단일로 - 횡단보도상,승용,여,54세,상해없음,보행자,남,48세,중상
2015111900100031,2015년 11월 19일 01시,목요일,경상남도 김해시 풍유동,경상사고,0,0,2,0,차대차 - 측면직각충돌,교차로운행방법위반,건조,맑음,교차로 - 교차로안,승용,남,56세,상해없음,화물,남,53세,경상
2015111900100057,2015년 11월 19일 04시,목요일,경상남도 사천시 사천읍,경상사고,0,0,2,0,차대차 - 정면충돌,신호위반,건조,맑음,교차로 - 교차로안,승용,남,49세,상해없음,승용,여,36세,경상
2015111900100067,2015년 11월 19일 05시,목요일,경상남도 거제시 장목면,사망사고,1,0,0,0,차량단독 - 전도전복,안전운전불이행,건조,맑음,단일로 - 기타,승용,여,45세,사망,,,,
2015111900100086,2015년 11월 19일 06시,목요일,경상남도 양산시 상북면,경상사고,0,0,1,0,차대차 - 기타,안전거리미확보,건조,맑음,교차로 - 교차로부근,승용,남,54세,상해없음,승용,여,37세,경상
2015111900100147,2015년 11월 19일 08시,목요일,경상남도 진주시 신안동,중상사고,0,1,0,0,차대사람 - 횡단중,보행자보호의무위반,건조,맑음,교차로 - 교차로부근,화물,남,43세,기타불명,보행자,여,72세,중상
2015111900100148,2015년 11월 19일 08시,목요일,경상남도 진주시 주약동,경상사고,0,0,2,0,차대차 - 측면직각충돌,중앙선침범,건조,맑음,단일로 - 기타,승용,남,26세,상해없음,승용,남,58세,경상
2015111900100149,2015년 11월 19일 08시,목요일,경상남도 창원시 의창구 명서동,경상사고,0,0,2,0,차대차 - 측면직각충돌,신호위반,건조,맑음,교차로 - 교차로안,승용,남,66세,상해없음,승용,여,55세,경상
2015111900100181,2015년 11월 19일 09시,목요일,경상남도 진주시 상평동,중상사고,0,2,0,0,차대차 - 측면직각충돌,안전운전불이행,건조,맑음,교차로 - 교차로안,승용,남,37세,상해없음,승용,남,63세,중상
2015111900100208,2015년 11월 19일 10시,목요일,경상남도 통영시 북신동,중상사고,0,1,0,0,차대차 - 정면충돌,안전운전불이행,건조,흐림,교차로 - 교차로안,승용,남,47세,상해없음,이륜,남,54세,중상
2015111900100209,2015년 11월 19일 10시,목요일,경상남도 사천시 송포동,경상사고,0,0,1,0,차량단독 - 기타,안전운전불이행,건조,맑음,단일로 - 기타,이륜,남,41세,경상,,,,
2015111900100234,2015년 11월 19일 11시,목요일,경상남도 양산시 동면,중상사고,0,1,1,1,차대차 - 추돌 - 주정차중,안전거리미확보,건조,맑음,단일로 - 기타,승용,남,80세,부상신고,승용,남,30세,중상
2015111900100235,2015년 11월 19일 11시,목요일,경상남도 거제시 고현동,경상사고,0,0,1,0,차대차 - 기타,안전거리미확보,건조,맑음,교차로 - 교차로안,승합,남,61세,기타불명,승용,남,33세,경상
2015111900100236,2015년 11월 19일 11시,목요일,경상남도 창원시 마산회원구 내서읍,중상사고,0,2,0,0,차대차 - 정면충돌,안전운전불이행,건조,맑음,교차로 - 교차로안,승용,남,50세,상해없음,승용,남,60세,중상
2015111900100237,2015년 11월 19일 11시,목요일,경상남도 창원시 의창구 중동,중상사고,0,1,0,0,차대차 - 정면충돌,안전운전불이행,건조,흐림,단일로 - 기타,승용,남,42세,상해없음,원동기,남,46세,중상
2015111900100262,2015년 11월 19일 12시,목요일,경상남도 김해시 구산동,중상사고,0,1,0,0,차대차 - 추돌 - 진행중,안전운전불이행,건조,맑음,교차로 - 교차로안,승용,남,74세,상해없음,이륜,여,60세,중상
2015111900100287,2015년 11월 19일 13시,목요일,경상남도 의령군 부림면,중상사고,0,1,0,0,차량단독 - 기타,안전운전불이행,건조,맑음,단일로 - 기타,이륜,남,79세,상해없음,,,,
2015111900100320,2015년 11월 19일 14시,목요일,경상남도 통영시 정량동,경상사고,0,0,2,0,차대차 - 추돌 - 주정차중,안전운전불이행,건조,맑음,교차로 - 교차로부근,승용,남,52세,상해없음,승용,남,60세,경상
2015111900100321,2015년 11월 19일 14시,목요일,경상남도 창원시 마산회원구 내서읍,경상사고,0,0,1,0,차대사람 - 기타,안전운전불이행,건조,맑음,단일로 - 기타,승용,남,25세,기타불명,보행자,여,61세,경상
2015111900100322,2015년 11월 19일 14시,목요일,경상남도 창원시 의창구 북면,중상사고,0,1,0,0,차대사람 - 기타,안전운전불이행,건조,흐림,단일로 - 기타,승용,여,34세,상해없음,보행자,남,4세,중상
2015111900100357,2015년 11월 19일 15시,목요일,경상남도 거창군 위천면,중상사고,0,1,0,0,차대차 - 측면직각충돌,안전운전불이행,건조,맑음,단일로 - 기타,화물,남,53세,상해없음,화물,남,43세,중상
2015111900100358,2015년 11월 19일 15시,목요일,경상남도 양산시 물금읍,경상사고,0,0,3,0,차대차 - 측면직각충돌,신호위반,건조,맑음,교차로 - 교차로안,승합,남,39세,상해없음,승용,남,37세,경상
2015111900100359,2015년 11월 19일 15시,목요일,경상남도 김해시 진영읍,경상사고,0,0,1,0,차대사람 - 횡단중,보행자보호의무위반,건조,맑음,단일로 - 횡단보도상,승용,여,54세,상해없음,보행자,남,9세,경상
2015111900100388,2015년 11월 19일 16시,목요일,경상남도 김해시 동상동,중상사고,0,1,0,0,차대차 - 정면충돌,안전운전불이행,건조,맑음,교차로 - 교차로안,승용,여,42세,상해없음,이륜,남,56세,중상
2015111900100389,2015년 11월 19일 16시,목요일,경상남도 김해시 어방동,중상사고,0,1,0,0,차대차 - 정면충돌,중앙선침범,건조,맑음,교차로 - 교차로부근,승용,남,23세,기타불명,이륜,남,19세,중상
2015111900100390,2015년 11월 19일 16시,목요일,경상남도 양산시 북정동,경상사고,0,0,1,0,차대차 - 측면직각충돌,교차로운행방법위반,건조,맑음,교차로 - 교차로안,승용,여,55세,상해없음,자전거,남,12세,경상
2015111900100391,2015년 11월 19일 16시,목요일,경상남도 김해시 진영읍,경상사고,0,0,1,0,차대차 - 정면충돌,신호위반,건조,맑음,교차로 - 교차로안,승용,남,75세,상해없음,승용,여,45세,경상
2015111900100449,2015년 11월 19일 17시,목요일,경상남도 사천시 축동면,경상사고,0,0,1,3,차대차 - 정면충돌,신호위반,건조,맑음,교차로 - 교차로안,승용,여,19세,부상신고,화물,남,35세,경상
2015111900100450,2015년 11월 19일 17시,목요일,경상남도 사천시 동동,중상사고,0,1,0,0,차대사람 - 횡단중,보행자보호의무위반,건조,맑음,단일로 - 횡단보도상,승용,남,61세,상해없음,보행자,남,76세,중상
2015111900100451,2015년 11월 19일 17시,목요일,경상남도 함양군 안의면,중상사고,0,1,0,0,차대차 - 측면직각충돌,교차로운행방법위반,습기,흐림,교차로 - 교차로안,승용,남,55세,상해없음,자전거,남,67세,중상
2015111900100514,2015년 11월 19일 18시,목요일,경상남도 창원시 마산합포구 교방동,경상사고,0,0,1,0,차대차 - 측면직각충돌,신호위반,건조,흐림,교차로 - 교차로부근,화물,남,28세,상해없음,승합,남,69세,경상
2015111900100515,2015년 11월 19일 18시,목요일,경상남도 사천시 동금동,경상사고,0,0,1,0,차대사람 - 기타,안전운전불이행,건조,맑음,단일로 - 기타,승용,여,59세,상해없음,보행자,남,66세,경상
2015111900100516,2015년 11월 19일 18시,목요일,경상남도 밀양시 무안면,사망사고,1,0,0,0,차량단독 - 전도전복,안전운전불이행,건조,맑음,단일로 - 기타,승용,남,55세,사망,,,,
2015111900100517,2015년 11월 19일 18시,목요일,경상남도 김해시 삼계동,경상사고,0,0,1,0,차대사람 - 횡단중,안전운전불이행,건조,맑음,교차로 - 교차로부근,승용,남,50세,상해없음,보행자,여,29세,경상
2015111900100518,2015년 11월 19일 18시,목요일,경상남도 양산시 북정동,경상사고,0,0,1,0,차대차 - 측면직각충돌,안전운전불이행,건조,맑음,단일로 - 기타,화물,남,34세,상해없음,원동기,남,23세,경상
2015111900100519,2015년 11월 19일 18시,목요일,경상남도 거제시 둔덕면,중상사고,0,1,0,0,차대차 - 기타,중앙선침범,건조,맑음,단일로 - 기타,농기계,여,58세,기타불명,승용,남,68세,중상
2015111900100563,2015년 11월 19일 19시,목요일,경상남도 거제시 옥포동,경상사고,0,0,3,0,차대차 - 정면충돌,교차로운행방법위반,건조,맑음,교차로 - 교차로안,승용,남,38세,상해없음,승용,남,35세,상해없음
2015111900100608,2015년 11월 19일 20시,목요일,경상남도 통영시 도천동,중상사고,0,1,0,0,차대차 - 정면충돌,안전운전불이행,습기,흐림,단일로 - 기타,승용,남,50세,상해없음,이륜,남,29세,중상
2015111900100648,2015년 11월 19일 21시,목요일,경상남도 김해시 동상동,중상사고,0,1,0,0,차대차 - 정면충돌,직진우회전진행방해,건조,맑음,교차로 - 교차로안,승용,남,33세,상해없음,이륜,남,31세,중상
2015111900100703,2015년 11월 19일 23시,목요일,경상남도 사천시 사천읍,경상사고,0,0,1,0,차대차 - 측면직각충돌,안전운전불이행,습기,비,교차로 - 교차로안,승용,남,32세,상해없음,승용,남,50세,경상
2015111900100704,2015년 11월 19일 23시,목요일,경상남도 밀양시 삼문동,중상사고,0,1,1,0,차대차 - 측면직각충돌,교차로운행방법위반,건조,맑음,교차로 - 교차로안,승용,여,50세,중상,승용,남,54세,경상
2015111900100705,2015년 11월 19일 23시,목요일,경상남도 거제시 고현동,부상신고사고,0,0,0,1,차대차 - 정면충돌,안전운전불이행,습기,비,단일로 - 기타,승용,남,21세,상해없음,승용,남,42세,상해없음
2015111900100706,2015년 11월 19일 23시,목요일,경상남도 거제시 고현동,경상사고,0,0,1,0,차대차 - 기타,안전운전불이행,습기,비,단일로 - 기타,이륜,남,31세,상해없음,승용,남,45세,기타불명
2015112000100037,2015년 11월 20일 01시,금요일,경상남도 창원시 성산구 신촌동,경상사고,0,0,1,0,차대차 - 정면충돌,중앙선침범,습기,비,교차로 - 교차로부근,승용,여,28세,상해없음,승용,남,65세,경상
2015112000100056,2015년 11월 20일 04시,금요일,경상남도 김해시 어방동,경상사고,0,0,1,0,차대사람 - 길가장자리구역통행중,안전운전불이행,건조,맑음,단일로 - 기타,승용,남,46세,상해없음,보행자,남,35세,경상
2015112000100091,2015년 11월 20일 06시,금요일,경상남도 거제시 장승포동,경상사고,0,0,2,0,차대차 - 정면충돌,차로위반,건조,맑음,단일로 - 기타,승용,여,50세,상해없음,이륜,남,26세,경상
2015112000100120,2015년 11월 20일 07시,금요일,경상남도 함양군 함양읍,부상신고사고,0,0,0,1,차량단독 - 전도전복,안전운전불이행,습기,비,단일로 - 기타,승용,남,31세,부상신고,,,,
2015112000100121,2015년 11월 20일 07시,금요일,경상남도 거제시 장평동,경상사고,0,0,1,0,차대차 - 기타,안전운전불이행,건조,맑음,교차로 - 교차로안,이륜,남,44세,상해없음,승용,남,53세,상해없음
2015112000100160,2015년 11월 20일 08시,금요일,경상남도 거제시 고현동,경상사고,0,0,1,0,차대차 - 정면충돌,교차로운행방법위반,건조,맑음,교차로 - 교차로안,승용,남,49세,상해없음,승용,여,42세,경상
2015112000100185,2015년 11월 20일 09시,금요일,경상남도 진주시 인사동,경상사고,0,0,1,0,차대사람 - 기타,안전운전불이행,건조,맑음,단일로 - 기타,승용,여,60세,상해없음,보행자,남,56세,경상
2015112000100186,2015년 11월 20일 09시,금요일,경상남도 사천시 용현면,부상신고사고,0,0,0,1,차대차 - 측면직각충돌,신호위반,건조,맑음,교차로 - 교차로안,승용,남,44세,상해없음,승합,남,63세,부상신고
2015112000100207,2015년 11월 20일 10시,금요일,경상남도 창원시 진해구 용원동,경상사고,0,0,1,0,차대차 - 정면충돌,안전운전불이행,건조,맑음,기타 - 기타,특수,남,58세,상해없음,화물,남,59세,경상
2015112000100208,2015년 11월 20일 10시,금요일,경상남도 함양군 함양읍,경상사고,0,0,1,0,차대차 - 정면충돌,신호위반,건조,맑음,교차로 - 교차로안,건설기계,남,33세,상해없음,농기계,남,79세,경상
2015112000100209,2015년 11월 20일 10시,금요일,경상남도 창원시 의창구 북면,중상사고,0,1,0,0,차량단독 - 기타,안전운전불이행,건조,맑음,단일로 - 기타,원동기,남,62세,중상,,,,
2015112000100210,2015년 11월 20일 10시,금요일,경상남도 김해시 장유면,중상사고,0,1,0,0,차대차 - 정면충돌,신호위반,건조,맑음,교차로 - 교차로안,승용,여,55세,상해없음,승용,여,55세,중상
2015112000100277,2015년 11월 20일 12시,금요일,경상남도 양산시 다방동,부상신고사고,0,0,0,1,차대차 - 정면충돌,안전운전불이행,건조,맑음,단일로 - 기타,원동기,남,31세,상해없음,승용,남,34세,부상신고
2015112000100310,2015년 11월 20일 13시,금요일,경상남도 통영시 무전동,중상사고,0,3,5,0,차대차 - 측면직각충돌,교차로운행방법위반,건조,맑음,교차로 - 교차로안,승용,여,44세,중상,승합,남,56세,상해없음
2015112000100311,2015년 11월 20일 13시,금요일,경상남도 사천시 사천읍,중상사고,0,3,4,0,차대차 - 추돌 - 진행중,안전운전불이행,건조,맑음,교차로 - 교차로부근,승용,남,25세,상해없음,승용,여,29세,중상
2015112000100312,2015년 11월 20일 13시,금요일,경상남도 양산시 평산동,경상사고,0,0,2,0,차대차 - 정면충돌,신호위반,건조,맑음,교차로 - 교차로안,승용,남,59세,상해없음,승합,여,43세,경상
2015112000100313,2015년 11월 20일 13시,금요일,경상남도 거제시 사등면,경상사고,0,0,2,0,차대차 - 정면충돌,안전운전불이행,건조,맑음,단일로 - 기타,승용,남,39세,상해없음,승용,남,32세,경상
2015112000100376,2015년 11월 20일 15시,금요일,경상남도 양산시 동면,경상사고,0,0,1,0,차대차 - 측면직각충돌,차로위반,건조,맑음,단일로 - 기타,승용,남,60세,상해없음,승용,남,42세,경상
2015112000100377,2015년 11월 20일 15시,금요일,경상남도 거제시 연초면,경상사고,0,0,1,0,차대차 - 추돌 - 주정차중,안전운전불이행,건조,맑음,단일로 - 기타,화물,남,54세,상해없음,승용,남,36세,경상
2015112000100412,2015년 11월 20일 16시,금요일,경상남도 진주시 주약동,중상사고,0,1,0,0,차대사람 - 길가장자리구역통행중,안전운전불이행,건조,맑음,단일로 - 기타,승용,여,36세,상해없음,보행자,여,8세,중상
2015112000100463,2015년 11월 20일 17시,금요일,경상남도 창원시 진해구 여좌동,경상사고,0,0,1,0,차대차 - 정면충돌,직진우회전진행방해,건조,맑음,교차로 - 교차로안,승용,여,49세,상해없음,자전거,남,26세,경상
2015112000100464,2015년 11월 20일 17시,금요일,경상남도 밀양시 삼랑진읍,경상사고,0,0,1,0,차대사람 - 횡단중,안전운전불이행,건조,맑음,단일로 - 기타,화물,여,55세,상해없음,보행자,여,66세,경상
2015112000100465,2015년 11월 20일 17시,금요일,경상남도 양산시 소주동,경상사고,0,0,1,0,차대사람 - 횡단중,안전운전불이행,건조,맑음,교차로 - 교차로부근,화물,기타불명,기타불명,기타불명,보행자,여,54세,경상
2015112000100466,2015년 11월 20일 17시,금요일,경상남도 창원시 의창구 서상동,경상사고,0,0,1,0,차대차 - 추돌 - 진행중,안전운전불이행,건조,맑음,교차로 - 교차로부근,승합,남,48세,상해없음,승용,여,55세,경상
2015112000100467,2015년 11월 20일 17시,금요일,경상남도 김해시 진영읍,경상사고,0,0,1,0,차대차 - 정면충돌,안전운전불이행,건조,맑음,교차로 - 교차로안,원동기,남,17세,경상,승용,여,52세,상해없음
2015112000100493,2015년 11월 20일 18시,금요일,경상남도 김해시 대동면,경상사고,0,0,1,0,차대차 - 측면직각충돌,안전운전불이행,건조,맑음,단일로 - 기타,화물,남,45세,상해없음,승용,남,33세,경상
2015112000100531,2015년 11월 20일 18시,금요일,경상남도 사천시 서포면,사망사고,1,0,0,0,차대사람 - 횡단중,안전운전불이행,건조,맑음,교차로 - 교차로안,승용,남,38세,상해없음,보행자,여,72세,사망
2015112000100532,2015년 11월 20일 18시,금요일,경상남도 김해시 삼계동,중상사고,0,1,1,0,차대차 - 추돌 - 진행중,안전운전불이행,건조,맑음,단일로 - 기타,승용,남,36세,상해없음,승용,여,49세,중상
2015112000100533,2015년 11월 20일 18시,금요일,경상남도 거제시 사등면,경상사고,0,0,1,0,차대차 - 추돌 - 진행중,안전운전불이행,건조,맑음,단일로 - 기타,화물,남,56세,상해없음,승용,남,59세,경상
2015112000100534,2015년 11월 20일 18시,금요일,경상남도 창원시 의창구 대산면,경상사고,0,0,2,0,차대차 - 정면충돌,안전운전불이행,건조,맑음,단일로 - 기타,승용,남,57세,상해없음,승용,남,51세,경상
2015112000100535,2015년 11월 20일 18시,금요일,경상남도 김해시 풍유동,경상사고,0,0,1,0,차대차 - 추돌 - 진행중,안전운전불이행,건조,맑음,단일로 - 기타,승용,남,46세,상해없음,승용,남,33세,경상
2015112000100596,2015년 11월 20일 19시,금요일,경상남도 창원시 성산구 대방동,경상사고,0,0,1,0,차대차 - 추돌 - 주정차중,안전운전불이행,건조,맑음,단일로 - 기타,승용,여,46세,상해없음,승용,남,34세,경상
2015112000100597,2015년 11월 20일 19시,금요일,경상남도 김해시 장유면,중상사고,0,1,1,0,차대차 - 정면충돌,신호위반,습기,흐림,교차로 - 교차로안,승용,남,53세,경상,이륜,남,19세,중상
2015112000100695,2015년 11월 20일 22시,금요일,경상남도 창원시 진해구 용원동,경상사고,0,0,1,0,차대차 - 정면충돌,직진우회전진행방해,건조,맑음,교차로 - 교차로안,원동기,남,37세,경상,승용,남,43세,상해없음
2015112000100696,2015년 11월 20일 22시,금요일,경상남도 사천시 동금동,경상사고,0,0,1,0,차대차 - 측면직각충돌,신호위반,건조,맑음,교차로 - 교차로안,승용,남,42세,상해없음,승용,남,35세,경상
2015112100100016,2015년 11월 21일 00시,토요일,경상남도 창원시 진해구 풍호동,경상사고,0,0,1,0,차대차 - 추돌 - 진행중,직진우회전진행방해,건조,맑음,교차로 - 교차로안,승용,남,41세,상해없음,승용,여,26세,경상
2015112100100044,2015년 11월 21일 01시,토요일,경상남도 양산시 덕계동,경상사고,0,0,2,0,차대차 - 기타,교차로운행방법위반,건조,맑음,교차로 - 교차로안,승용,남,45세,상해없음,승용,남,56세,상해없음
2015112100100067,2015년 11월 21일 02시,토요일,경상남도 창원시 마산합포구 장군동3가,경상사고,0,0,1,0,차대사람 - 기타,안전운전불이행,건조,맑음,단일로 - 기타,승용,남,62세,상해없음,보행자,여,19세,경상
2015112100100068,2015년 11월 21일 02시,토요일,경상남도 김해시 안동,중상사고,0,1,1,0,차대차 - 측면직각충돌,신호위반,건조,맑음,교차로 - 교차로안,승용,남,30세,경상,승용,남,59세,중상
2015112100100069,2015년 11월 21일 02시,토요일,경상남도 김해시 내동,중상사고,0,1,0,0,차대차 - 측면직각충돌,안전운전불이행,건조,맑음,단일로 - 기타,승용,남,43세,중상,건설기계,남,47세,기타불명
2015112100100081,2015년 11월 21일 03시,토요일,경상남도 사천시 노룡동,중상사고,0,1,0,0,차량단독 - 공작물충돌,안전운전불이행,건조,맑음,단일로 - 기타,승용,여,20세,상해없음,,,,