사고번호,사고일시,요일,시군구,사고내용,사망자수,중상자수,경상자수,부상신고자수,사고유형,법규위반,노면상태,기상상태,도로형태,가해운전자 차종,가해운전자 성별,가해운전자 연령,가해운전자 상해정도,피해운전자 차종,피해운전자 성별,피해운전자 연령,피해운전자 상해정도
2015112400100637,2015년 11월 24일 22시,화요일,경상남도 김해시 삼계동,중상사고,0,1,1,2,차대차 - 측면직각충돌,안전운전불이행,건조,맑음,교차로 - 교차로안,승용,남,43세,상해없음,승용,남,60세,중상
2015112400100638,2015년 11월 24일 22시,화요일,경상남도 김해시 진영읍,중상사고,0,2,2,0,차대차 - 정면충돌,안전운전불이행,건조,맑음,교차로 - 교차로부근,승용,남,45세,상해없음,승용,남,33세,경상
2015112500100028,2015년 11월 25일 00시,수요일,경상남도 김해시 부원동,중상사고,0,1,2,0,차대사람 - 기타,안전운전불이행,건조,맑음,교차로 - 교차로안,승용,남,53세,상해없음,보행자,남,54세,중상
2015112500100029,2015년 11월 25일 00시,수요일,경상남도 거제시 고현동,경상사고,0,0,2,0,차대차 - 측면직각충돌,교차로운행방법위반,건조,맑음,교차로 - 교차로안,승용,남,56세,상해없음,승용,남,44세,경상
2015112500100030,2015년 11월 25일 00시,수요일,경상남도 김해시 진영읍,중상사고,0,1,0,0,차대차 - 추돌 - 진행중,안전운전불이행,건조,맑음,단일로 - 기타,승용,남,40세,상해없음,승용,여,55세,중상
2015112500100099,2015년 11월 25일 03시,수요일,경상남도 창원시 마산합포구 중앙동2가,중상사고,0,1,1,0,차대차 - 측면직각충돌,신호위반,건조,맑음,교차로 - 교차로안,승용,남,56세,상해없음,승용,남,44세,중상
2015112500100122,2015년 11월 25일 05시,수요일,경상남도 진주시 상대동,중상사고,0,1,0,0,차대차 - 측면직각충돌,신호위반,습기,비,교차로 - 교차로안,승용,남,62세,상해없음,이륜,여,41세,중상
2015112500100144,2015년 11월 25일 06시,수요일,경상남도 창원시 진해구 풍호동,경상사고,0,0,1,0,차대차 - 정면충돌,안전운전불이행,건조,맑음,교차로 - 교차로부근,이륜,남,58세,경상,특수,남,48세,상해없음
2015112500100145,2015년 11월 25일 06시,수요일,경상남도 양산시 삼호동,경상사고,0,0,1,0,차대차 - 정면충돌,직진우회전진행방해,건조,맑음,교차로 - 교차로안,승합,남,61세,기타불명,승용,남,46세,경상
2015112500100146,2015년 11월 25일 06시,수요일,경상남도 창원시 의창구 팔용동,중상사고,0,1,0,0,차대차 - 측면직각충돌,안전운전불이행,건조,맑음,단일로 - 기타,건설기계,남,31세,상해없음,승용,남,57세,중상
2015112500100147,2015년 11월 25일 06시,수요일,경상남도 창원시 의창구 봉곡동,중상사고,0,1,1,0,차대차 - 측면직각충돌,신호위반,습기,비,교차로 - 교차로안,승용,남,32세,경상,이륜,남,40세,중상
2015112500100148,2015년 11월 25일 06시,수요일,경상남도 김해시 주촌면,중상사고,0,1,2,0,차대차 - 추돌 - 진행중,안전운전불이행,건조,맑음,단일로 - 기타,건설기계,남,50세,상해없음,승용,남,37세,중상
2015112500100177,2015년 11월 25일 07시,수요일,경상남도 거제시 장평동,중상사고,0,1,0,0,차대차 - 추돌 - 진행중,안전거리미확보,건조,맑음,교차로 - 교차로부근,승용,남,53세,상해없음,승용,여,53세,중상
2015112500100178,2015년 11월 25일 07시,수요일,경상남도 창원시 마산회원구 석전동,경상사고,0,0,1,0,차대차 - 측면직각충돌,신호위반,습기,비,교차로 - 교차로안,원동기,남,74세,경상,승용,여,38세,상해없음
2015112500100220,2015년 11월 25일 08시,수요일,경상남도 밀양시 내이동,경상사고,0,0,1,0,차대차 - 측면직각충돌,안전운전불이행,습기,비,교차로 - 교차로부근,원동기,남,21세,경상,승용,여,57세,상해없음
2015112500100221,2015년 11월 25일 08시,수요일,경상남도 김해시 장유면,중상사고,0,1,0,0,차대차 - 측면직각충돌,안전거리미확보,건조,맑음,단일로 - 기타,승용,여,38세,상해없음,승용,남,31세,중상
2015112500100243,2015년 11월 25일 09시,수요일,경상남도 김해시 내동,중상사고,0,1,0,0,차대사람 - 횡단중,보행자보호의무위반,습기,비,단일로 - 횡단보도상,화물,남,50세,상해없음,보행자,여,66세,중상
2015112500100290,2015년 11월 25일 11시,수요일,경상남도 거제시 고현동,경상사고,0,0,1,0,차대차 - 측면직각충돌,교차로운행방법위반,건조,맑음,교차로 - 교차로부근,승합,남,58세,상해없음,화물,남,39세,경상
2015112500100308,2015년 11월 25일 12시,수요일,경상남도 통영시 북신동,경상사고,0,0,1,0,차대차 - 정면충돌,교차로운행방법위반,건조,맑음,교차로 - 교차로안,승용,남,31세,상해없음,승용,여,47세,경상
2015112500100309,2015년 11월 25일 12시,수요일,경상남도 밀양시 삼랑진읍,경상사고,0,0,1,0,차대차 - 정면충돌,중앙선침범,습기,비,교차로 - 교차로부근,승용,남,53세,상해없음,화물,남,23세,경상
2015112500100310,2015년 11월 25일 12시,수요일,경상남도 창녕군 부곡면,경상사고,0,0,1,0,차대차 - 정면충돌,안전운전불이행,습기,흐림,교차로 - 교차로안,승용,남,78세,상해없음,화물,남,63세,상해없음
2015112500100333,2015년 11월 25일 13시,수요일,경상남도 통영시 도천동,경상사고,0,0,1,0,차대차 - 추돌 - 진행중,기타,습기,비,단일로 - 기타,화물,남,32세,상해없음,승합,남,54세,경상
2015112500100334,2015년 11월 25일 13시,수요일,경상남도 사천시 정동면,중상사고,0,1,0,0,차대차 - 추돌 - 주정차중,안전운전불이행,습기,비,단일로 - 기타,화물,남,63세,상해없음,승용,여,40세,중상
2015112500100366,2015년 11월 25일 14시,수요일,경상남도 김해시 한림면,중상사고,0,3,1,0,차대차 - 정면충돌,안전운전불이행,습기,비,단일로 - 기타,화물,남,36세,중상,승합,남,56세,중상
2015112500100399,2015년 11월 25일 15시,수요일,경상남도 창원시 마산회원구 석전동,경상사고,0,0,2,0,차대차 - 측면직각충돌,안전운전불이행,건조,맑음,교차로 - 교차로안,승용,남,63세,경상,화물,남,41세,상해없음
2015112500100430,2015년 11월 25일 16시,수요일,경상남도 김해시 봉황동,경상사고,0,0,1,0,차대사람 - 기타,안전운전불이행,습기,흐림,단일로 - 기타,승용,남,37세,상해없음,보행자,여,66세,경상
2015112500100431,2015년 11월 25일 16시,수요일,경상남도 김해시 구산동,경상사고,0,0,1,0,차대사람 - 횡단중,보행자보호의무위반,건조,맑음,단일로 - 횡단보도상,승용,남,36세,상해없음,보행자,여,13세,경상
2015112500100432,2015년 11월 25일 16시,수요일,경상남도 양산시 하북면,경상사고,0,0,1,0,차대차 - 측면직각충돌,직진우회전진행방해,건조,맑음,교차로 - 교차로안,승용,남,73세,상해없음,승용,남,45세,경상
2015112500100433,2015년 11월 25일 16시,수요일,경상남도 고성군 마암면,경상사고,0,0,2,0,차대차 - 측면직각충돌,안전운전불이행,건조,맑음,단일로 - 기타,승용,여,36세,상해없음,화물,남,56세,경상
2015112500100434,2015년 11월 25일 16시,수요일,경상남도 함안군 칠원읍,중상사고,0,1,0,0,차대차 - 기타,안전운전불이행,건조,맑음,단일로 - 기타,승용,여,49세,상해없음,이륜,여,49세,중상
2015112500100486,2015년 11월 25일 17시,수요일,경상남도 창원시 진해구 안골동,경상사고,0,0,1,0,차대사람 - 횡단중,보행자보호의무위반,건조,맑음,단일로 - 기타,승용,남,38세,상해없음,보행자,남,12세,경상
2015112500100487,2015년 11월 25일 17시,수요일,경상남도 사천시 향촌동,부상신고사고,0,0,0,1,차대차 - 추돌 - 주정차중,안전운전불이행,건조,맑음,단일로 - 기타,승용,남,66세,상해없음,승합,남,45세,기타불명
2015112500100488,2015년 11월 25일 17시,수요일,경상남도 사천시 축동면,경상사고,0,0,1,0,차대차 - 추돌 - 진행중,안전운전불이행,건조,맑음,단일로 - 기타,승합,남,61세,상해없음,화물,남,35세,경상
2015112500100489,2015년 11월 25일 17시,수요일,경상남도 창녕군 유어면,중상사고,0,1,0,0,차대차 - 정면충돌,안전운전불이행,습기,흐림,교차로 - 교차로안,화물,남,56세,상해없음,자전거,남,71세,중상
2015112500100548,2015년 11월 25일 18시,수요일,경상남도 통영시 도천동,경상사고,0,0,1,0,차대차 - 정면충돌,안전운전불이행,건조,맑음,단일로 - 기타,승용,남,65세,상해없음,승용,남,26세,경상
2015112500100625,2015년 11월 25일 20시,수요일,경상남도 김해시 삼정동,경상사고,0,0,1,0,차대차 - 측면직각충돌,교차로운행방법위반,건조,맑음,교차로 - 교차로안,승용,남,64세,경상,승용,남,36세,상해없음
2015112500100626,2015년 11월 25일 20시,수요일,경상남도 거제시 고현동,경상사고,0,0,2,0,차대차 - 추돌 - 진행중,안전운전불이행,건조,맑음,단일로 - 기타,승용,남,52세,상해없음,승용,남,23세,경상
2015112500100627,2015년 11월 25일 20시,수요일,경상남도 의령군 부림면,경상사고,0,0,1,0,차대사람 - 횡단중,교차로운행방법위반,습기,맑음,교차로 - 교차로안,승용,남,64세,상해없음,보행자,여,88세,경상
2015112500100628,2015년 11월 25일 20시,수요일,경상남도 창원시 의창구 도계동,경상사고,0,0,1,0,차대차 - 정면충돌,신호위반,건조,맑음,교차로 - 교차로안,승용,여,45세,상해없음,승용,남,56세,경상
2015112600100017,2015년 11월 26일 00시,목요일,경상남도 사천시 송포동,경상사고,0,0,2,0,차대차 - 추돌 - 진행중,안전운전불이행,건조,맑음,단일로 - 기타,승용,남,40세,상해없음,특수,남,59세,경상
2015112600100035,2015년 11월 26일 01시,목요일,경상남도 창녕군 영산면,중상사고,0,1,1,0,차대차 - 측면직각충돌,직진우회전진행방해,건조,맑음,교차로 - 교차로안,승용,남,42세,상해없음,승용,남,56세,중상
2015112600100082,2015년 11월 26일 06시,목요일,경상남도 창원시 마산회원구 내서읍,중상사고,0,1,0,0,차량단독 - 공작물충돌,안전운전불이행,건조,맑음,교차로 - 교차로부근,승용,남,36세,중상,,,,
2015112600100108,2015년 11월 26일 07시,목요일,경상남도 김해시 내동,경상사고,0,0,1,0,차대차 - 추돌 - 주정차중,안전운전불이행,건조,맑음,기타 - 기타,승용,남,48세,상해없음,승용,남,31세,경상
2015112600100109,2015년 11월 26일 07시,목요일,경상남도 산청군 단성면,중상사고,0,1,2,0,차대차 - 정면충돌,교차로운행방법위반,건조,맑음,교차로 - 교차로안,화물,여,71세,중상,승용,남,37세,경상
2015112600100110,2015년 11월 26일 07시,목요일,경상남도 김해시 진영읍,경상사고,0,0,2,0,차대차 - 측면직각충돌,교차로운행방법위반,건조,흐림,교차로 - 교차로안,승용,여,52세,기타불명,승용,남,31세,경상
2015112600100144,2015년 11월 26일 08시,목요일,경상남도 통영시 중앙동,사망사고,1,0,0,0,차대사람 - 횡단중,중앙선침범,건조,맑음,단일로 - 기타,승용,여,54세,상해없음,보행자,여,80세,사망
2015112600100145,2015년 11월 26일 08시,목요일,경상남도 밀양시 무안면,중상사고,0,1,0,0,차대차 - 측면직각충돌,안전운전불이행,건조,맑음,교차로 - 교차로부근,화물,남,63세,상해없음,이륜,남,77세,중상
2015112600100174,2015년 11월 26일 09시,목요일,경상남도 고성군 회화면,경상사고,0,0,1,0,차대차 - 추돌 - 진행중,안전운전불이행,건조,맑음,단일로 - 기타,승용,여,53세,상해없음,승용,남,38세,경상
2015112600100175,2015년 11월 26일 09시,목요일,경상남도 고성군 고성읍,중상사고,0,1,0,0,차대사람 - 횡단중,안전운전불이행,건조,맑음,교차로 - 교차로안,승용,여,54세,상해없음,보행자,여,60세,중상
2015112600100176,2015년 11월 26일 09시,목요일,경상남도 거제시 사등면,중상사고,0,1,0,0,차대차 - 추돌 - 진행중,안전거리미확보,건조,맑음,단일로 - 기타,승용,남,24세,상해없음,화물,남,33세,중상
2015112600100177,2015년 11월 26일 09시,목요일,경상남도 창원시 성산구 성주동,중상사고,0,1,2,0,차대차 - 기타,신호위반,건조,맑음,교차로 - 교차로안,화물,남,34세,상해없음,승용,남,26세,경상
2015112600100213,2015년 11월 26일 10시,목요일,경상남도 진주시 평거동,경상사고,0,0,2,0,차대차 - 측면직각충돌,신호위반,건조,맑음,교차로 - 교차로안,승용,여,37세,경상,승용,남,78세,경상
2015112600100214,2015년 11월 26일 10시,목요일,경상남도 사천시 벌리동,경상사고,0,0,1,0,차대차 - 정면충돌,직진우회전진행방해,건조,맑음,교차로 - 교차로안,승용,남,61세,상해없음,승용,남,41세,상해없음
2015112600100239,2015년 11월 26일 11시,목요일,경상남도 진주시 초전동,중상사고,0,2,0,0,차대차 - 측면직각충돌,신호위반,건조,맑음,교차로 - 교차로안,승용,남,57세,상해없음,승용,남,38세,중상
2015112600100240,2015년 11월 26일 11시,목요일,경상남도 창원시 진해구 석동,중상사고,0,1,3,0,차대차 - 추돌 - 주정차중,안전운전불이행,건조,맑음,단일로 - 기타,승용,여,42세,중상,승용,남,62세,경상
2015112600100241,2015년 11월 26일 11시,목요일,경상남도 김해시 삼정동,경상사고,0,0,1,0,차대차 - 기타,신호위반,건조,맑음,교차로 - 교차로안,자전거,남,66세,경상,승용,남,50세,상해없음
2015112600100242,2015년 11월 26일 11시,목요일,경상남도 하동군 북천면,중상사고,0,1,0,0,차대사람 - 횡단중,안전운전불이행,건조,맑음,단일로 - 기타,화물,남,46세,상해없음,보행자,남,65세,중상
2015112600100270,2015년 11월 26일 12시,목요일,경상남도 창원시 진해구 여좌동,경상사고,0,0,1,0,차대차 - 정면충돌,교차로운행방법위반,건조,맑음,교차로 - 교차로안,승용,남,23세,상해없음,승용,여,37세,경상
2015112600100271,2015년 11월 26일 12시,목요일,경상남도 거창군 거창읍,중상사고,0,1,0,0,차대차 - 정면충돌,안전운전불이행,건조,맑음,단일로 - 기타,화물,여,66세,상해없음,원동기,여,74세,중상
2015112600100272,2015년 11월 26일 12시,목요일,경상남도 고성군 고성읍,중상사고,0,1,0,0,차대차 - 정면충돌,차로위반,건조,맑음,단일로 - 횡단보도부근,승용,여,67세,상해없음,이륜,여,59세,중상
2015112600100297,2015년 11월 26일 13시,목요일,경상남도 거제시 연초면,경상사고,0,0,1,0,차대사람 - 기타,안전운전불이행,건조,맑음,단일로 - 기타,승합,남,56세,상해없음,보행자,여,83세,경상
2015112600100298,2015년 11월 26일 13시,목요일,경상남도 남해군 삼동면,경상사고,0,0,1,0,차대차 - 정면충돌,안전운전불이행,건조,맑음,단일로 - 기타,승용,여,25세,상해없음,승용,여,63세,상해없음
2015112600100335,2015년 11월 26일 14시,목요일,경상남도 진주시 하대동,경상사고,0,0,1,0,차대사람 - 횡단중,안전운전불이행,건조,맑음,단일로 - 기타,승용,남,61세,상해없음,보행자,남,50세,경상
2015112600100336,2015년 11월 26일 14시,목요일,경상남도 통영시 중앙동,중상사고,0,1,0,0,차대차 - 정면충돌,안전운전불이행,건조,맑음,단일로 - 기타,승용,남,48세,상해없음,이륜,남,71세,중상
2015112600100337,2015년 11월 26일 14시,목요일,경상남도 창녕군 계성면,중상사고,0,3,0,0,차대차 - 기타,안전운전불이행,건조,맑음,단일로 - 기타,화물,남,46세,상해없음,화물,남,74세,중상
2015112600100338,2015년 11월 26일 14시,목요일,경상남도 남해군 창선면,경상사고,0,0,1,0,차대차 - 정면충돌,안전운전불이행,건조,맑음,단일로 - 기타,승용,여,46세,상해없음,승용,남,55세,경상
2015112600100361,2015년 11월 26일 15시,목요일,경상남도 거창군 거창읍,부상신고사고,0,0,0,1,차대차 - 추돌 - 진행중,안전운전불이행,건조,맑음,단일로 - 기타,원동기,남,14세,부상신고,승용,남,47세,상해없음
2015112600100362,2015년 11월 26일 15시,목요일,경상남도 고성군 고성읍,중상사고,0,1,0,0,차대사람 - 횡단중,안전운전불이행,건조,맑음,교차로 - 교차로안,화물,남,72세,상해없음,보행자,여,56세,중상
2015112600100398,2015년 11월 26일 16시,목요일,경상남도 창원시 마산합포구 신포동1가,중상사고,0,1,0,0,차대차 - 기타,교차로운행방법위반,건조,맑음,교차로 - 교차로안,승용,남,33세,상해없음,자전거,남,12세,중상
2015112600100399,2015년 11월 26일 16시,목요일,경상남도 김해시 대동면,경상사고,0,0,1,1,차대차 - 정면충돌,안전운전불이행,건조,맑음,교차로 - 교차로안,승용,여,42세,상해없음,승용,남,48세,부상신고
2015112600100400,2015년 11월 26일 16시,목요일,경상남도 김해시 내동,중상사고,0,1,0,0,차대차 - 측면직각충돌,안전운전불이행,건조,맑음,단일로 - 기타,승용,남,58세,상해없음,이륜,남,29세,중상
2015112600100401,2015년 11월 26일 16시,목요일,경상남도 거제시 고현동,중상사고,0,1,0,0,차대사람 - 횡단중,안전운전불이행,건조,맑음,단일로 - 기타,이륜,남,52세,상해없음,보행자,남,60세,중상
2015112600100402,2015년 11월 26일 16시,목요일,경상남도 김해시 장유면,중상사고,0,1,0,0,차대차 - 측면직각충돌,교차로운행방법위반,건조,맑음,교차로 - 교차로안,화물,남,49세,상해없음,승용,여,50세,상해없음
2015112600100443,2015년 11월 26일 17시,목요일,경상남도 사천시 송포동,경상사고,0,0,2,0,차대차 - 추돌 - 진행중,안전운전불이행,건조,맑음,단일로 - 기타,승합,남,45세,상해없음,승용,남,31세,경상
2015112600100444,2015년 11월 26일 17시,목요일,경상남도 거제시 장승포동,중상사고,0,1,0,0,차대사람 - 횡단중,안전운전불이행,건조,맑음,단일로 - 기타,승용,남,48세,상해없음,보행자,남,41세,중상
2015112600100584,2015년 11월 26일 20시,목요일,경상남도 밀양시 삼문동,경상사고,0,0,1,0,차대차 - 추돌 - 주정차중,안전운전불이행,건조,맑음,단일로 - 기타,승용,남,53세,상해없음,승용,남,59세,상해없음
2015112600100585,2015년 11월 26일 20시,목요일,경상남도 김해시 삼방동,경상사고,0,0,1,0,차대차 - 정면충돌,안전운전불이행,건조,맑음,교차로 - 교차로안,승용,여,51세,상해없음,원동기,남,17세,경상
2015112600100586,2015년 11월 26일 20시,목요일,경상남도 양산시 중부동,경상사고,0,0,1,0,차대차 - 정면충돌,안전거리미확보,건조,맑음,단일로 - 기타,승용,남,18세,상해없음,원동기,남,21세,경상
2015112600100587,2015년 11월 26일 20시,목요일,경상남도 거제시 고현동,중상사고,0,1,0,0,차대사람 - 횡단중,안전운전불이행,건조,맑음,단일로 - 횡단보도부근,이륜,남,46세,상해없음,보행자,남,36세,중상
2015112600100613,2015년 11월 26일 21시,목요일,경상남도 거제시 장승포동,경상사고,0,0,2,0,차대차 - 추돌 - 진행중,중앙선침범,건조,맑음,단일로 - 기타,화물,남,55세,상해없음,승용,남,33세,상해없음
2015112600100657,2015년 11월 26일 22시,목요일,경상남도 함안군 산인면,경상사고,0,0,2,0,차대차 - 정면충돌,직진우회전진행방해,건조,맑음,교차로 - 교차로안,승용,여,35세,기타불명,승용,남,28세,경상
2015112600100658,2015년 11월 26일 22시,목요일,경상남도 창원시 마산회원구 석전동,경상사고,0,0,5,0,차대차 - 추돌 - 진행중,안전운전불이행,건조,맑음,단일로 - 기타,승용,남,59세,상해없음,승용,남,20세,경상
2015112700100014,2015년 11월 27일 00시,금요일,경상남도 양산시 물금읍,중상사고,0,1,0,0,차량단독 - 전도전복,안전운전불이행,건조,맑음,단일로 - 기타,승용,남,31세,중상,,,,
2015112700100073,2015년 11월 27일 05시,금요일,경상남도 통영시 정량동,중상사고,0,1,0,0,차대사람 - 횡단중,안전운전불이행,건조,맑음,단일로 - 기타,승용,남,47세,상해없음,보행자,남,88세,중상
2015112700100089,2015년 11월 27일 06시,금요일,경상남도 김해시 내동,중상사고,0,1,0,0,차대사람 - 횡단중,신호위반,건조,맑음,교차로 - 교차로부근,승용,여,35세,상해없음,보행자,여,76세,중상
2015112700100090,2015년 11월 27일 06시,금요일,경상남도 거제시 두모동,경상사고,0,0,1,0,차대차 - 측면직각충돌,안전운전불이행,건조,맑음,단일로 - 기타,승용,남,40세,상해없음,자전거,남,50세,경상
2015112700100114,2015년 11월 27일 07시,금요일,경상남도 진주시 상평동,중상사고,0,2,1,0,차대차 - 정면충돌,안전운전불이행,건조,맑음,교차로 - 교차로안,화물,남,53세,경상,화물,남,50세,중상
2015112700100115,2015년 11월 27일 07시,금요일,경상남도 김해시 내동,중상사고,0,1,0,0,차대사람 - 횡단중,안전운전불이행,건조,맑음,교차로 - 교차로부근,승용,남,54세,상해없음,보행자,여,60세,중상
2015112700100116,2015년 11월 27일 07시,금요일,경상남도 거제시 아주동,경상사고,0,0,1,0,차대차 - 추돌 - 진행중,안전운전불이행,건조,맑음,단일로 - 기타,승용,남,27세,상해없음,이륜,남,40세,상해없음
2015112700100117,2015년 11월 27일 07시,금요일,경상남도 남해군 이동면,중상사고,0,1,0,0,차대차 - 측면직각충돌,안전운전불이행,건조,흐림,교차로 - 교차로부근,승용,남,59세,상해없음,승용,여,34세,중상
2015112700100118,2015년 11월 27일 07시,금요일,경상남도 김해시 진영읍,중상사고,0,1,0,0,차대차 - 정면충돌,안전운전불이행,건조,맑음,교차로 - 교차로부근,승용,여,28세,상해없음,승용,여,36세,중상
2015112700100133,2015년 11월 27일 08시,금요일,경상남도 김해시 삼정동,경상사고,0,0,1,0,차대차 - 측면직각충돌,안전거리미확보,건조,맑음,단일로 - 기타,화물,남,55세,상해없음,승용,남,41세,경상
2015112700100163,2015년 11월 27일 08시,금요일,경상남도 양산시 남부동,중상사고,0,1,0,0,차대차 - 정면충돌,안전거리미확보,건조,맑음,단일로 - 기타,원동기,남,35세,상해없음,자전거,남,53세,중상
2015112700100164,2015년 11월 27일 08시,금요일,경상남도 의령군 의령읍,중상사고,0,1,0,0,차대차 - 기타,안전운전불이행,건조,맑음,단일로 - 횡단보도부근,건설기계,남,46세,상해없음,자전거,남,49세,중상
2015112700100205,2015년 11월 27일 09시,금요일,경상남도 거제시 고현동,경상사고,0,0,1,0,차대차 - 정면충돌,교차로운행방법위반,건조,맑음,교차로 - 교차로안,승용,여,30세,상해없음,이륜,남,35세,경상
2015112700100231,2015년 11월 27일 10시,금요일,경상남도 창원시 마산합포구 구산면,경상사고,0,0,3,0,차대차 - 정면충돌,중앙선침범,건조,맑음,단일로 - 기타,승용,여,59세,경상,승합,남,39세,상해없음
2015112700100259,2015년 11월 27일 11시,금요일,경상남도 창원시 진해구 충무동,경상사고,0,0,1,0,차대차 - 추돌 - 진행중,안전운전불이행,건조,맑음,단일로 - 기타,승용,남,66세,상해없음,이륜,남,74세,경상
2015112700100260,2015년 11월 27일 11시,금요일,경상남도 함양군 함양읍,중상사고,0,1,0,0,차대차 - 측면직각충돌,교차로운행방법위반,건조,흐림,교차로 - 교차로안,이륜,남,78세,중상,화물,남,71세,상해없음
2015112700100285,2015년 11월 27일 12시,금요일,경상남도 진주시 문산읍,중상사고,0,1,1,0,차대차 - 측면직각충돌,기타,건조,맑음,교차로 - 교차로부근,승용,여,60세,상해없음,기타불명,기타불명,기타불명,기타불명
2015112700100286,2015년 11월 27일 12시,금요일,경상남도 창원시 진해구 석동,경상사고,0,0,1,0,차대차 - 정면충돌,신호위반,건조,맑음,교차로 - 교차로안,원동기,남,43세,경상,승용,여,29세,상해없음
2015112700100287,2015년 11월 27일 12시,금요일,경상남도 거제시 연초면,경상사고,0,0,1,0,차대차 - 정면충돌,안전거리미확보,건조,맑음,교차로 - 교차로안,승용,여,41세,기타불명,승용,남,39세,경상
2015112700100288,2015년 11월 27일 12시,금요일,경상남도 김해시 한림면,경상사고,0,0,2,0,차대차 - 추돌 - 진행중,안전거리미확보,건조,맑음,단일로 - 기타,승용,남,57세,상해없음,승용,남,66세,경상
2015112700100314,2015년 11월 27일 13시,금요일,경상남도 창원시 마산합포구 대내동,경상사고,0,0,1,1,차대차 - 측면직각충돌,중앙선침범,건조,맑음,단일로 - 기타,원동기,남,22세,부상신고,승용,여,59세,경상
2015112700100315,2015년 11월 27일 13시,금요일,경상남도 창원시 성산구 상남동,경상사고,0,0,1,0,차대차 - 기타,안전운전불이행,건조,맑음,단일로 - 기타,승용,남,54세,상해없음,승용,남,48세,경상
2015112700100316,2015년 11월 27일 13시,금요일,경상남도 김해시 한림면,중상사고,0,1,1,0,차대사람 - 기타,안전운전불이행,건조,맑음,단일로 - 기타,건설기계,남,48세,상해없음,보행자,남,71세,중상
2015112700100354,2015년 11월 27일 14시,금요일,경상남도 양산시 물금읍,중상사고,0,1,0,0,차대차 - 측면직각충돌,직진우회전진행방해,건조,맑음,교차로 - 교차로안,화물,남,54세,상해없음,원동기,남,53세,중상
2015112700100355,2015년 11월 27일 14시,금요일,경상남도 거제시 사등면,경상사고,0,0,1,2,차대차 - 추돌 - 진행중,안전거리미확보,건조,맑음,단일로 - 기타,승합,남,57세,상해없음,승용,여,63세,상해없음
2015112700100356,2015년 11월 27일 14시,금요일,경상남도 창원시 의창구 북면,경상사고,0,0,2,0,차대차 - 추돌 - 진행중,안전운전불이행,건조,맑음,단일로 - 기타,승용,남,22세,기타불명,승용,여,40세,경상
2015112700100398,2015년 11월 27일 15시,금요일,경상남도 거제시 고현동,중상사고,0,1,0,0,차대차 - 정면충돌,신호위반,건조,맑음,교차로 - 교차로안,화물,남,52세,상해없음,이륜,남,52세,중상
2015112700100399,2015년 11월 27일 15시,금요일,경상남도 창원시 성산구 성산동,중상사고,0,1,0,0,차대차 - 정면충돌,중앙선침범,건조,맑음,단일로 - 기타,화물,남,45세,상해없음,승용,남,28세,중상
2015112700100415,2015년 11월 27일 16시,금요일,경상남도 김해시 대동면,부상신고사고,0,0,0,1,차대차 - 추돌 - 진행중,안전거리미확보,건조,맑음,단일로 - 기타,건설기계,남,54세,상해없음,승용,남,37세,부상신고
2015112700100437,2015년 11월 27일 16시,금요일,경상남도 창원시 진해구 석동,중상사고,0,1,0,0,차대사람 - 횡단중,보행자보호의무위반,건조,맑음,단일로 - 기타,승용,여,42세,상해없음,보행자,남,13세,중상
2015112700100438,2015년 11월 27일 16시,금요일,경상남도 통영시 도천동,부상신고사고,0,0,0,1,차대사람 - 횡단중,안전운전불이행,건조,맑음,교차로 - 교차로안,승용,남,49세,상해없음,보행자,남,14세,부상신고
2015112700100482,2015년 11월 27일 17시,금요일,경상남도 진주시 금곡면,중상사고,0,1,0,0,차대사람 - 횡단중,보행자보호의무위반,건조,맑음,단일로 - 횡단보도상,승용,여,36세,상해없음,보행자,여,56세,중상
2015112700100483,2015년 11월 27일 17시,금요일,경상남도 창원시 마산회원구 내서읍,경상사고,0,0,1,0,차대사람 - 기타,안전운전불이행,건조,맑음,단일로 - 기타,승용,기타불명,기타불명,기타불명,보행자,여,36세,경상
2015112700100534,2015년 11월 27일 18시,금요일,경상남도 진주시 상대동,경상사고,0,0,2,0,차대차 - 정면충돌,안전운전불이행,건조,맑음,교차로 - 교차로안,승용,남,27세,상해없음,승용,여,44세,경상
2015112700100535,2015년 11월 27일 18시,금요일,경상남도 창원시 진해구 도천동,경상사고,0,0,1,0,차대사람 - 기타,안전운전불이행,건조,맑음,교차로 - 교차로부근,승용,남,62세,상해없음,보행자,여,53세,경상
2015112700100536,2015년 11월 27일 18시,금요일,경상남도 밀양시 내이동,경상사고,0,0,1,0,차대차 - 측면직각충돌,안전운전불이행,건조,맑음,교차로 - 교차로안,승용,여,37세,상해없음,화물,남,61세,경상
2015112700100537,2015년 11월 27일 18시,금요일,경상남도 거창군 거창읍,중상사고,0,1,0,0,차대차 - 측면직각충돌,교차로운행방법위반,건조,맑음,교차로 - 교차로안,승용,남,62세,상해없음,승용,남,37세,중상
2015112700100538,2015년 11월 27일 18시,금요일,경상남도 양산시 덕계동,경상사고,0,0,2,0,차대차 - 정면충돌,안전운전불이행,건조,맑음,단일로 - 기타,승용,남,39세,상해없음,승용,남,55세,경상