사고번호,사고일시,요일,시군구,사고내용,사망자수,중상자수,경상자수,부상신고자수,사고유형,법규위반,노면상태,기상상태,도로형태,가해운전자 차종,가해운전자 성별,가해운전자 연령,가해운전자 상해정도,피해운전자 차종,피해운전자 성별,피해운전자 연령,피해운전자 상해정도
2015120100100197,2015년 12월 1일 10시,화요일,경상남도 창원시 성산구 중앙동,중상사고,0,1,0,0,차대사람 - 횡단중,안전운전불이행,건조,맑음,단일로 - 기타,승용,남,31세,상해없음,보행자,여,56세,중상
2015120100100198,2015년 12월 1일 10시,화요일,경상남도 창원시 성산구 사파동,경상사고,0,0,1,0,차대차 - 기타,안전운전불이행,건조,맑음,교차로 - 교차로안,승용,남,74세,상해없음,자전거,여,55세,경상
2015120100100199,2015년 12월 1일 10시,화요일,경상남도 김해시 진영읍,경상사고,0,0,1,0,차대차 - 정면충돌,안전운전불이행,건조,맑음,단일로 - 기타,승용,남,73세,상해없음,자전거,남,55세,경상
2015120100100223,2015년 12월 1일 11시,화요일,경상남도 김해시 동상동,중상사고,0,1,1,0,차대차 - 정면충돌,안전운전불이행,건조,맑음,교차로 - 교차로안,승용,남,64세,중상,화물,남,28세,경상
2015120100100224,2015년 12월 1일 11시,화요일,경상남도 의령군 지정면,중상사고,0,1,2,0,차대차 - 정면충돌,중앙선침범,건조,맑음,단일로 - 기타,승용,남,74세,경상,승용,남,49세,중상
2015120100100225,2015년 12월 1일 11시,화요일,경상남도 창원시 마산회원구 내서읍,중상사고,0,1,0,0,차대사람 - 횡단중,안전운전불이행,건조,맑음,기타 - 기타,승용,여,37세,상해없음,보행자,여,73세,중상
2015120100100226,2015년 12월 1일 11시,화요일,경상남도 창원시 마산회원구 석전동,중상사고,0,1,0,0,차대사람 - 기타,신호위반,건조,맑음,단일로 - 기타,승용,여,54세,상해없음,보행자,여,68세,중상
2015120100100317,2015년 12월 1일 14시,화요일,경상남도 진주시 정촌면,경상사고,0,0,2,0,차대차 - 정면충돌,안전운전불이행,건조,맑음,단일로 - 기타,승용,여,49세,경상,화물,남,54세,상해없음
2015120100100395,2015년 12월 1일 16시,화요일,경상남도 진주시 상대동,중상사고,0,2,3,0,차대차 - 측면직각충돌,중앙선침범,건조,맑음,단일로 - 기타,승용,남,63세,상해없음,승용,남,26세,경상
2015120100100396,2015년 12월 1일 16시,화요일,경상남도 사천시 사천읍,중상사고,0,1,1,0,차대차 - 측면직각충돌,교차로운행방법위반,건조,맑음,교차로 - 교차로안,승용,남,41세,상해없음,승용,여,35세,경상
2015120100100397,2015년 12월 1일 16시,화요일,경상남도 창원시 성산구 상남동,중상사고,0,1,0,0,차대사람 - 횡단중,신호위반,건조,맑음,교차로 - 교차로안,자전거,남,14세,상해없음,보행자,남,75세,중상
2015120100100398,2015년 12월 1일 16시,화요일,경상남도 김해시 흥동,경상사고,0,0,1,0,차대차 - 측면직각충돌,신호위반,건조,맑음,교차로 - 교차로부근,승용,여,46세,상해없음,승용,남,77세,경상
2015120100100399,2015년 12월 1일 16시,화요일,경상남도 김해시 주촌면,중상사고,0,3,0,0,차대차 - 정면충돌,중앙선침범,건조,맑음,단일로 - 기타,건설기계,남,61세,상해없음,승용,여,29세,중상
2015120100100440,2015년 12월 1일 17시,화요일,경상남도 김해시 내동,경상사고,0,0,1,0,차대차 - 정면충돌,안전운전불이행,건조,맑음,교차로 - 교차로안,원동기,남,50세,경상,승용,남,64세,상해없음
2015120100100441,2015년 12월 1일 17시,화요일,경상남도 김해시 흥동,중상사고,0,1,0,0,차대차 - 정면충돌,안전운전불이행,건조,맑음,단일로 - 기타,승용,남,52세,상해없음,화물,남,30세,중상
2015120100100496,2015년 12월 1일 18시,화요일,경상남도 김해시 구산동,중상사고,0,1,1,0,차대차 - 추돌 - 진행중,신호위반,건조,맑음,교차로 - 교차로부근,승용,여,31세,경상,화물,남,44세,중상
2015120100100497,2015년 12월 1일 18시,화요일,경상남도 고성군 고성읍,중상사고,0,1,0,0,차대사람 - 횡단중,안전운전불이행,건조,맑음,교차로 - 교차로부근,화물,남,29세,상해없음,보행자,여,53세,중상
2015120100100498,2015년 12월 1일 18시,화요일,경상남도 거제시 연초면,경상사고,0,0,1,0,차대차 - 정면충돌,안전거리미확보,건조,맑음,단일로 - 기타,승용,남,45세,상해없음,승용,남,68세,상해없음
2015120100100499,2015년 12월 1일 18시,화요일,경상남도 창원시 의창구 봉곡동,중상사고,0,1,1,0,차대차 - 정면충돌,중앙선침범,건조,맑음,단일로 - 기타,승용,남,21세,상해없음,승용,여,30세,경상
2015120100100540,2015년 12월 1일 19시,화요일,경상남도 김해시 구산동,경상사고,0,0,1,0,차대차 - 기타,안전운전불이행,건조,맑음,단일로 - 기타,승용,남,18세,상해없음,승용,남,36세,경상
2015120100100541,2015년 12월 1일 19시,화요일,경상남도 김해시 삼방동,중상사고,0,1,0,0,차량단독 - 기타,안전운전불이행,건조,맑음,단일로 - 기타,승합,남,52세,기타불명,,,,
2015120100100542,2015년 12월 1일 19시,화요일,경상남도 거제시 장평동,경상사고,0,0,1,0,차대사람 - 횡단중,기타,건조,맑음,단일로 - 기타,화물,남,65세,상해없음,보행자,남,45세,경상
2015120100100569,2015년 12월 1일 20시,화요일,경상남도 김해시 삼방동,경상사고,0,0,1,0,차대사람 - 횡단중,안전운전불이행,건조,맑음,단일로 - 기타,승용,여,21세,상해없음,보행자,여,3세,경상
2015120100100591,2015년 12월 1일 21시,화요일,경상남도 김해시 삼계동,중상사고,0,1,0,0,차대사람 - 횡단중,안전운전불이행,건조,맑음,교차로 - 교차로부근,승합,남,37세,상해없음,보행자,남,47세,중상
2015120100100593,2015년 12월 1일 21시,화요일,경상남도 거제시 고현동,경상사고,0,0,1,0,차대사람 - 길가장자리구역통행중,안전운전불이행,건조,맑음,단일로 - 기타,승용,여,55세,상해없음,보행자,남,18세,경상
2015120100100594,2015년 12월 1일 21시,화요일,경상남도 거제시 고현동,경상사고,0,0,1,0,차대차 - 정면충돌,안전운전불이행,건조,맑음,단일로 - 기타,승용,여,40세,상해없음,승용,남,42세,상해없음
2015120100100622,2015년 12월 1일 22시,화요일,경상남도 양산시 남부동,경상사고,0,0,1,0,차대차 - 정면충돌,신호위반,건조,맑음,교차로 - 교차로안,승용,여,42세,상해없음,승용,여,25세,경상
2015120100100623,2015년 12월 1일 22시,화요일,경상남도 양산시 산막동,부상신고사고,0,0,0,1,차대차 - 추돌 - 진행중,안전운전불이행,건조,맑음,단일로 - 기타,특수,남,35세,상해없음,승용,남,26세,부상신고
2015120100100624,2015년 12월 1일 22시,화요일,경상남도 고성군 거류면,경상사고,0,0,1,0,차대사람 - 길가장자리구역통행중,안전운전불이행,건조,맑음,단일로 - 기타,승용,남,48세,상해없음,보행자,남,40세,경상
2015120100100625,2015년 12월 1일 22시,화요일,경상남도 거제시 양정동,경상사고,0,0,1,0,차대사람 - 횡단중,보행자보호의무위반,건조,맑음,단일로 - 횡단보도상,승용,여,19세,상해없음,보행자,여,15세,경상
2015120100100626,2015년 12월 1일 22시,화요일,경상남도 산청군 신안면,경상사고,0,0,1,0,차대차 - 정면충돌,안전운전불이행,건조,흐림,교차로 - 교차로안,승용,남,53세,상해없음,승용,남,59세,경상
2015120100100661,2015년 12월 1일 23시,화요일,경상남도 거제시 장평동,중상사고,0,1,0,0,차대차 - 정면충돌,안전운전불이행,건조,맑음,단일로 - 기타,승용,남,35세,상해없음,이륜,남,20세,중상
2015120100100662,2015년 12월 1일 23시,화요일,경상남도 창원시 성산구 내동,경상사고,0,0,1,0,차대차 - 측면직각충돌,신호위반,건조,맑음,교차로 - 교차로안,승용,남,33세,상해없음,승용,여,42세,경상
2015120100100663,2015년 12월 1일 23시,화요일,경상남도 창원시 성산구 내동,경상사고,0,0,2,0,차대차 - 추돌 - 진행중,안전운전불이행,건조,맑음,단일로 - 기타,승용,남,38세,상해없음,승용,남,55세,경상
2015120200100025,2015년 12월 2일 01시,수요일,경상남도 김해시 외동,중상사고,0,1,1,0,차대사람 - 횡단중,안전운전불이행,건조,맑음,교차로 - 교차로부근,원동기,남,66세,중상,보행자,남,49세,경상
2015120200100026,2015년 12월 2일 01시,수요일,경상남도 고성군 회화면,중상사고,0,1,0,0,차대차 - 추돌 - 진행중,안전거리미확보,건조,맑음,교차로 - 교차로안,화물,남,54세,상해없음,승용,여,61세,중상
2015120200100027,2015년 12월 2일 01시,수요일,경상남도 거제시 연초면,경상사고,0,0,2,0,차대차 - 기타,안전운전불이행,건조,맑음,단일로 - 기타,승용,남,41세,상해없음,승용,남,44세,경상
2015120200100041,2015년 12월 2일 03시,수요일,경상남도 김해시 구산동,중상사고,0,1,0,0,차량단독 - 기타,안전운전불이행,건조,맑음,단일로 - 기타,이륜,남,26세,중상,,,,
2015120200100042,2015년 12월 2일 03시,수요일,경상남도 김해시 풍유동,중상사고,0,1,0,0,차대차 - 정면충돌,안전운전불이행,건조,맑음,교차로 - 교차로부근,승용,남,19세,상해없음,승용,남,49세,상해없음
2015120200100051,2015년 12월 2일 04시,수요일,경상남도 창원시 진해구 안골동,중상사고,0,1,0,0,차대사람 - 횡단중,안전운전불이행,건조,맑음,단일로 - 기타,승용,남,58세,상해없음,보행자,남,49세,중상
2015120200100062,2015년 12월 2일 05시,수요일,경상남도 양산시 북정동,경상사고,0,0,1,0,차대사람 - 기타,안전운전불이행,건조,맑음,단일로 - 기타,승용,남,44세,상해없음,보행자,남,49세,경상
2015120200100102,2015년 12월 2일 07시,수요일,경상남도 김해시 외동,중상사고,0,1,0,0,차대사람 - 횡단중,안전운전불이행,건조,맑음,교차로 - 교차로부근,승용,남,61세,상해없음,보행자,여,59세,중상
2015120200100103,2015년 12월 2일 07시,수요일,경상남도 창원시 마산회원구 합성동,중상사고,0,1,0,0,차대사람 - 횡단중,보행자보호의무위반,건조,맑음,교차로 - 교차로안,승용,남,63세,상해없음,보행자,여,68세,중상
2015120200100104,2015년 12월 2일 07시,수요일,경상남도 창원시 의창구 북면,중상사고,0,3,6,0,차량단독 - 도로외이탈 - 기타,안전운전불이행,건조,맑음,단일로 - 기타,승합,남,31세,상해없음,,,,
2015120200100105,2015년 12월 2일 07시,수요일,경상남도 창원시 의창구 소답동,경상사고,0,0,1,0,차대차 - 측면직각충돌,안전운전불이행,건조,맑음,단일로 - 기타,승용,여,40세,상해없음,자전거,남,15세,경상
2015120200100151,2015년 12월 2일 08시,수요일,경상남도 함양군 함양읍,부상신고사고,0,0,0,1,차대차 - 정면충돌,안전운전불이행,습기,흐림,단일로 - 기타,자전거,남,11세,부상신고,승용,남,54세,상해없음
2015120200100186,2015년 12월 2일 09시,수요일,경상남도 산청군 신안면,중상사고,0,1,0,0,차량단독 - 전도전복,안전운전불이행,건조,맑음,단일로 - 기타,이륜,여,73세,중상,,,,
2015120200100212,2015년 12월 2일 10시,수요일,경상남도 의령군 유곡면,중상사고,0,1,0,0,차대차 - 정면충돌,안전운전불이행,건조,맑음,단일로 - 기타,특수,남,47세,상해없음,이륜,여,69세,중상
2015120200100240,2015년 12월 2일 11시,수요일,경상남도 창원시 마산합포구 상남동,중상사고,0,1,0,0,차대사람 - 기타,안전운전불이행,건조,맑음,단일로 - 기타,이륜,남,58세,상해없음,보행자,여,59세,중상
2015120200100241,2015년 12월 2일 11시,수요일,경상남도 진주시 남성동,경상사고,0,0,1,0,차대차 - 측면직각충돌,직진우회전진행방해,건조,흐림,교차로 - 교차로안,승용,남,45세,상해없음,원동기,남,78세,경상
2015120200100242,2015년 12월 2일 11시,수요일,경상남도 김해시 대동면,중상사고,0,1,0,0,차대차 - 기타,안전운전불이행,건조,흐림,교차로 - 교차로안,승용,여,18세,상해없음,원동기,남,42세,중상
2015120200100243,2015년 12월 2일 11시,수요일,경상남도 양산시 삼호동,경상사고,0,0,1,0,차대차 - 기타,안전운전불이행,건조,맑음,단일로 - 기타,승용,남,64세,상해없음,승용,남,51세,경상
2015120200100266,2015년 12월 2일 12시,수요일,경상남도 창원시 진해구 안골동,경상사고,0,0,1,0,차대차 - 정면충돌,교차로운행방법위반,건조,맑음,교차로 - 교차로안,승용,남,57세,상해없음,승용,남,73세,상해없음
2015120200100280,2015년 12월 2일 13시,수요일,경상남도 창원시 마산합포구 상남동,경상사고,0,0,1,0,차대사람 - 차도통행중,안전운전불이행,건조,맑음,단일로 - 기타,승합,남,65세,상해없음,보행자,남,43세,경상
2015120200100315,2015년 12월 2일 14시,수요일,경상남도 고성군 영오면,사망사고,1,0,0,0,차대차 - 정면충돌,교차로운행방법위반,습기,흐림,교차로 - 교차로안,화물,여,64세,상해없음,이륜,남,81세,사망
2015120200100316,2015년 12월 2일 14시,수요일,경상남도 함안군 가야읍,경상사고,0,0,1,0,차대차 - 정면충돌,중앙선침범,습기,비,단일로 - 기타,승용,남,50세,상해없음,승용,여,55세,경상
2015120200100347,2015년 12월 2일 15시,수요일,경상남도 창원시 마산합포구 월포동,중상사고,0,1,0,0,차대차 - 기타,안전운전불이행,습기,비,교차로 - 교차로안,화물,남,50세,상해없음,승용,여,63세,중상
2015120200100348,2015년 12월 2일 15시,수요일,경상남도 진주시 내동면,경상사고,0,0,1,0,차대차 - 측면직각충돌,신호위반,습기,비,교차로 - 교차로안,승용,여,54세,상해없음,승합,남,55세,경상
2015120200100349,2015년 12월 2일 15시,수요일,경상남도 김해시 구산동,중상사고,0,2,0,0,차대사람 - 보도통행중,기타,습기,비,단일로 - 기타,승용,남,25세,기타불명,보행자,남,16세,중상
2015120200100350,2015년 12월 2일 15시,수요일,경상남도 거제시 옥포동,경상사고,0,0,1,0,차대사람 - 기타,안전운전불이행,건조,맑음,단일로 - 기타,승용,남,42세,상해없음,보행자,남,45세,경상
2015120200100351,2015년 12월 2일 15시,수요일,경상남도 김해시 장유면,경상사고,0,0,1,0,차대차 - 정면충돌,안전운전불이행,습기,비,단일로 - 기타,승용,남,59세,상해없음,승용,여,42세,경상
2015120200100425,2015년 12월 2일 17시,수요일,경상남도 양산시 물금읍,중상사고,0,1,0,0,차대사람 - 횡단중,신호위반,습기,비,교차로 - 교차로부근,승용,여,45세,상해없음,보행자,남,20세,중상
2015120200100426,2015년 12월 2일 17시,수요일,경상남도 창원시 의창구 봉림동,경상사고,0,0,1,0,차대사람 - 횡단중,보행자보호의무위반,습기,흐림,단일로 - 횡단보도상,승용,여,42세,상해없음,보행자,남,54세,경상
2015120200100453,2015년 12월 2일 18시,수요일,경상남도 김해시 대동면,중상사고,0,1,1,0,차대차 - 추돌 - 진행중,안전운전불이행,건조,맑음,단일로 - 기타,화물,남,56세,상해없음,승용,여,32세,중상
2015120200100482,2015년 12월 2일 18시,수요일,경상남도 진주시 상봉동,경상사고,0,0,1,0,차대차 - 추돌 - 진행중,안전운전불이행,습기,안개,교차로 - 교차로부근,화물,남,45세,상해없음,승용,남,58세,경상
2015120200100483,2015년 12월 2일 18시,수요일,경상남도 사천시 사천읍,사망사고,1,0,0,0,차대차 - 기타,안전운전불이행,습기,흐림,단일로 - 기타,승용,남,31세,상해없음,승용,남,73세,사망
2015120200100513,2015년 12월 2일 19시,수요일,경상남도 진주시 봉곡동,경상사고,0,0,1,0,차대차 - 측면직각충돌,직진우회전진행방해,습기,흐림,교차로 - 교차로안,화물,남,55세,상해없음,승용,남,32세,경상
2015120200100514,2015년 12월 2일 19시,수요일,경상남도 김해시 서상동,중상사고,0,1,0,0,차대사람 - 횡단중,안전운전불이행,건조,맑음,교차로 - 교차로안,이륜,남,19세,상해없음,보행자,여,53세,중상
2015120200100515,2015년 12월 2일 19시,수요일,경상남도 김해시 외동,중상사고,0,1,2,0,차대차 - 정면충돌,안전운전불이행,습기,흐림,교차로 - 교차로안,승용,여,34세,중상,승용,남,33세,경상
2015120200100516,2015년 12월 2일 19시,수요일,경상남도 고성군 회화면,사망사고,1,0,0,0,차대사람 - 횡단중,안전운전불이행,습기,흐림,단일로 - 기타,승용,남,37세,상해없음,보행자,남,50세,사망
2015120200100517,2015년 12월 2일 19시,수요일,경상남도 거제시 장승포동,경상사고,0,0,1,0,차대사람 - 기타,안전운전불이행,건조,맑음,단일로 - 기타,승용,남,58세,상해없음,보행자,남,52세,경상
2015120200100518,2015년 12월 2일 19시,수요일,경상남도 김해시 진영읍,경상사고,0,0,3,0,차대차 - 정면충돌,안전운전불이행,습기,비,단일로 - 기타,화물,남,23세,상해없음,승용,여,49세,경상
2015120200100555,2015년 12월 2일 20시,수요일,경상남도 양산시 물금읍,경상사고,0,0,1,0,차대차 - 정면충돌,직진우회전진행방해,건조,맑음,교차로 - 교차로안,승용,여,30세,상해없음,승용,여,48세,경상
2015120200100556,2015년 12월 2일 20시,수요일,경상남도 창원시 성산구 반림동,경상사고,0,0,1,0,차대사람 - 횡단중,신호위반,건조,맑음,단일로 - 횡단보도상,승합,남,52세,기타불명,보행자,여,46세,경상
2015120200100557,2015년 12월 2일 20시,수요일,경상남도 창원시 마산합포구 산호동,경상사고,0,0,1,0,차대차 - 정면충돌,안전운전불이행,습기,비,단일로 - 기타,화물,남,61세,상해없음,승용,남,45세,경상
2015120200100591,2015년 12월 2일 21시,수요일,경상남도 진주시 상대동,경상사고,0,0,1,0,차대사람 - 길가장자리구역통행중,안전운전불이행,습기,흐림,교차로 - 교차로안,승용,남,22세,상해없음,보행자,남,23세,경상
2015120200100592,2015년 12월 2일 21시,수요일,경상남도 진주시 신안동,중상사고,0,1,1,0,차대차 - 추돌 - 진행중,안전운전불이행,습기,흐림,교차로 - 교차로부근,승용,여,40세,상해없음,승용,남,70세,경상
2015120200100593,2015년 12월 2일 21시,수요일,경상남도 통영시 미수동,중상사고,0,1,0,0,차대사람 - 횡단중,보행자보호의무위반,건조,맑음,단일로 - 기타,승용,남,42세,상해없음,보행자,남,58세,중상
2015120200100594,2015년 12월 2일 21시,수요일,경상남도 진주시 문산읍,경상사고,0,0,1,0,차대차 - 추돌 - 진행중,안전운전불이행,건조,흐림,단일로 - 기타,승용,남,35세,상해없음,승용,남,26세,경상
2015120200100625,2015년 12월 2일 22시,수요일,경상남도 양산시 어곡동,부상신고사고,0,0,0,1,차대차 - 정면충돌,안전운전불이행,건조,맑음,단일로 - 기타,승합,남,66세,상해없음,화물,남,35세,상해없음
2015120200100626,2015년 12월 2일 22시,수요일,경상남도 창원시 의창구 봉곡동,경상사고,0,0,1,0,차대차 - 측면직각충돌,안전운전불이행,건조,맑음,교차로 - 교차로안,승용,남,65세,상해없음,승용,여,26세,경상
2015120200100645,2015년 12월 2일 23시,수요일,경상남도 양산시 동면,경상사고,0,0,1,0,차대사람 - 기타,안전운전불이행,건조,맑음,단일로 - 기타,승용,남,45세,상해없음,보행자,여,50세,경상
2015120200100646,2015년 12월 2일 23시,수요일,경상남도 거제시 고현동,경상사고,0,0,5,0,차대차 - 정면충돌,중앙선침범,건조,맑음,교차로 - 교차로부근,승용,여,29세,상해없음,승용,남,54세,경상
2015120200100647,2015년 12월 2일 23시,수요일,경상남도 창원시 성산구 사파동,중상사고,0,1,2,0,차대차 - 정면충돌,안전운전불이행,건조,맑음,교차로 - 교차로안,승용,남,49세,상해없음,승용,여,60세,경상
2015120300100031,2015년 12월 3일 01시,목요일,경상남도 김해시 삼정동,경상사고,0,0,3,0,차대차 - 기타,안전운전불이행,건조,맑음,단일로 - 기타,승용,남,24세,상해없음,승용,남,55세,경상
2015120300100051,2015년 12월 3일 04시,목요일,경상남도 창원시 마산회원구 봉암동,중상사고,0,1,0,0,차대사람 - 횡단중,안전운전불이행,건조,흐림,단일로 - 기타,승합,남,56세,상해없음,보행자,남,27세,중상
2015120300100104,2015년 12월 3일 07시,목요일,경상남도 사천시 동림동,중상사고,0,1,2,0,차대차 - 측면직각충돌,안전운전불이행,건조,맑음,교차로 - 교차로안,승용,남,50세,상해없음,승용,여,56세,경상
2015120300100105,2015년 12월 3일 07시,목요일,경상남도 거제시 연초면,경상사고,0,0,1,0,차대사람 - 기타,안전운전불이행,건조,맑음,단일로 - 기타,승용,남,43세,상해없음,보행자,남,45세,경상
2015120300100106,2015년 12월 3일 07시,목요일,경상남도 창원시 마산회원구 합성동,중상사고,0,1,0,0,차대차 - 정면충돌,중앙선침범,건조,맑음,단일로 - 기타,승용,남,20세,상해없음,원동기,남,63세,중상
2015120300100139,2015년 12월 3일 08시,목요일,경상남도 창원시 마산합포구 월영동,경상사고,0,0,1,0,차대사람 - 횡단중,안전운전불이행,건조,맑음,교차로 - 교차로부근,승용,여,45세,상해없음,보행자,여,8세,경상
2015120300100140,2015년 12월 3일 08시,목요일,경상남도 남해군 남해읍,중상사고,0,2,0,0,차대차 - 측면직각충돌,중앙선침범,건조,맑음,단일로 - 기타,화물,남,57세,상해없음,원동기,여,31세,중상
2015120300100141,2015년 12월 3일 08시,목요일,경상남도 창원시 성산구 사파동,중상사고,0,1,0,0,차대차 - 정면충돌,안전운전불이행,건조,맑음,교차로 - 교차로안,승용,여,44세,상해없음,자전거,남,31세,중상
2015120300100165,2015년 12월 3일 09시,목요일,경상남도 창원시 진해구 석동,경상사고,0,0,1,0,차대차 - 추돌 - 주정차중,안전운전불이행,건조,맑음,단일로 - 기타,승용,남,56세,상해없음,승용,남,24세,경상
2015120300100166,2015년 12월 3일 09시,목요일,경상남도 사천시 곤명면,경상사고,0,0,1,0,차대차 - 기타,중앙선침범,건조,맑음,단일로 - 기타,화물,남,58세,상해없음,승용,여,45세,경상
2015120300100167,2015년 12월 3일 09시,목요일,경상남도 밀양시 하남읍,경상사고,0,0,1,0,차대차 - 정면충돌,안전운전불이행,건조,맑음,단일로 - 기타,승용,남,34세,경상,화물,남,58세,기타불명
2015120300100168,2015년 12월 3일 09시,목요일,경상남도 밀양시 초동면,중상사고,0,1,1,0,차대차 - 추돌 - 진행중,안전운전불이행,건조,맑음,단일로 - 기타,승용,남,54세,상해없음,원동기,남,74세,경상
2015120300100169,2015년 12월 3일 09시,목요일,경상남도 창녕군 고암면,경상사고,0,0,1,0,차대차 - 정면충돌,중앙선침범,건조,맑음,교차로 - 교차로부근,화물,남,65세,상해없음,승용,여,31세,경상
2015120300100170,2015년 12월 3일 09시,목요일,경상남도 양산시 삼호동,경상사고,0,0,1,0,차대차 - 기타,안전운전불이행,건조,맑음,단일로 - 기타,기타불명,여,56세,경상,승합,남,52세,상해없음
2015120300100171,2015년 12월 3일 09시,목요일,경상남도 남해군 이동면,중상사고,0,1,0,0,차대차 - 정면충돌,안전운전불이행,건조,맑음,단일로 - 기타,화물,남,47세,상해없음,승합,남,59세,중상
2015120300100201,2015년 12월 3일 10시,목요일,경상남도 거제시 고현동,중상사고,0,1,0,0,차대차 - 정면충돌,안전운전불이행,건조,맑음,단일로 - 기타,승용,여,60세,상해없음,원동기,남,76세,중상
2015120300100202,2015년 12월 3일 10시,목요일,경상남도 남해군 이동면,중상사고,0,1,0,0,차대차 - 정면충돌,안전운전불이행,건조,맑음,단일로 - 기타,승용,여,53세,중상,화물,남,53세,상해없음
2015120300100234,2015년 12월 3일 11시,목요일,경상남도 김해시 지내동,중상사고,0,1,2,0,차대차 - 정면충돌,신호위반,건조,맑음,교차로 - 교차로안,승용,여,50세,상해없음,승용,남,64세,중상
2015120300100258,2015년 12월 3일 12시,목요일,경상남도 통영시 북신동,중상사고,0,2,0,0,차대차 - 정면충돌,안전운전불이행,건조,맑음,단일로 - 기타,화물,남,37세,상해없음,승용,남,59세,중상
2015120300100291,2015년 12월 3일 13시,목요일,경상남도 김해시 삼계동,경상사고,0,0,1,0,차대차 - 정면충돌,안전운전불이행,건조,맑음,교차로 - 교차로안,승용,남,54세,상해없음,승용,여,44세,경상
2015120300100292,2015년 12월 3일 13시,목요일,경상남도 김해시 진례면,중상사고,0,1,1,0,차대차 - 측면직각충돌,안전운전불이행,건조,맑음,단일로 - 횡단보도상,승용,남,39세,상해없음,화물,남,30세,경상
2015120300100293,2015년 12월 3일 13시,목요일,경상남도 김해시 장유면,중상사고,0,1,1,0,차대차 - 정면충돌,안전운전불이행,건조,맑음,단일로 - 기타,승용,여,54세,상해없음,이륜,남,56세,경상
2015120300100322,2015년 12월 3일 14시,목요일,경상남도 양산시 물금읍,중상사고,0,1,0,0,차대차 - 측면직각충돌,교차로운행방법위반,건조,맑음,교차로 - 교차로안,특수,남,61세,상해없음,승용,남,44세,중상
2015120300100324,2015년 12월 3일 14시,목요일,경상남도 김해시 진영읍,경상사고,0,0,3,0,차대차 - 정면충돌,안전운전불이행,건조,맑음,단일로 - 기타,화물,남,41세,상해없음,승합,남,60세,경상
2015120300100351,2015년 12월 3일 15시,목요일,경상남도 김해시 동상동,경상사고,0,0,1,0,차대차 - 정면충돌,신호위반,건조,맑음,교차로 - 교차로부근,자전거,여,59세,경상,승용,여,58세,상해없음
2015120300100352,2015년 12월 3일 15시,목요일,경상남도 고성군 고성읍,경상사고,0,0,1,0,차대사람 - 횡단중,안전운전불이행,건조,맑음,단일로 - 횡단보도부근,승용,여,66세,상해없음,보행자,여,10세,경상
2015120300100353,2015년 12월 3일 15시,목요일,경상남도 창원시 의창구 명서동,중상사고,0,1,0,0,차대사람 - 횡단중,안전운전불이행,건조,맑음,단일로 - 기타,화물,남,47세,상해없음,보행자,여,70세,중상
2015120300100387,2015년 12월 3일 16시,목요일,경상남도 거창군 거창읍,경상사고,0,0,1,0,차대사람 - 길가장자리구역통행중,안전운전불이행,적설,눈,단일로 - 기타,화물,남,64세,상해없음,보행자,남,61세,경상
2015120300100427,2015년 12월 3일 17시,목요일,경상남도 통영시 북신동,경상사고,0,0,1,0,차대차 - 측면직각충돌,직진우회전진행방해,건조,맑음,교차로 - 교차로안,승용,남,27세,상해없음,원동기,남,22세,경상
2015120300100428,2015년 12월 3일 17시,목요일,경상남도 밀양시 내일동,중상사고,0,1,0,0,차대차 - 정면충돌,안전운전불이행,건조,맑음,단일로 - 기타,화물,남,70세,상해없음,자전거,남,84세,중상
2015120300100429,2015년 12월 3일 17시,목요일,경상남도 창녕군 창녕읍,중상사고,0,1,2,0,차대차 - 정면충돌,신호위반,건조,맑음,교차로 - 교차로안,화물,남,56세,경상,승합,남,61세,경상
2015120300100430,2015년 12월 3일 17시,목요일,경상남도 함안군 칠서면,사망사고,1,0,0,0,차대사람 - 횡단중,보행자보호의무위반,건조,흐림,교차로 - 교차로부근,승용,남,40세,상해없음,보행자,여,84세,사망
2015120300100472,2015년 12월 3일 18시,목요일,경상남도 창원시 의창구 명서동,경상사고,0,0,1,0,차대사람 - 기타,안전운전불이행,습기,흐림,교차로 - 교차로부근,승용,여,53세,상해없음,보행자,남,24세,경상
2015120300100516,2015년 12월 3일 19시,목요일,경상남도 창원시 마산합포구 남성동,경상사고,0,0,1,0,차대차 - 추돌 - 주정차중,안전거리미확보,건조,맑음,교차로 - 교차로부근,승용,남,25세,상해없음,승용,남,63세,경상
2015120300100517,2015년 12월 3일 19시,목요일,경상남도 함안군 칠서면,중상사고,0,1,0,0,차대차 - 정면충돌,안전운전불이행,건조,맑음,교차로 - 교차로안,화물,남,48세,상해없음,승용,남,33세,중상
2015120300100546,2015년 12월 3일 20시,목요일,경상남도 창녕군 부곡면,경상사고,0,0,2,0,차대차 - 정면충돌,안전거리미확보,건조,맑음,단일로 - 기타,화물,여,54세,상해없음,승용,여,53세,경상
2015120300100547,2015년 12월 3일 20시,목요일,경상남도 창원시 성산구 사파동,경상사고,0,0,1,0,차대차 - 정면충돌,안전운전불이행,건조,맑음,교차로 - 교차로안,승용,남,30세,상해없음,이륜,남,44세,경상
2015120300100548,2015년 12월 3일 20시,목요일,경상남도 창원시 성산구 내동,중상사고,0,1,3,0,차대차 - 정면충돌,안전운전불이행,건조,맑음,교차로 - 교차로안,승용,여,44세,상해없음,화물,남,45세,중상