사고번호,사고일시,요일,시군구,사고내용,사망자수,중상자수,경상자수,부상신고자수,사고유형,법규위반,노면상태,기상상태,도로형태,가해운전자 차종,가해운전자 성별,가해운전자 연령,가해운전자 상해정도,피해운전자 차종,피해운전자 성별,피해운전자 연령,피해운전자 상해정도
2015120700100341,2015년 12월 7일 14시,월요일,경상남도 창원시 진해구 석동,중상사고,0,2,1,0,차대차 - 측면직각충돌,안전운전불이행,건조,맑음,교차로 - 교차로안,화물,남,59세,상해없음,승합,남,40세,경상
2015120700100342,2015년 12월 7일 14시,월요일,경상남도 김해시 장유면,중상사고,0,1,0,0,차대차 - 정면충돌,안전운전불이행,건조,맑음,단일로 - 기타,승용,남,45세,상해없음,승용,여,45세,중상
2015120700100377,2015년 12월 7일 15시,월요일,경상남도 진주시 상평동,중상사고,0,1,2,0,차대차 - 측면직각충돌,중앙선침범,건조,맑음,단일로 - 기타,승용,여,60세,상해없음,승용,남,55세,경상
2015120700100378,2015년 12월 7일 15시,월요일,경상남도 김해시 외동,중상사고,0,1,0,0,차대차 - 정면충돌,신호위반,건조,맑음,교차로 - 교차로안,승용,여,58세,상해없음,이륜,남,87세,중상
2015120700100379,2015년 12월 7일 15시,월요일,경상남도 의령군 정곡면,경상사고,0,0,1,0,차대차 - 정면충돌,기타,건조,맑음,단일로 - 기타,화물,남,61세,상해없음,화물,남,27세,경상
2015120700100456,2015년 12월 7일 17시,월요일,경상남도 창원시 진해구 용원동,경상사고,0,0,1,0,차대차 - 측면직각충돌,안전운전불이행,건조,맑음,교차로 - 교차로안,원동기,여,26세,경상,승합,남,28세,상해없음
2015120700100500,2015년 12월 7일 18시,월요일,경상남도 거제시 장승포동,경상사고,0,0,1,0,차대사람 - 횡단중,신호위반,건조,맑음,단일로 - 기타,자전거,남,21세,상해없음,보행자,여,68세,경상
2015120700100501,2015년 12월 7일 18시,월요일,경상남도 함안군 칠원읍,중상사고,0,1,0,0,차대차 - 정면충돌,안전운전불이행,건조,맑음,단일로 - 기타,승용,남,38세,상해없음,승용,여,56세,중상
2015120700100543,2015년 12월 7일 19시,월요일,경상남도 진주시 일반성면,중상사고,0,1,0,0,차대차 - 정면충돌,직진우회전진행방해,건조,맑음,교차로 - 교차로안,승용,여,54세,상해없음,원동기,남,48세,중상
2015120700100544,2015년 12월 7일 19시,월요일,경상남도 진주시 칠암동,중상사고,0,1,0,0,차대사람 - 횡단중,안전운전불이행,건조,맑음,교차로 - 교차로부근,승용,남,63세,상해없음,보행자,남,25세,중상
2015120700100545,2015년 12월 7일 19시,월요일,경상남도 통영시 미수동,경상사고,0,0,1,0,차대차 - 정면충돌,안전운전불이행,건조,맑음,교차로 - 교차로안,이륜,남,55세,경상,승용,남,49세,상해없음
2015120700100546,2015년 12월 7일 19시,월요일,경상남도 거제시 옥포동,중상사고,0,1,0,0,차대차 - 정면충돌,교차로운행방법위반,건조,맑음,교차로 - 교차로안,화물,남,53세,상해없음,승용,남,42세,중상
2015120700100597,2015년 12월 7일 21시,월요일,경상남도 창원시 진해구 용원동,중상사고,0,1,0,0,차대차 - 측면직각충돌,불법유턴,건조,맑음,단일로 - 횡단보도상,자전거,남,13세,중상,승용,여,44세,상해없음
2015120700100598,2015년 12월 7일 21시,월요일,경상남도 창원시 마산회원구 양덕동,경상사고,0,0,2,0,차대차 - 정면충돌,신호위반,건조,맑음,교차로 - 교차로안,승용,남,47세,상해없음,승용,남,53세,경상
2015120700100599,2015년 12월 7일 21시,월요일,경상남도 창원시 의창구 서상동,경상사고,0,0,1,0,차대차 - 정면충돌,안전운전불이행,건조,맑음,교차로 - 교차로안,승용,남,55세,상해없음,자전거,남,40세,경상
2015120700100622,2015년 12월 7일 22시,월요일,경상남도 거제시 아양동,경상사고,0,0,3,0,차대차 - 추돌 - 주정차중,안전운전불이행,건조,맑음,단일로 - 기타,승용,여,25세,상해없음,승용,남,55세,경상
2015120700100623,2015년 12월 7일 22시,월요일,경상남도 남해군 이동면,부상신고사고,0,0,0,1,차량단독 - 전도전복,안전운전불이행,건조,흐림,단일로 - 기타,화물,남,49세,부상신고,,,,
2015120800100017,2015년 12월 8일 00시,화요일,경상남도 김해시 외동,경상사고,0,0,2,0,차대차 - 추돌 - 진행중,안전운전불이행,건조,맑음,교차로 - 교차로안,승용,남,37세,경상,승합,남,66세,경상
2015120800100018,2015년 12월 8일 00시,화요일,경상남도 김해시 어방동,경상사고,0,0,3,0,차대차 - 추돌 - 진행중,안전운전불이행,건조,맑음,단일로 - 기타,승용,남,43세,상해없음,승용,남,54세,경상
2015120800100077,2015년 12월 8일 06시,화요일,경상남도 김해시 삼방동,중상사고,0,1,1,0,차대차 - 정면충돌,신호위반,건조,맑음,교차로 - 교차로안,승용,여,43세,경상,승용,여,47세,중상
2015120800100102,2015년 12월 8일 07시,화요일,경상남도 창원시 성산구 가음동,중상사고,0,1,0,0,차대차 - 측면직각충돌,안전운전불이행,건조,맑음,교차로 - 교차로부근,승용,남,41세,상해없음,승용,남,54세,중상
2015120800100147,2015년 12월 8일 08시,화요일,경상남도 창원시 진해구 경화동,경상사고,0,0,5,0,차대차 - 측면직각충돌,안전운전불이행,건조,맑음,단일로 - 기타,화물,남,59세,상해없음,승합,남,51세,경상
2015120800100148,2015년 12월 8일 08시,화요일,경상남도 김해시 어방동,경상사고,0,0,1,0,차대차 - 측면직각충돌,안전운전불이행,건조,맑음,교차로 - 교차로안,화물,남,59세,상해없음,승용,여,42세,경상
2015120800100149,2015년 12월 8일 08시,화요일,경상남도 양산시 물금읍,부상신고사고,0,0,0,1,차대차 - 측면직각충돌,직진우회전진행방해,건조,맑음,교차로 - 교차로안,승용,남,66세,상해없음,화물,남,22세,부상신고
2015120800100150,2015년 12월 8일 08시,화요일,경상남도 고성군 고성읍,경상사고,0,0,1,0,차대차 - 추돌 - 주정차중,안전운전불이행,건조,맑음,단일로 - 기타,화물,남,38세,상해없음,승용,여,55세,경상
2015120800100151,2015년 12월 8일 08시,화요일,경상남도 함안군 가야읍,경상사고,0,0,1,0,차대차 - 정면충돌,안전운전불이행,건조,맑음,교차로 - 교차로안,승용,여,49세,상해없음,승용,여,60세,경상
2015120800100153,2015년 12월 8일 08시,화요일,경상남도 김해시 장유면,중상사고,0,2,1,0,차대차 - 정면충돌,신호위반,건조,맑음,교차로 - 교차로안,승용,여,37세,상해없음,승용,여,37세,중상
2015120800100181,2015년 12월 8일 09시,화요일,경상남도 창원시 마산합포구 홍문동,중상사고,0,1,0,0,차대차 - 측면직각충돌,안전운전불이행,건조,맑음,교차로 - 교차로안,이륜,남,75세,중상,승용,남,55세,상해없음
2015120800100182,2015년 12월 8일 09시,화요일,경상남도 창원시 진해구 충무동,중상사고,0,1,0,0,차대사람 - 횡단중,신호위반,건조,맑음,교차로 - 교차로안,승합,남,56세,상해없음,보행자,여,76세,중상
2015120800100183,2015년 12월 8일 09시,화요일,경상남도 김해시 구산동,경상사고,0,0,1,0,차대차 - 측면직각충돌,안전운전불이행,건조,맑음,교차로 - 교차로부근,승용,여,60세,상해없음,승용,여,35세,경상
2015120800100217,2015년 12월 8일 10시,화요일,경상남도 통영시 동호동,중상사고,0,1,0,0,차대차 - 측면직각충돌,차로위반,건조,맑음,단일로 - 기타,화물,남,57세,상해없음,승용,남,59세,중상
2015120800100218,2015년 12월 8일 10시,화요일,경상남도 사천시 용현면,경상사고,0,0,2,0,차대차 - 측면직각충돌,신호위반,건조,맑음,교차로 - 교차로안,승용,여,43세,상해없음,승용,남,79세,경상
2015120800100274,2015년 12월 8일 12시,화요일,경상남도 사천시 용현면,경상사고,0,0,3,0,차대차 - 측면직각충돌,신호위반,건조,맑음,교차로 - 교차로안,화물,남,59세,상해없음,승용,여,38세,경상
2015120800100275,2015년 12월 8일 12시,화요일,경상남도 김해시 부원동,부상신고사고,0,0,0,1,차대사람 - 기타,안전운전불이행,건조,맑음,교차로 - 교차로안,승용,남,23세,상해없음,보행자,남,46세,부상신고
2015120800100276,2015년 12월 8일 12시,화요일,경상남도 김해시 안동,중상사고,0,1,0,0,차대사람 - 횡단중,신호위반,건조,맑음,교차로 - 교차로안,승용,여,52세,상해없음,보행자,남,18세,중상
2015120800100277,2015년 12월 8일 12시,화요일,경상남도 남해군 남해읍,중상사고,0,1,0,0,차대사람 - 횡단중,안전운전불이행,건조,맑음,단일로 - 기타,승용,남,57세,기타불명,보행자,여,69세,중상
2015120800100301,2015년 12월 8일 13시,화요일,경상남도 김해시 외동,중상사고,0,1,0,0,차대사람 - 횡단중,안전운전불이행,건조,맑음,단일로 - 기타,이륜,남,21세,상해없음,보행자,여,67세,중상
2015120800100302,2015년 12월 8일 13시,화요일,경상남도 창원시 마산회원구 합성동,경상사고,0,0,4,0,차대차 - 추돌 - 진행중,안전운전불이행,건조,맑음,교차로 - 교차로부근,승용,남,59세,상해없음,승용,여,45세,경상
2015120800100303,2015년 12월 8일 13시,화요일,경상남도 함안군 군북면,중상사고,0,3,1,0,차대차 - 정면충돌,안전운전불이행,건조,맑음,단일로 - 기타,승용,남,19세,기타불명,화물,남,66세,상해없음
2015120800100332,2015년 12월 8일 14시,화요일,경상남도 사천시 사천읍,중상사고,0,1,2,0,차대차 - 추돌 - 주정차중,안전운전불이행,건조,맑음,교차로 - 교차로부근,화물,남,71세,상해없음,화물,남,64세,경상
2015120800100333,2015년 12월 8일 14시,화요일,경상남도 양산시 평산동,중상사고,0,1,0,0,차대사람 - 횡단중,보행자보호의무위반,건조,맑음,단일로 - 기타,승용,여,39세,상해없음,보행자,남,9세,중상
2015120800100334,2015년 12월 8일 14시,화요일,경상남도 김해시 흥동,중상사고,0,1,1,0,차대차 - 정면충돌,신호위반,건조,맑음,교차로 - 교차로안,화물,남,53세,경상,원동기,남,60세,중상
2015120800100368,2015년 12월 8일 15시,화요일,경상남도 창원시 진해구 청안동,경상사고,0,0,1,0,차대사람 - 횡단중,보행자보호의무위반,건조,맑음,단일로 - 기타,승합,남,50세,상해없음,보행자,남,76세,경상
2015120800100369,2015년 12월 8일 15시,화요일,경상남도 함안군 가야읍,중상사고,0,1,0,0,차대차 - 정면충돌,안전운전불이행,건조,맑음,단일로 - 기타,화물,남,75세,상해없음,화물,남,55세,중상
2015120800100370,2015년 12월 8일 15시,화요일,경상남도 창원시 의창구 팔용동,경상사고,0,0,1,0,차대차 - 정면충돌,신호위반,건조,맑음,교차로 - 교차로안,승용,여,36세,상해없음,승합,남,68세,경상
2015120800100401,2015년 12월 8일 16시,화요일,경상남도 창원시 마산합포구 구산면,부상신고사고,0,0,0,1,차대차 - 정면충돌,중앙선침범,건조,맑음,단일로 - 기타,이륜,남,23세,부상신고,승합,남,53세,상해없음
2015120800100445,2015년 12월 8일 17시,화요일,경상남도 창원시 마산합포구 진북면,경상사고,0,0,1,0,차대차 - 추돌 - 진행중,안전운전불이행,건조,맑음,단일로 - 기타,화물,남,47세,상해없음,화물,남,70세,경상
2015120800100446,2015년 12월 8일 17시,화요일,경상남도 창원시 진해구 용원동,중상사고,0,1,0,0,차대사람 - 횡단중,보행자보호의무위반,건조,맑음,교차로 - 교차로부근,승용,남,58세,상해없음,보행자,여,56세,중상
2015120800100447,2015년 12월 8일 17시,화요일,경상남도 거제시 고현동,중상사고,0,2,0,0,차대차 - 추돌 - 주정차중,안전거리미확보,건조,맑음,단일로 - 기타,화물,남,61세,상해없음,승용,남,25세,중상
2015120800100448,2015년 12월 8일 17시,화요일,경상남도 산청군 시천면,경상사고,0,0,1,0,차대차 - 정면충돌,안전운전불이행,건조,맑음,단일로 - 기타,승용,남,58세,상해없음,화물,남,54세,경상
2015120800100487,2015년 12월 8일 18시,화요일,경상남도 김해시 상동면,중상사고,0,1,0,0,차량단독 - 도로외이탈 - 추락,안전운전불이행,건조,맑음,기타 - 기타,화물,남,60세,중상,,,,
2015120800100488,2015년 12월 8일 18시,화요일,경상남도 양산시 평산동,중상사고,0,1,0,0,차대사람 - 횡단중,안전운전불이행,건조,맑음,교차로 - 교차로부근,화물,남,58세,상해없음,보행자,여,59세,중상
2015120800100489,2015년 12월 8일 18시,화요일,경상남도 거제시 고현동,중상사고,0,1,0,0,차대사람 - 횡단중,교차로운행방법위반,건조,맑음,교차로 - 교차로부근,승용,남,43세,상해없음,보행자,남,53세,중상
2015120800100490,2015년 12월 8일 18시,화요일,경상남도 남해군 남해읍,중상사고,0,1,0,0,차대차 - 정면충돌,안전운전불이행,건조,맑음,교차로 - 교차로안,승용,남,28세,상해없음,승용,남,45세,중상
2015120800100491,2015년 12월 8일 18시,화요일,경상남도 함안군 군북면,경상사고,0,0,1,0,차대차 - 정면충돌,신호위반,건조,맑음,교차로 - 교차로안,승용,남,50세,상해없음,승용,남,38세,경상
2015120800100492,2015년 12월 8일 18시,화요일,경상남도 창원시 마산합포구 산호동,경상사고,0,0,1,0,차대사람 - 기타,안전운전불이행,건조,맑음,교차로 - 교차로안,승용,남,55세,상해없음,보행자,남,23세,경상
2015120800100493,2015년 12월 8일 18시,화요일,경상남도 김해시 장유면,경상사고,0,0,1,0,차대차 - 정면충돌,안전운전불이행,건조,맑음,교차로 - 교차로부근,이륜,남,54세,경상,승용,남,56세,상해없음
2015120800100527,2015년 12월 8일 19시,화요일,경상남도 거제시 일운면,중상사고,0,1,1,0,차대차 - 정면충돌,교차로운행방법위반,건조,맑음,교차로 - 교차로안,이륜,남,59세,경상,승용,남,43세,상해없음
2015120800100528,2015년 12월 8일 19시,화요일,경상남도 창원시 의창구 봉곡동,경상사고,0,0,1,0,차대사람 - 횡단중,보행자보호의무위반,건조,맑음,교차로 - 교차로안,원동기,남,22세,상해없음,보행자,여,72세,경상
2015120800100607,2015년 12월 8일 22시,화요일,경상남도 김해시 장유면,중상사고,0,1,0,0,차대차 - 정면충돌,안전운전불이행,건조,맑음,교차로 - 교차로부근,화물,남,38세,상해없음,승용,남,27세,중상
2015120800100634,2015년 12월 8일 23시,화요일,경상남도 창원시 의창구 중동,경상사고,0,0,2,0,차대차 - 정면충돌,안전운전불이행,건조,맑음,교차로 - 교차로부근,화물,남,41세,상해없음,승용,남,22세,경상
2015120900100054,2015년 12월 9일 04시,수요일,경상남도 양산시 물금읍,부상신고사고,0,0,0,1,차대차 - 측면직각충돌,안전운전불이행,건조,맑음,교차로 - 교차로안,승용,남,33세,상해없음,승용,남,50세,부상신고
2015120900100067,2015년 12월 9일 05시,수요일,경상남도 양산시 동면,부상신고사고,0,0,0,1,차대차 - 추돌 - 진행중,안전거리미확보,건조,맑음,단일로 - 기타,승합,남,51세,부상신고,승용,남,37세,상해없음
2015120900100079,2015년 12월 9일 06시,수요일,경상남도 거제시 수월동,경상사고,0,0,1,0,차대차 - 정면충돌,교차로운행방법위반,건조,맑음,교차로 - 교차로안,승용,남,35세,상해없음,승용,여,44세,경상
2015120900100080,2015년 12월 9일 06시,수요일,경상남도 함안군 칠서면,경상사고,0,0,1,0,차대차 - 정면충돌,안전운전불이행,건조,맑음,교차로 - 교차로부근,화물,남,57세,상해없음,승용,여,39세,경상
2015120900100109,2015년 12월 9일 07시,수요일,경상남도 양산시 남부동,경상사고,0,0,1,0,차대사람 - 횡단중,신호위반,건조,맑음,단일로 - 횡단보도상,승용,여,57세,상해없음,보행자,여,75세,경상
2015120900100110,2015년 12월 9일 07시,수요일,경상남도 거제시 아주동,경상사고,0,0,1,0,차대차 - 정면충돌,안전운전불이행,건조,맑음,단일로 - 기타,승용,남,35세,상해없음,자전거,남,47세,경상
2015120900100169,2015년 12월 9일 09시,수요일,경상남도 합천군 합천읍,중상사고,0,1,0,0,차대사람 - 길가장자리구역통행중,안전운전불이행,건조,맑음,단일로 - 기타,승용,여,39세,상해없음,보행자,여,73세,중상
2015120900100190,2015년 12월 9일 10시,수요일,경상남도 합천군 쌍백면,사망사고,1,0,0,0,차량단독 - 전도전복,안전운전불이행,건조,맑음,기타 - 기타,농기계,남,77세,사망,,,,
2015120900100214,2015년 12월 9일 11시,수요일,경상남도 남해군 창선면,중상사고,0,1,0,0,차대차 - 정면충돌,안전운전불이행,건조,맑음,교차로 - 교차로부근,승용,남,69세,상해없음,승용,여,41세,중상
2015120900100242,2015년 12월 9일 12시,수요일,경상남도 창원시 마산합포구 신포동1가,부상신고사고,0,0,0,1,차대차 - 기타,안전운전불이행,건조,맑음,교차로 - 교차로안,이륜,남,71세,부상신고,승용,남,49세,상해없음
2015120900100298,2015년 12월 9일 14시,수요일,경상남도 창원시 마산합포구 구산면,중상사고,0,2,0,0,차대차 - 정면충돌,안전운전불이행,건조,맑음,단일로 - 기타,승용,남,32세,상해없음,건설기계,남,40세,상해없음
2015120900100299,2015년 12월 9일 14시,수요일,경상남도 남해군 창선면,중상사고,0,1,0,0,차량단독 - 전도전복,안전운전불이행,건조,맑음,단일로 - 기타,승용,남,75세,중상,,,,
2015120900100331,2015년 12월 9일 15시,수요일,경상남도 창원시 마산합포구 월영동,경상사고,0,0,1,0,차대차 - 기타,불법유턴,건조,맑음,단일로 - 기타,화물,남,27세,상해없음,승합,남,53세,경상
2015120900100332,2015년 12월 9일 15시,수요일,경상남도 통영시 항남동,중상사고,0,1,0,0,차대차 - 정면충돌,안전운전불이행,건조,맑음,교차로 - 교차로부근,화물,남,44세,상해없음,승용,여,48세,중상
2015120900100361,2015년 12월 9일 16시,수요일,경상남도 거제시 문동동,중상사고,0,1,0,0,차대차 - 정면충돌,중앙선침범,건조,맑음,단일로 - 기타,승용,남,40세,상해없음,화물,남,45세,상해없음
2015120900100362,2015년 12월 9일 16시,수요일,경상남도 김해시 진례면,경상사고,0,0,1,0,차량단독 - 전도전복,안전운전불이행,건조,맑음,교차로 - 교차로부근,이륜,남,79세,경상,,,,
2015120900100363,2015년 12월 9일 16시,수요일,경상남도 고성군 대가면,중상사고,0,6,0,0,차대차 - 정면충돌,기타,건조,맑음,단일로 - 기타,승용,여,53세,기타불명,승용,여,66세,중상
2015120900100415,2015년 12월 9일 17시,수요일,경상남도 김해시 지내동,경상사고,0,0,1,0,차대차 - 측면직각충돌,신호위반,건조,맑음,교차로 - 교차로안,화물,남,55세,상해없음,승용,남,36세,경상
2015120900100416,2015년 12월 9일 17시,수요일,경상남도 하동군 진교면,중상사고,0,1,0,0,차대차 - 기타,직진우회전진행방해,건조,맑음,교차로 - 교차로안,승용,여,54세,상해없음,자전거,남,11세,중상
2015120900100417,2015년 12월 9일 17시,수요일,경상남도 거제시 옥포동,중상사고,0,1,0,0,차대사람 - 횡단중,안전운전불이행,건조,맑음,단일로 - 기타,화물,여,43세,상해없음,보행자,남,26세,중상
2015120900100472,2015년 12월 9일 18시,수요일,경상남도 통영시 도산면,경상사고,0,0,3,0,차대차 - 추돌 - 주정차중,안전운전불이행,건조,맑음,교차로 - 교차로부근,화물,남,54세,상해없음,승용,남,32세,경상
2015120900100473,2015년 12월 9일 18시,수요일,경상남도 거창군 거창읍,중상사고,0,1,0,0,차대차 - 측면직각충돌,신호위반,건조,맑음,교차로 - 교차로안,이륜,남,16세,상해없음,승용,남,41세,상해없음
2015120900100474,2015년 12월 9일 18시,수요일,경상남도 합천군 초계면,중상사고,0,1,0,0,차대사람 - 횡단중,안전운전불이행,건조,맑음,교차로 - 교차로안,승용,여,60세,상해없음,보행자,남,40세,중상
2015120900100475,2015년 12월 9일 18시,수요일,경상남도 거제시 하청면,경상사고,0,0,1,0,차대사람 - 길가장자리구역통행중,안전운전불이행,건조,맑음,단일로 - 기타,기타불명,기타불명,기타불명,기타불명,보행자,여,82세,경상
2015120900100476,2015년 12월 9일 18시,수요일,경상남도 거제시 아주동,경상사고,0,0,1,0,차대차 - 정면충돌,안전운전불이행,건조,맑음,단일로 - 기타,자전거,남,19세,기타불명,자전거,남,38세,경상
2015120900100578,2015년 12월 9일 21시,수요일,경상남도 창원시 진해구 이동,중상사고,0,1,0,0,차량단독 - 전도전복,안전운전불이행,건조,맑음,단일로 - 기타,자전거,남,58세,중상,,,,
2015120900100628,2015년 12월 9일 23시,수요일,경상남도 통영시 용남면,경상사고,0,0,1,0,차대차 - 추돌 - 주정차중,안전운전불이행,건조,맑음,교차로 - 교차로부근,승용,여,33세,상해없음,승용,남,57세,경상
2015121000100013,2015년 12월 10일 00시,목요일,경상남도 창원시 의창구 팔용동,경상사고,0,0,1,0,차대사람 - 횡단중,안전운전불이행,건조,흐림,교차로 - 교차로부근,승용,남,61세,상해없음,보행자,남,24세,경상
2015121000100030,2015년 12월 10일 01시,목요일,경상남도 밀양시 내이동,경상사고,0,0,1,0,차대사람 - 횡단중,안전운전불이행,건조,흐림,단일로 - 기타,승용,남,22세,상해없음,보행자,남,47세,경상
2015121000100042,2015년 12월 10일 02시,목요일,경상남도 창원시 성산구 남지동,경상사고,0,0,1,0,차대차 - 정면충돌,신호위반,건조,흐림,교차로 - 교차로안,승용,남,26세,상해없음,승용,여,61세,경상
2015121000100053,2015년 12월 10일 03시,목요일,경상남도 통영시 무전동,경상사고,0,0,1,0,차대차 - 추돌 - 주정차중,안전운전불이행,건조,맑음,교차로 - 교차로부근,승용,남,28세,상해없음,화물,여,49세,경상
2015121000100092,2015년 12월 10일 06시,목요일,경상남도 김해시 내동,부상신고사고,0,0,0,1,차대차 - 정면충돌,신호위반,습기,비,교차로 - 교차로안,이륜,남,63세,부상신고,승용,남,35세,상해없음
2015121000100123,2015년 12월 10일 07시,목요일,경상남도 통영시 무전동,경상사고,0,0,2,0,차대차 - 정면충돌,안전운전불이행,건조,맑음,교차로 - 교차로부근,화물,남,54세,상해없음,승용,남,29세,경상
2015121000100124,2015년 12월 10일 07시,목요일,경상남도 거제시 아양동,경상사고,0,0,1,0,차대사람 - 횡단중,안전운전불이행,습기,맑음,단일로 - 기타,이륜,남,29세,상해없음,보행자,여,46세,경상
2015121000100125,2015년 12월 10일 07시,목요일,경상남도 함안군 칠서면,경상사고,0,0,1,0,차량단독 - 공작물충돌,안전운전불이행,습기,비,단일로 - 기타,승용,남,69세,경상,,,,
2015121000100126,2015년 12월 10일 07시,목요일,경상남도 함안군 산인면,경상사고,0,0,1,0,차대차 - 측면직각충돌,안전거리미확보,습기,비,단일로 - 기타,기타불명,기타불명,기타불명,기타불명,승용,남,66세,경상
2015121000100193,2015년 12월 10일 09시,목요일,경상남도 창원시 마산합포구 교원동,경상사고,0,0,1,0,차대사람 - 기타,안전운전불이행,습기,비,교차로 - 교차로안,화물,남,45세,상해없음,보행자,여,58세,경상
2015121000100216,2015년 12월 10일 10시,목요일,경상남도 진주시 장대동,경상사고,0,0,1,0,차대사람 - 횡단중,안전운전불이행,건조,맑음,단일로 - 기타,승용,남,54세,상해없음,보행자,남,37세,경상
2015121000100233,2015년 12월 10일 11시,목요일,경상남도 김해시 봉황동,경상사고,0,0,1,0,차대사람 - 차도통행중,안전운전불이행,습기,비,단일로 - 기타,승용,남,38세,상해없음,보행자,남,54세,경상
2015121000100234,2015년 12월 10일 11시,목요일,경상남도 양산시 주진동,경상사고,0,0,1,0,차대차 - 기타,안전운전불이행,습기,비,교차로 - 교차로안,화물,남,56세,상해없음,승용,여,59세,경상
2015121000100267,2015년 12월 10일 12시,목요일,경상남도 김해시 어방동,중상사고,0,1,1,0,차대차 - 추돌 - 진행중,안전거리미확보,습기,비,단일로 - 기타,승용,남,37세,상해없음,승용,남,71세,경상
2015121000100298,2015년 12월 10일 13시,목요일,경상남도 김해시 삼계동,경상사고,0,0,1,0,차대차 - 추돌 - 주정차중,안전운전불이행,습기,비,단일로 - 기타,승용,남,63세,상해없음,승용,남,49세,경상
2015121000100299,2015년 12월 10일 13시,목요일,경상남도 김해시 삼계동,중상사고,0,2,0,0,차대차 - 정면충돌,중앙선침범,습기,비,단일로 - 기타,화물,남,68세,상해없음,승용,남,41세,중상
2015121000100301,2015년 12월 10일 13시,목요일,경상남도 거제시 장평동,경상사고,0,0,1,0,차대차 - 정면충돌,안전운전불이행,습기,비,단일로 - 기타,승용,여,61세,상해없음,승용,여,48세,경상
2015121000100302,2015년 12월 10일 13시,목요일,경상남도 창원시 의창구 동읍,중상사고,0,1,1,0,차대차 - 측면직각충돌,안전운전불이행,습기,비,교차로 - 교차로안,승용,여,40세,경상,승용,여,62세,중상
2015121000100329,2015년 12월 10일 14시,목요일,경상남도 양산시 덕계동,경상사고,0,0,1,0,차대차 - 정면충돌,안전거리미확보,습기,비,교차로 - 교차로안,건설기계,남,61세,상해없음,승용,남,38세,경상
2015121000100363,2015년 12월 10일 15시,목요일,경상남도 양산시 신기동,경상사고,0,0,1,0,차대차 - 정면충돌,안전거리미확보,건조,맑음,교차로 - 교차로부근,승용,남,43세,상해없음,승용,여,40세,경상
2015121000100444,2015년 12월 10일 17시,목요일,경상남도 통영시 정량동,부상신고사고,0,0,0,1,차대차 - 정면충돌,안전거리미확보,습기,비,단일로 - 기타,승용,남,52세,상해없음,승합,남,50세,상해없음
2015121000100445,2015년 12월 10일 17시,목요일,경상남도 밀양시 내이동,중상사고,0,2,0,0,차대사람 - 횡단중,안전운전불이행,습기,비,단일로 - 횡단보도상,승용,여,62세,상해없음,보행자,여,73세,중상
2015121000100446,2015년 12월 10일 17시,목요일,경상남도 함양군 수동면,경상사고,0,0,3,0,차대차 - 정면충돌,신호위반,습기,흐림,교차로 - 교차로안,승용,여,44세,상해없음,승용,여,29세,경상
2015121000100447,2015년 12월 10일 17시,목요일,경상남도 양산시 신기동,중상사고,0,1,0,0,차대차 - 정면충돌,신호위반,건조,맑음,교차로 - 교차로안,승용,남,49세,상해없음,승용,여,52세,중상
2015121000100510,2015년 12월 10일 18시,목요일,경상남도 진주시 하대동,중상사고,0,1,0,0,차대사람 - 횡단중,안전운전불이행,습기,비,단일로 - 기타,승용,남,31세,상해없음,보행자,남,13세,중상
2015121000100511,2015년 12월 10일 18시,목요일,경상남도 창원시 의창구 중동,경상사고,0,0,1,0,차대차 - 측면직각충돌,안전운전불이행,습기,비,교차로 - 교차로안,화물,남,39세,상해없음,승용,남,63세,경상
2015121000100512,2015년 12월 10일 18시,목요일,경상남도 창원시 의창구 동읍,경상사고,0,0,1,0,차대차 - 추돌 - 진행중,안전운전불이행,습기,비,단일로 - 기타,승용,남,26세,상해없음,승용,여,50세,경상
2015121000100573,2015년 12월 10일 19시,목요일,경상남도 창원시 마산합포구 성호동,경상사고,0,0,1,0,차대차 - 측면직각충돌,안전운전불이행,습기,비,단일로 - 기타,승용,여,40세,상해없음,승용,남,52세,경상
2015121000100574,2015년 12월 10일 19시,목요일,경상남도 창원시 진해구 용원동,경상사고,0,0,1,0,차대사람 - 횡단중,교차로운행방법위반,습기,비,교차로 - 교차로부근,승용,남,33세,상해없음,보행자,남,35세,경상
2015121000100575,2015년 12월 10일 19시,목요일,경상남도 김해시 외동,경상사고,0,0,1,0,차대차 - 정면충돌,안전운전불이행,습기,비,교차로 - 교차로부근,승용,여,47세,상해없음,승용,남,52세,상해없음
2015121000100576,2015년 12월 10일 19시,목요일,경상남도 거제시 장승포동,경상사고,0,0,1,0,차대사람 - 횡단중,신호위반,습기,비,교차로 - 교차로부근,이륜,남,47세,상해없음,보행자,남,34세,경상
2015121000100577,2015년 12월 10일 19시,목요일,경상남도 거제시 고현동,경상사고,0,0,1,0,차대사람 - 횡단중,보행자보호의무위반,습기,비,단일로 - 횡단보도상,화물,남,41세,상해없음,보행자,남,13세,경상
2015121000100578,2015년 12월 10일 19시,목요일,경상남도 창원시 마산회원구 구암동,중상사고,0,1,0,0,차대사람 - 횡단중,안전운전불이행,습기,비,교차로 - 교차로안,승용,남,39세,상해없음,보행자,남,42세,중상
2015121000100579,2015년 12월 10일 19시,목요일,경상남도 창원시 마산회원구 내서읍,중상사고,0,1,0,0,차대차 - 정면충돌,중앙선침범,습기,비,단일로 - 기타,승용,여,45세,상해없음,승용,여,48세,중상