사고번호,사고일시,요일,시군구,사고내용,사망자수,중상자수,경상자수,부상신고자수,사고유형,법규위반,노면상태,기상상태,도로형태,가해운전자 차종,가해운전자 성별,가해운전자 연령,가해운전자 상해정도,피해운전자 차종,피해운전자 성별,피해운전자 연령,피해운전자 상해정도
2015121000100580,2015년 12월 10일 19시,목요일,경상남도 창원시 마산회원구 구암동,중상사고,0,1,0,0,차대사람 - 횡단중,보행자보호의무위반,습기,비,교차로 - 교차로안,승용,여,30세,상해없음,보행자,남,49세,중상
2015121000100621,2015년 12월 10일 20시,목요일,경상남도 진주시 신안동,중상사고,0,1,0,0,차대사람 - 횡단중,안전운전불이행,건조,맑음,단일로 - 기타,승용,남,43세,상해없음,보행자,여,54세,중상
2015121000100622,2015년 12월 10일 20시,목요일,경상남도 양산시 덕계동,부상신고사고,0,0,0,1,차대사람 - 횡단중,안전운전불이행,건조,맑음,단일로 - 기타,이륜,남,45세,상해없음,보행자,남,65세,부상신고
2015121000100623,2015년 12월 10일 20시,목요일,경상남도 양산시 물금읍,경상사고,0,0,1,0,차대차 - 정면충돌,안전운전불이행,건조,맑음,단일로 - 기타,승용,남,38세,상해없음,승용,남,34세,경상
2015121000100624,2015년 12월 10일 20시,목요일,경상남도 거제시 옥포동,경상사고,0,0,1,0,차대차 - 정면충돌,신호위반,습기,비,교차로 - 교차로안,승용,남,61세,상해없음,승용,남,30세,경상
2015121000100625,2015년 12월 10일 20시,목요일,경상남도 창원시 성산구 가음동,경상사고,0,0,1,0,차대사람 - 횡단중,안전운전불이행,습기,비,단일로 - 기타,승용,여,66세,상해없음,보행자,여,68세,경상
2015121000100626,2015년 12월 10일 20시,목요일,경상남도 창원시 의창구 소답동,부상신고사고,0,0,0,1,차대차 - 정면충돌,신호위반,습기,비,단일로 - 기타,기타불명,기타불명,기타불명,기타불명,이륜,남,17세,부상신고
2015121000100670,2015년 12월 10일 21시,목요일,경상남도 고성군 고성읍,경상사고,0,0,1,0,차대사람 - 횡단중,안전운전불이행,습기,비,단일로 - 기타,원동기,남,34세,기타불명,보행자,남,56세,경상
2015121000100671,2015년 12월 10일 21시,목요일,경상남도 창원시 의창구 사림동,중상사고,0,1,0,0,차대차 - 정면충돌,안전운전불이행,습기,비,교차로 - 교차로안,승용,남,57세,상해없음,승용,남,31세,중상
2015121000100672,2015년 12월 10일 21시,목요일,경상남도 창원시 의창구 신월동,경상사고,0,0,1,0,차대차 - 정면충돌,안전운전불이행,습기,비,교차로 - 교차로안,승용,남,29세,상해없음,원동기,남,43세,경상
2015121000100711,2015년 12월 10일 22시,목요일,경상남도 통영시 광도면,경상사고,0,0,1,0,차대사람 - 횡단중,안전운전불이행,건조,흐림,단일로 - 기타,승용,남,32세,상해없음,보행자,남,46세,경상
2015121000100712,2015년 12월 10일 22시,목요일,경상남도 창녕군 부곡면,중상사고,0,1,0,0,차대차 - 정면충돌,안전운전불이행,습기,비,교차로 - 교차로부근,승용,남,58세,중상,승용,여,46세,상해없음
2015121000100713,2015년 12월 10일 22시,목요일,경상남도 양산시 북부동,경상사고,0,0,2,0,차대차 - 정면충돌,안전운전불이행,건조,맑음,교차로 - 교차로안,승용,남,47세,상해없음,승용,남,30세,경상
2015121100100015,2015년 12월 11일 00시,금요일,경상남도 창원시 마산합포구 동성동,중상사고,0,1,0,0,차대차 - 정면충돌,중앙선침범,습기,비,단일로 - 기타,승용,남,43세,상해없음,이륜,남,37세,중상
2015121100100016,2015년 12월 11일 00시,금요일,경상남도 창원시 의창구 봉곡동,경상사고,0,0,2,0,차대차 - 추돌 - 진행중,안전운전불이행,습기,비,교차로 - 교차로부근,승용,남,45세,상해없음,승용,남,59세,경상
2015121100100017,2015년 12월 11일 00시,금요일,경상남도 김해시 장유면,부상신고사고,0,0,0,1,차량단독 - 전도전복,안전운전불이행,습기,비,단일로 - 기타,승용,남,21세,부상신고,,,,
2015121100100039,2015년 12월 11일 01시,금요일,경상남도 김해시 외동,경상사고,0,0,1,0,차대사람 - 횡단중,신호위반,습기,비,교차로 - 교차로부근,승용,남,25세,상해없음,보행자,남,44세,경상
2015121100100040,2015년 12월 11일 01시,금요일,경상남도 거제시 능포동,경상사고,0,0,1,0,차대사람 - 기타,보행자보호의무위반,건조,맑음,단일로 - 기타,승용,남,64세,상해없음,보행자,남,36세,경상
2015121100100051,2015년 12월 11일 02시,금요일,경상남도 고성군 고성읍,중상사고,0,1,0,0,차대사람 - 횡단중,안전운전불이행,습기,비,단일로 - 기타,승용,남,35세,기타불명,보행자,여,49세,중상
2015121100100062,2015년 12월 11일 03시,금요일,경상남도 창원시 마산합포구 신포동1가,경상사고,0,0,1,0,차대차 - 측면직각충돌,안전운전불이행,습기,비,교차로 - 교차로안,승용,남,54세,상해없음,승용,남,59세,경상
2015121100100069,2015년 12월 11일 04시,금요일,경상남도 진주시 본성동,경상사고,0,0,1,0,차대사람 - 횡단중,안전운전불이행,건조,맑음,단일로 - 기타,승용,남,20세,상해없음,보행자,남,68세,경상
2015121100100075,2015년 12월 11일 05시,금요일,경상남도 창원시 의창구 용호동,중상사고,0,1,0,0,차대사람 - 횡단중,안전운전불이행,습기,비,단일로 - 기타,승용,남,70세,상해없음,보행자,여,70세,중상
2015121100100092,2015년 12월 11일 06시,금요일,경상남도 창원시 진해구 안골동,경상사고,0,0,1,0,차대차 - 정면충돌,안전운전불이행,습기,비,단일로 - 교량,승용,남,69세,상해없음,이륜,남,64세,경상
2015121100100093,2015년 12월 11일 06시,금요일,경상남도 거제시 아주동,중상사고,0,2,0,0,차대차 - 정면충돌,신호위반,습기,흐림,교차로 - 교차로안,승합,남,47세,상해없음,승용,남,43세,중상
2015121100100094,2015년 12월 11일 06시,금요일,경상남도 김해시 이동,경상사고,0,0,2,0,차대차 - 측면직각충돌,안전운전불이행,습기,비,단일로 - 기타,승용,남,35세,경상,승용,남,53세,경상
2015121100100095,2015년 12월 11일 06시,금요일,경상남도 창원시 의창구 북면,부상신고사고,0,0,0,3,차대차 - 정면충돌,안전운전불이행,습기,비,단일로 - 기타,기타불명,기타불명,기타불명,기타불명,승용,남,38세,부상신고
2015121100100116,2015년 12월 11일 07시,금요일,경상남도 창녕군 창녕읍,중상사고,0,1,0,0,차대사람 - 횡단중,안전운전불이행,습기,안개,교차로 - 교차로부근,화물,남,42세,상해없음,보행자,여,79세,중상
2015121100100157,2015년 12월 11일 08시,금요일,경상남도 김해시 외동,경상사고,0,0,1,0,차대차 - 추돌 - 진행중,안전운전불이행,건조,맑음,교차로 - 교차로안,승용,여,50세,상해없음,승용,남,30세,경상
2015121100100183,2015년 12월 11일 09시,금요일,경상남도 진주시 가좌동,중상사고,0,1,1,1,차대차 - 정면충돌,중앙선침범,습기,비,교차로 - 교차로부근,화물,남,21세,경상,승용,여,43세,부상신고
2015121100100248,2015년 12월 11일 11시,금요일,경상남도 창원시 의창구 용호동,부상신고사고,0,0,0,2,차대차 - 정면충돌,안전운전불이행,습기,비,단일로 - 기타,승용,남,59세,상해없음,승용,남,59세,부상신고
2015121100100249,2015년 12월 11일 11시,금요일,경상남도 창원시 의창구 봉곡동,경상사고,0,0,1,0,차대차 - 정면충돌,안전운전불이행,건조,맑음,단일로 - 기타,승용,남,45세,상해없음,승용,남,36세,경상
2015121100100276,2015년 12월 11일 12시,금요일,경상남도 창원시 진해구 경화동,중상사고,0,1,0,0,차대차 - 측면직각충돌,안전거리미확보,습기,비,단일로 - 기타,화물,남,35세,상해없음,승용,남,71세,중상
2015121100100277,2015년 12월 11일 12시,금요일,경상남도 창원시 마산회원구 봉암동,경상사고,0,0,1,0,차대차 - 정면충돌,안전운전불이행,건조,맑음,단일로 - 기타,건설기계,남,37세,상해없음,승합,여,45세,경상
2015121100100316,2015년 12월 11일 13시,금요일,경상남도 창녕군 대합면,중상사고,0,1,1,0,차대차 - 정면충돌,안전운전불이행,습기,흐림,교차로 - 교차로부근,화물,남,55세,상해없음,승용,남,56세,중상
2015121100100317,2015년 12월 11일 13시,금요일,경상남도 양산시 중부동,중상사고,0,1,0,0,차대사람 - 횡단중,안전운전불이행,건조,맑음,교차로 - 교차로안,승용,남,67세,상해없음,보행자,여,71세,중상
2015121100100350,2015년 12월 11일 14시,금요일,경상남도 산청군 단성면,경상사고,0,0,2,0,차대차 - 정면충돌,안전운전불이행,습기,비,단일로 - 기타,승용,남,63세,상해없음,화물,여,57세,경상
2015121100100382,2015년 12월 11일 15시,금요일,경상남도 진주시 상대동,경상사고,0,0,2,0,차대차 - 정면충돌,차로위반,습기,비,단일로 - 기타,승용,남,30세,상해없음,화물,남,64세,경상
2015121100100383,2015년 12월 11일 15시,금요일,경상남도 양산시 중부동,경상사고,0,0,1,1,차대차 - 정면충돌,신호위반,건조,맑음,교차로 - 교차로부근,승용,여,47세,상해없음,승용,여,35세,부상신고
2015121100100384,2015년 12월 11일 15시,금요일,경상남도 거제시 옥포동,중상사고,0,1,0,0,차대사람 - 횡단중,안전운전불이행,건조,맑음,교차로 - 교차로부근,화물,남,44세,상해없음,보행자,여,67세,중상
2015121100100468,2015년 12월 11일 17시,금요일,경상남도 거제시 장평동,경상사고,0,0,1,0,차대차 - 추돌 - 진행중,교차로운행방법위반,건조,맑음,교차로 - 교차로부근,승용,남,54세,상해없음,승용,여,35세,경상
2015121100100469,2015년 12월 11일 17시,금요일,경상남도 김해시 장유면,중상사고,0,1,0,0,차대차 - 정면충돌,안전운전불이행,건조,맑음,교차로 - 교차로안,승용,여,50세,상해없음,원동기,여,31세,중상
2015121100100529,2015년 12월 11일 18시,금요일,경상남도 함양군 지곡면,중상사고,0,1,0,0,차대사람 - 횡단중,안전운전불이행,습기,비,교차로 - 교차로안,화물,남,50세,상해없음,보행자,여,82세,중상
2015121100100530,2015년 12월 11일 18시,금요일,경상남도 창원시 마산회원구 석전동,경상사고,0,0,1,0,차대차 - 정면충돌,안전운전불이행,건조,맑음,단일로 - 기타,승용,남,48세,상해없음,승용,여,37세,경상
2015121100100578,2015년 12월 11일 19시,금요일,경상남도 거창군 거창읍,중상사고,0,2,0,0,차대차 - 측면직각충돌,직진우회전진행방해,건조,맑음,교차로 - 교차로안,승용,남,68세,중상,화물,남,39세,중상
2015121100100579,2015년 12월 11일 19시,금요일,경상남도 양산시 북정동,중상사고,0,1,0,0,차대차 - 정면충돌,직진우회전진행방해,건조,맑음,교차로 - 교차로안,승용,남,58세,상해없음,원동기,남,56세,중상
2015121100100581,2015년 12월 11일 19시,금요일,경상남도 하동군 옥종면,경상사고,0,0,1,0,차대차 - 정면충돌,중앙선침범,건조,맑음,단일로 - 기타,승용,남,69세,상해없음,승합,남,45세,경상
2015121100100582,2015년 12월 11일 19시,금요일,경상남도 김해시 장유면,경상사고,0,0,1,0,차대차 - 정면충돌,신호위반,건조,맑음,교차로 - 교차로안,승용,남,45세,경상,승용,남,61세,상해없음
2015121100100623,2015년 12월 11일 20시,금요일,경상남도 밀양시 무안면,중상사고,0,2,0,0,차대차 - 정면충돌,안전운전불이행,건조,맑음,단일로 - 기타,승용,남,22세,상해없음,승용,남,38세,중상
2015121100100649,2015년 12월 11일 21시,금요일,경상남도 김해시 동상동,중상사고,0,1,0,0,차대사람 - 횡단중,안전운전불이행,건조,맑음,교차로 - 교차로안,승용,여,33세,상해없음,보행자,여,5세,중상
2015121100100677,2015년 12월 11일 22시,금요일,경상남도 창원시 마산합포구 해운동,경상사고,0,0,1,0,차대차 - 정면충돌,안전운전불이행,건조,맑음,교차로 - 교차로안,승용,남,61세,상해없음,이륜,남,18세,경상
2015121100100678,2015년 12월 11일 22시,금요일,경상남도 양산시 물금읍,경상사고,0,0,1,1,차대차 - 정면충돌,직진우회전진행방해,건조,맑음,기타 - 기타,승용,여,24세,부상신고,이륜,남,39세,경상
2015121100100719,2015년 12월 11일 23시,금요일,경상남도 사천시 용강동,중상사고,0,1,0,0,차대사람 - 기타,안전운전불이행,건조,맑음,교차로 - 교차로안,승용,남,33세,상해없음,보행자,남,65세,중상
2015121200100030,2015년 12월 12일 00시,토요일,경상남도 진주시 상대동,중상사고,0,1,0,0,차대사람 - 횡단중,안전운전불이행,건조,맑음,교차로 - 교차로안,승용,남,49세,상해없음,보행자,남,39세,중상
2015121200100056,2015년 12월 12일 01시,토요일,경상남도 창원시 성산구 상남동,경상사고,0,0,1,0,차대사람 - 횡단중,안전운전불이행,건조,맑음,단일로 - 기타,승용,남,61세,상해없음,보행자,남,29세,경상
2015121200100057,2015년 12월 12일 01시,토요일,경상남도 김해시 진례면,중상사고,0,1,0,0,차량단독 - 전도전복,안전운전불이행,건조,맑음,단일로 - 기타,승용,남,36세,중상,,,,
2015121200100073,2015년 12월 12일 02시,토요일,경상남도 거제시 고현동,경상사고,0,0,1,0,차대차 - 정면충돌,안전운전불이행,건조,맑음,단일로 - 기타,승용,남,33세,상해없음,승용,여,53세,경상
2015121200100074,2015년 12월 12일 02시,토요일,경상남도 창원시 성산구 가음정동,중상사고,0,1,0,0,차대차 - 정면충돌,신호위반,건조,맑음,교차로 - 교차로안,이륜,남,21세,기타불명,이륜,남,23세,중상
2015121200100109,2015년 12월 12일 04시,토요일,경상남도 양산시 신기동,경상사고,0,0,2,2,차대차 - 측면직각충돌,안전운전불이행,건조,맑음,기타 - 기타,승용,남,35세,상해없음,승용,여,47세,경상
2015121200100121,2015년 12월 12일 06시,토요일,경상남도 김해시 강동,중상사고,0,3,1,0,차대차 - 기타,안전거리미확보,건조,맑음,단일로 - 기타,승용,남,41세,상해없음,승용,남,46세,중상
2015121200100134,2015년 12월 12일 06시,토요일,경상남도 김해시 불암동,경상사고,0,0,1,0,차대차 - 정면충돌,신호위반,건조,맑음,교차로 - 교차로부근,자전거,남,24세,경상,승용,남,38세,상해없음
2015121200100161,2015년 12월 12일 07시,토요일,경상남도 밀양시 무안면,중상사고,0,1,0,0,차대차 - 측면직각충돌,교차로운행방법위반,건조,맑음,교차로 - 교차로안,화물,여,58세,상해없음,화물,남,56세,상해없음
2015121200100176,2015년 12월 12일 08시,토요일,경상남도 진주시 신안동,경상사고,0,0,1,0,차대차 - 정면충돌,안전운전불이행,건조,맑음,단일로 - 기타,승용,여,24세,상해없음,화물,남,52세,경상
2015121200100177,2015년 12월 12일 08시,토요일,경상남도 김해시 외동,경상사고,0,0,1,0,차대차 - 정면충돌,안전거리미확보,건조,맑음,단일로 - 기타,이륜,여,23세,경상,승용,남,60세,상해없음
2015121200100202,2015년 12월 12일 09시,토요일,경상남도 진주시 평거동,사망사고,1,0,0,0,차대사람 - 횡단중,안전운전불이행,습기,맑음,단일로 - 기타,승용,남,36세,상해없음,보행자,남,69세,사망
2015121200100204,2015년 12월 12일 09시,토요일,경상남도 창원시 성산구 남양동,경상사고,0,0,1,0,차대사람 - 횡단중,안전운전불이행,건조,맑음,교차로 - 교차로안,승용,남,68세,상해없음,보행자,남,16세,경상
2015121200100225,2015년 12월 12일 10시,토요일,경상남도 진주시 중안동,중상사고,0,1,0,0,차대사람 - 횡단중,보행자보호의무위반,건조,맑음,교차로 - 교차로안,승합,남,44세,상해없음,보행자,여,76세,중상
2015121200100226,2015년 12월 12일 10시,토요일,경상남도 함안군 가야읍,중상사고,0,1,0,0,차대차 - 정면충돌,중앙선침범,건조,맑음,단일로 - 기타,이륜,남,69세,중상,승용,여,35세,상해없음
2015121200100227,2015년 12월 12일 10시,토요일,경상남도 창원시 의창구 도계동,중상사고,0,1,0,0,차대사람 - 횡단중,안전운전불이행,건조,맑음,단일로 - 기타,승용,여,34세,상해없음,보행자,여,52세,중상
2015121200100256,2015년 12월 12일 11시,토요일,경상남도 창원시 마산합포구 완월동,중상사고,0,1,0,0,차량단독 - 기타,안전운전불이행,건조,맑음,단일로 - 기타,승합,남,37세,상해없음,,,,
2015121200100257,2015년 12월 12일 11시,토요일,경상남도 합천군 합천읍,경상사고,0,0,1,0,차대사람 - 횡단중,안전운전불이행,건조,맑음,단일로 - 기타,화물,남,59세,상해없음,보행자,남,56세,경상
2015121200100296,2015년 12월 12일 12시,토요일,경상남도 밀양시 상동면,경상사고,0,0,1,0,차대차 - 정면충돌,안전운전불이행,건조,맑음,단일로 - 기타,화물,남,63세,상해없음,승용,여,56세,경상
2015121200100297,2015년 12월 12일 12시,토요일,경상남도 합천군 율곡면,중상사고,0,1,2,0,차대차 - 정면충돌,안전운전불이행,건조,맑음,단일로 - 기타,화물,남,71세,상해없음,승용,남,53세,경상
2015121200100298,2015년 12월 12일 12시,토요일,경상남도 하동군 하동읍,경상사고,0,0,1,0,차대사람 - 길가장자리구역통행중,안전운전불이행,건조,맑음,단일로 - 기타,승용,남,38세,상해없음,보행자,여,36세,경상
2015121200100377,2015년 12월 12일 14시,토요일,경상남도 통영시 항남동,부상신고사고,0,0,0,1,차대사람 - 횡단중,안전운전불이행,건조,맑음,단일로 - 기타,승용,여,41세,상해없음,보행자,남,49세,부상신고
2015121200100411,2015년 12월 12일 15시,토요일,경상남도 통영시 미수동,중상사고,0,1,4,0,차대차 - 추돌 - 주정차중,안전운전불이행,건조,맑음,단일로 - 기타,승용,여,34세,상해없음,승용,여,56세,경상
2015121200100430,2015년 12월 12일 16시,토요일,경상남도 통영시 북신동,경상사고,0,0,2,0,차대차 - 정면충돌,안전운전불이행,건조,맑음,단일로 - 기타,승용,남,23세,상해없음,승용,남,25세,경상
2015121200100431,2015년 12월 12일 16시,토요일,경상남도 김해시 대동면,경상사고,0,0,5,0,차대차 - 정면충돌,안전운전불이행,건조,맑음,교차로 - 교차로안,승용,여,43세,경상,승용,여,32세,경상
2015121200100465,2015년 12월 12일 17시,토요일,경상남도 합천군 초계면,중상사고,0,1,1,0,차대차 - 정면충돌,안전운전불이행,건조,맑음,단일로 - 기타,화물,남,63세,기타불명,화물,남,71세,중상
2015121200100466,2015년 12월 12일 17시,토요일,경상남도 양산시 동면,중상사고,0,1,0,0,차대사람 - 기타,안전운전불이행,건조,맑음,미분류 - 미분류,승용,남,56세,상해없음,보행자,여,76세,중상
2015121200100523,2015년 12월 12일 18시,토요일,경상남도 양산시 북부동,경상사고,0,0,1,0,차대차 - 정면충돌,신호위반,건조,맑음,교차로 - 교차로안,승용,남,51세,상해없음,승용,남,47세,경상
2015121200100524,2015년 12월 12일 18시,토요일,경상남도 거제시 장승포동,경상사고,0,0,2,0,차대차 - 측면직각충돌,교차로운행방법위반,건조,맑음,교차로 - 교차로안,화물,남,43세,상해없음,승용,여,59세,경상
2015121200100525,2015년 12월 12일 18시,토요일,경상남도 함안군 칠북면,중상사고,0,5,0,0,차대차 - 추돌 - 주정차중,안전운전불이행,건조,맑음,단일로 - 기타,승용,남,52세,기타불명,화물,남,51세,중상
2015121200100526,2015년 12월 12일 18시,토요일,경상남도 창원시 의창구 봉곡동,경상사고,0,0,1,0,차대차 - 정면충돌,안전운전불이행,건조,맑음,교차로 - 교차로안,원동기,남,19세,경상,승용,여,46세,상해없음
2015121200100560,2015년 12월 12일 19시,토요일,경상남도 창원시 마산합포구 해운동,경상사고,0,0,6,0,차대차 - 추돌 - 주정차중,안전운전불이행,건조,맑음,단일로 - 기타,승용,남,37세,상해없음,승용,남,34세,경상
2015121200100561,2015년 12월 12일 19시,토요일,경상남도 거제시 상동동,중상사고,0,1,0,0,차대사람 - 횡단중,교차로운행방법위반,건조,맑음,교차로 - 교차로안,이륜,남,16세,상해없음,보행자,남,73세,중상
2015121200100586,2015년 12월 12일 20시,토요일,경상남도 밀양시 단장면,사망사고,1,0,0,0,차대사람 - 기타,안전운전불이행,건조,맑음,단일로 - 기타,승용,여,61세,상해없음,보행자,남,67세,사망
2015121200100587,2015년 12월 12일 20시,토요일,경상남도 김해시 봉황동,경상사고,0,0,1,0,차대차 - 기타,안전운전불이행,건조,맑음,교차로 - 교차로안,원동기,남,17세,경상,승용,여,63세,상해없음
2015121200100621,2015년 12월 12일 21시,토요일,경상남도 김해시 서상동,중상사고,0,4,0,0,차대차 - 측면직각충돌,안전운전불이행,건조,맑음,교차로 - 교차로안,승용,남,21세,상해없음,승용,남,25세,중상
2015121200100622,2015년 12월 12일 21시,토요일,경상남도 고성군 고성읍,중상사고,0,1,0,0,차대차 - 정면충돌,안전운전불이행,건조,맑음,교차로 - 교차로안,승용,남,48세,상해없음,이륜,남,18세,중상
2015121200100623,2015년 12월 12일 21시,토요일,경상남도 창원시 마산회원구 내서읍,중상사고,0,1,3,0,차대차 - 측면직각충돌,신호위반,건조,맑음,교차로 - 교차로안,승용,남,43세,상해없음,승합,남,57세,경상
2015121200100694,2015년 12월 12일 23시,토요일,경상남도 밀양시 삼문동,중상사고,0,1,1,0,차대차 - 추돌 - 주정차중,안전운전불이행,건조,맑음,단일로 - 기타,승용,남,31세,상해없음,승용,남,42세,중상
2015121200100695,2015년 12월 12일 23시,토요일,경상남도 양산시 하북면,경상사고,0,0,1,0,차대차 - 정면충돌,중앙선침범,건조,맑음,단일로 - 기타,승용,여,50세,상해없음,승용,남,53세,경상
2015121200100696,2015년 12월 12일 23시,토요일,경상남도 거제시 장평동,경상사고,0,0,1,0,차대차 - 측면직각충돌,교차로운행방법위반,건조,맑음,교차로 - 교차로안,승용,남,29세,상해없음,승용,남,61세,상해없음
2015121200100698,2015년 12월 12일 23시,토요일,경상남도 창원시 마산회원구 양덕동,중상사고,0,1,0,0,차대차 - 추돌 - 주정차중,안전운전불이행,건조,맑음,단일로 - 기타,이륜,남,33세,중상,승합,남,48세,상해없음
2015121300100048,2015년 12월 13일 01시,일요일,경상남도 통영시 광도면,경상사고,0,0,1,0,차대사람 - 횡단중,안전운전불이행,건조,맑음,교차로 - 교차로안,승합,여,47세,상해없음,보행자,남,44세,경상
2015121300100049,2015년 12월 13일 01시,일요일,경상남도 사천시 용현면,중상사고,0,3,0,0,차대차 - 정면충돌,중앙선침범,건조,맑음,교차로 - 교차로부근,승용,남,24세,상해없음,승용,남,22세,중상
2015121300100070,2015년 12월 13일 02시,일요일,경상남도 양산시 하북면,중상사고,0,2,0,0,차대차 - 정면충돌,중앙선침범,건조,맑음,단일로 - 기타,승용,여,58세,중상,승용,여,59세,중상
2015121300100071,2015년 12월 13일 02시,일요일,경상남도 창원시 마산회원구 회성동,부상신고사고,0,0,0,2,차대차 - 기타,안전운전불이행,건조,맑음,단일로 - 기타,승용,남,21세,상해없음,승용,남,32세,부상신고
2015121300100088,2015년 12월 13일 03시,일요일,경상남도 사천시 사천읍,경상사고,0,0,1,0,차대사람 - 횡단중,안전운전불이행,건조,맑음,단일로 - 기타,승용,남,25세,상해없음,보행자,남,34세,경상
2015121300100097,2015년 12월 13일 04시,일요일,경상남도 남해군 창선면,사망사고,1,0,0,0,차량단독 - 전도전복,안전운전불이행,건조,흐림,단일로 - 기타,승용,여,60세,사망,,,,
2015121300100098,2015년 12월 13일 04시,일요일,경상남도 창원시 마산회원구 양덕동,경상사고,0,0,2,0,차대차 - 측면직각충돌,신호위반,건조,맑음,교차로 - 교차로안,이륜,남,17세,상해없음,승용,여,31세,경상
2015121300100099,2015년 12월 13일 04시,일요일,경상남도 창원시 마산회원구 석전동,경상사고,0,0,1,0,차대차 - 정면충돌,신호위반,건조,맑음,교차로 - 교차로안,승용,남,23세,상해없음,승용,남,51세,경상
2015121300100114,2015년 12월 13일 05시,일요일,경상남도 사천시 신벽동,중상사고,0,1,0,0,차량단독 - 전도전복,안전운전불이행,건조,맑음,단일로 - 기타,승용,여,41세,중상,,,,
2015121300100127,2015년 12월 13일 06시,일요일,경상남도 양산시 물금읍,중상사고,0,1,0,0,차대차 - 정면충돌,안전운전불이행,습기,흐림,교차로 - 교차로부근,승용,남,29세,중상,기타불명,기타불명,기타불명,기타불명
2015121300100140,2015년 12월 13일 07시,일요일,경상남도 사천시 용현면,경상사고,0,0,1,0,차대차 - 기타,안전운전불이행,건조,맑음,교차로 - 교차로부근,이륜,남,38세,경상,승용,여,50세,상해없음
2015121300100141,2015년 12월 13일 07시,일요일,경상남도 창원시 성산구 남양동,중상사고,0,1,0,0,차대차 - 기타,안전운전불이행,건조,맑음,교차로 - 교차로안,승용,여,69세,상해없음,자전거,남,75세,중상
2015121300100164,2015년 12월 13일 08시,일요일,경상남도 창원시 마산합포구 신포동2가,중상사고,0,1,0,0,차대차 - 정면충돌,안전거리미확보,건조,맑음,단일로 - 기타,승합,남,51세,상해없음,이륜,남,32세,중상
2015121300100196,2015년 12월 13일 10시,일요일,경상남도 거제시 옥포동,중상사고,0,1,1,0,차대차 - 정면충돌,신호위반,건조,맑음,교차로 - 교차로안,승용,여,21세,상해없음,승용,남,43세,중상
2015121300100216,2015년 12월 13일 11시,일요일,경상남도 김해시 부원동,경상사고,0,0,3,0,차대차 - 정면충돌,안전운전불이행,건조,맑음,교차로 - 교차로안,승용,남,58세,상해없음,승용,여,47세,경상
2015121300100217,2015년 12월 13일 11시,일요일,경상남도 거제시 상동동,경상사고,0,0,2,0,차대차 - 정면충돌,안전운전불이행,건조,맑음,교차로 - 교차로안,승용,남,43세,상해없음,승용,여,26세,경상
2015121300100320,2015년 12월 13일 15시,일요일,경상남도 통영시 평림동,경상사고,0,0,1,0,차대차 - 정면충돌,안전운전불이행,건조,맑음,단일로 - 기타,승용,남,50세,상해없음,이륜,남,24세,상해없음
2015121300100321,2015년 12월 13일 15시,일요일,경상남도 산청군 신안면,중상사고,0,2,0,0,차대차 - 정면충돌,교차로운행방법위반,건조,맑음,교차로 - 교차로안,승용,남,59세,상해없음,화물,남,51세,중상
2015121300100354,2015년 12월 13일 16시,일요일,경상남도 양산시 유산동,경상사고,0,0,1,0,차대차 - 정면충돌,안전운전불이행,건조,맑음,단일로 - 기타,이륜,남,72세,상해없음,자전거,남,8세,경상
2015121300100384,2015년 12월 13일 17시,일요일,경상남도 통영시 광도면,경상사고,0,0,1,0,차대차 - 정면충돌,안전운전불이행,건조,맑음,교차로 - 교차로안,승용,남,46세,상해없음,자전거,남,11세,경상
2015121300100385,2015년 12월 13일 17시,일요일,경상남도 밀양시 가곡동,중상사고,0,1,0,0,차대사람 - 횡단중,안전운전불이행,건조,맑음,교차로 - 교차로안,승용,여,55세,상해없음,보행자,여,57세,중상
2015121300100386,2015년 12월 13일 17시,일요일,경상남도 양산시 명동,경상사고,0,0,1,0,차대사람 - 기타,안전운전불이행,건조,맑음,단일로 - 기타,승용,남,44세,상해없음,보행자,여,13세,경상
2015121300100418,2015년 12월 13일 18시,일요일,경상남도 김해시 외동,경상사고,0,0,2,0,차대차 - 정면충돌,안전운전불이행,건조,맑음,단일로 - 기타,승용,남,36세,상해없음,승용,남,41세,경상
2015121300100419,2015년 12월 13일 18시,일요일,경상남도 양산시 북정동,중상사고,0,1,0,0,차대사람 - 횡단중,안전운전불이행,건조,맑음,단일로 - 기타,승용,남,58세,상해없음,보행자,남,42세,중상
2015121300100420,2015년 12월 13일 18시,일요일,경상남도 양산시 동면,경상사고,0,0,1,0,차대사람 - 횡단중,안전운전불이행,건조,맑음,교차로 - 교차로안,화물,남,63세,상해없음,보행자,여,57세,경상
2015121300100421,2015년 12월 13일 18시,일요일,경상남도 거제시 연초면,경상사고,0,0,2,0,차대차 - 정면충돌,안전거리미확보,건조,맑음,단일로 - 기타,승용,남,61세,기타불명,승용,남,30세,경상
2015121300100422,2015년 12월 13일 18시,일요일,경상남도 김해시 풍유동,중상사고,0,4,1,0,차대차 - 정면충돌,중앙선침범,건조,맑음,미분류 - 미분류,승용,여,44세,중상,화물,남,33세,중상