사고번호,사고일시,요일,시군구,사고내용,사망자수,중상자수,경상자수,부상신고자수,사고유형,법규위반,노면상태,기상상태,도로형태,가해운전자 차종,가해운전자 성별,가해운전자 연령,가해운전자 상해정도,피해운전자 차종,피해운전자 성별,피해운전자 연령,피해운전자 상해정도
2015122100100224,2015년 12월 21일 10시,월요일,경상남도 사천시 곤명면,경상사고,0,0,1,0,차대차 - 정면충돌,직진우회전진행방해,건조,맑음,교차로 - 교차로안,원동기,남,77세,경상,승용,여,54세,상해없음
2015122100100260,2015년 12월 21일 11시,월요일,경상남도 김해시 장유면,중상사고,0,2,0,0,차대차 - 정면충돌,교차로운행방법위반,건조,맑음,교차로 - 교차로안,승용,남,58세,상해없음,승합,남,33세,중상
2015122100100286,2015년 12월 21일 12시,월요일,경상남도 사천시 사천읍,중상사고,0,1,1,0,차대차 - 정면충돌,안전운전불이행,건조,맑음,교차로 - 교차로부근,화물,남,54세,상해없음,승용,남,26세,경상
2015122100100287,2015년 12월 21일 12시,월요일,경상남도 창원시 성산구 상남동,중상사고,0,1,0,0,차대차 - 측면직각충돌,안전운전불이행,건조,맑음,교차로 - 교차로안,승용,남,29세,상해없음,자전거,여,47세,중상
2015122100100288,2015년 12월 21일 12시,월요일,경상남도 창원시 의창구 동읍,중상사고,0,1,0,0,차대사람 - 횡단중,안전운전불이행,건조,흐림,단일로 - 기타,승용,남,38세,상해없음,보행자,여,70세,중상
2015122100100315,2015년 12월 21일 13시,월요일,경상남도 통영시 도천동,경상사고,0,0,1,0,차대사람 - 차도통행중,안전운전불이행,건조,맑음,단일로 - 기타,승합,남,26세,상해없음,보행자,남,39세,경상
2015122100100316,2015년 12월 21일 13시,월요일,경상남도 김해시 삼정동,부상신고사고,0,0,0,1,차대차 - 정면충돌,직진우회전진행방해,건조,맑음,교차로 - 교차로안,승용,여,43세,부상신고,화물,남,43세,상해없음
2015122100100345,2015년 12월 21일 14시,월요일,경상남도 창원시 성산구 반림동,중상사고,0,1,0,0,차대사람 - 횡단중,보행자보호의무위반,건조,맑음,교차로 - 교차로안,승용,남,44세,상해없음,보행자,남,7세,중상
2015122100100346,2015년 12월 21일 14시,월요일,경상남도 김해시 진영읍,중상사고,0,1,0,0,차대차 - 정면충돌,신호위반,건조,맑음,교차로 - 교차로안,건설기계,남,49세,상해없음,승용,남,62세,중상
2015122100100377,2015년 12월 21일 15시,월요일,경상남도 거제시 하청면,경상사고,0,0,1,0,차대사람 - 기타,안전거리미확보,건조,맑음,단일로 - 기타,승합,남,43세,상해없음,보행자,남,33세,경상
2015122100100378,2015년 12월 21일 15시,월요일,경상남도 거제시 장평동,경상사고,0,0,1,0,차대사람 - 횡단중,안전운전불이행,건조,맑음,기타 - 기타,특수,남,63세,상해없음,보행자,여,42세,경상
2015122100100379,2015년 12월 21일 15시,월요일,경상남도 산청군 단성면,경상사고,0,0,1,0,차대사람 - 횡단중,안전운전불이행,건조,맑음,단일로 - 기타,화물,남,53세,상해없음,보행자,남,55세,경상
2015122100100406,2015년 12월 21일 16시,월요일,경상남도 창원시 진해구 여좌동,중상사고,0,1,0,0,차대사람 - 횡단중,보행자보호의무위반,건조,맑음,교차로 - 교차로안,화물,남,51세,상해없음,보행자,여,52세,중상
2015122100100407,2015년 12월 21일 16시,월요일,경상남도 통영시 서호동,경상사고,0,0,1,0,차대차 - 정면충돌,직진우회전진행방해,건조,맑음,교차로 - 교차로안,승용,남,69세,상해없음,이륜,남,69세,경상
2015122100100434,2015년 12월 21일 17시,월요일,경상남도 김해시 한림면,부상신고사고,0,0,0,1,차대차 - 정면충돌,안전운전불이행,건조,맑음,교차로 - 교차로안,농기계,남,68세,부상신고,화물,남,42세,상해없음
2015122100100500,2015년 12월 21일 18시,월요일,경상남도 창원시 마산합포구 신포동1가,경상사고,0,0,1,0,차대차 - 정면충돌,신호위반,건조,맑음,교차로 - 교차로안,승용,남,60세,상해없음,화물,남,38세,경상
2015122100100501,2015년 12월 21일 18시,월요일,경상남도 통영시 북신동,중상사고,0,1,0,0,차대차 - 측면직각충돌,안전운전불이행,건조,맑음,교차로 - 교차로부근,승용,여,35세,상해없음,이륜,남,51세,중상
2015122100100502,2015년 12월 21일 18시,월요일,경상남도 사천시 좌룡동,중상사고,0,1,0,0,차대차 - 정면충돌,안전운전불이행,건조,맑음,단일로 - 기타,승용,남,61세,상해없음,승용,여,31세,중상
2015122100100503,2015년 12월 21일 18시,월요일,경상남도 창녕군 부곡면,중상사고,0,2,0,0,차대차 - 추돌 - 진행중,신호위반,건조,맑음,교차로 - 교차로안,화물,남,59세,상해없음,승용,여,56세,중상
2015122100100539,2015년 12월 21일 19시,월요일,경상남도 김해시 삼방동,경상사고,0,0,1,0,차대사람 - 횡단중,안전운전불이행,건조,맑음,교차로 - 교차로부근,승용,여,34세,상해없음,보행자,남,55세,경상
2015122100100540,2015년 12월 21일 19시,월요일,경상남도 창원시 의창구 봉곡동,경상사고,0,0,1,0,차대차 - 측면직각충돌,안전운전불이행,건조,흐림,단일로 - 기타,승용,남,69세,상해없음,원동기,남,51세,경상
2015122100100541,2015년 12월 21일 19시,월요일,경상남도 김해시 풍유동,중상사고,0,1,1,0,차대차 - 정면충돌,안전운전불이행,건조,맑음,단일로 - 기타,승용,남,61세,상해없음,승용,여,58세,중상
2015122100100569,2015년 12월 21일 20시,월요일,경상남도 창원시 진해구 여좌동,중상사고,0,1,0,0,차량단독 - 기타,기타,건조,맑음,단일로 - 기타,승합,남,48세,상해없음,,,,
2015122100100570,2015년 12월 21일 20시,월요일,경상남도 창원시 의창구 소답동,경상사고,0,0,1,0,차대사람 - 기타,안전운전불이행,건조,흐림,교차로 - 교차로안,승용,여,51세,상해없음,보행자,남,55세,경상
2015122100100571,2015년 12월 21일 20시,월요일,경상남도 김해시 진영읍,경상사고,0,0,1,0,차대차 - 정면충돌,중앙선침범,건조,맑음,단일로 - 기타,이륜,남,56세,경상,승용,남,33세,상해없음
2015122100100605,2015년 12월 21일 21시,월요일,경상남도 양산시 신기동,경상사고,0,0,1,0,차대차 - 정면충돌,안전운전불이행,건조,맑음,기타 - 기타,승용,남,26세,상해없음,승용,남,36세,경상
2015122100100606,2015년 12월 21일 21시,월요일,경상남도 거제시 일운면,중상사고,0,2,0,0,차대차 - 기타,중앙선침범,건조,맑음,단일로 - 기타,승용,남,33세,상해없음,승용,남,53세,중상
2015122100100607,2015년 12월 21일 21시,월요일,경상남도 김해시 진영읍,중상사고,0,2,1,0,차대차 - 정면충돌,안전운전불이행,건조,맑음,단일로 - 기타,승용,남,54세,중상,승용,남,22세,경상
2015122100100608,2015년 12월 21일 21시,월요일,경상남도 산청군 단성면,사망사고,1,0,0,0,차대차 - 추돌 - 진행중,안전운전불이행,건조,맑음,단일로 - 기타,화물,남,52세,사망,화물,남,53세,상해없음
2015122100100635,2015년 12월 21일 22시,월요일,경상남도 통영시 무전동,경상사고,0,0,1,0,차대차 - 측면직각충돌,안전운전불이행,건조,흐림,교차로 - 교차로안,화물,남,59세,상해없음,승용,남,25세,경상
2015122100100665,2015년 12월 21일 23시,월요일,경상남도 고성군 거류면,사망사고,1,0,0,0,차대사람 - 횡단중,안전운전불이행,건조,맑음,단일로 - 횡단보도부근,승용,남,26세,상해없음,보행자,여,77세,사망
2015122200100085,2015년 12월 22일 06시,화요일,경상남도 통영시 광도면,경상사고,0,0,1,0,차대차 - 정면충돌,중앙선침범,건조,맑음,단일로 - 기타,승용,남,40세,상해없음,승용,남,47세,경상
2015122200100086,2015년 12월 22일 06시,화요일,경상남도 밀양시 삼문동,중상사고,0,1,0,0,차대사람 - 횡단중,보행자보호의무위반,건조,흐림,단일로 - 횡단보도상,승용,남,60세,상해없음,보행자,여,69세,중상
2015122200100112,2015년 12월 22일 07시,화요일,경상남도 진주시 하대동,경상사고,0,0,1,0,차대사람 - 기타,안전운전불이행,건조,맑음,교차로 - 교차로안,승용,여,41세,상해없음,보행자,남,44세,경상
2015122200100113,2015년 12월 22일 07시,화요일,경상남도 사천시 사천읍,경상사고,0,0,2,0,차대차 - 측면직각충돌,직진우회전진행방해,건조,맑음,교차로 - 교차로안,원동기,남,16세,경상,승용,남,54세,상해없음
2015122200100114,2015년 12월 22일 07시,화요일,경상남도 창녕군 창녕읍,부상신고사고,0,0,0,1,차대차 - 추돌 - 주정차중,안전운전불이행,습기,안개,단일로 - 기타,원동기,남,78세,부상신고,화물,남,40세,상해없음
2015122200100115,2015년 12월 22일 07시,화요일,경상남도 함안군 산인면,중상사고,0,1,1,0,차대차 - 추돌 - 진행중,안전운전불이행,결빙,맑음,단일로 - 기타,화물,남,52세,상해없음,화물,남,55세,상해없음
2015122200100181,2015년 12월 22일 09시,화요일,경상남도 창원시 마산합포구 교방동,중상사고,0,1,0,0,차대차 - 측면직각충돌,안전운전불이행,건조,맑음,단일로 - 기타,승용,여,44세,상해없음,이륜,남,57세,중상
2015122200100182,2015년 12월 22일 09시,화요일,경상남도 통영시 미수동,경상사고,0,0,1,0,차대차 - 추돌 - 주정차중,안전거리미확보,건조,맑음,교차로 - 교차로부근,승용,여,35세,상해없음,건설기계,남,38세,경상
2015122200100203,2015년 12월 22일 10시,화요일,경상남도 거제시 아양동,사망사고,1,0,0,0,차대차 - 추돌 - 진행중,안전운전불이행,건조,맑음,단일로 - 기타,이륜,남,22세,사망,승용,남,64세,상해없음
2015122200100204,2015년 12월 22일 10시,화요일,경상남도 창원시 마산회원구 석전동,중상사고,0,1,0,0,차대사람 - 횡단중,보행자보호의무위반,건조,맑음,단일로 - 기타,화물,남,72세,상해없음,보행자,여,75세,중상
2015122200100235,2015년 12월 22일 11시,화요일,경상남도 사천시 용강동,경상사고,0,0,2,0,차대차 - 정면충돌,안전운전불이행,건조,맑음,교차로 - 교차로안,승용,남,56세,상해없음,승용,남,38세,경상
2015122200100236,2015년 12월 22일 11시,화요일,경상남도 함안군 칠북면,경상사고,0,0,2,0,차대차 - 측면직각충돌,직진우회전진행방해,건조,맑음,교차로 - 교차로안,승용,여,53세,경상,승용,남,63세,경상
2015122200100237,2015년 12월 22일 11시,화요일,경상남도 함안군 가야읍,경상사고,0,0,1,0,차대사람 - 보도통행중,기타,건조,맑음,교차로 - 교차로부근,화물,남,53세,상해없음,보행자,여,53세,경상
2015122200100265,2015년 12월 22일 12시,화요일,경상남도 하동군 화개면,경상사고,0,0,1,0,차대사람 - 기타,안전운전불이행,기타,맑음,단일로 - 기타,승용,남,31세,상해없음,보행자,여,51세,경상
2015122200100266,2015년 12월 22일 12시,화요일,경상남도 남해군 남해읍,중상사고,0,1,0,0,차대차 - 정면충돌,중앙선침범,건조,맑음,교차로 - 교차로안,화물,남,66세,상해없음,승합,남,51세,상해없음
2015122200100286,2015년 12월 22일 13시,화요일,경상남도 창원시 마산합포구 교방동,경상사고,0,0,1,0,차량단독 - 기타,안전운전불이행,건조,맑음,교차로 - 교차로안,승용,남,61세,상해없음,,,,
2015122200100300,2015년 12월 22일 14시,화요일,경상남도 밀양시 교동,경상사고,0,0,1,0,차대차 - 추돌 - 진행중,안전운전불이행,건조,맑음,단일로 - 기타,승용,여,54세,상해없음,승용,남,33세,경상
2015122200100321,2015년 12월 22일 14시,화요일,경상남도 창원시 마산합포구 중앙동1가,중상사고,0,1,0,0,차량단독 - 기타,안전운전불이행,건조,맑음,단일로 - 기타,승합,남,52세,상해없음,,,,
2015122200100322,2015년 12월 22일 14시,화요일,경상남도 함안군 가야읍,경상사고,0,0,1,0,차대사람 - 횡단중,보행자보호의무위반,건조,맑음,교차로 - 교차로부근,승용,남,65세,상해없음,보행자,여,53세,경상
2015122200100323,2015년 12월 22일 14시,화요일,경상남도 창원시 의창구 팔용동,경상사고,0,0,1,1,차대차 - 정면충돌,안전운전불이행,건조,맑음,단일로 - 기타,화물,남,56세,상해없음,승용,남,50세,경상
2015122200100324,2015년 12월 22일 14시,화요일,경상남도 김해시 한림면,경상사고,0,0,1,0,차대차 - 정면충돌,중앙선침범,건조,맑음,단일로 - 기타,승용,여,53세,상해없음,건설기계,남,56세,경상
2015122200100366,2015년 12월 22일 15시,화요일,경상남도 김해시 장유면,경상사고,0,0,1,0,차대차 - 정면충돌,교차로운행방법위반,건조,맑음,교차로 - 교차로안,승용,남,52세,상해없음,승용,여,50세,경상
2015122200100395,2015년 12월 22일 16시,화요일,경상남도 김해시 어방동,경상사고,0,0,1,0,차대사람 - 횡단중,안전운전불이행,건조,맑음,단일로 - 기타,승용,남,60세,상해없음,보행자,여,68세,경상
2015122200100396,2015년 12월 22일 16시,화요일,경상남도 김해시 어방동,경상사고,0,0,1,1,차대차 - 측면직각충돌,안전운전불이행,건조,맑음,교차로 - 교차로안,승용,남,47세,부상신고,승용,여,57세,경상
2015122200100439,2015년 12월 22일 17시,화요일,경상남도 통영시 도천동,중상사고,0,1,0,0,차대차 - 측면직각충돌,중앙선침범,건조,흐림,단일로 - 기타,승용,남,40세,상해없음,이륜,남,19세,중상
2015122200100440,2015년 12월 22일 17시,화요일,경상남도 창원시 의창구 동읍,경상사고,0,0,1,0,차대차 - 추돌 - 주정차중,안전운전불이행,건조,맑음,교차로 - 교차로부근,화물,남,57세,상해없음,승용,여,51세,경상
2015122200100480,2015년 12월 22일 18시,화요일,경상남도 창원시 마산합포구 남성동,경상사고,0,0,1,0,차대사람 - 횡단중,안전운전불이행,건조,맑음,단일로 - 기타,승용,남,65세,상해없음,보행자,여,50세,경상
2015122200100554,2015년 12월 22일 20시,화요일,경상남도 창원시 마산합포구 월영동,중상사고,0,1,0,0,차대사람 - 횡단중,안전운전불이행,건조,맑음,단일로 - 기타,승용,남,70세,상해없음,보행자,남,42세,중상
2015122200100579,2015년 12월 22일 21시,화요일,경상남도 진주시 칠암동,경상사고,0,0,4,0,차대차 - 기타,신호위반,습기,비,교차로 - 교차로안,승용,여,24세,상해없음,승용,남,60세,경상
2015122200100580,2015년 12월 22일 21시,화요일,경상남도 의령군 의령읍,중상사고,0,1,2,1,차대차 - 정면충돌,안전운전불이행,습기,비,교차로 - 교차로부근,승용,남,67세,부상신고,승용,여,35세,중상
2015122200100606,2015년 12월 22일 22시,화요일,경상남도 창녕군 남지읍,경상사고,0,0,1,0,차대차 - 측면직각충돌,안전운전불이행,습기,비,교차로 - 교차로안,승용,여,57세,상해없음,승용,여,30세,경상
2015122200100608,2015년 12월 22일 22시,화요일,경상남도 거제시 능포동,경상사고,0,0,1,0,차대사람 - 횡단중,안전운전불이행,건조,맑음,단일로 - 기타,승용,남,32세,상해없음,보행자,남,42세,경상
2015122200100627,2015년 12월 22일 23시,화요일,경상남도 진주시 하대동,경상사고,0,0,1,0,차대사람 - 횡단중,안전운전불이행,습기,비,교차로 - 교차로안,화물,남,56세,상해없음,보행자,여,48세,경상
2015122200100628,2015년 12월 22일 23시,화요일,경상남도 양산시 중부동,경상사고,0,0,1,0,차대차 - 정면충돌,신호위반,건조,맑음,교차로 - 교차로안,승용,여,50세,상해없음,원동기,남,38세,경상
2015122300100019,2015년 12월 23일 00시,수요일,경상남도 창원시 마산합포구 상남동,경상사고,0,0,1,0,차대차 - 정면충돌,신호위반,건조,맑음,교차로 - 교차로부근,원동기,남,17세,경상,승용,남,25세,상해없음
2015122300100020,2015년 12월 23일 00시,수요일,경상남도 창원시 진해구 광화동,경상사고,0,0,2,0,차대차 - 기타,직진우회전진행방해,건조,맑음,교차로 - 교차로안,승용,여,20세,상해없음,승용,남,55세,경상
2015122300100021,2015년 12월 23일 00시,수요일,경상남도 밀양시 가곡동,중상사고,0,1,0,0,차대사람 - 횡단중,안전운전불이행,습기,비,단일로 - 기타,승용,남,55세,상해없음,보행자,남,61세,중상
2015122300100022,2015년 12월 23일 00시,수요일,경상남도 김해시 삼계동,경상사고,0,0,1,0,차대사람 - 기타,안전운전불이행,건조,흐림,교차로 - 교차로안,승용,남,35세,상해없음,보행자,남,48세,경상
2015122300100104,2015년 12월 23일 06시,수요일,경상남도 거제시 옥포동,중상사고,0,1,0,0,차대차 - 측면직각충돌,안전운전불이행,건조,맑음,교차로 - 교차로안,승용,남,62세,상해없음,승용,여,48세,중상
2015122300100105,2015년 12월 23일 06시,수요일,경상남도 창원시 성산구 신촌동,중상사고,0,1,0,0,차대사람 - 횡단중,안전운전불이행,건조,맑음,단일로 - 기타,승용,남,53세,기타불명,보행자,남,59세,중상
2015122300100161,2015년 12월 23일 08시,수요일,경상남도 김해시 어방동,경상사고,0,0,1,0,차대차 - 측면직각충돌,안전운전불이행,건조,맑음,교차로 - 교차로부근,승용,여,37세,상해없음,승용,남,26세,경상
2015122300100162,2015년 12월 23일 08시,수요일,경상남도 김해시 내동,경상사고,0,0,1,0,차대사람 - 횡단중,보행자보호의무위반,습기,비,단일로 - 횡단보도상,승용,남,57세,상해없음,보행자,여,63세,경상
2015122300100188,2015년 12월 23일 09시,수요일,경상남도 창원시 의창구 봉곡동,경상사고,0,0,1,0,차대차 - 정면충돌,안전운전불이행,건조,맑음,교차로 - 교차로안,승용,남,29세,상해없음,승용,여,66세,경상
2015122300100214,2015년 12월 23일 10시,수요일,경상남도 창녕군 남지읍,경상사고,0,0,1,0,차대차 - 정면충돌,안전거리미확보,건조,맑음,단일로 - 기타,화물,남,65세,상해없음,승용,여,39세,경상
2015122300100215,2015년 12월 23일 10시,수요일,경상남도 창원시 의창구 팔용동,중상사고,0,1,0,0,차대차 - 정면충돌,신호위반,습기,비,교차로 - 교차로안,승용,남,56세,상해없음,자전거,남,43세,중상
2015122300100247,2015년 12월 23일 11시,수요일,경상남도 거제시 수월동,경상사고,0,0,2,0,차대차 - 추돌 - 진행중,교차로운행방법위반,건조,맑음,교차로 - 교차로안,승용,남,24세,상해없음,화물,여,38세,경상
2015122300100279,2015년 12월 23일 12시,수요일,경상남도 고성군 동해면,중상사고,0,1,3,0,차대차 - 정면충돌,교차로운행방법위반,습기,흐림,교차로 - 교차로안,화물,남,63세,상해없음,승용,남,45세,중상
2015122300100300,2015년 12월 23일 13시,수요일,경상남도 창원시 성산구 사파동,중상사고,0,1,0,0,차대사람 - 횡단중,안전운전불이행,건조,맑음,단일로 - 기타,승용,여,59세,상해없음,보행자,남,69세,중상
2015122300100301,2015년 12월 23일 13시,수요일,경상남도 창원시 의창구 소계동,경상사고,0,0,2,0,차대차 - 정면충돌,안전운전불이행,건조,맑음,미분류 - 미분류,승용,남,66세,상해없음,승용,남,59세,경상
2015122300100342,2015년 12월 23일 14시,수요일,경상남도 진주시 하대동,중상사고,0,1,0,0,차대사람 - 횡단중,안전운전불이행,건조,맑음,단일로 - 기타,승용,여,22세,상해없음,보행자,여,71세,중상
2015122300100343,2015년 12월 23일 14시,수요일,경상남도 김해시 흥동,중상사고,0,1,0,0,차대차 - 정면충돌,중앙선침범,건조,맑음,단일로 - 기타,승용,남,27세,상해없음,승용,남,30세,중상
2015122300100368,2015년 12월 23일 15시,수요일,경상남도 합천군 합천읍,경상사고,0,0,1,0,차대차 - 정면충돌,안전운전불이행,건조,맑음,단일로 - 기타,승용,남,50세,상해없음,원동기,남,32세,경상
2015122300100399,2015년 12월 23일 16시,수요일,경상남도 양산시 물금읍,중상사고,0,1,0,0,차대차 - 정면충돌,안전운전불이행,건조,맑음,단일로 - 기타,원동기,남,15세,중상,화물,남,55세,상해없음
2015122300100400,2015년 12월 23일 16시,수요일,경상남도 창원시 마산합포구 산호동,부상신고사고,0,0,0,1,차대사람 - 횡단중,안전운전불이행,건조,맑음,단일로 - 기타,승용,남,52세,상해없음,보행자,여,26세,부상신고
2015122300100439,2015년 12월 23일 17시,수요일,경상남도 김해시 외동,경상사고,0,0,1,0,차대사람 - 횡단중,안전운전불이행,건조,맑음,단일로 - 기타,승용,남,30세,상해없음,보행자,남,72세,경상
2015122300100440,2015년 12월 23일 17시,수요일,경상남도 함안군 칠서면,중상사고,0,1,1,0,차대차 - 정면충돌,안전운전불이행,건조,맑음,교차로 - 교차로안,화물,남,48세,상해없음,승용,남,39세,경상
2015122300100493,2015년 12월 23일 18시,수요일,경상남도 하동군 악양면,중상사고,0,1,0,0,차대사람 - 횡단중,안전운전불이행,건조,맑음,단일로 - 기타,승용,남,48세,상해없음,보행자,여,77세,중상
2015122300100536,2015년 12월 23일 19시,수요일,경상남도 사천시 곤양면,중상사고,0,1,0,0,차량단독 - 전도전복,안전운전불이행,건조,맑음,단일로 - 기타,승용,남,46세,중상,,,,
2015122300100567,2015년 12월 23일 20시,수요일,경상남도 창원시 진해구 여좌동,경상사고,0,0,1,0,차대차 - 측면직각충돌,안전거리미확보,건조,맑음,단일로 - 기타,원동기,남,18세,상해없음,승용,여,25세,경상
2015122300100568,2015년 12월 23일 20시,수요일,경상남도 창원시 진해구 석동,경상사고,0,0,1,0,차대차 - 정면충돌,신호위반,건조,맑음,교차로 - 교차로안,승용,여,59세,상해없음,원동기,남,32세,경상
2015122300100592,2015년 12월 23일 21시,수요일,경상남도 김해시 흥동,중상사고,0,1,0,0,차대차 - 정면충돌,교차로운행방법위반,건조,맑음,교차로 - 교차로부근,승용,남,61세,상해없음,승용,남,40세,중상
2015122300100618,2015년 12월 23일 22시,수요일,경상남도 거제시 옥포동,중상사고,0,2,2,0,차대차 - 정면충돌,신호위반,건조,맑음,교차로 - 교차로안,승용,남,62세,상해없음,승용,남,20세,중상
2015122300100619,2015년 12월 23일 22시,수요일,경상남도 거제시 옥포동,중상사고,0,1,0,0,차대차 - 기타,안전운전불이행,건조,맑음,단일로 - 기타,자전거,기타불명,15세,기타불명,자전거,남,44세,중상
2015122300100658,2015년 12월 23일 23시,수요일,경상남도 밀양시 삼문동,경상사고,0,0,1,0,차대사람 - 횡단중,안전운전불이행,건조,맑음,단일로 - 기타,승용,남,22세,상해없음,보행자,남,20세,경상
2015122400100031,2015년 12월 24일 00시,목요일,경상남도 진주시 남성동,중상사고,0,1,0,0,차대차 - 정면충돌,신호위반,건조,맑음,교차로 - 교차로안,승용,여,43세,상해없음,승용,여,35세,중상
2015122400100113,2015년 12월 24일 06시,목요일,경상남도 김해시 장유면,중상사고,0,1,0,0,차대차 - 정면충돌,신호위반,건조,맑음,교차로 - 교차로안,승용,여,28세,상해없음,화물,남,38세,중상
2015122400100130,2015년 12월 24일 07시,목요일,경상남도 진주시 상봉동,중상사고,0,1,0,0,차대사람 - 횡단중,보행자보호의무위반,건조,맑음,단일로 - 기타,승용,여,57세,상해없음,보행자,여,79세,중상
2015122400100131,2015년 12월 24일 07시,목요일,경상남도 창원시 진해구 화천동,경상사고,0,0,1,0,차대사람 - 횡단중,안전운전불이행,건조,맑음,기타 - 기타,승용,남,61세,상해없음,보행자,남,23세,경상
2015122400100165,2015년 12월 24일 08시,목요일,경상남도 거창군 주상면,사망사고,1,0,0,0,차량단독 - 전도전복,안전운전불이행,건조,맑음,단일로 - 기타,승용,남,60세,사망,,,,
2015122400100196,2015년 12월 24일 09시,목요일,경상남도 함양군 수동면,중상사고,0,1,0,0,차대차 - 정면충돌,교차로운행방법위반,습기,안개,교차로 - 교차로안,승용,여,40세,상해없음,승용,남,55세,중상
2015122400100257,2015년 12월 24일 11시,목요일,경상남도 양산시 물금읍,중상사고,0,1,0,0,차대차 - 측면직각충돌,불법유턴,건조,맑음,단일로 - 횡단보도상,원동기,남,90세 이상,중상,승용,남,54세,상해없음
2015122400100258,2015년 12월 24일 11시,목요일,경상남도 남해군 남면,사망사고,1,0,0,0,차량단독 - 전도전복,안전운전불이행,건조,맑음,단일로 - 기타,이륜,남,77세,사망,,,,
2015122400100259,2015년 12월 24일 11시,목요일,경상남도 창원시 마산회원구 석전동,중상사고,0,1,0,0,차대차 - 정면충돌,신호위반,건조,맑음,교차로 - 교차로부근,승용,여,39세,상해없음,이륜,남,20세,중상
2015122400100282,2015년 12월 24일 12시,목요일,경상남도 양산시 남부동,경상사고,0,0,1,0,차대사람 - 기타,안전운전불이행,건조,맑음,단일로 - 기타,승용,여,31세,상해없음,보행자,남,45세,경상
2015122400100283,2015년 12월 24일 12시,목요일,경상남도 창원시 의창구 북동,경상사고,0,0,2,0,차대차 - 정면충돌,안전운전불이행,건조,맑음,교차로 - 교차로안,화물,남,67세,상해없음,승용,남,27세,상해없음
2015122400100315,2015년 12월 24일 13시,목요일,경상남도 창원시 마산합포구 창동,중상사고,0,2,0,0,차대차 - 추돌 - 주정차중,안전운전불이행,건조,맑음,교차로 - 교차로부근,승용,남,31세,상해없음,승용,여,35세,중상
2015122400100317,2015년 12월 24일 13시,목요일,경상남도 남해군 창선면,중상사고,0,1,1,0,차대차 - 정면충돌,안전운전불이행,건조,맑음,교차로 - 교차로안,화물,남,78세,경상,화물,남,53세,중상
2015122400100355,2015년 12월 24일 14시,목요일,경상남도 창원시 마산합포구 부림동,부상신고사고,0,0,0,1,차대차 - 정면충돌,안전거리미확보,건조,흐림,단일로 - 기타,기타불명,기타불명,기타불명,기타불명,승용,남,63세,부상신고
2015122400100392,2015년 12월 24일 15시,목요일,경상남도 사천시 사천읍,중상사고,0,1,0,0,차대사람 - 횡단중,보행자보호의무위반,건조,맑음,단일로 - 횡단보도상,승용,여,46세,상해없음,보행자,여,54세,중상
2015122400100424,2015년 12월 24일 16시,목요일,경상남도 창원시 마산합포구 월남동4가,경상사고,0,0,1,0,차량단독 - 공작물충돌,안전운전불이행,건조,맑음,단일로 - 기타,화물,남,69세,경상,,,,
2015122400100425,2015년 12월 24일 16시,목요일,경상남도 창원시 마산합포구 해운동,경상사고,0,0,1,0,차대사람 - 횡단중,보행자보호의무위반,건조,맑음,교차로 - 교차로부근,승용,여,56세,상해없음,보행자,여,83세,경상
2015122400100426,2015년 12월 24일 16시,목요일,경상남도 창원시 마산합포구 진동면,중상사고,0,1,0,0,차대차 - 측면직각충돌,안전운전불이행,건조,맑음,교차로 - 교차로안,화물,여,47세,상해없음,이륜,남,48세,중상
2015122400100463,2015년 12월 24일 17시,목요일,경상남도 남해군 남해읍,경상사고,0,0,1,0,차대차 - 측면직각충돌,안전운전불이행,건조,맑음,교차로 - 교차로안,승용,여,59세,경상,승용,여,53세,상해없음
2015122400100464,2015년 12월 24일 17시,목요일,경상남도 김해시 주촌면,중상사고,0,1,2,0,차대차 - 정면충돌,중앙선침범,건조,맑음,단일로 - 기타,승용,여,54세,기타불명,승용,남,34세,중상
2015122400100465,2015년 12월 24일 17시,목요일,경상남도 김해시 장유면,경상사고,0,0,1,0,차대차 - 추돌 - 진행중,안전운전불이행,건조,맑음,단일로 - 기타,승용,남,35세,상해없음,화물,남,33세,상해없음
2015122400100528,2015년 12월 24일 18시,목요일,경상남도 김해시 삼방동,경상사고,0,0,1,0,차대사람 - 횡단중,안전운전불이행,건조,맑음,단일로 - 기타,이륜,남,21세,경상,보행자,남,47세,상해없음
2015122400100529,2015년 12월 24일 18시,목요일,경상남도 거제시 아주동,경상사고,0,0,1,0,차대차 - 기타,안전운전불이행,건조,맑음,단일로 - 기타,승용,여,50세,상해없음,승합,남,55세,상해없음
2015122400100530,2015년 12월 24일 18시,목요일,경상남도 창원시 성산구 중앙동,중상사고,0,1,0,0,차대차 - 정면충돌,신호위반,건조,맑음,교차로 - 교차로안,승용,남,62세,상해없음,이륜,남,41세,중상
2015122400100595,2015년 12월 24일 19시,목요일,경상남도 진주시 상대동,경상사고,0,0,1,0,차대사람 - 횡단중,기타,건조,맑음,단일로 - 기타,승합,남,54세,상해없음,보행자,여,62세,경상
2015122400100638,2015년 12월 24일 20시,목요일,경상남도 양산시 물금읍,중상사고,0,1,1,0,차대차 - 측면직각충돌,안전운전불이행,건조,맑음,단일로 - 기타,승용,남,55세,상해없음,승용,남,58세,경상