사고번호,사고일시,요일,시군구,사고내용,사망자수,중상자수,경상자수,부상신고자수,사고유형,법규위반,노면상태,기상상태,도로형태,가해운전자 차종,가해운전자 성별,가해운전자 연령,가해운전자 상해정도,피해운전자 차종,피해운전자 성별,피해운전자 연령,피해운전자 상해정도
2015122900100011,2015년 12월 29일 00시,화요일,경상남도 거제시 고현동,중상사고,0,2,0,0,차대차 - 측면직각충돌,안전운전불이행,건조,맑음,교차로 - 교차로안,승용,남,58세,상해없음,승용,남,53세,중상
2015122900100034,2015년 12월 29일 03시,화요일,경상남도 밀양시 가곡동,사망사고,1,0,0,0,차대차 - 추돌 - 진행중,안전거리미확보,건조,맑음,단일로 - 교량,승용,남,36세,사망,화물,남,56세,상해없음
2015122900100076,2015년 12월 29일 06시,화요일,경상남도 창원시 마산합포구 진동면,중상사고,0,1,0,0,차대사람 - 횡단중,안전운전불이행,건조,맑음,교차로 - 교차로안,화물,남,46세,상해없음,보행자,여,60세,중상
2015122900100122,2015년 12월 29일 08시,화요일,경상남도 사천시 동금동,중상사고,0,1,0,0,차대사람 - 횡단중,안전운전불이행,건조,맑음,교차로 - 교차로안,화물,남,54세,상해없음,보행자,여,79세,중상
2015122900100151,2015년 12월 29일 09시,화요일,경상남도 통영시 광도면,경상사고,0,0,1,0,차대차 - 측면직각충돌,직진우회전진행방해,건조,맑음,교차로 - 교차로안,승용,남,59세,상해없음,이륜,남,60세,경상
2015122900100178,2015년 12월 29일 10시,화요일,경상남도 창원시 마산합포구 진북면,경상사고,0,0,2,0,차대차 - 추돌 - 진행중,안전거리미확보,건조,맑음,단일로 - 기타,승용,여,54세,경상,승용,여,56세,경상
2015122900100179,2015년 12월 29일 10시,화요일,경상남도 사천시 사천읍,경상사고,0,0,1,0,차대차 - 정면충돌,안전운전불이행,건조,맑음,교차로 - 교차로부근,승합,남,51세,상해없음,승용,남,36세,경상
2015122900100180,2015년 12월 29일 10시,화요일,경상남도 김해시 삼계동,중상사고,0,2,1,0,차대차 - 정면충돌,안전운전불이행,건조,맑음,교차로 - 교차로안,승용,남,84세,중상,승용,남,28세,중상
2015122900100248,2015년 12월 29일 13시,화요일,경상남도 하동군 횡천면,사망사고,1,0,0,0,차대사람 - 기타,안전운전불이행,건조,맑음,단일로 - 기타,화물,남,73세,상해없음,보행자,여,68세,사망
2015122900100249,2015년 12월 29일 13시,화요일,경상남도 함안군 칠원읍,중상사고,0,1,0,0,차대차 - 정면충돌,안전운전불이행,건조,맑음,교차로 - 교차로부근,이륜,여,60세,중상,화물,남,51세,상해없음
2015122900100250,2015년 12월 29일 13시,화요일,경상남도 김해시 한림면,경상사고,0,0,1,0,차대차 - 정면충돌,안전운전불이행,건조,맑음,단일로 - 기타,건설기계,남,61세,상해없음,화물,남,40세,경상
2015122900100280,2015년 12월 29일 14시,화요일,경상남도 창원시 진해구 자은동,경상사고,0,0,2,0,차대차 - 측면직각충돌,안전거리미확보,건조,맑음,교차로 - 교차로부근,승용,여,27세,경상,승용,여,59세,경상
2015122900100281,2015년 12월 29일 14시,화요일,경상남도 통영시 북신동,부상신고사고,0,0,0,1,차대사람 - 횡단중,안전운전불이행,건조,맑음,교차로 - 교차로안,승용,여,44세,상해없음,보행자,여,80세,부상신고
2015122900100282,2015년 12월 29일 14시,화요일,경상남도 통영시 용남면,경상사고,0,0,1,0,차량단독 - 공작물충돌,안전운전불이행,건조,맑음,단일로 - 기타,승용,남,68세,상해없음,,,,
2015122900100283,2015년 12월 29일 14시,화요일,경상남도 거제시 상동동,경상사고,0,0,1,0,차대차 - 정면충돌,안전운전불이행,건조,맑음,단일로 - 기타,승용,여,29세,상해없음,승용,남,76세,경상
2015122900100284,2015년 12월 29일 14시,화요일,경상남도 창원시 마산회원구 양덕동,중상사고,0,1,0,0,차대차 - 측면직각충돌,안전운전불이행,건조,맑음,교차로 - 교차로안,승용,여,26세,상해없음,이륜,남,25세,중상
2015122900100285,2015년 12월 29일 14시,화요일,경상남도 김해시 명법동,경상사고,0,0,1,0,차대차 - 정면충돌,안전운전불이행,건조,맑음,교차로 - 교차로안,건설기계,남,50세,상해없음,승용,남,53세,경상
2015122900100317,2015년 12월 29일 15시,화요일,경상남도 창녕군 성산면,중상사고,0,1,0,0,차량단독 - 전도전복,안전운전불이행,건조,맑음,단일로 - 기타,원동기,남,80세,중상,,,,
2015122900100318,2015년 12월 29일 15시,화요일,경상남도 양산시 동면,경상사고,0,0,1,0,차대차 - 정면충돌,안전운전불이행,건조,맑음,단일로 - 기타,승용,남,27세,상해없음,승용,남,26세,경상
2015122900100319,2015년 12월 29일 15시,화요일,경상남도 거제시 하청면,경상사고,0,0,1,0,차대차 - 기타,안전거리미확보,건조,맑음,단일로 - 기타,승용,남,38세,상해없음,이륜,남,61세,경상
2015122900100353,2015년 12월 29일 16시,화요일,경상남도 합천군 야로면,중상사고,0,1,0,0,차대사람 - 기타,안전운전불이행,건조,맑음,교차로 - 교차로안,승합,남,52세,상해없음,보행자,여,72세,중상
2015122900100401,2015년 12월 29일 17시,화요일,경상남도 창원시 진해구 경화동,경상사고,0,0,1,0,차대차 - 정면충돌,안전운전불이행,건조,맑음,단일로 - 기타,이륜,남,45세,경상,승용,남,57세,상해없음
2015122900100403,2015년 12월 29일 17시,화요일,경상남도 사천시 사천읍,사망사고,1,3,4,0,차대차 - 정면충돌,신호위반,건조,맑음,교차로 - 교차로안,승합,남,52세,중상,승용,남,50세,사망
2015122900100434,2015년 12월 29일 18시,화요일,경상남도 창원시 마산합포구 월영동,경상사고,0,0,1,0,차대차 - 정면충돌,안전운전불이행,건조,맑음,단일로 - 기타,승용,남,24세,상해없음,승용,여,36세,경상
2015122900100435,2015년 12월 29일 18시,화요일,경상남도 진주시 이현동,경상사고,0,0,2,0,차대차 - 정면충돌,안전거리미확보,건조,맑음,교차로 - 교차로안,승용,남,51세,상해없음,승용,남,28세,경상
2015122900100436,2015년 12월 29일 18시,화요일,경상남도 양산시 중부동,부상신고사고,0,0,0,1,차대사람 - 기타,안전운전불이행,건조,맑음,교차로 - 교차로안,승용,남,63세,상해없음,보행자,남,62세,부상신고
2015122900100437,2015년 12월 29일 18시,화요일,경상남도 창원시 의창구 동읍,경상사고,0,0,1,0,차대차 - 정면충돌,안전운전불이행,건조,맑음,교차로 - 교차로안,승용,여,58세,상해없음,승용,여,46세,경상
2015122900100475,2015년 12월 29일 19시,화요일,경상남도 통영시 정량동,경상사고,0,0,1,0,차대사람 - 길가장자리구역통행중,안전운전불이행,건조,맑음,단일로 - 기타,승용,여,46세,상해없음,보행자,여,17세,경상
2015122900100476,2015년 12월 29일 19시,화요일,경상남도 사천시 송포동,경상사고,0,0,1,0,차량단독 - 전도전복,안전운전불이행,건조,맑음,단일로 - 기타,승용,여,30세,경상,,,,
2015122900100477,2015년 12월 29일 19시,화요일,경상남도 김해시 어방동,경상사고,0,0,1,0,차대차 - 정면충돌,안전운전불이행,건조,맑음,교차로 - 교차로안,원동기,남,18세,경상,승용,남,54세,상해없음
2015122900100478,2015년 12월 29일 19시,화요일,경상남도 양산시 삼호동,중상사고,0,2,0,0,차대차 - 측면직각충돌,중앙선침범,건조,맑음,단일로 - 기타,원동기,남,30세,중상,승용,남,49세,중상
2015122900100479,2015년 12월 29일 19시,화요일,경상남도 고성군 고성읍,경상사고,0,0,1,0,차대사람 - 횡단중,보행자보호의무위반,건조,맑음,단일로 - 횡단보도상,원동기,남,17세,상해없음,보행자,여,45세,경상
2015122900100480,2015년 12월 29일 19시,화요일,경상남도 거제시 능포동,경상사고,0,0,1,0,차대사람 - 기타,안전운전불이행,건조,맑음,단일로 - 기타,승용,남,56세,상해없음,보행자,남,42세,경상
2015122900100481,2015년 12월 29일 19시,화요일,경상남도 창원시 의창구 명서동,경상사고,0,0,1,0,차대차 - 정면충돌,안전운전불이행,건조,맑음,교차로 - 교차로안,승용,남,60세,상해없음,원동기,남,19세,경상
2015122900100517,2015년 12월 29일 20시,화요일,경상남도 창원시 의창구 사림동,중상사고,0,2,0,0,차대차 - 정면충돌,안전운전불이행,건조,맑음,단일로 - 기타,승용,남,48세,상해없음,승용,남,51세,중상
2015122900100563,2015년 12월 29일 22시,화요일,경상남도 진주시 초전동,경상사고,0,0,1,0,차대차 - 정면충돌,신호위반,건조,맑음,교차로 - 교차로안,승용,여,53세,상해없음,승용,남,46세,경상
2015122900100564,2015년 12월 29일 22시,화요일,경상남도 김해시 외동,경상사고,0,0,1,0,차대차 - 정면충돌,안전운전불이행,건조,맑음,교차로 - 교차로안,승용,남,58세,상해없음,승용,여,50세,상해없음
2015122900100565,2015년 12월 29일 22시,화요일,경상남도 거제시 고현동,중상사고,0,1,0,0,차대사람 - 횡단중,보행자보호의무위반,건조,맑음,단일로 - 기타,승합,남,25세,상해없음,보행자,남,75세,중상
2015122900100566,2015년 12월 29일 22시,화요일,경상남도 창원시 의창구 동정동,경상사고,0,0,1,1,차대차 - 추돌 - 주정차중,안전운전불이행,건조,맑음,교차로 - 교차로부근,승합,남,45세,상해없음,승용,여,30세,부상신고
2015122900100597,2015년 12월 29일 23시,화요일,경상남도 창원시 마산합포구 창동,중상사고,0,1,0,0,차대사람 - 횡단중,안전운전불이행,건조,맑음,단일로 - 횡단보도상,승용,남,54세,기타불명,보행자,남,61세,중상
2015122900100598,2015년 12월 29일 23시,화요일,경상남도 창원시 마산회원구 내서읍,중상사고,0,1,0,0,차대사람 - 횡단중,안전운전불이행,건조,맑음,단일로 - 기타,승용,남,55세,상해없음,보행자,남,57세,중상
2015123000100020,2015년 12월 30일 00시,수요일,경상남도 김해시 상동면,경상사고,0,0,1,0,차량단독 - 전도전복,안전운전불이행,건조,맑음,단일로 - 기타,승용,남,35세,경상,,,,
2015123000100021,2015년 12월 30일 00시,수요일,경상남도 창원시 마산회원구 석전동,사망사고,1,0,0,0,차대사람 - 길가장자리구역통행중,안전운전불이행,건조,맑음,교차로 - 교차로부근,화물,남,51세,상해없음,보행자,남,53세,사망
2015123000100087,2015년 12월 30일 06시,수요일,경상남도 거제시 아주동,중상사고,0,2,0,0,차대차 - 기타,신호위반,건조,맑음,교차로 - 교차로안,승합,남,38세,상해없음,자전거,남,19세,중상
2015123000100107,2015년 12월 30일 07시,수요일,경상남도 창원시 진해구 용원동,중상사고,0,1,0,0,차대차 - 측면직각충돌,직진우회전진행방해,건조,맑음,교차로 - 교차로안,승합,여,46세,상해없음,승용,남,60세,중상
2015123000100109,2015년 12월 30일 07시,수요일,경상남도 김해시 부원동,중상사고,0,1,0,0,차대차 - 기타,안전운전불이행,건조,맑음,교차로 - 교차로안,승용,여,47세,상해없음,건설기계,남,48세,상해없음
2015123000100110,2015년 12월 30일 07시,수요일,경상남도 거제시 장평동,경상사고,0,0,1,0,차대차 - 정면충돌,안전운전불이행,건조,맑음,단일로 - 기타,이륜,남,26세,상해없음,자전거,남,44세,경상
2015123000100147,2015년 12월 30일 08시,수요일,경상남도 창원시 진해구 경화동,경상사고,0,0,4,0,차대차 - 측면직각충돌,직진우회전진행방해,건조,맑음,교차로 - 교차로안,승용,남,33세,상해없음,승용,남,46세,경상
2015123000100148,2015년 12월 30일 08시,수요일,경상남도 김해시 내동,경상사고,0,0,1,0,차대차 - 정면충돌,교차로운행방법위반,건조,맑음,교차로 - 교차로안,승용,남,44세,상해없음,승용,남,44세,경상
2015123000100149,2015년 12월 30일 08시,수요일,경상남도 남해군 고현면,중상사고,0,1,0,0,차대차 - 측면직각충돌,신호위반,건조,맑음,교차로 - 교차로부근,승합,남,59세,상해없음,농기계,남,73세,중상
2015123000100183,2015년 12월 30일 09시,수요일,경상남도 거제시 장승포동,중상사고,0,2,0,0,차대차 - 추돌 - 진행중,안전운전불이행,건조,맑음,단일로 - 기타,승용,남,58세,상해없음,승용,남,57세,중상
2015123000100184,2015년 12월 30일 09시,수요일,경상남도 창원시 의창구 대산면,경상사고,0,0,1,0,차량단독 - 도로외이탈 - 기타,안전운전불이행,건조,맑음,단일로 - 기타,승합,남,53세,상해없음,,,,
2015123000100213,2015년 12월 30일 10시,수요일,경상남도 양산시 동면,경상사고,0,0,1,0,차대차 - 기타,안전거리미확보,건조,맑음,단일로 - 기타,화물,남,51세,상해없음,승용,여,60세,경상
2015123000100234,2015년 12월 30일 11시,수요일,경상남도 창원시 진해구 충무동,경상사고,0,0,2,0,차대차 - 정면충돌,차로위반,건조,맑음,기타 - 기타,승용,여,34세,상해없음,승용,남,54세,상해없음
2015123000100235,2015년 12월 30일 11시,수요일,경상남도 통영시 태평동,경상사고,0,0,1,0,차대사람 - 기타,안전운전불이행,건조,맑음,교차로 - 교차로안,승용,남,55세,상해없음,보행자,여,61세,경상
2015123000100236,2015년 12월 30일 11시,수요일,경상남도 산청군 단성면,중상사고,0,1,3,0,차대차 - 정면충돌,안전운전불이행,건조,맑음,단일로 - 기타,건설기계,남,54세,상해없음,화물,남,57세,중상
2015123000100255,2015년 12월 30일 12시,수요일,경상남도 통영시 정량동,중상사고,0,1,0,0,차대사람 - 횡단중,보행자보호의무위반,건조,맑음,교차로 - 교차로부근,승용,남,44세,상해없음,보행자,여,9세,중상
2015123000100284,2015년 12월 30일 13시,수요일,경상남도 진주시 칠암동,중상사고,0,1,0,0,차대차 - 정면충돌,안전거리미확보,건조,맑음,단일로 - 기타,승용,남,46세,상해없음,승용,여,51세,상해없음
2015123000100285,2015년 12월 30일 13시,수요일,경상남도 진주시 동성동,중상사고,0,1,0,0,차대사람 - 기타,안전운전불이행,건조,맑음,단일로 - 기타,승용,여,53세,상해없음,보행자,여,63세,중상
2015123000100286,2015년 12월 30일 13시,수요일,경상남도 김해시 외동,중상사고,0,2,1,0,차대차 - 기타,신호위반,건조,맑음,교차로 - 교차로부근,이륜,남,55세,상해없음,승용,여,58세,경상
2015123000100287,2015년 12월 30일 13시,수요일,경상남도 김해시 장유면,경상사고,0,0,1,0,차대차 - 정면충돌,안전운전불이행,건조,맑음,단일로 - 기타,이륜,남,17세,경상,승용,여,37세,상해없음
2015123000100343,2015년 12월 30일 15시,수요일,경상남도 통영시 동호동,경상사고,0,0,1,0,차대차 - 측면직각충돌,직진우회전진행방해,건조,맑음,교차로 - 교차로안,화물,남,49세,상해없음,이륜,남,19세,경상
2015123000100344,2015년 12월 30일 15시,수요일,경상남도 합천군 합천읍,경상사고,0,0,1,0,차대차 - 측면직각충돌,안전운전불이행,건조,맑음,단일로 - 기타,화물,남,61세,상해없음,이륜,남,84세,경상
2015123000100345,2015년 12월 30일 15시,수요일,경상남도 함안군 함안면,중상사고,0,1,0,0,차대차 - 측면직각충돌,중앙선침범,건조,맑음,단일로 - 기타,승용,남,64세,상해없음,승용,남,49세,중상
2015123000100384,2015년 12월 30일 16시,수요일,경상남도 창원시 마산합포구 신포동2가,중상사고,0,1,0,0,차대차 - 측면직각충돌,안전운전불이행,건조,맑음,교차로 - 교차로안,승용,여,58세,상해없음,승용,남,56세,중상
2015123000100437,2015년 12월 30일 17시,수요일,경상남도 김해시 내동,경상사고,0,0,1,0,차대차 - 기타,안전운전불이행,건조,맑음,단일로 - 기타,승용,남,61세,상해없음,승용,여,42세,경상
2015123000100438,2015년 12월 30일 17시,수요일,경상남도 하동군 금남면,경상사고,0,0,1,1,차대차 - 측면직각충돌,안전운전불이행,건조,맑음,단일로 - 기타,승용,여,62세,부상신고,화물,남,54세,경상
2015123000100439,2015년 12월 30일 17시,수요일,경상남도 김해시 장유면,경상사고,0,0,1,0,차대차 - 추돌 - 진행중,안전운전불이행,건조,맑음,단일로 - 기타,이륜,남,17세,경상,승용,남,54세,상해없음
2015123000100559,2015년 12월 30일 19시,수요일,경상남도 진주시 진성면,중상사고,0,2,0,0,차량단독 - 공작물충돌,안전운전불이행,건조,맑음,교차로 - 교차로안,승용,남,75세,중상,,,,
2015123000100560,2015년 12월 30일 19시,수요일,경상남도 창원시 진해구 용원동,중상사고,0,1,2,0,차대차 - 추돌 - 진행중,직진우회전진행방해,건조,맑음,교차로 - 교차로안,승용,여,49세,중상,승용,여,46세,경상
2015123000100561,2015년 12월 30일 19시,수요일,경상남도 통영시 무전동,중상사고,0,1,0,0,차대차 - 정면충돌,안전운전불이행,건조,흐림,교차로 - 교차로안,승용,남,35세,상해없음,이륜,남,28세,중상
2015123000100562,2015년 12월 30일 19시,수요일,경상남도 거제시 아주동,경상사고,0,0,5,0,차대차 - 추돌 - 주정차중,중앙선침범,건조,맑음,단일로 - 기타,승용,남,20세,상해없음,승용,여,45세,경상
2015123000100563,2015년 12월 30일 19시,수요일,경상남도 김해시 풍유동,경상사고,0,0,3,0,차대차 - 정면충돌,안전운전불이행,건조,맑음,단일로 - 기타,승용,남,58세,상해없음,승용,여,29세,경상
2015123000100675,2015년 12월 30일 22시,수요일,경상남도 통영시 도천동,중상사고,0,1,1,0,차대차 - 측면직각충돌,중앙선침범,건조,맑음,단일로 - 기타,승용,남,42세,상해없음,승용,남,52세,경상
2015123000100676,2015년 12월 30일 22시,수요일,경상남도 통영시 광도면,경상사고,0,0,2,0,차대사람 - 횡단중,보행자보호의무위반,건조,맑음,단일로 - 횡단보도상,승용,남,40세,상해없음,보행자,남,30세,경상
2015123000100677,2015년 12월 30일 22시,수요일,경상남도 양산시 북정동,중상사고,0,1,2,0,차대차 - 추돌 - 진행중,안전운전불이행,건조,맑음,단일로 - 기타,원동기,기타불명,기타불명,기타불명,승용,남,38세,중상
2015123000100709,2015년 12월 30일 23시,수요일,경상남도 통영시 무전동,경상사고,0,0,1,0,차대차 - 측면직각충돌,신호위반,건조,맑음,교차로 - 교차로안,승용,남,48세,상해없음,승용,남,50세,경상
2015123000100710,2015년 12월 30일 23시,수요일,경상남도 김해시 삼방동,중상사고,0,1,0,0,차대사람 - 횡단중,안전운전불이행,건조,맑음,교차로 - 교차로안,승용,남,61세,상해없음,보행자,남,48세,상해없음
2015123000100711,2015년 12월 30일 23시,수요일,경상남도 양산시 북정동,경상사고,0,0,1,0,차대차 - 기타,중앙선침범,건조,맑음,단일로 - 기타,승용,남,52세,상해없음,승용,남,36세,경상
2015123100100027,2015년 12월 31일 00시,목요일,경상남도 밀양시 내이동,경상사고,0,0,1,0,차대차 - 정면충돌,교차로운행방법위반,건조,맑음,교차로 - 교차로안,승용,남,34세,상해없음,승용,남,60세,상해없음
2015123100100050,2015년 12월 31일 01시,목요일,경상남도 창원시 의창구 대산면,경상사고,0,0,1,0,차대차 - 추돌 - 주정차중,안전운전불이행,건조,맑음,단일로 - 기타,승용,남,37세,상해없음,승용,여,51세,경상
2015123100100123,2015년 12월 31일 06시,목요일,경상남도 창원시 성산구 대방동,중상사고,0,2,0,0,차대차 - 정면충돌,신호위반,건조,맑음,교차로 - 교차로안,승용,남,50세,상해없음,승용,남,67세,중상
2015123100100124,2015년 12월 31일 06시,목요일,경상남도 김해시 진영읍,경상사고,0,0,1,0,차대차 - 측면직각충돌,신호위반,건조,맑음,교차로 - 교차로안,화물,남,56세,상해없음,승용,여,49세,경상
2015123100100155,2015년 12월 31일 07시,목요일,경상남도 진주시 옥봉동,경상사고,0,0,1,0,차대차 - 기타,신호위반,건조,맑음,단일로 - 기타,화물,남,68세,상해없음,자전거,여,54세,경상
2015123100100156,2015년 12월 31일 07시,목요일,경상남도 창원시 성산구 중앙동,경상사고,0,0,2,0,차대차 - 정면충돌,직진우회전진행방해,건조,맑음,교차로 - 교차로안,승용,남,56세,상해없음,승용,여,32세,경상
2015123100100183,2015년 12월 31일 08시,목요일,경상남도 통영시 정량동,부상신고사고,0,0,0,1,차대차 - 측면직각충돌,안전운전불이행,건조,맑음,단일로 - 횡단보도부근,이륜,남,63세,부상신고,화물,남,53세,상해없음
2015123100100184,2015년 12월 31일 08시,목요일,경상남도 합천군 쌍책면,중상사고,0,2,1,0,차대차 - 정면충돌,안전운전불이행,결빙,맑음,단일로 - 기타,승용,여,42세,경상,승용,여,33세,중상
2015123100100185,2015년 12월 31일 08시,목요일,경상남도 합천군 합천읍,경상사고,0,0,1,0,차대차 - 정면충돌,안전운전불이행,결빙,맑음,단일로 - 기타,화물,남,56세,상해없음,화물,남,25세,상해없음
2015123100100186,2015년 12월 31일 08시,목요일,경상남도 함양군 마천면,경상사고,0,0,3,0,차대차 - 정면충돌,안전운전불이행,결빙,맑음,단일로 - 기타,화물,남,50세,경상,승합,남,47세,경상
2015123100100187,2015년 12월 31일 08시,목요일,경상남도 산청군 차황면,중상사고,0,1,0,0,차량단독 - 전도전복,안전운전불이행,결빙,흐림,단일로 - 기타,화물,남,33세,중상,,,,
2015123100100258,2015년 12월 31일 11시,목요일,경상남도 창원시 진해구 제덕동,경상사고,0,0,1,0,차대사람 - 횡단중,안전운전불이행,건조,맑음,단일로 - 기타,화물,남,24세,상해없음,보행자,남,3세,경상
2015123100100259,2015년 12월 31일 11시,목요일,경상남도 김해시 동상동,경상사고,0,0,1,0,차대차 - 추돌 - 진행중,신호위반,건조,맑음,단일로 - 기타,이륜,남,21세,경상,승용,남,46세,상해없음
2015123100100286,2015년 12월 31일 12시,목요일,경상남도 창녕군 부곡면,중상사고,0,2,1,0,차대차 - 정면충돌,직진우회전진행방해,건조,맑음,교차로 - 교차로안,승용,여,24세,경상,승용,남,67세,중상
2015123100100287,2015년 12월 31일 12시,목요일,경상남도 양산시 물금읍,부상신고사고,0,0,0,1,차대차 - 정면충돌,안전거리미확보,건조,맑음,단일로 - 기타,승용,남,37세,상해없음,원동기,남,48세,부상신고
2015123100100288,2015년 12월 31일 12시,목요일,경상남도 산청군 금서면,중상사고,0,1,0,0,차대차 - 정면충돌,안전운전불이행,건조,맑음,교차로 - 교차로안,이륜,남,82세,중상,승용,남,74세,상해없음
2015123100100317,2015년 12월 31일 13시,목요일,경상남도 남해군 남해읍,중상사고,0,1,3,1,차대차 - 정면충돌,안전운전불이행,건조,맑음,단일로 - 기타,화물,남,75세,부상신고,승용,여,41세,경상
2015123100100351,2015년 12월 31일 14시,목요일,경상남도 김해시 내동,중상사고,0,1,0,0,차대차 - 추돌 - 진행중,안전운전불이행,건조,맑음,단일로 - 기타,원동기,남,84세,중상,화물,남,41세,상해없음
2015123100100352,2015년 12월 31일 14시,목요일,경상남도 거제시 고현동,중상사고,0,1,0,0,차대사람 - 횡단중,교차로운행방법위반,건조,맑음,교차로 - 교차로안,화물,남,55세,기타불명,보행자,여,52세,중상
2015123100100353,2015년 12월 31일 14시,목요일,경상남도 거제시 고현동,부상신고사고,0,0,0,1,차대사람 - 횡단중,안전운전불이행,건조,맑음,단일로 - 기타,승용,여,45세,상해없음,보행자,남,48세,부상신고
2015123100100354,2015년 12월 31일 14시,목요일,경상남도 거제시 일운면,경상사고,0,0,1,0,차대차 - 정면충돌,중앙선침범,건조,맑음,단일로 - 기타,화물,여,40세,상해없음,승용,남,54세,경상
2015123100100355,2015년 12월 31일 14시,목요일,경상남도 산청군 신안면,경상사고,0,0,1,0,차대차 - 측면직각충돌,중앙선침범,건조,맑음,교차로 - 교차로부근,원동기,남,81세,경상,승용,남,59세,상해없음
2015123100100356,2015년 12월 31일 14시,목요일,경상남도 창원시 의창구 동읍,중상사고,0,3,0,0,차대차 - 추돌 - 진행중,안전운전불이행,건조,맑음,단일로 - 터널,승용,남,43세,상해없음,승용,남,49세,중상
2015123100100381,2015년 12월 31일 15시,목요일,경상남도 양산시 덕계동,부상신고사고,0,0,0,2,차대차 - 정면충돌,안전운전불이행,건조,맑음,기타 - 기타,화물,남,34세,상해없음,승용,여,45세,부상신고
2015123100100453,2015년 12월 31일 17시,목요일,경상남도 사천시 사천읍,경상사고,0,0,1,0,차대차 - 정면충돌,교차로운행방법위반,건조,맑음,교차로 - 교차로안,승용,남,53세,상해없음,승용,남,18세,경상
2015123100100455,2015년 12월 31일 17시,목요일,경상남도 김해시 진영읍,경상사고,0,0,1,0,차대차 - 정면충돌,안전운전불이행,건조,맑음,교차로 - 교차로안,승용,남,61세,상해없음,승용,남,24세,경상
2015123100100507,2015년 12월 31일 18시,목요일,경상남도 창원시 마산합포구 우산동,경상사고,0,0,11,0,차대차 - 정면충돌,안전운전불이행,건조,맑음,단일로 - 교량,승용,남,63세,경상,승용,남,26세,경상
2015123100100508,2015년 12월 31일 18시,목요일,경상남도 진주시 하대동,중상사고,0,1,0,0,차대차 - 정면충돌,안전운전불이행,건조,맑음,단일로 - 기타,승용,남,42세,상해없음,기타불명,여,76세,중상
2015123100100509,2015년 12월 31일 18시,목요일,경상남도 함안군 가야읍,중상사고,0,1,0,0,차대사람 - 보도통행중,안전운전불이행,건조,맑음,단일로 - 기타,승용,여,24세,상해없음,보행자,여,77세,중상
2015123100100510,2015년 12월 31일 18시,목요일,경상남도 창원시 마산회원구 회원동,중상사고,0,6,4,0,차대차 - 정면충돌,안전운전불이행,건조,맑음,단일로 - 기타,승용,남,49세,상해없음,승용,남,48세,중상
2015123100100566,2015년 12월 31일 19시,목요일,경상남도 통영시 광도면,중상사고,0,3,1,0,차대차 - 정면충돌,안전운전불이행,건조,맑음,단일로 - 터널,승용,남,58세,상해없음,승합,여,50세,중상
2015123100100567,2015년 12월 31일 19시,목요일,경상남도 함안군 함안면,중상사고,0,2,0,0,차대차 - 정면충돌,안전운전불이행,건조,맑음,교차로 - 교차로안,화물,남,59세,중상,승용,남,30세,중상
2015123100100607,2015년 12월 31일 20시,목요일,경상남도 창원시 성산구 상남동,중상사고,0,1,0,0,차대사람 - 횡단중,안전운전불이행,건조,맑음,단일로 - 기타,승용,남,26세,상해없음,보행자,여,25세,중상
2015123100100642,2015년 12월 31일 21시,목요일,경상남도 창원시 마산합포구 월남동4가,경상사고,0,0,1,0,차대차 - 정면충돌,안전거리미확보,건조,맑음,교차로 - 교차로부근,승용,남,59세,상해없음,원동기,남,19세,경상
2015123100100643,2015년 12월 31일 21시,목요일,경상남도 통영시 항남동,경상사고,0,0,1,0,차대차 - 정면충돌,안전운전불이행,건조,맑음,단일로 - 기타,승용,남,53세,상해없음,승용,남,25세,경상
2015123100100644,2015년 12월 31일 21시,목요일,경상남도 거제시 고현동,경상사고,0,0,1,0,차대사람 - 횡단중,안전운전불이행,건조,맑음,교차로 - 교차로부근,승용,남,25세,상해없음,보행자,남,31세,경상
2015123100100677,2015년 12월 31일 22시,목요일,경상남도 사천시 사천읍,부상신고사고,0,0,0,1,차대차 - 기타,안전운전불이행,건조,맑음,단일로 - 기타,승용,남,33세,상해없음,승용,남,32세,부상신고
2015123100100678,2015년 12월 31일 22시,목요일,경상남도 창원시 의창구 팔용동,경상사고,0,0,1,0,차대사람 - 길가장자리구역통행중,안전운전불이행,건조,맑음,교차로 - 교차로부근,화물,남,63세,상해없음,보행자,남,19세,경상
2015123100100699,2015년 12월 31일 23시,목요일,경상남도 김해시 생림면,중상사고,0,1,0,0,차대차 - 기타,안전운전불이행,건조,맑음,단일로 - 기타,기타불명,기타불명,기타불명,기타불명,승용,남,38세,중상
2015123100100721,2015년 12월 31일 23시,목요일,경상남도 창원시 진해구 여좌동,경상사고,0,0,1,0,차대차 - 추돌 - 진행중,안전운전불이행,건조,맑음,교차로 - 교차로부근,승용,남,41세,상해없음,승용,남,57세,경상
2015123100100722,2015년 12월 31일 23시,목요일,경상남도 창원시 의창구 팔용동,중상사고,0,2,0,0,차대차 - 정면충돌,안전운전불이행,건조,맑음,교차로 - 교차로안,승용,남,60세,상해없음,승합,남,39세,상해없음